family,dataset,pooling,audit,layer_idx,depth_fraction,llm_layer_number,vlm_layer_number,layer_number,seed,width_factor,d_sae,l1,normalize,dom_margin,train_examples,eval_examples,sae_steps,MFI,MFI_ci_low,MFI_ci_high,FMP,image_driven_frac,text_driven_frac,both_driven_frac,mean_text_delta,mean_image_delta,matched_gini,matched_eff_dim,image_only_mean_activation,llm_mean_activation,vlm_train_rec_r2,vlm_eval_rec_r2,llm_train_rec_r2,vlm_eval_l0,vlm_eval_active_frac,vlm_eval_dead_frac,vlm_eval_z_abs_mean
pali,pixelprose,final_quarter,False,0,0.0,0,0,0,11,2.0,4096,0.0003,False,1.1,1024,512,1200,0.08334071189165115,0.08254853625294345,0.08408454021409853,0.15234375,0.002685546875,0.153564453125,0.00390625,0.05197539180517197,0.03136532008647919,0.8731772753874733,554.9847531190552,0.11449593305587769,0.1646861732006073,0.99414977279566,0.9765822004970567,0.9959543805983556,557.439453125,0.1360936164855957,0.844482421875,0.10984692722558975
pali,pixelprose,final_quarter,False,0,0.0,0,0,0,11,2.0,4096,0.0003,False,1.25,1024,512,1200,0.08334071189165115,0.08254853625294345,0.08408454021409853,0.14990234375,0.002685546875,0.15234375,0.005126953125,0.05197539180517197,0.03136532008647919,0.8731772753874733,554.9847531190552,0.11449593305587769,0.1646861732006073,0.99414977279566,0.9765822004970567,0.9959543805983556,557.439453125,0.1360936164855957,0.844482421875,0.10984692722558975
pali,pixelprose,final_quarter,False,0,0.0,0,0,0,11,2.0,4096,0.0003,False,1.5,1024,512,1200,0.08334071189165115,0.08254853625294345,0.08408454021409853,0.09326171875,0.002685546875,0.1240234375,0.033447265625,0.05197539180517197,0.03136532008647919,0.8731772753874733,554.9847531190552,0.11449593305587769,0.1646861732006073,0.99414977279566,0.9765822004970567,0.9959543805983556,557.439453125,0.1360936164855957,0.844482421875,0.10984692722558975
pali,pixelprose,final_quarter,False,0,0.0,0,0,0,11,2.0,4096,0.0003,True,1.1,1024,512,1200,0.6954811811447144,0.6889964817775762,0.7030963125173002,1.0,0.0,1.0,0.0,0.4411996006965637,0.25428152084350586,0.0782281807964499,3998.669610111355,0.4335866868495941,0.340378075838089,0.999321629243998,0.6607314138759864,0.9933714891632462,2000.490234375,0.488400936126709,0.0,0.3642317056655884
pali,pixelprose,final_quarter,False,0,0.0,0,0,0,11,2.0,4096,0.0003,True,1.25,1024,512,1200,0.6954811811447144,0.6889964817775762,0.7030963125173002,0.99072265625,0.0,0.995361328125,0.004638671875,0.4411996006965637,0.25428152084350586,0.0782281807964499,3998.669610111355,0.4335866868495941,0.340378075838089,0.999321629243998,0.6607314138759864,0.9933714891632462,2000.490234375,0.488400936126709,0.0,0.3642317056655884
pali,pixelprose,final_quarter,False,0,0.0,0,0,0,11,2.0,4096,0.0003,True,1.5,1024,512,1200,0.6954811811447144,0.6889964817775762,0.7030963125173002,0.76953125,0.0,0.884765625,0.115234375,0.4411996006965637,0.25428152084350586,0.0782281807964499,3998.669610111355,0.4335866868495941,0.340378075838089,0.999321629243998,0.6607314138759864,0.9933714891632462,2000.490234375,0.488400936126709,0.0,0.3642317056655884
pali,pixelprose,final_quarter,False,0,0.0,0,0,0,11,2.0,4096,0.001,False,1.1,1024,512,1200,0.08232004940509796,0.0815374999307096,0.0830395347900776,0.1533203125,0.002197265625,0.154541015625,0.00341796875,0.05131588503718376,0.0310041680932045,0.8729478224406427,554.3970958640975,0.11043953895568848,0.16020053625106812,0.9941161724490967,0.9764855467824035,0.9963285636237599,554.46875,0.13536834716796875,0.843994140625,0.10447768121957779
pali,pixelprose,final_quarter,False,0,0.0,0,0,0,11,2.0,4096,0.001,False,1.25,1024,512,1200,0.08232004940509796,0.0815374999307096,0.0830395347900776,0.1494140625,0.001953125,0.15283203125,0.00537109375,0.05131588503718376,0.0310041680932045,0.8729478224406427,554.3970958640975,0.11043953895568848,0.16020053625106812,0.9941161724490967,0.9764855467824035,0.9963285636237599,554.46875,0.13536834716796875,0.843994140625,0.10447768121957779
pali,pixelprose,final_quarter,False,0,0.0,0,0,0,11,2.0,4096,0.001,False,1.5,1024,512,1200,0.08232004940509796,0.0815374999307096,0.0830395347900776,0.0927734375,0.001953125,0.12451171875,0.03369140625,0.05131588503718376,0.0310041680932045,0.8729478224406427,554.3970958640975,0.11043953895568848,0.16020053625106812,0.9941161724490967,0.9764855467824035,0.9963285636237599,554.46875,0.13536834716796875,0.843994140625,0.10447768121957779
pali,pixelprose,final_quarter,False,0,0.0,0,0,0,11,2.0,4096,0.001,True,1.1,1024,512,1200,0.6819407939910889,0.6757155264669563,0.6896601043292321,1.0,0.0,1.0,0.0,0.43268805742263794,0.24925273656845093,0.0762258531060636,4006.7679122781265,0.42813199758529663,0.33294346928596497,0.9995391771685763,0.661008607518736,0.9937737951655675,1983.623046875,0.4842829704284668,0.0,0.3551579713821411
pali,pixelprose,final_quarter,False,0,0.0,0,0,0,11,2.0,4096,0.001,True,1.25,1024,512,1200,0.6819407939910889,0.6757155264669563,0.6896601043292321,0.99267578125,0.0,0.996337890625,0.003662109375,0.43268805742263794,0.24925273656845093,0.0762258531060636,4006.7679122781265,0.42813199758529663,0.33294346928596497,0.9995391771685763,0.661008607518736,0.9937737951655675,1983.623046875,0.4842829704284668,0.0,0.3551579713821411
pali,pixelprose,final_quarter,False,0,0.0,0,0,0,11,2.0,4096,0.001,True,1.5,1024,512,1200,0.6819407939910889,0.6757155264669563,0.6896601043292321,0.77685546875,0.0,0.888427734375,0.111572265625,0.43268805742263794,0.24925273656845093,0.0762258531060636,4006.7679122781265,0.42813199758529663,0.33294346928596497,0.9995391771685763,0.661008607518736,0.9937737951655675,1983.623046875,0.4842829704284668,0.0,0.3551579713821411
pali,pixelprose,final_quarter,False,0,0.0,0,0,0,11,4.0,4096,0.0003,False,1.1,1024,512,1200,0.08334071189165115,0.08254853625294345,0.08408454021409853,0.15234375,0.002685546875,0.153564453125,0.00390625,0.05197539180517197,0.03136532008647919,0.8731772753874733,554.9847531190552,0.11449593305587769,0.1646861732006073,0.99414977279566,0.9765822004970567,0.9959543805983556,557.439453125,0.1360936164855957,0.844482421875,0.10984692722558975
pali,pixelprose,final_quarter,False,0,0.0,0,0,0,11,4.0,4096,0.0003,False,1.25,1024,512,1200,0.08334071189165115,0.08254853625294345,0.08408454021409853,0.14990234375,0.002685546875,0.15234375,0.005126953125,0.05197539180517197,0.03136532008647919,0.8731772753874733,554.9847531190552,0.11449593305587769,0.1646861732006073,0.99414977279566,0.9765822004970567,0.9959543805983556,557.439453125,0.1360936164855957,0.844482421875,0.10984692722558975
pali,pixelprose,final_quarter,False,0,0.0,0,0,0,11,4.0,4096,0.0003,False,1.5,1024,512,1200,0.08334071189165115,0.08254853625294345,0.08408454021409853,0.09326171875,0.002685546875,0.1240234375,0.033447265625,0.05197539180517197,0.03136532008647919,0.8731772753874733,554.9847531190552,0.11449593305587769,0.1646861732006073,0.99414977279566,0.9765822004970567,0.9959543805983556,557.439453125,0.1360936164855957,0.844482421875,0.10984692722558975
pali,pixelprose,final_quarter,False,0,0.0,0,0,0,11,4.0,4096,0.0003,True,1.1,1024,512,1200,0.6954811811447144,0.6889964817775762,0.7030963125173002,1.0,0.0,1.0,0.0,0.4411996006965637,0.25428152084350586,0.0782281807964499,3998.669610111355,0.4335866868495941,0.340378075838089,0.999321629243998,0.6607314138759864,0.9933714891632462,2000.490234375,0.488400936126709,0.0,0.3642317056655884
pali,pixelprose,final_quarter,False,0,0.0,0,0,0,11,4.0,4096,0.0003,True,1.25,1024,512,1200,0.6954811811447144,0.6889964817775762,0.7030963125173002,0.99072265625,0.0,0.995361328125,0.004638671875,0.4411996006965637,0.25428152084350586,0.0782281807964499,3998.669610111355,0.4335866868495941,0.340378075838089,0.999321629243998,0.6607314138759864,0.9933714891632462,2000.490234375,0.488400936126709,0.0,0.3642317056655884
pali,pixelprose,final_quarter,False,0,0.0,0,0,0,11,4.0,4096,0.0003,True,1.5,1024,512,1200,0.6954811811447144,0.6889964817775762,0.7030963125173002,0.76953125,0.0,0.884765625,0.115234375,0.4411996006965637,0.25428152084350586,0.0782281807964499,3998.669610111355,0.4335866868495941,0.340378075838089,0.999321629243998,0.6607314138759864,0.9933714891632462,2000.490234375,0.488400936126709,0.0,0.3642317056655884
pali,pixelprose,final_quarter,False,0,0.0,0,0,0,11,4.0,4096,0.001,False,1.1,1024,512,1200,0.08232004940509796,0.0815374999307096,0.0830395347900776,0.1533203125,0.002197265625,0.154541015625,0.00341796875,0.05131588503718376,0.0310041680932045,0.8729478224406427,554.3970958640975,0.11043953895568848,0.16020053625106812,0.9941161724490967,0.9764855467824035,0.9963285636237599,554.46875,0.13536834716796875,0.843994140625,0.10447768121957779
pali,pixelprose,final_quarter,False,0,0.0,0,0,0,11,4.0,4096,0.001,False,1.25,1024,512,1200,0.08232004940509796,0.0815374999307096,0.0830395347900776,0.1494140625,0.001953125,0.15283203125,0.00537109375,0.05131588503718376,0.0310041680932045,0.8729478224406427,554.3970958640975,0.11043953895568848,0.16020053625106812,0.9941161724490967,0.9764855467824035,0.9963285636237599,554.46875,0.13536834716796875,0.843994140625,0.10447768121957779
pali,pixelprose,final_quarter,False,0,0.0,0,0,0,11,4.0,4096,0.001,False,1.5,1024,512,1200,0.08232004940509796,0.0815374999307096,0.0830395347900776,0.0927734375,0.001953125,0.12451171875,0.03369140625,0.05131588503718376,0.0310041680932045,0.8729478224406427,554.3970958640975,0.11043953895568848,0.16020053625106812,0.9941161724490967,0.9764855467824035,0.9963285636237599,554.46875,0.13536834716796875,0.843994140625,0.10447768121957779
pali,pixelprose,final_quarter,False,0,0.0,0,0,0,11,4.0,4096,0.001,True,1.1,1024,512,1200,0.6819407939910889,0.6757155264669563,0.6896601043292321,1.0,0.0,1.0,0.0,0.43268805742263794,0.24925273656845093,0.0762258531060636,4006.7679122781265,0.42813199758529663,0.33294346928596497,0.9995391771685763,0.661008607518736,0.9937737951655675,1983.623046875,0.4842829704284668,0.0,0.3551579713821411
pali,pixelprose,final_quarter,False,0,0.0,0,0,0,11,4.0,4096,0.001,True,1.25,1024,512,1200,0.6819407939910889,0.6757155264669563,0.6896601043292321,0.99267578125,0.0,0.996337890625,0.003662109375,0.43268805742263794,0.24925273656845093,0.0762258531060636,4006.7679122781265,0.42813199758529663,0.33294346928596497,0.9995391771685763,0.661008607518736,0.9937737951655675,1983.623046875,0.4842829704284668,0.0,0.3551579713821411
pali,pixelprose,final_quarter,False,0,0.0,0,0,0,11,4.0,4096,0.001,True,1.5,1024,512,1200,0.6819407939910889,0.6757155264669563,0.6896601043292321,0.77685546875,0.0,0.888427734375,0.111572265625,0.43268805742263794,0.24925273656845093,0.0762258531060636,4006.7679122781265,0.42813199758529663,0.33294346928596497,0.9995391771685763,0.661008607518736,0.9937737951655675,1983.623046875,0.4842829704284668,0.0,0.3551579713821411
pali,pixelprose,final_quarter,False,0,0.0,0,0,0,23,2.0,4096,0.0003,False,1.1,1024,512,1200,0.08586278557777405,0.08508371804964554,0.08669991857605056,0.154541015625,0.00146484375,0.15673828125,0.003662109375,0.05374684929847717,0.032115936279296875,0.8668416349237105,581.7352633895076,0.11107389628887177,0.1621154099702835,0.9943756244405697,0.9768983867127459,0.9955909234928343,581.705078125,0.14201784133911133,0.840087890625,0.11245113611221313
pali,pixelprose,final_quarter,False,0,0.0,0,0,0,23,2.0,4096,0.0003,False,1.25,1024,512,1200,0.08586278557777405,0.08508371804964554,0.08669991857605056,0.149658203125,0.00146484375,0.154296875,0.006103515625,0.05374684929847717,0.032115936279296875,0.8668416349237105,581.7352633895076,0.11107389628887177,0.1621154099702835,0.9943756244405697,0.9768983867127459,0.9955909234928343,581.705078125,0.14201784133911133,0.840087890625,0.11245113611221313
pali,pixelprose,final_quarter,False,0,0.0,0,0,0,23,2.0,4096,0.0003,False,1.5,1024,512,1200,0.08586278557777405,0.08508371804964554,0.08669991857605056,0.104248046875,0.00146484375,0.131591796875,0.02880859375,0.05374684929847717,0.032115936279296875,0.8668416349237105,581.7352633895076,0.11107389628887177,0.1621154099702835,0.9943756244405697,0.9768983867127459,0.9955909234928343,581.705078125,0.14201784133911133,0.840087890625,0.11245113611221313
pali,pixelprose,final_quarter,False,0,0.0,0,0,0,23,2.0,4096,0.0003,True,1.1,1024,512,1200,0.6456283330917358,0.6401864980231039,0.6514858802751405,0.9990234375,0.0,0.99951171875,0.00048828125,0.4095824956893921,0.23604580760002136,0.0728879485502906,4025.393840135017,0.4505883753299713,0.34757864475250244,0.9898452069315872,0.6688053900396985,0.9957980899665526,1965.72265625,0.47991275787353516,0.0,0.33595433831214905
pali,pixelprose,final_quarter,False,0,0.0,0,0,0,23,2.0,4096,0.0003,True,1.25,1024,512,1200,0.6456283330917358,0.6401864980231039,0.6514858802751405,0.9892578125,0.0,0.99462890625,0.00537109375,0.4095824956893921,0.23604580760002136,0.0728879485502906,4025.393840135017,0.4505883753299713,0.34757864475250244,0.9898452069315872,0.6688053900396985,0.9957980899665526,1965.72265625,0.47991275787353516,0.0,0.33595433831214905
pali,pixelprose,final_quarter,False,0,0.0,0,0,0,23,2.0,4096,0.0003,True,1.5,1024,512,1200,0.6456283330917358,0.6401864980231039,0.6514858802751405,0.759765625,0.0,0.8798828125,0.1201171875,0.4095824956893921,0.23604580760002136,0.0728879485502906,4025.393840135017,0.4505883753299713,0.34757864475250244,0.9898452069315872,0.6688053900396985,0.9957980899665526,1965.72265625,0.47991275787353516,0.0,0.33595433831214905
pali,pixelprose,final_quarter,False,0,0.0,0,0,0,23,2.0,4096,0.001,False,1.1,1024,512,1200,0.08497962355613708,0.08422165437877993,0.08580496085742198,0.156005859375,0.001708984375,0.1572265625,0.0029296875,0.053175512701272964,0.03180410712957382,0.865838992373762,583.7350359332482,0.10777774453163147,0.1575244814157486,0.9944615551849415,0.9769636620403335,0.995186091053763,580.310546875,0.1416773796081543,0.840087890625,0.10790959745645523
pali,pixelprose,final_quarter,False,0,0.0,0,0,0,23,2.0,4096,0.001,False,1.25,1024,512,1200,0.08497962355613708,0.08422165437877993,0.08580496085742198,0.150634765625,0.00146484375,0.15478515625,0.005615234375,0.053175512701272964,0.03180410712957382,0.865838992373762,583.7350359332482,0.10777774453163147,0.1575244814157486,0.9944615551849415,0.9769636620403335,0.995186091053763,580.310546875,0.1416773796081543,0.840087890625,0.10790959745645523
pali,pixelprose,final_quarter,False,0,0.0,0,0,0,23,2.0,4096,0.001,False,1.5,1024,512,1200,0.08497962355613708,0.08422165437877993,0.08580496085742198,0.105224609375,0.00146484375,0.132080078125,0.0283203125,0.053175512701272964,0.03180410712957382,0.865838992373762,583.7350359332482,0.10777774453163147,0.1575244814157486,0.9944615551849415,0.9769636620403335,0.995186091053763,580.310546875,0.1416773796081543,0.840087890625,0.10790959745645523
pali,pixelprose,final_quarter,False,0,0.0,0,0,0,23,2.0,4096,0.001,True,1.1,1024,512,1200,0.6374558210372925,0.632055668332032,0.6433464607063797,1.0,0.0,1.0,0.0,0.40436556935310364,0.23309020698070526,0.0740748618998084,4025.1760802646504,0.4495919942855835,0.33414995670318604,0.9926743252555846,0.6704566534754788,0.9944567649487083,1959.40625,0.47837066650390625,0.0,0.3311406970024109
pali,pixelprose,final_quarter,False,0,0.0,0,0,0,23,2.0,4096,0.001,True,1.25,1024,512,1200,0.6374558210372925,0.632055668332032,0.6433464607063797,0.9912109375,0.0,0.99560546875,0.00439453125,0.40436556935310364,0.23309020698070526,0.0740748618998084,4025.1760802646504,0.4495919942855835,0.33414995670318604,0.9926743252555846,0.6704566534754788,0.9944567649487083,1959.40625,0.47837066650390625,0.0,0.3311406970024109
pali,pixelprose,final_quarter,False,0,0.0,0,0,0,23,2.0,4096,0.001,True,1.5,1024,512,1200,0.6374558210372925,0.632055668332032,0.6433464607063797,0.7646484375,0.0,0.88232421875,0.11767578125,0.40436556935310364,0.23309020698070526,0.0740748618998084,4025.1760802646504,0.4495919942855835,0.33414995670318604,0.9926743252555846,0.6704566534754788,0.9944567649487083,1959.40625,0.47837066650390625,0.0,0.3311406970024109
pali,pixelprose,final_quarter,False,0,0.0,0,0,0,23,4.0,4096,0.0003,False,1.1,1024,512,1200,0.08586278557777405,0.08508371804964554,0.08669991857605056,0.154541015625,0.00146484375,0.15673828125,0.003662109375,0.05374684929847717,0.032115936279296875,0.8668416349237105,581.7352633895076,0.11107389628887177,0.1621154099702835,0.9943756244405697,0.9768983867127459,0.9955909234928343,581.705078125,0.14201784133911133,0.840087890625,0.11245113611221313
pali,pixelprose,final_quarter,False,0,0.0,0,0,0,23,4.0,4096,0.0003,False,1.25,1024,512,1200,0.08586278557777405,0.08508371804964554,0.08669991857605056,0.149658203125,0.00146484375,0.154296875,0.006103515625,0.05374684929847717,0.032115936279296875,0.8668416349237105,581.7352633895076,0.11107389628887177,0.1621154099702835,0.9943756244405697,0.9768983867127459,0.9955909234928343,581.705078125,0.14201784133911133,0.840087890625,0.11245113611221313
pali,pixelprose,final_quarter,False,0,0.0,0,0,0,23,4.0,4096,0.0003,False,1.5,1024,512,1200,0.08586278557777405,0.08508371804964554,0.08669991857605056,0.104248046875,0.00146484375,0.131591796875,0.02880859375,0.05374684929847717,0.032115936279296875,0.8668416349237105,581.7352633895076,0.11107389628887177,0.1621154099702835,0.9943756244405697,0.9768983867127459,0.9955909234928343,581.705078125,0.14201784133911133,0.840087890625,0.11245113611221313
pali,pixelprose,final_quarter,False,0,0.0,0,0,0,23,4.0,4096,0.0003,True,1.1,1024,512,1200,0.6456283330917358,0.6401864980231039,0.6514858802751405,0.9990234375,0.0,0.99951171875,0.00048828125,0.4095824956893921,0.23604580760002136,0.0728879485502906,4025.393840135017,0.4505883753299713,0.34757864475250244,0.9898452069315872,0.6688053900396985,0.9957980899665526,1965.72265625,0.47991275787353516,0.0,0.33595433831214905
pali,pixelprose,final_quarter,False,0,0.0,0,0,0,23,4.0,4096,0.0003,True,1.25,1024,512,1200,0.6456283330917358,0.6401864980231039,0.6514858802751405,0.9892578125,0.0,0.99462890625,0.00537109375,0.4095824956893921,0.23604580760002136,0.0728879485502906,4025.393840135017,0.4505883753299713,0.34757864475250244,0.9898452069315872,0.6688053900396985,0.9957980899665526,1965.72265625,0.47991275787353516,0.0,0.33595433831214905
pali,pixelprose,final_quarter,False,0,0.0,0,0,0,23,4.0,4096,0.0003,True,1.5,1024,512,1200,0.6456283330917358,0.6401864980231039,0.6514858802751405,0.759765625,0.0,0.8798828125,0.1201171875,0.4095824956893921,0.23604580760002136,0.0728879485502906,4025.393840135017,0.4505883753299713,0.34757864475250244,0.9898452069315872,0.6688053900396985,0.9957980899665526,1965.72265625,0.47991275787353516,0.0,0.33595433831214905
pali,pixelprose,final_quarter,False,0,0.0,0,0,0,23,4.0,4096,0.001,False,1.1,1024,512,1200,0.08497962355613708,0.08422165437877993,0.08580496085742198,0.156005859375,0.001708984375,0.1572265625,0.0029296875,0.053175512701272964,0.03180410712957382,0.865838992373762,583.7350359332482,0.10777774453163147,0.1575244814157486,0.9944615551849415,0.9769636620403335,0.995186091053763,580.310546875,0.1416773796081543,0.840087890625,0.10790959745645523
pali,pixelprose,final_quarter,False,0,0.0,0,0,0,23,4.0,4096,0.001,False,1.25,1024,512,1200,0.08497962355613708,0.08422165437877993,0.08580496085742198,0.150634765625,0.00146484375,0.15478515625,0.005615234375,0.053175512701272964,0.03180410712957382,0.865838992373762,583.7350359332482,0.10777774453163147,0.1575244814157486,0.9944615551849415,0.9769636620403335,0.995186091053763,580.310546875,0.1416773796081543,0.840087890625,0.10790959745645523
pali,pixelprose,final_quarter,False,0,0.0,0,0,0,23,4.0,4096,0.001,False,1.5,1024,512,1200,0.08497962355613708,0.08422165437877993,0.08580496085742198,0.105224609375,0.00146484375,0.132080078125,0.0283203125,0.053175512701272964,0.03180410712957382,0.865838992373762,583.7350359332482,0.10777774453163147,0.1575244814157486,0.9944615551849415,0.9769636620403335,0.995186091053763,580.310546875,0.1416773796081543,0.840087890625,0.10790959745645523
pali,pixelprose,final_quarter,False,0,0.0,0,0,0,23,4.0,4096,0.001,True,1.1,1024,512,1200,0.6374558210372925,0.632055668332032,0.6433464607063797,1.0,0.0,1.0,0.0,0.40436556935310364,0.23309020698070526,0.0740748618998084,4025.1760802646504,0.4495919942855835,0.33414995670318604,0.9926743252555846,0.6704566534754788,0.9944567649487083,1959.40625,0.47837066650390625,0.0,0.3311406970024109
pali,pixelprose,final_quarter,False,0,0.0,0,0,0,23,4.0,4096,0.001,True,1.25,1024,512,1200,0.6374558210372925,0.632055668332032,0.6433464607063797,0.9912109375,0.0,0.99560546875,0.00439453125,0.40436556935310364,0.23309020698070526,0.0740748618998084,4025.1760802646504,0.4495919942855835,0.33414995670318604,0.9926743252555846,0.6704566534754788,0.9944567649487083,1959.40625,0.47837066650390625,0.0,0.3311406970024109
pali,pixelprose,final_quarter,False,0,0.0,0,0,0,23,4.0,4096,0.001,True,1.5,1024,512,1200,0.6374558210372925,0.632055668332032,0.6433464607063797,0.7646484375,0.0,0.88232421875,0.11767578125,0.40436556935310364,0.23309020698070526,0.0740748618998084,4025.1760802646504,0.4495919942855835,0.33414995670318604,0.9926743252555846,0.6704566534754788,0.9944567649487083,1959.40625,0.47837066650390625,0.0,0.3311406970024109
pali,pixelprose,final_quarter,False,0,0.0,0,0,0,37,2.0,4096,0.0003,False,1.1,1024,512,1200,0.08632375299930573,0.08556109680539521,0.0871361640667601,0.16259765625,0.003173828125,0.163330078125,0.00390625,0.05412020534276962,0.0322035551071167,0.8644920361898466,594.0892824009816,0.11231746524572372,0.16401319205760956,0.9945351184609654,0.9769574755264739,0.996807759498514,593.884765625,0.14499139785766602,0.834228515625,0.11193841695785522
pali,pixelprose,final_quarter,False,0,0.0,0,0,0,37,2.0,4096,0.0003,False,1.25,1024,512,1200,0.08632375299930573,0.08556109680539521,0.0871361640667601,0.154296875,0.0029296875,0.159423828125,0.008056640625,0.05412020534276962,0.0322035551071167,0.8644920361898466,594.0892824009816,0.11231746524572372,0.16401319205760956,0.9945351184609654,0.9769574755264739,0.996807759498514,593.884765625,0.14499139785766602,0.834228515625,0.11193841695785522
pali,pixelprose,final_quarter,False,0,0.0,0,0,0,37,2.0,4096,0.0003,False,1.5,1024,512,1200,0.08632375299930573,0.08556109680539521,0.0871361640667601,0.107421875,0.002685546875,0.13623046875,0.031494140625,0.05412020534276962,0.0322035551071167,0.8644920361898466,594.0892824009816,0.11231746524572372,0.16401319205760956,0.9945351184609654,0.9769574755264739,0.996807759498514,593.884765625,0.14499139785766602,0.834228515625,0.11193841695785522
pali,pixelprose,final_quarter,False,0,0.0,0,0,0,37,2.0,4096,0.0003,True,1.1,1024,512,1200,0.6440163254737854,0.639284946382395,0.6491023458103882,0.99951171875,0.0,0.999755859375,0.000244140625,0.4084100127220154,0.23560628294944763,0.07210912552549621,4028.710440194307,0.45207321643829346,0.371753454208374,0.9935045280541263,0.6712413101972152,0.9964123547097664,1959.779296875,0.47846174240112305,0.0,0.3345099985599518
pali,pixelprose,final_quarter,False,0,0.0,0,0,0,37,2.0,4096,0.0003,True,1.25,1024,512,1200,0.6440163254737854,0.639284946382395,0.6491023458103882,0.994140625,0.0,0.9970703125,0.0029296875,0.4084100127220154,0.23560628294944763,0.07210912552549621,4028.710440194307,0.45207321643829346,0.371753454208374,0.9935045280541263,0.6712413101972152,0.9964123547097664,1959.779296875,0.47846174240112305,0.0,0.3345099985599518
pali,pixelprose,final_quarter,False,0,0.0,0,0,0,37,2.0,4096,0.0003,True,1.5,1024,512,1200,0.6440163254737854,0.639284946382395,0.6491023458103882,0.75927734375,0.0,0.879638671875,0.120361328125,0.4084100127220154,0.23560628294944763,0.07210912552549621,4028.710440194307,0.45207321643829346,0.371753454208374,0.9935045280541263,0.6712413101972152,0.9964123547097664,1959.779296875,0.47846174240112305,0.0,0.3345099985599518
pali,pixelprose,final_quarter,False,0,0.0,0,0,0,37,2.0,4096,0.001,False,1.1,1024,512,1200,0.08510816097259521,0.0843746831666067,0.08589913182913733,0.162353515625,0.002685546875,0.16357421875,0.00390625,0.05336538702249527,0.03174276649951935,0.8639767332897308,594.1874082723234,0.10729467868804932,0.16004440188407898,0.9928095611831199,0.9751980778907674,0.9968764997616396,587.720703125,0.14348649978637695,0.83447265625,0.1037844568490982
pali,pixelprose,final_quarter,False,0,0.0,0,0,0,37,2.0,4096,0.001,False,1.25,1024,512,1200,0.08510816097259521,0.0843746831666067,0.08589913182913733,0.155029296875,0.002685546875,0.159912109375,0.007568359375,0.05336538702249527,0.03174276649951935,0.8639767332897308,594.1874082723234,0.10729467868804932,0.16004440188407898,0.9928095611831199,0.9751980778907674,0.9968764997616396,587.720703125,0.14348649978637695,0.83447265625,0.1037844568490982
pali,pixelprose,final_quarter,False,0,0.0,0,0,0,37,2.0,4096,0.001,False,1.5,1024,512,1200,0.08510816097259521,0.0843746831666067,0.08589913182913733,0.109619140625,0.00244140625,0.137451171875,0.0302734375,0.05336538702249527,0.03174276649951935,0.8639767332897308,594.1874082723234,0.10729467868804932,0.16004440188407898,0.9928095611831199,0.9751980778907674,0.9968764997616396,587.720703125,0.14348649978637695,0.83447265625,0.1037844568490982
pali,pixelprose,final_quarter,False,0,0.0,0,0,0,37,2.0,4096,0.001,True,1.1,1024,512,1200,0.6410102844238281,0.6357893403212074,0.6461981401225785,1.0,0.0,1.0,0.0,0.4069666862487793,0.23404362797737122,0.07912984258240176,4012.470549830038,0.4191639721393585,0.3404396176338196,0.991806430458542,0.6690417456246405,0.993047019411815,1956.2578125,0.4776020050048828,0.0,0.3323834240436554
pali,pixelprose,final_quarter,False,0,0.0,0,0,0,37,2.0,4096,0.001,True,1.25,1024,512,1200,0.6410102844238281,0.6357893403212074,0.6461981401225785,0.99462890625,0.0,0.997314453125,0.002685546875,0.4069666862487793,0.23404362797737122,0.07912984258240176,4012.470549830038,0.4191639721393585,0.3404396176338196,0.991806430458542,0.6690417456246405,0.993047019411815,1956.2578125,0.4776020050048828,0.0,0.3323834240436554
pali,pixelprose,final_quarter,False,0,0.0,0,0,0,37,2.0,4096,0.001,True,1.5,1024,512,1200,0.6410102844238281,0.6357893403212074,0.6461981401225785,0.77099609375,0.0,0.885498046875,0.114501953125,0.4069666862487793,0.23404362797737122,0.07912984258240176,4012.470549830038,0.4191639721393585,0.3404396176338196,0.991806430458542,0.6690417456246405,0.993047019411815,1956.2578125,0.4776020050048828,0.0,0.3323834240436554
pali,pixelprose,final_quarter,False,0,0.0,0,0,0,37,4.0,4096,0.0003,False,1.1,1024,512,1200,0.08632375299930573,0.08556109680539521,0.0871361640667601,0.16259765625,0.003173828125,0.163330078125,0.00390625,0.05412020534276962,0.0322035551071167,0.8644920361898466,594.0892824009816,0.11231746524572372,0.16401319205760956,0.9945351184609654,0.9769574755264739,0.996807759498514,593.884765625,0.14499139785766602,0.834228515625,0.11193841695785522
pali,pixelprose,final_quarter,False,0,0.0,0,0,0,37,4.0,4096,0.0003,False,1.25,1024,512,1200,0.08632375299930573,0.08556109680539521,0.0871361640667601,0.154296875,0.0029296875,0.159423828125,0.008056640625,0.05412020534276962,0.0322035551071167,0.8644920361898466,594.0892824009816,0.11231746524572372,0.16401319205760956,0.9945351184609654,0.9769574755264739,0.996807759498514,593.884765625,0.14499139785766602,0.834228515625,0.11193841695785522
pali,pixelprose,final_quarter,False,0,0.0,0,0,0,37,4.0,4096,0.0003,False,1.5,1024,512,1200,0.08632375299930573,0.08556109680539521,0.0871361640667601,0.107421875,0.002685546875,0.13623046875,0.031494140625,0.05412020534276962,0.0322035551071167,0.8644920361898466,594.0892824009816,0.11231746524572372,0.16401319205760956,0.9945351184609654,0.9769574755264739,0.996807759498514,593.884765625,0.14499139785766602,0.834228515625,0.11193841695785522
pali,pixelprose,final_quarter,False,0,0.0,0,0,0,37,4.0,4096,0.0003,True,1.1,1024,512,1200,0.6440163254737854,0.639284946382395,0.6491023458103882,0.99951171875,0.0,0.999755859375,0.000244140625,0.4084100127220154,0.23560628294944763,0.07210912552549621,4028.710440194307,0.45207321643829346,0.371753454208374,0.9935045280541263,0.6712413101972152,0.9964123547097664,1959.779296875,0.47846174240112305,0.0,0.3345099985599518
pali,pixelprose,final_quarter,False,0,0.0,0,0,0,37,4.0,4096,0.0003,True,1.25,1024,512,1200,0.6440163254737854,0.639284946382395,0.6491023458103882,0.994140625,0.0,0.9970703125,0.0029296875,0.4084100127220154,0.23560628294944763,0.07210912552549621,4028.710440194307,0.45207321643829346,0.371753454208374,0.9935045280541263,0.6712413101972152,0.9964123547097664,1959.779296875,0.47846174240112305,0.0,0.3345099985599518
pali,pixelprose,final_quarter,False,0,0.0,0,0,0,37,4.0,4096,0.0003,True,1.5,1024,512,1200,0.6440163254737854,0.639284946382395,0.6491023458103882,0.75927734375,0.0,0.879638671875,0.120361328125,0.4084100127220154,0.23560628294944763,0.07210912552549621,4028.710440194307,0.45207321643829346,0.371753454208374,0.9935045280541263,0.6712413101972152,0.9964123547097664,1959.779296875,0.47846174240112305,0.0,0.3345099985599518
pali,pixelprose,final_quarter,False,0,0.0,0,0,0,37,4.0,4096,0.001,False,1.1,1024,512,1200,0.08510816097259521,0.0843746831666067,0.08589913182913733,0.162353515625,0.002685546875,0.16357421875,0.00390625,0.05336538702249527,0.03174276649951935,0.8639767332897308,594.1874082723234,0.10729467868804932,0.16004440188407898,0.9928095611831199,0.9751980778907674,0.9968764997616396,587.720703125,0.14348649978637695,0.83447265625,0.1037844568490982
pali,pixelprose,final_quarter,False,0,0.0,0,0,0,37,4.0,4096,0.001,False,1.25,1024,512,1200,0.08510816097259521,0.0843746831666067,0.08589913182913733,0.155029296875,0.002685546875,0.159912109375,0.007568359375,0.05336538702249527,0.03174276649951935,0.8639767332897308,594.1874082723234,0.10729467868804932,0.16004440188407898,0.9928095611831199,0.9751980778907674,0.9968764997616396,587.720703125,0.14348649978637695,0.83447265625,0.1037844568490982
pali,pixelprose,final_quarter,False,0,0.0,0,0,0,37,4.0,4096,0.001,False,1.5,1024,512,1200,0.08510816097259521,0.0843746831666067,0.08589913182913733,0.109619140625,0.00244140625,0.137451171875,0.0302734375,0.05336538702249527,0.03174276649951935,0.8639767332897308,594.1874082723234,0.10729467868804932,0.16004440188407898,0.9928095611831199,0.9751980778907674,0.9968764997616396,587.720703125,0.14348649978637695,0.83447265625,0.1037844568490982
pali,pixelprose,final_quarter,False,0,0.0,0,0,0,37,4.0,4096,0.001,True,1.1,1024,512,1200,0.6410102844238281,0.6357893403212074,0.6461981401225785,1.0,0.0,1.0,0.0,0.4069666862487793,0.23404362797737122,0.07912984258240176,4012.470549830038,0.4191639721393585,0.3404396176338196,0.991806430458542,0.6690417456246405,0.993047019411815,1956.2578125,0.4776020050048828,0.0,0.3323834240436554
pali,pixelprose,final_quarter,False,0,0.0,0,0,0,37,4.0,4096,0.001,True,1.25,1024,512,1200,0.6410102844238281,0.6357893403212074,0.6461981401225785,0.99462890625,0.0,0.997314453125,0.002685546875,0.4069666862487793,0.23404362797737122,0.07912984258240176,4012.470549830038,0.4191639721393585,0.3404396176338196,0.991806430458542,0.6690417456246405,0.993047019411815,1956.2578125,0.4776020050048828,0.0,0.3323834240436554
pali,pixelprose,final_quarter,False,0,0.0,0,0,0,37,4.0,4096,0.001,True,1.5,1024,512,1200,0.6410102844238281,0.6357893403212074,0.6461981401225785,0.77099609375,0.0,0.885498046875,0.114501953125,0.4069666862487793,0.23404362797737122,0.07912984258240176,4012.470549830038,0.4191639721393585,0.3404396176338196,0.991806430458542,0.6690417456246405,0.993047019411815,1956.2578125,0.4776020050048828,0.0,0.3323834240436554
pali,pixelprose,final_quarter,False,1,0.14285714285714285,4,4,4,11,2.0,4096,0.0003,False,1.1,1024,512,1200,0.11415347456932068,0.11313691840805404,0.1152114166496176,0.156005859375,0.0029296875,0.15673828125,0.003662109375,0.07642697542905807,0.0377265028655529,0.87817357265559,535.1202450064939,0.13027362525463104,0.21359007060527802,0.994355553790606,0.9828775010083945,0.9957759523091394,547.1953125,0.1335926055908203,0.84228515625,0.16652026772499084
pali,pixelprose,final_quarter,False,1,0.14285714285714285,4,4,4,11,2.0,4096,0.0003,False,1.25,1024,512,1200,0.11415347456932068,0.11313691840805404,0.1152114166496176,0.154052734375,0.002685546875,0.156005859375,0.004638671875,0.07642697542905807,0.0377265028655529,0.87817357265559,535.1202450064939,0.13027362525463104,0.21359007060527802,0.994355553790606,0.9828775010083945,0.9957759523091394,547.1953125,0.1335926055908203,0.84228515625,0.16652026772499084
pali,pixelprose,final_quarter,False,1,0.14285714285714285,4,4,4,11,2.0,4096,0.0003,False,1.5,1024,512,1200,0.11415347456932068,0.11313691840805404,0.1152114166496176,0.147705078125,0.002685546875,0.15283203125,0.0078125,0.07642697542905807,0.0377265028655529,0.87817357265559,535.1202450064939,0.13027362525463104,0.21359007060527802,0.994355553790606,0.9828775010083945,0.9957759523091394,547.1953125,0.1335926055908203,0.84228515625,0.16652026772499084
pali,pixelprose,final_quarter,False,1,0.14285714285714285,4,4,4,11,2.0,4096,0.0003,True,1.1,1024,512,1200,0.6234313249588013,0.618391352731851,0.6283080324530601,1.0,0.0,1.0,0.0,0.4115009009838104,0.21193039417266846,0.06567571582034398,4038.3381268251214,0.3801485300064087,0.3288764953613281,0.9927175358145255,0.7172801206635792,0.9959464098576114,1932.693359375,0.4718489646911621,0.0,0.3276534378528595
pali,pixelprose,final_quarter,False,1,0.14285714285714285,4,4,4,11,2.0,4096,0.0003,True,1.25,1024,512,1200,0.6234313249588013,0.618391352731851,0.6283080324530601,0.99951171875,0.0,0.999755859375,0.000244140625,0.4115009009838104,0.21193039417266846,0.06567571582034398,4038.3381268251214,0.3801485300064087,0.3288764953613281,0.9927175358145255,0.7172801206635792,0.9959464098576114,1932.693359375,0.4718489646911621,0.0,0.3276534378528595
pali,pixelprose,final_quarter,False,1,0.14285714285714285,4,4,4,11,2.0,4096,0.0003,True,1.5,1024,512,1200,0.6234313249588013,0.618391352731851,0.6283080324530601,0.96630859375,0.0,0.983154296875,0.016845703125,0.4115009009838104,0.21193039417266846,0.06567571582034398,4038.3381268251214,0.3801485300064087,0.3288764953613281,0.9927175358145255,0.7172801206635792,0.9959464098576114,1932.693359375,0.4718489646911621,0.0,0.3276534378528595
pali,pixelprose,final_quarter,False,1,0.14285714285714285,4,4,4,11,2.0,4096,0.001,False,1.1,1024,512,1200,0.11354084312915802,0.11253156514139846,0.11459134503238602,0.156005859375,0.0029296875,0.15673828125,0.003662109375,0.07597874104976654,0.03756209835410118,0.8780843057259414,533.7721674381854,0.12774591147899628,0.21012724936008453,0.9941729985540374,0.9826852554923537,0.9959277751209841,546.4921875,0.1334209442138672,0.84228515625,0.16347353160381317
pali,pixelprose,final_quarter,False,1,0.14285714285714285,4,4,4,11,2.0,4096,0.001,False,1.25,1024,512,1200,0.11354084312915802,0.11253156514139846,0.11459134503238602,0.154052734375,0.002685546875,0.156005859375,0.004638671875,0.07597874104976654,0.03756209835410118,0.8780843057259414,533.7721674381854,0.12774591147899628,0.21012724936008453,0.9941729985540374,0.9826852554923537,0.9959277751209841,546.4921875,0.1334209442138672,0.84228515625,0.16347353160381317
pali,pixelprose,final_quarter,False,1,0.14285714285714285,4,4,4,11,2.0,4096,0.001,False,1.5,1024,512,1200,0.11354084312915802,0.11253156514139846,0.11459134503238602,0.147216796875,0.002685546875,0.152587890625,0.008056640625,0.07597874104976654,0.03756209835410118,0.8780843057259414,533.7721674381854,0.12774591147899628,0.21012724936008453,0.9941729985540374,0.9826852554923537,0.9959277751209841,546.4921875,0.1334209442138672,0.84228515625,0.16347353160381317
pali,pixelprose,final_quarter,False,1,0.14285714285714285,4,4,4,11,2.0,4096,0.001,True,1.1,1024,512,1200,0.6188727617263794,0.6137188411084935,0.6238136303029023,0.99951171875,0.0,0.999755859375,0.000244140625,0.40848177671432495,0.21039098501205444,0.06697275009576523,4035.6647430308594,0.376329630613327,0.32332780957221985,0.9932767991227973,0.7179905467731084,0.9952602438868628,1929.873046875,0.4711604118347168,0.0,0.3251867890357971
pali,pixelprose,final_quarter,False,1,0.14285714285714285,4,4,4,11,2.0,4096,0.001,True,1.25,1024,512,1200,0.6188727617263794,0.6137188411084935,0.6238136303029023,0.9990234375,0.0,0.99951171875,0.00048828125,0.40848177671432495,0.21039098501205444,0.06697275009576523,4035.6647430308594,0.376329630613327,0.32332780957221985,0.9932767991227973,0.7179905467731084,0.9952602438868628,1929.873046875,0.4711604118347168,0.0,0.3251867890357971
pali,pixelprose,final_quarter,False,1,0.14285714285714285,4,4,4,11,2.0,4096,0.001,True,1.5,1024,512,1200,0.6188727617263794,0.6137188411084935,0.6238136303029023,0.96435546875,0.0,0.982177734375,0.017822265625,0.40848177671432495,0.21039098501205444,0.06697275009576523,4035.6647430308594,0.376329630613327,0.32332780957221985,0.9932767991227973,0.7179905467731084,0.9952602438868628,1929.873046875,0.4711604118347168,0.0,0.3251867890357971
pali,pixelprose,final_quarter,False,1,0.14285714285714285,4,4,4,11,4.0,4096,0.0003,False,1.1,1024,512,1200,0.11415347456932068,0.11313691840805404,0.1152114166496176,0.156005859375,0.0029296875,0.15673828125,0.003662109375,0.07642697542905807,0.0377265028655529,0.87817357265559,535.1202450064939,0.13027362525463104,0.21359007060527802,0.994355553790606,0.9828775010083945,0.9957759523091394,547.1953125,0.1335926055908203,0.84228515625,0.16652026772499084
pali,pixelprose,final_quarter,False,1,0.14285714285714285,4,4,4,11,4.0,4096,0.0003,False,1.25,1024,512,1200,0.11415347456932068,0.11313691840805404,0.1152114166496176,0.154052734375,0.002685546875,0.156005859375,0.004638671875,0.07642697542905807,0.0377265028655529,0.87817357265559,535.1202450064939,0.13027362525463104,0.21359007060527802,0.994355553790606,0.9828775010083945,0.9957759523091394,547.1953125,0.1335926055908203,0.84228515625,0.16652026772499084
pali,pixelprose,final_quarter,False,1,0.14285714285714285,4,4,4,11,4.0,4096,0.0003,False,1.5,1024,512,1200,0.11415347456932068,0.11313691840805404,0.1152114166496176,0.147705078125,0.002685546875,0.15283203125,0.0078125,0.07642697542905807,0.0377265028655529,0.87817357265559,535.1202450064939,0.13027362525463104,0.21359007060527802,0.994355553790606,0.9828775010083945,0.9957759523091394,547.1953125,0.1335926055908203,0.84228515625,0.16652026772499084
pali,pixelprose,final_quarter,False,1,0.14285714285714285,4,4,4,11,4.0,4096,0.0003,True,1.1,1024,512,1200,0.6234313249588013,0.618391352731851,0.6283080324530601,1.0,0.0,1.0,0.0,0.4115009009838104,0.21193039417266846,0.06567571582034398,4038.3381268251214,0.3801485300064087,0.3288764953613281,0.9927175358145255,0.7172801206635792,0.9959464098576114,1932.693359375,0.4718489646911621,0.0,0.3276534378528595
pali,pixelprose,final_quarter,False,1,0.14285714285714285,4,4,4,11,4.0,4096,0.0003,True,1.25,1024,512,1200,0.6234313249588013,0.618391352731851,0.6283080324530601,0.99951171875,0.0,0.999755859375,0.000244140625,0.4115009009838104,0.21193039417266846,0.06567571582034398,4038.3381268251214,0.3801485300064087,0.3288764953613281,0.9927175358145255,0.7172801206635792,0.9959464098576114,1932.693359375,0.4718489646911621,0.0,0.3276534378528595
pali,pixelprose,final_quarter,False,1,0.14285714285714285,4,4,4,11,4.0,4096,0.0003,True,1.5,1024,512,1200,0.6234313249588013,0.618391352731851,0.6283080324530601,0.96630859375,0.0,0.983154296875,0.016845703125,0.4115009009838104,0.21193039417266846,0.06567571582034398,4038.3381268251214,0.3801485300064087,0.3288764953613281,0.9927175358145255,0.7172801206635792,0.9959464098576114,1932.693359375,0.4718489646911621,0.0,0.3276534378528595
pali,pixelprose,final_quarter,False,1,0.14285714285714285,4,4,4,11,4.0,4096,0.001,False,1.1,1024,512,1200,0.11354084312915802,0.11253156514139846,0.11459134503238602,0.156005859375,0.0029296875,0.15673828125,0.003662109375,0.07597874104976654,0.03756209835410118,0.8780843057259414,533.7721674381854,0.12774591147899628,0.21012724936008453,0.9941729985540374,0.9826852554923537,0.9959277751209841,546.4921875,0.1334209442138672,0.84228515625,0.16347353160381317
pali,pixelprose,final_quarter,False,1,0.14285714285714285,4,4,4,11,4.0,4096,0.001,False,1.25,1024,512,1200,0.11354084312915802,0.11253156514139846,0.11459134503238602,0.154052734375,0.002685546875,0.156005859375,0.004638671875,0.07597874104976654,0.03756209835410118,0.8780843057259414,533.7721674381854,0.12774591147899628,0.21012724936008453,0.9941729985540374,0.9826852554923537,0.9959277751209841,546.4921875,0.1334209442138672,0.84228515625,0.16347353160381317
pali,pixelprose,final_quarter,False,1,0.14285714285714285,4,4,4,11,4.0,4096,0.001,False,1.5,1024,512,1200,0.11354084312915802,0.11253156514139846,0.11459134503238602,0.147216796875,0.002685546875,0.152587890625,0.008056640625,0.07597874104976654,0.03756209835410118,0.8780843057259414,533.7721674381854,0.12774591147899628,0.21012724936008453,0.9941729985540374,0.9826852554923537,0.9959277751209841,546.4921875,0.1334209442138672,0.84228515625,0.16347353160381317
pali,pixelprose,final_quarter,False,1,0.14285714285714285,4,4,4,11,4.0,4096,0.001,True,1.1,1024,512,1200,0.6188727617263794,0.6137188411084935,0.6238136303029023,0.99951171875,0.0,0.999755859375,0.000244140625,0.40848177671432495,0.21039098501205444,0.06697275009576523,4035.6647430308594,0.376329630613327,0.32332780957221985,0.9932767991227973,0.7179905467731084,0.9952602438868628,1929.873046875,0.4711604118347168,0.0,0.3251867890357971
pali,pixelprose,final_quarter,False,1,0.14285714285714285,4,4,4,11,4.0,4096,0.001,True,1.25,1024,512,1200,0.6188727617263794,0.6137188411084935,0.6238136303029023,0.9990234375,0.0,0.99951171875,0.00048828125,0.40848177671432495,0.21039098501205444,0.06697275009576523,4035.6647430308594,0.376329630613327,0.32332780957221985,0.9932767991227973,0.7179905467731084,0.9952602438868628,1929.873046875,0.4711604118347168,0.0,0.3251867890357971
pali,pixelprose,final_quarter,False,1,0.14285714285714285,4,4,4,11,4.0,4096,0.001,True,1.5,1024,512,1200,0.6188727617263794,0.6137188411084935,0.6238136303029023,0.96435546875,0.0,0.982177734375,0.017822265625,0.40848177671432495,0.21039098501205444,0.06697275009576523,4035.6647430308594,0.376329630613327,0.32332780957221985,0.9932767991227973,0.7179905467731084,0.9952602438868628,1929.873046875,0.4711604118347168,0.0,0.3251867890357971
pali,pixelprose,final_quarter,False,1,0.14285714285714285,4,4,4,23,2.0,4096,0.0003,False,1.1,1024,512,1200,0.11384938657283783,0.11279631168508786,0.11488807266541698,0.150634765625,0.002197265625,0.152099609375,0.003662109375,0.07615412771701813,0.037695251405239105,0.8782094981526748,536.4503106235826,0.12487859278917313,0.21357685327529907,0.9944347876759916,0.9830834997590459,0.9952486829175212,548.818359375,0.1339888572692871,0.84619140625,0.1659538894891739
pali,pixelprose,final_quarter,False,1,0.14285714285714285,4,4,4,23,2.0,4096,0.0003,False,1.25,1024,512,1200,0.11384938657283783,0.11279631168508786,0.11488807266541698,0.148193359375,0.001708984375,0.1513671875,0.0048828125,0.07615412771701813,0.037695251405239105,0.8782094981526748,536.4503106235826,0.12487859278917313,0.21357685327529907,0.9944347876759916,0.9830834997590459,0.9952486829175212,548.818359375,0.1339888572692871,0.84619140625,0.1659538894891739
pali,pixelprose,final_quarter,False,1,0.14285714285714285,4,4,4,23,2.0,4096,0.0003,False,1.5,1024,512,1200,0.11384938657283783,0.11279631168508786,0.11488807266541698,0.144287109375,0.00146484375,0.149658203125,0.0068359375,0.07615412771701813,0.037695251405239105,0.8782094981526748,536.4503106235826,0.12487859278917313,0.21357685327529907,0.9944347876759916,0.9830834997590459,0.9952486829175212,548.818359375,0.1339888572692871,0.84619140625,0.1659538894891739
pali,pixelprose,final_quarter,False,1,0.14285714285714285,4,4,4,23,2.0,4096,0.0003,True,1.1,1024,512,1200,0.7825368046760559,0.77473200999666,0.7911264167720219,1.0,0.0,1.0,0.0,0.5150182843208313,0.2675185203552246,0.14680519832443079,3723.6748946877487,0.4247831404209137,0.32948338985443115,0.9999952381748493,0.6608195574077894,0.9852127706600691,1866.365234375,0.455655574798584,0.0,0.40502771735191345
pali,pixelprose,final_quarter,False,1,0.14285714285714285,4,4,4,23,2.0,4096,0.0003,True,1.25,1024,512,1200,0.7825368046760559,0.77473200999666,0.7911264167720219,0.9990234375,0.0,0.99951171875,0.00048828125,0.5150182843208313,0.2675185203552246,0.14680519832443079,3723.6748946877487,0.4247831404209137,0.32948338985443115,0.9999952381748493,0.6608195574077894,0.9852127706600691,1866.365234375,0.455655574798584,0.0,0.40502771735191345
pali,pixelprose,final_quarter,False,1,0.14285714285714285,4,4,4,23,2.0,4096,0.0003,True,1.5,1024,512,1200,0.7825368046760559,0.77473200999666,0.7911264167720219,0.95263671875,0.0,0.976318359375,0.023681640625,0.5150182843208313,0.2675185203552246,0.14680519832443079,3723.6748946877487,0.4247831404209137,0.32948338985443115,0.9999952381748493,0.6608195574077894,0.9852127706600691,1866.365234375,0.455655574798584,0.0,0.40502771735191345
pali,pixelprose,final_quarter,False,1,0.14285714285714285,4,4,4,23,2.0,4096,0.001,False,1.1,1024,512,1200,0.11302992701530457,0.11200154435900914,0.11406920968365739,0.1494140625,0.001953125,0.151611328125,0.004150390625,0.0755634605884552,0.037466466426849365,0.8777450299074454,536.8646926507557,0.12090754508972168,0.20856790244579315,0.9944464141936747,0.9830948223405858,0.9959940979286868,547.693359375,0.1337141990661621,0.84619140625,0.16059929132461548
pali,pixelprose,final_quarter,False,1,0.14285714285714285,4,4,4,23,2.0,4096,0.001,False,1.25,1024,512,1200,0.11302992701530457,0.11200154435900914,0.11406920968365739,0.1474609375,0.001708984375,0.15087890625,0.005126953125,0.0755634605884552,0.037466466426849365,0.8777450299074454,536.8646926507557,0.12090754508972168,0.20856790244579315,0.9944464141936747,0.9830948223405858,0.9959940979286868,547.693359375,0.1337141990661621,0.84619140625,0.16059929132461548
pali,pixelprose,final_quarter,False,1,0.14285714285714285,4,4,4,23,2.0,4096,0.001,False,1.5,1024,512,1200,0.11302992701530457,0.11200154435900914,0.11406920968365739,0.14404296875,0.00146484375,0.1494140625,0.0068359375,0.0755634605884552,0.037466466426849365,0.8777450299074454,536.8646926507557,0.12090754508972168,0.20856790244579315,0.9944464141936747,0.9830948223405858,0.9959940979286868,547.693359375,0.1337141990661621,0.84619140625,0.16059929132461548
pali,pixelprose,final_quarter,False,1,0.14285714285714285,4,4,4,23,2.0,4096,0.001,True,1.1,1024,512,1200,0.6142082214355469,0.6090193693016772,0.6192258041977766,1.0,0.0,1.0,0.0,0.40474557876586914,0.20946267247200012,0.07345517218415859,4016.550481456351,0.3884586691856384,0.3236469626426697,0.9954311753128499,0.7202912152806794,0.98721438637107,1915.9765625,0.46776771545410156,0.0,0.3210867941379547
pali,pixelprose,final_quarter,False,1,0.14285714285714285,4,4,4,23,2.0,4096,0.001,True,1.25,1024,512,1200,0.6142082214355469,0.6090193693016772,0.6192258041977766,0.99951171875,0.0,0.999755859375,0.000244140625,0.40474557876586914,0.20946267247200012,0.07345517218415859,4016.550481456351,0.3884586691856384,0.3236469626426697,0.9954311753128499,0.7202912152806794,0.98721438637107,1915.9765625,0.46776771545410156,0.0,0.3210867941379547
pali,pixelprose,final_quarter,False,1,0.14285714285714285,4,4,4,23,2.0,4096,0.001,True,1.5,1024,512,1200,0.6142082214355469,0.6090193693016772,0.6192258041977766,0.95751953125,0.0,0.978759765625,0.021240234375,0.40474557876586914,0.20946267247200012,0.07345517218415859,4016.550481456351,0.3884586691856384,0.3236469626426697,0.9954311753128499,0.7202912152806794,0.98721438637107,1915.9765625,0.46776771545410156,0.0,0.3210867941379547
pali,pixelprose,final_quarter,False,1,0.14285714285714285,4,4,4,23,4.0,4096,0.0003,False,1.1,1024,512,1200,0.11384938657283783,0.11279631168508786,0.11488807266541698,0.150634765625,0.002197265625,0.152099609375,0.003662109375,0.07615412771701813,0.037695251405239105,0.8782094981526748,536.4503106235826,0.12487859278917313,0.21357685327529907,0.9944347876759916,0.9830834997590459,0.9952486829175212,548.818359375,0.1339888572692871,0.84619140625,0.1659538894891739
pali,pixelprose,final_quarter,False,1,0.14285714285714285,4,4,4,23,4.0,4096,0.0003,False,1.25,1024,512,1200,0.11384938657283783,0.11279631168508786,0.11488807266541698,0.148193359375,0.001708984375,0.1513671875,0.0048828125,0.07615412771701813,0.037695251405239105,0.8782094981526748,536.4503106235826,0.12487859278917313,0.21357685327529907,0.9944347876759916,0.9830834997590459,0.9952486829175212,548.818359375,0.1339888572692871,0.84619140625,0.1659538894891739
pali,pixelprose,final_quarter,False,1,0.14285714285714285,4,4,4,23,4.0,4096,0.0003,False,1.5,1024,512,1200,0.11384938657283783,0.11279631168508786,0.11488807266541698,0.144287109375,0.00146484375,0.149658203125,0.0068359375,0.07615412771701813,0.037695251405239105,0.8782094981526748,536.4503106235826,0.12487859278917313,0.21357685327529907,0.9944347876759916,0.9830834997590459,0.9952486829175212,548.818359375,0.1339888572692871,0.84619140625,0.1659538894891739
pali,pixelprose,final_quarter,False,1,0.14285714285714285,4,4,4,23,4.0,4096,0.0003,True,1.1,1024,512,1200,0.7825368046760559,0.77473200999666,0.7911264167720219,1.0,0.0,1.0,0.0,0.5150182843208313,0.2675185203552246,0.14680519832443079,3723.6748946877487,0.4247831404209137,0.32948338985443115,0.9999952381748493,0.6608195574077894,0.9852127706600691,1866.365234375,0.455655574798584,0.0,0.40502771735191345
pali,pixelprose,final_quarter,False,1,0.14285714285714285,4,4,4,23,4.0,4096,0.0003,True,1.25,1024,512,1200,0.7825368046760559,0.77473200999666,0.7911264167720219,0.9990234375,0.0,0.99951171875,0.00048828125,0.5150182843208313,0.2675185203552246,0.14680519832443079,3723.6748946877487,0.4247831404209137,0.32948338985443115,0.9999952381748493,0.6608195574077894,0.9852127706600691,1866.365234375,0.455655574798584,0.0,0.40502771735191345
pali,pixelprose,final_quarter,False,1,0.14285714285714285,4,4,4,23,4.0,4096,0.0003,True,1.5,1024,512,1200,0.7825368046760559,0.77473200999666,0.7911264167720219,0.95263671875,0.0,0.976318359375,0.023681640625,0.5150182843208313,0.2675185203552246,0.14680519832443079,3723.6748946877487,0.4247831404209137,0.32948338985443115,0.9999952381748493,0.6608195574077894,0.9852127706600691,1866.365234375,0.455655574798584,0.0,0.40502771735191345
pali,pixelprose,final_quarter,False,1,0.14285714285714285,4,4,4,23,4.0,4096,0.001,False,1.1,1024,512,1200,0.11302992701530457,0.11200154435900914,0.11406920968365739,0.1494140625,0.001953125,0.151611328125,0.004150390625,0.0755634605884552,0.037466466426849365,0.8777450299074454,536.8646926507557,0.12090754508972168,0.20856790244579315,0.9944464141936747,0.9830948223405858,0.9959940979286868,547.693359375,0.1337141990661621,0.84619140625,0.16059929132461548
pali,pixelprose,final_quarter,False,1,0.14285714285714285,4,4,4,23,4.0,4096,0.001,False,1.25,1024,512,1200,0.11302992701530457,0.11200154435900914,0.11406920968365739,0.1474609375,0.001708984375,0.15087890625,0.005126953125,0.0755634605884552,0.037466466426849365,0.8777450299074454,536.8646926507557,0.12090754508972168,0.20856790244579315,0.9944464141936747,0.9830948223405858,0.9959940979286868,547.693359375,0.1337141990661621,0.84619140625,0.16059929132461548
pali,pixelprose,final_quarter,False,1,0.14285714285714285,4,4,4,23,4.0,4096,0.001,False,1.5,1024,512,1200,0.11302992701530457,0.11200154435900914,0.11406920968365739,0.14404296875,0.00146484375,0.1494140625,0.0068359375,0.0755634605884552,0.037466466426849365,0.8777450299074454,536.8646926507557,0.12090754508972168,0.20856790244579315,0.9944464141936747,0.9830948223405858,0.9959940979286868,547.693359375,0.1337141990661621,0.84619140625,0.16059929132461548
pali,pixelprose,final_quarter,False,1,0.14285714285714285,4,4,4,23,4.0,4096,0.001,True,1.1,1024,512,1200,0.6142082214355469,0.6090193693016772,0.6192258041977766,1.0,0.0,1.0,0.0,0.40474557876586914,0.20946267247200012,0.07345517218415859,4016.550481456351,0.3884586691856384,0.3236469626426697,0.9954311753128499,0.7202912152806794,0.98721438637107,1915.9765625,0.46776771545410156,0.0,0.3210867941379547
pali,pixelprose,final_quarter,False,1,0.14285714285714285,4,4,4,23,4.0,4096,0.001,True,1.25,1024,512,1200,0.6142082214355469,0.6090193693016772,0.6192258041977766,0.99951171875,0.0,0.999755859375,0.000244140625,0.40474557876586914,0.20946267247200012,0.07345517218415859,4016.550481456351,0.3884586691856384,0.3236469626426697,0.9954311753128499,0.7202912152806794,0.98721438637107,1915.9765625,0.46776771545410156,0.0,0.3210867941379547
pali,pixelprose,final_quarter,False,1,0.14285714285714285,4,4,4,23,4.0,4096,0.001,True,1.5,1024,512,1200,0.6142082214355469,0.6090193693016772,0.6192258041977766,0.95751953125,0.0,0.978759765625,0.021240234375,0.40474557876586914,0.20946267247200012,0.07345517218415859,4016.550481456351,0.3884586691856384,0.3236469626426697,0.9954311753128499,0.7202912152806794,0.98721438637107,1915.9765625,0.46776771545410156,0.0,0.3210867941379547
pali,pixelprose,final_quarter,False,1,0.14285714285714285,4,4,4,37,2.0,4096,0.0003,False,1.1,1024,512,1200,0.1162155270576477,0.11523869202865171,0.1173352314515796,0.15234375,0.002685546875,0.15234375,0.002685546875,0.07750435173511505,0.03871116787195206,0.8767093880537818,540.7329060867257,0.13532774150371552,0.2072722315788269,0.994416622906234,0.9830123318262727,0.9953784773070876,552.2109375,0.13481712341308594,0.84716796875,0.17038139700889587
pali,pixelprose,final_quarter,False,1,0.14285714285714285,4,4,4,37,2.0,4096,0.0003,False,1.25,1024,512,1200,0.1162155270576477,0.11523869202865171,0.1173352314515796,0.15185546875,0.00244140625,0.15234375,0.0029296875,0.07750435173511505,0.03871116787195206,0.8767093880537818,540.7329060867257,0.13532774150371552,0.2072722315788269,0.994416622906234,0.9830123318262727,0.9953784773070876,552.2109375,0.13481712341308594,0.84716796875,0.17038139700889587
pali,pixelprose,final_quarter,False,1,0.14285714285714285,4,4,4,37,2.0,4096,0.0003,False,1.5,1024,512,1200,0.1162155270576477,0.11523869202865171,0.1173352314515796,0.146484375,0.00244140625,0.149658203125,0.005615234375,0.07750435173511505,0.03871116787195206,0.8767093880537818,540.7329060867257,0.13532774150371552,0.2072722315788269,0.994416622906234,0.9830123318262727,0.9953784773070876,552.2109375,0.13481712341308594,0.84716796875,0.17038139700889587
pali,pixelprose,final_quarter,False,1,0.14285714285714285,4,4,4,37,2.0,4096,0.0003,True,1.1,1024,512,1200,0.6193315386772156,0.614474222161516,0.6236462914734148,1.0,0.0,1.0,0.0,0.4081765413284302,0.2111549973487854,0.06695368224075955,4029.8625898673517,0.40973004698753357,0.3193327784538269,0.994912998135406,0.7223598553222115,0.9948927477906886,1918.80859375,0.4684591293334961,0.0,0.3238481879234314
pali,pixelprose,final_quarter,False,1,0.14285714285714285,4,4,4,37,2.0,4096,0.0003,True,1.25,1024,512,1200,0.6193315386772156,0.614474222161516,0.6236462914734148,1.0,0.0,1.0,0.0,0.4081765413284302,0.2111549973487854,0.06695368224075955,4029.8625898673517,0.40973004698753357,0.3193327784538269,0.994912998135406,0.7223598553222115,0.9948927477906886,1918.80859375,0.4684591293334961,0.0,0.3238481879234314
pali,pixelprose,final_quarter,False,1,0.14285714285714285,4,4,4,37,2.0,4096,0.0003,True,1.5,1024,512,1200,0.6193315386772156,0.614474222161516,0.6236462914734148,0.9599609375,0.0,0.97998046875,0.02001953125,0.4081765413284302,0.2111549973487854,0.06695368224075955,4029.8625898673517,0.40973004698753357,0.3193327784538269,0.994912998135406,0.7223598553222115,0.9948927477906886,1918.80859375,0.4684591293334961,0.0,0.3238481879234314
pali,pixelprose,final_quarter,False,1,0.14285714285714285,4,4,4,37,2.0,4096,0.001,False,1.1,1024,512,1200,0.1154089868068695,0.11444711196090793,0.11651599805845762,0.15185546875,0.002685546875,0.15185546875,0.002685546875,0.07694167643785477,0.03846730664372444,0.8766382850968015,540.582159767572,0.13233785331249237,0.20322652161121368,0.9944887169734203,0.9830858202562195,0.9956343507411239,551.611328125,0.13467073440551758,0.847412109375,0.16693007946014404
pali,pixelprose,final_quarter,False,1,0.14285714285714285,4,4,4,37,2.0,4096,0.001,False,1.25,1024,512,1200,0.1154089868068695,0.11444711196090793,0.11651599805845762,0.15087890625,0.00244140625,0.151611328125,0.003173828125,0.07694167643785477,0.03846730664372444,0.8766382850968015,540.582159767572,0.13233785331249237,0.20322652161121368,0.9944887169734203,0.9830858202562195,0.9956343507411239,551.611328125,0.13467073440551758,0.847412109375,0.16693007946014404
pali,pixelprose,final_quarter,False,1,0.14285714285714285,4,4,4,37,2.0,4096,0.001,False,1.5,1024,512,1200,0.1154089868068695,0.11444711196090793,0.11651599805845762,0.1455078125,0.00244140625,0.14892578125,0.005859375,0.07694167643785477,0.03846730664372444,0.8766382850968015,540.582159767572,0.13233785331249237,0.20322652161121368,0.9944887169734203,0.9830858202562195,0.9956343507411239,551.611328125,0.13467073440551758,0.847412109375,0.16693007946014404
pali,pixelprose,final_quarter,False,1,0.14285714285714285,4,4,4,37,2.0,4096,0.001,True,1.1,1024,512,1200,0.6107537746429443,0.6062651008702232,0.6150774908455787,1.0,0.0,1.0,0.0,0.4023430347442627,0.20841073989868164,0.06767200002970371,4028.402590546756,0.39554986357688904,0.319713830947876,0.9952655050399208,0.7225524089335813,0.9936187183587261,1911.556640625,0.4666886329650879,0.0,0.318557471036911
pali,pixelprose,final_quarter,False,1,0.14285714285714285,4,4,4,37,2.0,4096,0.001,True,1.25,1024,512,1200,0.6107537746429443,0.6062651008702232,0.6150774908455787,0.99951171875,0.0,0.999755859375,0.000244140625,0.4023430347442627,0.20841073989868164,0.06767200002970371,4028.402590546756,0.39554986357688904,0.319713830947876,0.9952655050399208,0.7225524089335813,0.9936187183587261,1911.556640625,0.4666886329650879,0.0,0.318557471036911
pali,pixelprose,final_quarter,False,1,0.14285714285714285,4,4,4,37,2.0,4096,0.001,True,1.5,1024,512,1200,0.6107537746429443,0.6062651008702232,0.6150774908455787,0.96044921875,0.0,0.980224609375,0.019775390625,0.4023430347442627,0.20841073989868164,0.06767200002970371,4028.402590546756,0.39554986357688904,0.319713830947876,0.9952655050399208,0.7225524089335813,0.9936187183587261,1911.556640625,0.4666886329650879,0.0,0.318557471036911
pali,pixelprose,final_quarter,False,1,0.14285714285714285,4,4,4,37,4.0,4096,0.0003,False,1.1,1024,512,1200,0.1162155270576477,0.11523869202865171,0.1173352314515796,0.15234375,0.002685546875,0.15234375,0.002685546875,0.07750435173511505,0.03871116787195206,0.8767093880537818,540.7329060867257,0.13532774150371552,0.2072722315788269,0.994416622906234,0.9830123318262727,0.9953784773070876,552.2109375,0.13481712341308594,0.84716796875,0.17038139700889587
pali,pixelprose,final_quarter,False,1,0.14285714285714285,4,4,4,37,4.0,4096,0.0003,False,1.25,1024,512,1200,0.1162155270576477,0.11523869202865171,0.1173352314515796,0.15185546875,0.00244140625,0.15234375,0.0029296875,0.07750435173511505,0.03871116787195206,0.8767093880537818,540.7329060867257,0.13532774150371552,0.2072722315788269,0.994416622906234,0.9830123318262727,0.9953784773070876,552.2109375,0.13481712341308594,0.84716796875,0.17038139700889587
pali,pixelprose,final_quarter,False,1,0.14285714285714285,4,4,4,37,4.0,4096,0.0003,False,1.5,1024,512,1200,0.1162155270576477,0.11523869202865171,0.1173352314515796,0.146484375,0.00244140625,0.149658203125,0.005615234375,0.07750435173511505,0.03871116787195206,0.8767093880537818,540.7329060867257,0.13532774150371552,0.2072722315788269,0.994416622906234,0.9830123318262727,0.9953784773070876,552.2109375,0.13481712341308594,0.84716796875,0.17038139700889587
pali,pixelprose,final_quarter,False,1,0.14285714285714285,4,4,4,37,4.0,4096,0.0003,True,1.1,1024,512,1200,0.6193315386772156,0.614474222161516,0.6236462914734148,1.0,0.0,1.0,0.0,0.4081765413284302,0.2111549973487854,0.06695368224075955,4029.8625898673517,0.40973004698753357,0.3193327784538269,0.994912998135406,0.7223598553222115,0.9948927477906886,1918.80859375,0.4684591293334961,0.0,0.3238481879234314
pali,pixelprose,final_quarter,False,1,0.14285714285714285,4,4,4,37,4.0,4096,0.0003,True,1.25,1024,512,1200,0.6193315386772156,0.614474222161516,0.6236462914734148,1.0,0.0,1.0,0.0,0.4081765413284302,0.2111549973487854,0.06695368224075955,4029.8625898673517,0.40973004698753357,0.3193327784538269,0.994912998135406,0.7223598553222115,0.9948927477906886,1918.80859375,0.4684591293334961,0.0,0.3238481879234314
pali,pixelprose,final_quarter,False,1,0.14285714285714285,4,4,4,37,4.0,4096,0.0003,True,1.5,1024,512,1200,0.6193315386772156,0.614474222161516,0.6236462914734148,0.9599609375,0.0,0.97998046875,0.02001953125,0.4081765413284302,0.2111549973487854,0.06695368224075955,4029.8625898673517,0.40973004698753357,0.3193327784538269,0.994912998135406,0.7223598553222115,0.9948927477906886,1918.80859375,0.4684591293334961,0.0,0.3238481879234314
pali,pixelprose,final_quarter,False,1,0.14285714285714285,4,4,4,37,4.0,4096,0.001,False,1.1,1024,512,1200,0.1154089868068695,0.11444711196090793,0.11651599805845762,0.15185546875,0.002685546875,0.15185546875,0.002685546875,0.07694167643785477,0.03846730664372444,0.8766382850968015,540.582159767572,0.13233785331249237,0.20322652161121368,0.9944887169734203,0.9830858202562195,0.9956343507411239,551.611328125,0.13467073440551758,0.847412109375,0.16693007946014404
pali,pixelprose,final_quarter,False,1,0.14285714285714285,4,4,4,37,4.0,4096,0.001,False,1.25,1024,512,1200,0.1154089868068695,0.11444711196090793,0.11651599805845762,0.15087890625,0.00244140625,0.151611328125,0.003173828125,0.07694167643785477,0.03846730664372444,0.8766382850968015,540.582159767572,0.13233785331249237,0.20322652161121368,0.9944887169734203,0.9830858202562195,0.9956343507411239,551.611328125,0.13467073440551758,0.847412109375,0.16693007946014404
pali,pixelprose,final_quarter,False,1,0.14285714285714285,4,4,4,37,4.0,4096,0.001,False,1.5,1024,512,1200,0.1154089868068695,0.11444711196090793,0.11651599805845762,0.1455078125,0.00244140625,0.14892578125,0.005859375,0.07694167643785477,0.03846730664372444,0.8766382850968015,540.582159767572,0.13233785331249237,0.20322652161121368,0.9944887169734203,0.9830858202562195,0.9956343507411239,551.611328125,0.13467073440551758,0.847412109375,0.16693007946014404
pali,pixelprose,final_quarter,False,1,0.14285714285714285,4,4,4,37,4.0,4096,0.001,True,1.1,1024,512,1200,0.6107537746429443,0.6062651008702232,0.6150774908455787,1.0,0.0,1.0,0.0,0.4023430347442627,0.20841073989868164,0.06767200002970371,4028.402590546756,0.39554986357688904,0.319713830947876,0.9952655050399208,0.7225524089335813,0.9936187183587261,1911.556640625,0.4666886329650879,0.0,0.318557471036911
pali,pixelprose,final_quarter,False,1,0.14285714285714285,4,4,4,37,4.0,4096,0.001,True,1.25,1024,512,1200,0.6107537746429443,0.6062651008702232,0.6150774908455787,0.99951171875,0.0,0.999755859375,0.000244140625,0.4023430347442627,0.20841073989868164,0.06767200002970371,4028.402590546756,0.39554986357688904,0.319713830947876,0.9952655050399208,0.7225524089335813,0.9936187183587261,1911.556640625,0.4666886329650879,0.0,0.318557471036911
pali,pixelprose,final_quarter,False,1,0.14285714285714285,4,4,4,37,4.0,4096,0.001,True,1.5,1024,512,1200,0.6107537746429443,0.6062651008702232,0.6150774908455787,0.96044921875,0.0,0.980224609375,0.019775390625,0.4023430347442627,0.20841073989868164,0.06767200002970371,4028.402590546756,0.39554986357688904,0.319713830947876,0.9952655050399208,0.7225524089335813,0.9936187183587261,1911.556640625,0.4666886329650879,0.0,0.318557471036911
pali,pixelprose,final_quarter,False,2,0.2857142857142857,7,7,7,11,2.0,4096,0.0003,False,1.1,1024,512,1200,0.15642669796943665,0.15501483830121288,0.15778196177489007,0.139892578125,0.0048828125,0.14111328125,0.006103515625,0.09752277284860611,0.05890392139554024,0.886366660787353,497.23719962418244,0.19944903254508972,0.29221993684768677,0.9927234252029935,0.9811361519483934,0.9950913570882975,510.1484375,0.12454795837402344,0.8544921875,0.22489885985851288
pali,pixelprose,final_quarter,False,2,0.2857142857142857,7,7,7,11,2.0,4096,0.0003,False,1.25,1024,512,1200,0.15642669796943665,0.15501483830121288,0.15778196177489007,0.135009765625,0.0048828125,0.138671875,0.008544921875,0.09752277284860611,0.05890392139554024,0.886366660787353,497.23719962418244,0.19944903254508972,0.29221993684768677,0.9927234252029935,0.9811361519483934,0.9950913570882975,510.1484375,0.12454795837402344,0.8544921875,0.22489885985851288
pali,pixelprose,final_quarter,False,2,0.2857142857142857,7,7,7,11,2.0,4096,0.0003,False,1.5,1024,512,1200,0.15642669796943665,0.15501483830121288,0.15778196177489007,0.079345703125,0.0048828125,0.11083984375,0.036376953125,0.09752277284860611,0.05890392139554024,0.886366660787353,497.23719962418244,0.19944903254508972,0.29221993684768677,0.9927234252029935,0.9811361519483934,0.9950913570882975,510.1484375,0.12454795837402344,0.8544921875,0.22489885985851288
pali,pixelprose,final_quarter,False,2,0.2857142857142857,7,7,7,11,2.0,4096,0.0003,True,1.1,1024,512,1200,0.6266406774520874,0.6217468814051245,0.6314045410690596,0.99658203125,0.0,0.998291015625,0.001708984375,0.3788357973098755,0.2478049099445343,0.06871573196973585,4028.1425989354548,0.3803974390029907,0.3267454206943512,0.9961953754093861,0.7425280934820279,0.9927693490149387,1877.00390625,0.4582529067993164,0.0,0.3149488568305969
pali,pixelprose,final_quarter,False,2,0.2857142857142857,7,7,7,11,2.0,4096,0.0003,True,1.25,1024,512,1200,0.6266406774520874,0.6217468814051245,0.6314045410690596,0.91064453125,0.0,0.955322265625,0.044677734375,0.3788357973098755,0.2478049099445343,0.06871573196973585,4028.1425989354548,0.3803974390029907,0.3267454206943512,0.9961953754093861,0.7425280934820279,0.9927693490149387,1877.00390625,0.4582529067993164,0.0,0.3149488568305969
pali,pixelprose,final_quarter,False,2,0.2857142857142857,7,7,7,11,2.0,4096,0.0003,True,1.5,1024,512,1200,0.6266406774520874,0.6217468814051245,0.6314045410690596,0.10791015625,0.0,0.553955078125,0.446044921875,0.3788357973098755,0.2478049099445343,0.06871573196973585,4028.1425989354548,0.3803974390029907,0.3267454206943512,0.9961953754093861,0.7425280934820279,0.9927693490149387,1877.00390625,0.4582529067993164,0.0,0.3149488568305969
pali,pixelprose,final_quarter,False,2,0.2857142857142857,7,7,7,11,2.0,4096,0.001,False,1.1,1024,512,1200,0.1559884250164032,0.15457340825414576,0.157364500602489,0.139404296875,0.005126953125,0.140380859375,0.006103515625,0.09726221859455109,0.058726221323013306,0.886531487676673,497.37629914656947,0.19670160114765167,0.2901745140552521,0.9930560875169459,0.9813924176627908,0.9953060549138122,509.4609375,0.12438011169433594,0.855224609375,0.22291648387908936
pali,pixelprose,final_quarter,False,2,0.2857142857142857,7,7,7,11,2.0,4096,0.001,False,1.25,1024,512,1200,0.1559884250164032,0.15457340825414576,0.157364500602489,0.135986328125,0.005126953125,0.138671875,0.0078125,0.09726221859455109,0.058726221323013306,0.886531487676673,497.37629914656947,0.19670160114765167,0.2901745140552521,0.9930560875169459,0.9813924176627908,0.9953060549138122,509.4609375,0.12438011169433594,0.855224609375,0.22291648387908936
pali,pixelprose,final_quarter,False,2,0.2857142857142857,7,7,7,11,2.0,4096,0.001,False,1.5,1024,512,1200,0.1559884250164032,0.15457340825414576,0.157364500602489,0.081298828125,0.0048828125,0.111572265625,0.03515625,0.09726221859455109,0.058726221323013306,0.886531487676673,497.37629914656947,0.19670160114765167,0.2901745140552521,0.9930560875169459,0.9813924176627908,0.9953060549138122,509.4609375,0.12438011169433594,0.855224609375,0.22291648387908936
pali,pixelprose,final_quarter,False,2,0.2857142857142857,7,7,7,11,2.0,4096,0.001,True,1.1,1024,512,1200,0.620469868183136,0.615576640830841,0.6249305426739739,0.99609375,0.0,0.998046875,0.001953125,0.3753284513950348,0.2451414316892624,0.07045365562904049,4025.49741066003,0.36474525928497314,0.31988525390625,0.9958872548981665,0.7423717692543752,0.9938294454382952,1863.478515625,0.45495080947875977,0.0,0.31011059880256653
pali,pixelprose,final_quarter,False,2,0.2857142857142857,7,7,7,11,2.0,4096,0.001,True,1.25,1024,512,1200,0.620469868183136,0.615576640830841,0.6249305426739739,0.90673828125,0.0,0.953369140625,0.046630859375,0.3753284513950348,0.2451414316892624,0.07045365562904049,4025.49741066003,0.36474525928497314,0.31988525390625,0.9958872548981665,0.7423717692543752,0.9938294454382952,1863.478515625,0.45495080947875977,0.0,0.31011059880256653
pali,pixelprose,final_quarter,False,2,0.2857142857142857,7,7,7,11,2.0,4096,0.001,True,1.5,1024,512,1200,0.620469868183136,0.615576640830841,0.6249305426739739,0.115234375,0.0,0.5576171875,0.4423828125,0.3753284513950348,0.2451414316892624,0.07045365562904049,4025.49741066003,0.36474525928497314,0.31988525390625,0.9958872548981665,0.7423717692543752,0.9938294454382952,1863.478515625,0.45495080947875977,0.0,0.31011059880256653
pali,pixelprose,final_quarter,False,2,0.2857142857142857,7,7,7,11,4.0,4096,0.0003,False,1.1,1024,512,1200,0.15642669796943665,0.15501483830121288,0.15778196177489007,0.139892578125,0.0048828125,0.14111328125,0.006103515625,0.09752277284860611,0.05890392139554024,0.886366660787353,497.23719962418244,0.19944903254508972,0.29221993684768677,0.9927234252029935,0.9811361519483934,0.9950913570882975,510.1484375,0.12454795837402344,0.8544921875,0.22489885985851288
pali,pixelprose,final_quarter,False,2,0.2857142857142857,7,7,7,11,4.0,4096,0.0003,False,1.25,1024,512,1200,0.15642669796943665,0.15501483830121288,0.15778196177489007,0.135009765625,0.0048828125,0.138671875,0.008544921875,0.09752277284860611,0.05890392139554024,0.886366660787353,497.23719962418244,0.19944903254508972,0.29221993684768677,0.9927234252029935,0.9811361519483934,0.9950913570882975,510.1484375,0.12454795837402344,0.8544921875,0.22489885985851288
pali,pixelprose,final_quarter,False,2,0.2857142857142857,7,7,7,11,4.0,4096,0.0003,False,1.5,1024,512,1200,0.15642669796943665,0.15501483830121288,0.15778196177489007,0.079345703125,0.0048828125,0.11083984375,0.036376953125,0.09752277284860611,0.05890392139554024,0.886366660787353,497.23719962418244,0.19944903254508972,0.29221993684768677,0.9927234252029935,0.9811361519483934,0.9950913570882975,510.1484375,0.12454795837402344,0.8544921875,0.22489885985851288
pali,pixelprose,final_quarter,False,2,0.2857142857142857,7,7,7,11,4.0,4096,0.0003,True,1.1,1024,512,1200,0.6266406774520874,0.6217468814051245,0.6314045410690596,0.99658203125,0.0,0.998291015625,0.001708984375,0.3788357973098755,0.2478049099445343,0.06871573196973585,4028.1425989354548,0.3803974390029907,0.3267454206943512,0.9961953754093861,0.7425280934820279,0.9927693490149387,1877.00390625,0.4582529067993164,0.0,0.3149488568305969
pali,pixelprose,final_quarter,False,2,0.2857142857142857,7,7,7,11,4.0,4096,0.0003,True,1.25,1024,512,1200,0.6266406774520874,0.6217468814051245,0.6314045410690596,0.91064453125,0.0,0.955322265625,0.044677734375,0.3788357973098755,0.2478049099445343,0.06871573196973585,4028.1425989354548,0.3803974390029907,0.3267454206943512,0.9961953754093861,0.7425280934820279,0.9927693490149387,1877.00390625,0.4582529067993164,0.0,0.3149488568305969
pali,pixelprose,final_quarter,False,2,0.2857142857142857,7,7,7,11,4.0,4096,0.0003,True,1.5,1024,512,1200,0.6266406774520874,0.6217468814051245,0.6314045410690596,0.10791015625,0.0,0.553955078125,0.446044921875,0.3788357973098755,0.2478049099445343,0.06871573196973585,4028.1425989354548,0.3803974390029907,0.3267454206943512,0.9961953754093861,0.7425280934820279,0.9927693490149387,1877.00390625,0.4582529067993164,0.0,0.3149488568305969
pali,pixelprose,final_quarter,False,2,0.2857142857142857,7,7,7,11,4.0,4096,0.001,False,1.1,1024,512,1200,0.1559884250164032,0.15457340825414576,0.157364500602489,0.139404296875,0.005126953125,0.140380859375,0.006103515625,0.09726221859455109,0.058726221323013306,0.886531487676673,497.37629914656947,0.19670160114765167,0.2901745140552521,0.9930560875169459,0.9813924176627908,0.9953060549138122,509.4609375,0.12438011169433594,0.855224609375,0.22291648387908936
pali,pixelprose,final_quarter,False,2,0.2857142857142857,7,7,7,11,4.0,4096,0.001,False,1.25,1024,512,1200,0.1559884250164032,0.15457340825414576,0.157364500602489,0.135986328125,0.005126953125,0.138671875,0.0078125,0.09726221859455109,0.058726221323013306,0.886531487676673,497.37629914656947,0.19670160114765167,0.2901745140552521,0.9930560875169459,0.9813924176627908,0.9953060549138122,509.4609375,0.12438011169433594,0.855224609375,0.22291648387908936
pali,pixelprose,final_quarter,False,2,0.2857142857142857,7,7,7,11,4.0,4096,0.001,False,1.5,1024,512,1200,0.1559884250164032,0.15457340825414576,0.157364500602489,0.081298828125,0.0048828125,0.111572265625,0.03515625,0.09726221859455109,0.058726221323013306,0.886531487676673,497.37629914656947,0.19670160114765167,0.2901745140552521,0.9930560875169459,0.9813924176627908,0.9953060549138122,509.4609375,0.12438011169433594,0.855224609375,0.22291648387908936
pali,pixelprose,final_quarter,False,2,0.2857142857142857,7,7,7,11,4.0,4096,0.001,True,1.1,1024,512,1200,0.620469868183136,0.615576640830841,0.6249305426739739,0.99609375,0.0,0.998046875,0.001953125,0.3753284513950348,0.2451414316892624,0.07045365562904049,4025.49741066003,0.36474525928497314,0.31988525390625,0.9958872548981665,0.7423717692543752,0.9938294454382952,1863.478515625,0.45495080947875977,0.0,0.31011059880256653
pali,pixelprose,final_quarter,False,2,0.2857142857142857,7,7,7,11,4.0,4096,0.001,True,1.25,1024,512,1200,0.620469868183136,0.615576640830841,0.6249305426739739,0.90673828125,0.0,0.953369140625,0.046630859375,0.3753284513950348,0.2451414316892624,0.07045365562904049,4025.49741066003,0.36474525928497314,0.31988525390625,0.9958872548981665,0.7423717692543752,0.9938294454382952,1863.478515625,0.45495080947875977,0.0,0.31011059880256653
pali,pixelprose,final_quarter,False,2,0.2857142857142857,7,7,7,11,4.0,4096,0.001,True,1.5,1024,512,1200,0.620469868183136,0.615576640830841,0.6249305426739739,0.115234375,0.0,0.5576171875,0.4423828125,0.3753284513950348,0.2451414316892624,0.07045365562904049,4025.49741066003,0.36474525928497314,0.31988525390625,0.9958872548981665,0.7423717692543752,0.9938294454382952,1863.478515625,0.45495080947875977,0.0,0.31011059880256653
pali,pixelprose,final_quarter,False,2,0.2857142857142857,7,7,7,23,2.0,4096,0.0003,False,1.1,1024,512,1200,0.16037246584892273,0.15883298455592013,0.16188514974710416,0.146728515625,0.007080078125,0.144287109375,0.004638671875,0.10001978278160095,0.06035267561674118,0.8842855451949644,508.17580415228286,0.21696244180202484,0.292498379945755,0.9931656924909059,0.9814936873262969,0.9946841973113554,521.34765625,0.12728214263916016,0.85205078125,0.23296883702278137
pali,pixelprose,final_quarter,False,2,0.2857142857142857,7,7,7,23,2.0,4096,0.0003,False,1.25,1024,512,1200,0.16037246584892273,0.15883298455592013,0.16188514974710416,0.141845703125,0.007080078125,0.141845703125,0.007080078125,0.10001978278160095,0.06035267561674118,0.8842855451949644,508.17580415228286,0.21696244180202484,0.292498379945755,0.9931656924909059,0.9814936873262969,0.9946841973113554,521.34765625,0.12728214263916016,0.85205078125,0.23296883702278137
pali,pixelprose,final_quarter,False,2,0.2857142857142857,7,7,7,23,2.0,4096,0.0003,False,1.5,1024,512,1200,0.16037246584892273,0.15883298455592013,0.16188514974710416,0.084228515625,0.0068359375,0.11328125,0.035888671875,0.10001978278160095,0.06035267561674118,0.8842855451949644,508.17580415228286,0.21696244180202484,0.292498379945755,0.9931656924909059,0.9814936873262969,0.9946841973113554,521.34765625,0.12728214263916016,0.85205078125,0.23296883702278137
pali,pixelprose,final_quarter,False,2,0.2857142857142857,7,7,7,23,2.0,4096,0.0003,True,1.1,1024,512,1200,0.636326789855957,0.6318816909741145,0.6410311283223564,0.99609375,0.0,0.998046875,0.001953125,0.385614812374115,0.25071197748184204,0.0659315995640966,4036.941470867325,0.4057537019252777,0.31502610445022583,0.9911463556844927,0.7413069874101069,0.9938322328962313,1889.697265625,0.4613518714904785,0.0,0.31968793272972107
pali,pixelprose,final_quarter,False,2,0.2857142857142857,7,7,7,23,2.0,4096,0.0003,True,1.25,1024,512,1200,0.636326789855957,0.6318816909741145,0.6410311283223564,0.91748046875,0.0,0.958740234375,0.041259765625,0.385614812374115,0.25071197748184204,0.0659315995640966,4036.941470867325,0.4057537019252777,0.31502610445022583,0.9911463556844927,0.7413069874101069,0.9938322328962313,1889.697265625,0.4613518714904785,0.0,0.31968793272972107
pali,pixelprose,final_quarter,False,2,0.2857142857142857,7,7,7,23,2.0,4096,0.0003,True,1.5,1024,512,1200,0.636326789855957,0.6318816909741145,0.6410311283223564,0.14306640625,0.0,0.571533203125,0.428466796875,0.385614812374115,0.25071197748184204,0.0659315995640966,4036.941470867325,0.4057537019252777,0.31502610445022583,0.9911463556844927,0.7413069874101069,0.9938322328962313,1889.697265625,0.4613518714904785,0.0,0.31968793272972107
pali,pixelprose,final_quarter,False,2,0.2857142857142857,7,7,7,23,2.0,4096,0.001,False,1.1,1024,512,1200,0.15964843332767487,0.15812751446064793,0.16114408230423577,0.14697265625,0.007080078125,0.14453125,0.004638671875,0.09954293072223663,0.06010550260543823,0.8838443015441321,507.7491440041189,0.21329760551452637,0.288076251745224,0.9932416202861459,0.9815367609808114,0.9949845117279295,520.966796875,0.12718915939331055,0.85205078125,0.22874955832958221
pali,pixelprose,final_quarter,False,2,0.2857142857142857,7,7,7,23,2.0,4096,0.001,False,1.25,1024,512,1200,0.15964843332767487,0.15812751446064793,0.16114408230423577,0.1416015625,0.007080078125,0.141845703125,0.00732421875,0.09954293072223663,0.06010550260543823,0.8838443015441321,507.7491440041189,0.21329760551452637,0.288076251745224,0.9932416202861459,0.9815367609808114,0.9949845117279295,520.966796875,0.12718915939331055,0.85205078125,0.22874955832958221
pali,pixelprose,final_quarter,False,2,0.2857142857142857,7,7,7,23,2.0,4096,0.001,False,1.5,1024,512,1200,0.15964843332767487,0.15812751446064793,0.16114408230423577,0.08349609375,0.0068359375,0.113037109375,0.036376953125,0.09954293072223663,0.06010550260543823,0.8838443015441321,507.7491440041189,0.21329760551452637,0.288076251745224,0.9932416202861459,0.9815367609808114,0.9949845117279295,520.966796875,0.12718915939331055,0.85205078125,0.22874955832958221
pali,pixelprose,final_quarter,False,2,0.2857142857142857,7,7,7,23,2.0,4096,0.001,True,1.1,1024,512,1200,0.6338186264038086,0.6292320061344071,0.6386298129582428,0.9970703125,0.0,0.99853515625,0.00146484375,0.3838036358356476,0.2500150203704834,0.06655343013929342,4035.7256057433065,0.4102770686149597,0.3134637773036957,0.9919107603721176,0.7412528612757925,0.9927377807976977,1892.4140625,0.46201515197753906,0.0,0.31833216547966003
pali,pixelprose,final_quarter,False,2,0.2857142857142857,7,7,7,23,2.0,4096,0.001,True,1.25,1024,512,1200,0.6338186264038086,0.6292320061344071,0.6386298129582428,0.9169921875,0.0,0.95849609375,0.04150390625,0.3838036358356476,0.2500150203704834,0.06655343013929342,4035.7256057433065,0.4102770686149597,0.3134637773036957,0.9919107603721176,0.7412528612757925,0.9927377807976977,1892.4140625,0.46201515197753906,0.0,0.31833216547966003
pali,pixelprose,final_quarter,False,2,0.2857142857142857,7,7,7,23,2.0,4096,0.001,True,1.5,1024,512,1200,0.6338186264038086,0.6292320061344071,0.6386298129582428,0.13671875,0.0,0.568359375,0.431640625,0.3838036358356476,0.2500150203704834,0.06655343013929342,4035.7256057433065,0.4102770686149597,0.3134637773036957,0.9919107603721176,0.7412528612757925,0.9927377807976977,1892.4140625,0.46201515197753906,0.0,0.31833216547966003
pali,pixelprose,final_quarter,False,2,0.2857142857142857,7,7,7,23,4.0,4096,0.0003,False,1.1,1024,512,1200,0.16037246584892273,0.15883298455592013,0.16188514974710416,0.146728515625,0.007080078125,0.144287109375,0.004638671875,0.10001978278160095,0.06035267561674118,0.8842855451949644,508.17580415228286,0.21696244180202484,0.292498379945755,0.9931656924909059,0.9814936873262969,0.9946841973113554,521.34765625,0.12728214263916016,0.85205078125,0.23296883702278137
pali,pixelprose,final_quarter,False,2,0.2857142857142857,7,7,7,23,4.0,4096,0.0003,False,1.25,1024,512,1200,0.16037246584892273,0.15883298455592013,0.16188514974710416,0.141845703125,0.007080078125,0.141845703125,0.007080078125,0.10001978278160095,0.06035267561674118,0.8842855451949644,508.17580415228286,0.21696244180202484,0.292498379945755,0.9931656924909059,0.9814936873262969,0.9946841973113554,521.34765625,0.12728214263916016,0.85205078125,0.23296883702278137
pali,pixelprose,final_quarter,False,2,0.2857142857142857,7,7,7,23,4.0,4096,0.0003,False,1.5,1024,512,1200,0.16037246584892273,0.15883298455592013,0.16188514974710416,0.084228515625,0.0068359375,0.11328125,0.035888671875,0.10001978278160095,0.06035267561674118,0.8842855451949644,508.17580415228286,0.21696244180202484,0.292498379945755,0.9931656924909059,0.9814936873262969,0.9946841973113554,521.34765625,0.12728214263916016,0.85205078125,0.23296883702278137
pali,pixelprose,final_quarter,False,2,0.2857142857142857,7,7,7,23,4.0,4096,0.0003,True,1.1,1024,512,1200,0.636326789855957,0.6318816909741145,0.6410311283223564,0.99609375,0.0,0.998046875,0.001953125,0.385614812374115,0.25071197748184204,0.0659315995640966,4036.941470867325,0.4057537019252777,0.31502610445022583,0.9911463556844927,0.7413069874101069,0.9938322328962313,1889.697265625,0.4613518714904785,0.0,0.31968793272972107
pali,pixelprose,final_quarter,False,2,0.2857142857142857,7,7,7,23,4.0,4096,0.0003,True,1.25,1024,512,1200,0.636326789855957,0.6318816909741145,0.6410311283223564,0.91748046875,0.0,0.958740234375,0.041259765625,0.385614812374115,0.25071197748184204,0.0659315995640966,4036.941470867325,0.4057537019252777,0.31502610445022583,0.9911463556844927,0.7413069874101069,0.9938322328962313,1889.697265625,0.4613518714904785,0.0,0.31968793272972107
pali,pixelprose,final_quarter,False,2,0.2857142857142857,7,7,7,23,4.0,4096,0.0003,True,1.5,1024,512,1200,0.636326789855957,0.6318816909741145,0.6410311283223564,0.14306640625,0.0,0.571533203125,0.428466796875,0.385614812374115,0.25071197748184204,0.0659315995640966,4036.941470867325,0.4057537019252777,0.31502610445022583,0.9911463556844927,0.7413069874101069,0.9938322328962313,1889.697265625,0.4613518714904785,0.0,0.31968793272972107
pali,pixelprose,final_quarter,False,2,0.2857142857142857,7,7,7,23,4.0,4096,0.001,False,1.1,1024,512,1200,0.15964843332767487,0.15812751446064793,0.16114408230423577,0.14697265625,0.007080078125,0.14453125,0.004638671875,0.09954293072223663,0.06010550260543823,0.8838443015441321,507.7491440041189,0.21329760551452637,0.288076251745224,0.9932416202861459,0.9815367609808114,0.9949845117279295,520.966796875,0.12718915939331055,0.85205078125,0.22874955832958221
pali,pixelprose,final_quarter,False,2,0.2857142857142857,7,7,7,23,4.0,4096,0.001,False,1.25,1024,512,1200,0.15964843332767487,0.15812751446064793,0.16114408230423577,0.1416015625,0.007080078125,0.141845703125,0.00732421875,0.09954293072223663,0.06010550260543823,0.8838443015441321,507.7491440041189,0.21329760551452637,0.288076251745224,0.9932416202861459,0.9815367609808114,0.9949845117279295,520.966796875,0.12718915939331055,0.85205078125,0.22874955832958221
pali,pixelprose,final_quarter,False,2,0.2857142857142857,7,7,7,23,4.0,4096,0.001,False,1.5,1024,512,1200,0.15964843332767487,0.15812751446064793,0.16114408230423577,0.08349609375,0.0068359375,0.113037109375,0.036376953125,0.09954293072223663,0.06010550260543823,0.8838443015441321,507.7491440041189,0.21329760551452637,0.288076251745224,0.9932416202861459,0.9815367609808114,0.9949845117279295,520.966796875,0.12718915939331055,0.85205078125,0.22874955832958221
pali,pixelprose,final_quarter,False,2,0.2857142857142857,7,7,7,23,4.0,4096,0.001,True,1.1,1024,512,1200,0.6338186264038086,0.6292320061344071,0.6386298129582428,0.9970703125,0.0,0.99853515625,0.00146484375,0.3838036358356476,0.2500150203704834,0.06655343013929342,4035.7256057433065,0.4102770686149597,0.3134637773036957,0.9919107603721176,0.7412528612757925,0.9927377807976977,1892.4140625,0.46201515197753906,0.0,0.31833216547966003
pali,pixelprose,final_quarter,False,2,0.2857142857142857,7,7,7,23,4.0,4096,0.001,True,1.25,1024,512,1200,0.6338186264038086,0.6292320061344071,0.6386298129582428,0.9169921875,0.0,0.95849609375,0.04150390625,0.3838036358356476,0.2500150203704834,0.06655343013929342,4035.7256057433065,0.4102770686149597,0.3134637773036957,0.9919107603721176,0.7412528612757925,0.9927377807976977,1892.4140625,0.46201515197753906,0.0,0.31833216547966003
pali,pixelprose,final_quarter,False,2,0.2857142857142857,7,7,7,23,4.0,4096,0.001,True,1.5,1024,512,1200,0.6338186264038086,0.6292320061344071,0.6386298129582428,0.13671875,0.0,0.568359375,0.431640625,0.3838036358356476,0.2500150203704834,0.06655343013929342,4035.7256057433065,0.4102770686149597,0.3134637773036957,0.9919107603721176,0.7412528612757925,0.9927377807976977,1892.4140625,0.46201515197753906,0.0,0.31833216547966003
pali,pixelprose,final_quarter,False,2,0.2857142857142857,7,7,7,37,2.0,4096,0.0003,False,1.1,1024,512,1200,0.15717217326164246,0.15563656465892564,0.15842008607432945,0.135498046875,0.00341796875,0.139404296875,0.00732421875,0.09795749187469482,0.05921468138694763,0.8879599876803453,491.3445715407314,0.21098165214061737,0.29982998967170715,0.9926056689489672,0.9809510142404025,0.9954325399705298,502.2578125,0.12262153625488281,0.857177734375,0.22521719336509705
pali,pixelprose,final_quarter,False,2,0.2857142857142857,7,7,7,37,2.0,4096,0.0003,False,1.25,1024,512,1200,0.15717217326164246,0.15563656465892564,0.15842008607432945,0.131103515625,0.003173828125,0.137451171875,0.009521484375,0.09795749187469482,0.05921468138694763,0.8879599876803453,491.3445715407314,0.21098165214061737,0.29982998967170715,0.9926056689489672,0.9809510142404025,0.9954325399705298,502.2578125,0.12262153625488281,0.857177734375,0.22521719336509705
pali,pixelprose,final_quarter,False,2,0.2857142857142857,7,7,7,37,2.0,4096,0.0003,False,1.5,1024,512,1200,0.15717217326164246,0.15563656465892564,0.15842008607432945,0.072998046875,0.003173828125,0.1083984375,0.03857421875,0.09795749187469482,0.05921468138694763,0.8879599876803453,491.3445715407314,0.21098165214061737,0.29982998967170715,0.9926056689489672,0.9809510142404025,0.9954325399705298,502.2578125,0.12262153625488281,0.857177734375,0.22521719336509705
pali,pixelprose,final_quarter,False,2,0.2857142857142857,7,7,7,37,2.0,4096,0.0003,True,1.1,1024,512,1200,0.6386861801147461,0.6334759017845499,0.6438863568706438,0.9970703125,0.0,0.99853515625,0.00146484375,0.38535720109939575,0.25332897901535034,0.07046179071106128,4026.4248727602903,0.35384485125541687,0.3284718990325928,0.9992584191488045,0.7432808593967672,0.99242350446149,1893.189453125,0.4622044563293457,0.0,0.3234297037124634
pali,pixelprose,final_quarter,False,2,0.2857142857142857,7,7,7,37,2.0,4096,0.0003,True,1.25,1024,512,1200,0.6386861801147461,0.6334759017845499,0.6438863568706438,0.9052734375,0.0,0.95263671875,0.04736328125,0.38535720109939575,0.25332897901535034,0.07046179071106128,4026.4248727602903,0.35384485125541687,0.3284718990325928,0.9992584191488045,0.7432808593967672,0.99242350446149,1893.189453125,0.4622044563293457,0.0,0.3234297037124634
pali,pixelprose,final_quarter,False,2,0.2857142857142857,7,7,7,37,2.0,4096,0.0003,True,1.5,1024,512,1200,0.6386861801147461,0.6334759017845499,0.6438863568706438,0.07568359375,0.0,0.537841796875,0.462158203125,0.38535720109939575,0.25332897901535034,0.07046179071106128,4026.4248727602903,0.35384485125541687,0.3284718990325928,0.9992584191488045,0.7432808593967672,0.99242350446149,1893.189453125,0.4622044563293457,0.0,0.3234297037124634
pali,pixelprose,final_quarter,False,2,0.2857142857142857,7,7,7,37,2.0,4096,0.001,False,1.1,1024,512,1200,0.15663622319698334,0.1551156271201762,0.15790479416464223,0.13671875,0.003662109375,0.1396484375,0.006591796875,0.09760211408138275,0.059034112840890884,0.8880274102480756,490.4259828243344,0.2077207714319229,0.2905554175376892,0.9930502939575232,0.9813748725794231,0.995147364030094,501.849609375,0.12252187728881836,0.857177734375,0.22393447160720825
pali,pixelprose,final_quarter,False,2,0.2857142857142857,7,7,7,37,2.0,4096,0.001,False,1.25,1024,512,1200,0.15663622319698334,0.1551156271201762,0.15790479416464223,0.13037109375,0.003173828125,0.136962890625,0.009765625,0.09760211408138275,0.059034112840890884,0.8880274102480756,490.4259828243344,0.2077207714319229,0.2905554175376892,0.9930502939575232,0.9813748725794231,0.995147364030094,501.849609375,0.12252187728881836,0.857177734375,0.22393447160720825
pali,pixelprose,final_quarter,False,2,0.2857142857142857,7,7,7,37,2.0,4096,0.001,False,1.5,1024,512,1200,0.15663622319698334,0.1551156271201762,0.15790479416464223,0.07421875,0.003173828125,0.10888671875,0.037841796875,0.09760211408138275,0.059034112840890884,0.8880274102480756,490.4259828243344,0.2077207714319229,0.2905554175376892,0.9930502939575232,0.9813748725794231,0.995147364030094,501.849609375,0.12252187728881836,0.857177734375,0.22393447160720825
pali,pixelprose,final_quarter,False,2,0.2857142857142857,7,7,7,37,2.0,4096,0.001,True,1.1,1024,512,1200,0.7655065655708313,0.7556122395966668,0.7758840413138387,0.9931640625,0.0,0.99658203125,0.00341796875,0.4597207307815552,0.3057858347892761,0.10343527873138954,3949.3341100476846,0.29441961646080017,0.32314571738243103,0.9999560787447357,0.7089116375950721,0.9935498926509314,1883.44921875,0.4598264694213867,0.0,0.3950836956501007
pali,pixelprose,final_quarter,False,2,0.2857142857142857,7,7,7,37,2.0,4096,0.001,True,1.25,1024,512,1200,0.7655065655708313,0.7556122395966668,0.7758840413138387,0.8984375,0.0,0.94921875,0.05078125,0.4597207307815552,0.3057858347892761,0.10343527873138954,3949.3341100476846,0.29441961646080017,0.32314571738243103,0.9999560787447357,0.7089116375950721,0.9935498926509314,1883.44921875,0.4598264694213867,0.0,0.3950836956501007
pali,pixelprose,final_quarter,False,2,0.2857142857142857,7,7,7,37,2.0,4096,0.001,True,1.5,1024,512,1200,0.7655065655708313,0.7556122395966668,0.7758840413138387,-0.0263671875,0.0,0.48681640625,0.51318359375,0.4597207307815552,0.3057858347892761,0.10343527873138954,3949.3341100476846,0.29441961646080017,0.32314571738243103,0.9999560787447357,0.7089116375950721,0.9935498926509314,1883.44921875,0.4598264694213867,0.0,0.3950836956501007
pali,pixelprose,final_quarter,False,2,0.2857142857142857,7,7,7,37,4.0,4096,0.0003,False,1.1,1024,512,1200,0.15717217326164246,0.15563656465892564,0.15842008607432945,0.135498046875,0.00341796875,0.139404296875,0.00732421875,0.09795749187469482,0.05921468138694763,0.8879599876803453,491.3445715407314,0.21098165214061737,0.29982998967170715,0.9926056689489672,0.9809510142404025,0.9954325399705298,502.2578125,0.12262153625488281,0.857177734375,0.22521719336509705
pali,pixelprose,final_quarter,False,2,0.2857142857142857,7,7,7,37,4.0,4096,0.0003,False,1.25,1024,512,1200,0.15717217326164246,0.15563656465892564,0.15842008607432945,0.131103515625,0.003173828125,0.137451171875,0.009521484375,0.09795749187469482,0.05921468138694763,0.8879599876803453,491.3445715407314,0.21098165214061737,0.29982998967170715,0.9926056689489672,0.9809510142404025,0.9954325399705298,502.2578125,0.12262153625488281,0.857177734375,0.22521719336509705
pali,pixelprose,final_quarter,False,2,0.2857142857142857,7,7,7,37,4.0,4096,0.0003,False,1.5,1024,512,1200,0.15717217326164246,0.15563656465892564,0.15842008607432945,0.072998046875,0.003173828125,0.1083984375,0.03857421875,0.09795749187469482,0.05921468138694763,0.8879599876803453,491.3445715407314,0.21098165214061737,0.29982998967170715,0.9926056689489672,0.9809510142404025,0.9954325399705298,502.2578125,0.12262153625488281,0.857177734375,0.22521719336509705
pali,pixelprose,final_quarter,False,2,0.2857142857142857,7,7,7,37,4.0,4096,0.0003,True,1.1,1024,512,1200,0.6386861801147461,0.6334759017845499,0.6438863568706438,0.9970703125,0.0,0.99853515625,0.00146484375,0.38535720109939575,0.25332897901535034,0.07046179071106128,4026.4248727602903,0.35384485125541687,0.3284718990325928,0.9992584191488045,0.7432808593967672,0.99242350446149,1893.189453125,0.4622044563293457,0.0,0.3234297037124634
pali,pixelprose,final_quarter,False,2,0.2857142857142857,7,7,7,37,4.0,4096,0.0003,True,1.25,1024,512,1200,0.6386861801147461,0.6334759017845499,0.6438863568706438,0.9052734375,0.0,0.95263671875,0.04736328125,0.38535720109939575,0.25332897901535034,0.07046179071106128,4026.4248727602903,0.35384485125541687,0.3284718990325928,0.9992584191488045,0.7432808593967672,0.99242350446149,1893.189453125,0.4622044563293457,0.0,0.3234297037124634
pali,pixelprose,final_quarter,False,2,0.2857142857142857,7,7,7,37,4.0,4096,0.0003,True,1.5,1024,512,1200,0.6386861801147461,0.6334759017845499,0.6438863568706438,0.07568359375,0.0,0.537841796875,0.462158203125,0.38535720109939575,0.25332897901535034,0.07046179071106128,4026.4248727602903,0.35384485125541687,0.3284718990325928,0.9992584191488045,0.7432808593967672,0.99242350446149,1893.189453125,0.4622044563293457,0.0,0.3234297037124634
pali,pixelprose,final_quarter,False,2,0.2857142857142857,7,7,7,37,4.0,4096,0.001,False,1.1,1024,512,1200,0.15663622319698334,0.1551156271201762,0.15790479416464223,0.13671875,0.003662109375,0.1396484375,0.006591796875,0.09760211408138275,0.059034112840890884,0.8880274102480756,490.4259828243344,0.2077207714319229,0.2905554175376892,0.9930502939575232,0.9813748725794231,0.995147364030094,501.849609375,0.12252187728881836,0.857177734375,0.22393447160720825
pali,pixelprose,final_quarter,False,2,0.2857142857142857,7,7,7,37,4.0,4096,0.001,False,1.25,1024,512,1200,0.15663622319698334,0.1551156271201762,0.15790479416464223,0.13037109375,0.003173828125,0.136962890625,0.009765625,0.09760211408138275,0.059034112840890884,0.8880274102480756,490.4259828243344,0.2077207714319229,0.2905554175376892,0.9930502939575232,0.9813748725794231,0.995147364030094,501.849609375,0.12252187728881836,0.857177734375,0.22393447160720825
pali,pixelprose,final_quarter,False,2,0.2857142857142857,7,7,7,37,4.0,4096,0.001,False,1.5,1024,512,1200,0.15663622319698334,0.1551156271201762,0.15790479416464223,0.07421875,0.003173828125,0.10888671875,0.037841796875,0.09760211408138275,0.059034112840890884,0.8880274102480756,490.4259828243344,0.2077207714319229,0.2905554175376892,0.9930502939575232,0.9813748725794231,0.995147364030094,501.849609375,0.12252187728881836,0.857177734375,0.22393447160720825
pali,pixelprose,final_quarter,False,2,0.2857142857142857,7,7,7,37,4.0,4096,0.001,True,1.1,1024,512,1200,0.7655065655708313,0.7556122395966668,0.7758840413138387,0.9931640625,0.0,0.99658203125,0.00341796875,0.4597207307815552,0.3057858347892761,0.10343527873138954,3949.3341100476846,0.29441961646080017,0.32314571738243103,0.9999560787447357,0.7089116375950721,0.9935498926509314,1883.44921875,0.4598264694213867,0.0,0.3950836956501007
pali,pixelprose,final_quarter,False,2,0.2857142857142857,7,7,7,37,4.0,4096,0.001,True,1.25,1024,512,1200,0.7655065655708313,0.7556122395966668,0.7758840413138387,0.8984375,0.0,0.94921875,0.05078125,0.4597207307815552,0.3057858347892761,0.10343527873138954,3949.3341100476846,0.29441961646080017,0.32314571738243103,0.9999560787447357,0.7089116375950721,0.9935498926509314,1883.44921875,0.4598264694213867,0.0,0.3950836956501007
pali,pixelprose,final_quarter,False,2,0.2857142857142857,7,7,7,37,4.0,4096,0.001,True,1.5,1024,512,1200,0.7655065655708313,0.7556122395966668,0.7758840413138387,-0.0263671875,0.0,0.48681640625,0.51318359375,0.4597207307815552,0.3057858347892761,0.10343527873138954,3949.3341100476846,0.29441961646080017,0.32314571738243103,0.9999560787447357,0.7089116375950721,0.9935498926509314,1883.44921875,0.4598264694213867,0.0,0.3950836956501007
pali,pixelprose,final_quarter,False,3,0.42857142857142855,11,11,11,11,2.0,4096,0.0003,False,1.1,1024,512,1200,0.2651240825653076,0.262267411279754,0.268259934753587,0.166748046875,0.00732421875,0.163818359375,0.00439453125,0.15662968158721924,0.10849440097808838,0.8808254307043518,494.86224582740556,0.35582640767097473,0.41673168540000916,0.9944512237074827,0.9874079318391779,0.9936165611690282,582.94921875,0.14232158660888672,0.836669921875,0.39745238423347473
pali,pixelprose,final_quarter,False,3,0.42857142857142855,11,11,11,11,2.0,4096,0.0003,False,1.25,1024,512,1200,0.2651240825653076,0.262267411279754,0.268259934753587,0.122802734375,0.0068359375,0.142333984375,0.0263671875,0.15662968158721924,0.10849440097808838,0.8808254307043518,494.86224582740556,0.35582640767097473,0.41673168540000916,0.9944512237074827,0.9874079318391779,0.9936165611690282,582.94921875,0.14232158660888672,0.836669921875,0.39745238423347473
pali,pixelprose,final_quarter,False,3,0.42857142857142855,11,11,11,11,2.0,4096,0.0003,False,1.5,1024,512,1200,0.2651240825653076,0.262267411279754,0.268259934753587,-0.010498046875,0.00634765625,0.076171875,0.093017578125,0.15662968158721924,0.10849440097808838,0.8808254307043518,494.86224582740556,0.35582640767097473,0.41673168540000916,0.9944512237074827,0.9874079318391779,0.9936165611690282,582.94921875,0.14232158660888672,0.836669921875,0.39745238423347473
pali,pixelprose,final_quarter,False,3,0.42857142857142855,11,11,11,11,2.0,4096,0.0003,True,1.1,1024,512,1200,0.678625762462616,0.673327156920277,0.6847359609062551,0.95703125,0.0,0.978515625,0.021484375,0.3949974775314331,0.28362828493118286,0.0818690675418124,3818.664432359879,0.43488970398902893,0.31990304589271545,0.9964708285209833,0.7602913057963496,0.9941949255332256,1952.294921875,0.47663450241088867,0.0,0.31388598680496216
pali,pixelprose,final_quarter,False,3,0.42857142857142855,11,11,11,11,2.0,4096,0.0003,True,1.25,1024,512,1200,0.678625762462616,0.673327156920277,0.6847359609062551,0.59814453125,0.0,0.799072265625,0.200927734375,0.3949974775314331,0.28362828493118286,0.0818690675418124,3818.664432359879,0.43488970398902893,0.31990304589271545,0.9964708285209833,0.7602913057963496,0.9941949255332256,1952.294921875,0.47663450241088867,0.0,0.31388598680496216
pali,pixelprose,final_quarter,False,3,0.42857142857142855,11,11,11,11,2.0,4096,0.0003,True,1.5,1024,512,1200,0.678625762462616,0.673327156920277,0.6847359609062551,-0.43408203125,0.0,0.282958984375,0.717041015625,0.3949974775314331,0.28362828493118286,0.0818690675418124,3818.664432359879,0.43488970398902893,0.31990304589271545,0.9964708285209833,0.7602913057963496,0.9941949255332256,1952.294921875,0.47663450241088867,0.0,0.31388598680496216
pali,pixelprose,final_quarter,False,3,0.42857142857142855,11,11,11,11,2.0,4096,0.001,False,1.1,1024,512,1200,0.26463615894317627,0.26176480627182175,0.2677490997441055,0.16552734375,0.007080078125,0.163330078125,0.0048828125,0.15616102516651154,0.10847514867782593,0.880882067739216,488.58209776980584,0.349475234746933,0.42034947872161865,0.9942708015661915,0.9872077628497571,0.9925186345983718,581.484375,0.14196395874023438,0.836669921875,0.38730883598327637
pali,pixelprose,final_quarter,False,3,0.42857142857142855,11,11,11,11,2.0,4096,0.001,False,1.25,1024,512,1200,0.26463615894317627,0.26176480627182175,0.2677490997441055,0.12060546875,0.006591796875,0.141357421875,0.02734375,0.15616102516651154,0.10847514867782593,0.880882067739216,488.58209776980584,0.349475234746933,0.42034947872161865,0.9942708015661915,0.9872077628497571,0.9925186345983718,581.484375,0.14196395874023438,0.836669921875,0.38730883598327637
pali,pixelprose,final_quarter,False,3,0.42857142857142855,11,11,11,11,2.0,4096,0.001,False,1.5,1024,512,1200,0.26463615894317627,0.26176480627182175,0.2677490997441055,-0.013671875,0.006103515625,0.07470703125,0.094482421875,0.15616102516651154,0.10847514867782593,0.880882067739216,488.58209776980584,0.349475234746933,0.42034947872161865,0.9942708015661915,0.9872077628497571,0.9925186345983718,581.484375,0.14196395874023438,0.836669921875,0.38730883598327637
pali,pixelprose,final_quarter,False,3,0.42857142857142855,11,11,11,11,2.0,4096,0.001,True,1.1,1024,512,1200,0.6638034582138062,0.6585557707570843,0.6697456822308595,0.955078125,0.0,0.9775390625,0.0224609375,0.38594967126846313,0.27785372734069824,0.08486517037331245,3743.099438830215,0.427425742149353,0.31260183453559875,0.9966880736118312,0.7609335370503152,0.9950327093130545,1938.998046875,0.4733881950378418,0.0,0.30656611919403076
pali,pixelprose,final_quarter,False,3,0.42857142857142855,11,11,11,11,2.0,4096,0.001,True,1.25,1024,512,1200,0.6638034582138062,0.6585557707570843,0.6697456822308595,0.5869140625,0.0,0.79345703125,0.20654296875,0.38594967126846313,0.27785372734069824,0.08486517037331245,3743.099438830215,0.427425742149353,0.31260183453559875,0.9966880736118312,0.7609335370503152,0.9950327093130545,1938.998046875,0.4733881950378418,0.0,0.30656611919403076
pali,pixelprose,final_quarter,False,3,0.42857142857142855,11,11,11,11,2.0,4096,0.001,True,1.5,1024,512,1200,0.6638034582138062,0.6585557707570843,0.6697456822308595,-0.46533203125,0.0,0.267333984375,0.732666015625,0.38594967126846313,0.27785372734069824,0.08486517037331245,3743.099438830215,0.427425742149353,0.31260183453559875,0.9966880736118312,0.7609335370503152,0.9950327093130545,1938.998046875,0.4733881950378418,0.0,0.30656611919403076
pali,pixelprose,final_quarter,False,3,0.42857142857142855,11,11,11,11,4.0,4096,0.0003,False,1.1,1024,512,1200,0.2651240825653076,0.262267411279754,0.268259934753587,0.166748046875,0.00732421875,0.163818359375,0.00439453125,0.15662968158721924,0.10849440097808838,0.8808254307043518,494.86224582740556,0.35582640767097473,0.41673168540000916,0.9944512237074827,0.9874079318391779,0.9936165611690282,582.94921875,0.14232158660888672,0.836669921875,0.39745238423347473
pali,pixelprose,final_quarter,False,3,0.42857142857142855,11,11,11,11,4.0,4096,0.0003,False,1.25,1024,512,1200,0.2651240825653076,0.262267411279754,0.268259934753587,0.122802734375,0.0068359375,0.142333984375,0.0263671875,0.15662968158721924,0.10849440097808838,0.8808254307043518,494.86224582740556,0.35582640767097473,0.41673168540000916,0.9944512237074827,0.9874079318391779,0.9936165611690282,582.94921875,0.14232158660888672,0.836669921875,0.39745238423347473
pali,pixelprose,final_quarter,False,3,0.42857142857142855,11,11,11,11,4.0,4096,0.0003,False,1.5,1024,512,1200,0.2651240825653076,0.262267411279754,0.268259934753587,-0.010498046875,0.00634765625,0.076171875,0.093017578125,0.15662968158721924,0.10849440097808838,0.8808254307043518,494.86224582740556,0.35582640767097473,0.41673168540000916,0.9944512237074827,0.9874079318391779,0.9936165611690282,582.94921875,0.14232158660888672,0.836669921875,0.39745238423347473
pali,pixelprose,final_quarter,False,3,0.42857142857142855,11,11,11,11,4.0,4096,0.0003,True,1.1,1024,512,1200,0.678625762462616,0.673327156920277,0.6847359609062551,0.95703125,0.0,0.978515625,0.021484375,0.3949974775314331,0.28362828493118286,0.0818690675418124,3818.664432359879,0.43488970398902893,0.31990304589271545,0.9964708285209833,0.7602913057963496,0.9941949255332256,1952.294921875,0.47663450241088867,0.0,0.31388598680496216
pali,pixelprose,final_quarter,False,3,0.42857142857142855,11,11,11,11,4.0,4096,0.0003,True,1.25,1024,512,1200,0.678625762462616,0.673327156920277,0.6847359609062551,0.59814453125,0.0,0.799072265625,0.200927734375,0.3949974775314331,0.28362828493118286,0.0818690675418124,3818.664432359879,0.43488970398902893,0.31990304589271545,0.9964708285209833,0.7602913057963496,0.9941949255332256,1952.294921875,0.47663450241088867,0.0,0.31388598680496216
pali,pixelprose,final_quarter,False,3,0.42857142857142855,11,11,11,11,4.0,4096,0.0003,True,1.5,1024,512,1200,0.678625762462616,0.673327156920277,0.6847359609062551,-0.43408203125,0.0,0.282958984375,0.717041015625,0.3949974775314331,0.28362828493118286,0.0818690675418124,3818.664432359879,0.43488970398902893,0.31990304589271545,0.9964708285209833,0.7602913057963496,0.9941949255332256,1952.294921875,0.47663450241088867,0.0,0.31388598680496216
pali,pixelprose,final_quarter,False,3,0.42857142857142855,11,11,11,11,4.0,4096,0.001,False,1.1,1024,512,1200,0.26463615894317627,0.26176480627182175,0.2677490997441055,0.16552734375,0.007080078125,0.163330078125,0.0048828125,0.15616102516651154,0.10847514867782593,0.880882067739216,488.58209776980584,0.349475234746933,0.42034947872161865,0.9942708015661915,0.9872077628497571,0.9925186345983718,581.484375,0.14196395874023438,0.836669921875,0.38730883598327637
pali,pixelprose,final_quarter,False,3,0.42857142857142855,11,11,11,11,4.0,4096,0.001,False,1.25,1024,512,1200,0.26463615894317627,0.26176480627182175,0.2677490997441055,0.12060546875,0.006591796875,0.141357421875,0.02734375,0.15616102516651154,0.10847514867782593,0.880882067739216,488.58209776980584,0.349475234746933,0.42034947872161865,0.9942708015661915,0.9872077628497571,0.9925186345983718,581.484375,0.14196395874023438,0.836669921875,0.38730883598327637
pali,pixelprose,final_quarter,False,3,0.42857142857142855,11,11,11,11,4.0,4096,0.001,False,1.5,1024,512,1200,0.26463615894317627,0.26176480627182175,0.2677490997441055,-0.013671875,0.006103515625,0.07470703125,0.094482421875,0.15616102516651154,0.10847514867782593,0.880882067739216,488.58209776980584,0.349475234746933,0.42034947872161865,0.9942708015661915,0.9872077628497571,0.9925186345983718,581.484375,0.14196395874023438,0.836669921875,0.38730883598327637
pali,pixelprose,final_quarter,False,3,0.42857142857142855,11,11,11,11,4.0,4096,0.001,True,1.1,1024,512,1200,0.6638034582138062,0.6585557707570843,0.6697456822308595,0.955078125,0.0,0.9775390625,0.0224609375,0.38594967126846313,0.27785372734069824,0.08486517037331245,3743.099438830215,0.427425742149353,0.31260183453559875,0.9966880736118312,0.7609335370503152,0.9950327093130545,1938.998046875,0.4733881950378418,0.0,0.30656611919403076
pali,pixelprose,final_quarter,False,3,0.42857142857142855,11,11,11,11,4.0,4096,0.001,True,1.25,1024,512,1200,0.6638034582138062,0.6585557707570843,0.6697456822308595,0.5869140625,0.0,0.79345703125,0.20654296875,0.38594967126846313,0.27785372734069824,0.08486517037331245,3743.099438830215,0.427425742149353,0.31260183453559875,0.9966880736118312,0.7609335370503152,0.9950327093130545,1938.998046875,0.4733881950378418,0.0,0.30656611919403076
pali,pixelprose,final_quarter,False,3,0.42857142857142855,11,11,11,11,4.0,4096,0.001,True,1.5,1024,512,1200,0.6638034582138062,0.6585557707570843,0.6697456822308595,-0.46533203125,0.0,0.267333984375,0.732666015625,0.38594967126846313,0.27785372734069824,0.08486517037331245,3743.099438830215,0.427425742149353,0.31260183453559875,0.9966880736118312,0.7609335370503152,0.9950327093130545,1938.998046875,0.4733881950378418,0.0,0.30656611919403076
pali,pixelprose,final_quarter,False,3,0.42857142857142855,11,11,11,23,2.0,4096,0.0003,False,1.1,1024,512,1200,0.2721942067146301,0.26942175406002206,0.2753567400948668,0.17236328125,0.006591796875,0.172607421875,0.0068359375,0.16094335913658142,0.1112508624792099,0.8749071725715442,494.56753027912646,0.37900763750076294,0.42520493268966675,0.9946848489231279,0.9875184391445476,0.9933400344683603,602.34765625,0.14705753326416016,0.82958984375,0.40176376700401306
pali,pixelprose,final_quarter,False,3,0.42857142857142855,11,11,11,23,2.0,4096,0.0003,False,1.25,1024,512,1200,0.2721942067146301,0.26942175406002206,0.2753567400948668,0.13037109375,0.006103515625,0.152099609375,0.02783203125,0.16094335913658142,0.1112508624792099,0.8749071725715442,494.56753027912646,0.37900763750076294,0.42520493268966675,0.9946848489231279,0.9875184391445476,0.9933400344683603,602.34765625,0.14705753326416016,0.82958984375,0.40176376700401306
pali,pixelprose,final_quarter,False,3,0.42857142857142855,11,11,11,23,2.0,4096,0.0003,False,1.5,1024,512,1200,0.2721942067146301,0.26942175406002206,0.2753567400948668,-0.0029296875,0.005859375,0.085693359375,0.094482421875,0.16094335913658142,0.1112508624792099,0.8749071725715442,494.56753027912646,0.37900763750076294,0.42520493268966675,0.9946848489231279,0.9875184391445476,0.9933400344683603,602.34765625,0.14705753326416016,0.82958984375,0.40176376700401306
pali,pixelprose,final_quarter,False,3,0.42857142857142855,11,11,11,23,2.0,4096,0.0003,True,1.1,1024,512,1200,0.6771214604377747,0.6719599572155858,0.6827080531555112,0.94873046875,0.0,0.974365234375,0.025634765625,0.39356911182403564,0.283552348613739,0.08184785144815919,3846.551138611403,0.4349536895751953,0.3173539936542511,0.9951267469908794,0.758738178999,0.9949070335737066,1952.099609375,0.47658681869506836,0.0,0.3127842843532562
pali,pixelprose,final_quarter,False,3,0.42857142857142855,11,11,11,23,2.0,4096,0.0003,True,1.25,1024,512,1200,0.6771214604377747,0.6719599572155858,0.6827080531555112,0.5869140625,0.0,0.79345703125,0.20654296875,0.39356911182403564,0.283552348613739,0.08184785144815919,3846.551138611403,0.4349536895751953,0.3173539936542511,0.9951267469908794,0.758738178999,0.9949070335737066,1952.099609375,0.47658681869506836,0.0,0.3127842843532562
pali,pixelprose,final_quarter,False,3,0.42857142857142855,11,11,11,23,2.0,4096,0.0003,True,1.5,1024,512,1200,0.6771214604377747,0.6719599572155858,0.6827080531555112,-0.45703125,0.0,0.271484375,0.728515625,0.39356911182403564,0.283552348613739,0.08184785144815919,3846.551138611403,0.4349536895751953,0.3173539936542511,0.9951267469908794,0.758738178999,0.9949070335737066,1952.099609375,0.47658681869506836,0.0,0.3127842843532562
pali,pixelprose,final_quarter,False,3,0.42857142857142855,11,11,11,23,2.0,4096,0.001,False,1.1,1024,512,1200,0.270668625831604,0.2679435135658423,0.27373901483078955,0.172607421875,0.006591796875,0.1728515625,0.0068359375,0.15998369455337524,0.11068494617938995,0.8743421145178796,483.3657814272384,0.3722871243953705,0.42377597093582153,0.9947507744481335,0.9875681983191436,0.9930184120515722,601.359375,0.14681625366210938,0.829345703125,0.390029639005661
pali,pixelprose,final_quarter,False,3,0.42857142857142855,11,11,11,23,2.0,4096,0.001,False,1.25,1024,512,1200,0.270668625831604,0.2679435135658423,0.27373901483078955,0.131103515625,0.006103515625,0.152587890625,0.027587890625,0.15998369455337524,0.11068494617938995,0.8743421145178796,483.3657814272384,0.3722871243953705,0.42377597093582153,0.9947507744481335,0.9875681983191436,0.9930184120515722,601.359375,0.14681625366210938,0.829345703125,0.390029639005661
pali,pixelprose,final_quarter,False,3,0.42857142857142855,11,11,11,23,2.0,4096,0.001,False,1.5,1024,512,1200,0.270668625831604,0.2679435135658423,0.27373901483078955,-0.003662109375,0.005859375,0.08544921875,0.094970703125,0.15998369455337524,0.11068494617938995,0.8743421145178796,483.3657814272384,0.3722871243953705,0.42377597093582153,0.9947507744481335,0.9875681983191436,0.9930184120515722,601.359375,0.14681625366210938,0.829345703125,0.390029639005661
pali,pixelprose,final_quarter,False,3,0.42857142857142855,11,11,11,23,2.0,4096,0.001,True,1.1,1024,512,1200,0.6692599654197693,0.6642704756435706,0.6747930281300796,0.95654296875,0.0,0.978271484375,0.021728515625,0.38902491331100464,0.28023505210876465,0.08035721759294992,3870.268213577278,0.4339198172092438,0.31030407547950745,0.9963925723621841,0.759886451536907,0.9987304585461758,1949.787109375,0.47602224349975586,0.0,0.3095850944519043
pali,pixelprose,final_quarter,False,3,0.42857142857142855,11,11,11,23,2.0,4096,0.001,True,1.25,1024,512,1200,0.6692599654197693,0.6642704756435706,0.6747930281300796,0.5810546875,0.0,0.79052734375,0.20947265625,0.38902491331100464,0.28023505210876465,0.08035721759294992,3870.268213577278,0.4339198172092438,0.31030407547950745,0.9963925723621841,0.759886451536907,0.9987304585461758,1949.787109375,0.47602224349975586,0.0,0.3095850944519043
pali,pixelprose,final_quarter,False,3,0.42857142857142855,11,11,11,23,2.0,4096,0.001,True,1.5,1024,512,1200,0.6692599654197693,0.6642704756435706,0.6747930281300796,-0.44775390625,0.0,0.276123046875,0.723876953125,0.38902491331100464,0.28023505210876465,0.08035721759294992,3870.268213577278,0.4339198172092438,0.31030407547950745,0.9963925723621841,0.759886451536907,0.9987304585461758,1949.787109375,0.47602224349975586,0.0,0.3095850944519043
pali,pixelprose,final_quarter,False,3,0.42857142857142855,11,11,11,23,4.0,4096,0.0003,False,1.1,1024,512,1200,0.2721942067146301,0.26942175406002206,0.2753567400948668,0.17236328125,0.006591796875,0.172607421875,0.0068359375,0.16094335913658142,0.1112508624792099,0.8749071725715442,494.56753027912646,0.37900763750076294,0.42520493268966675,0.9946848489231279,0.9875184391445476,0.9933400344683603,602.34765625,0.14705753326416016,0.82958984375,0.40176376700401306
pali,pixelprose,final_quarter,False,3,0.42857142857142855,11,11,11,23,4.0,4096,0.0003,False,1.25,1024,512,1200,0.2721942067146301,0.26942175406002206,0.2753567400948668,0.13037109375,0.006103515625,0.152099609375,0.02783203125,0.16094335913658142,0.1112508624792099,0.8749071725715442,494.56753027912646,0.37900763750076294,0.42520493268966675,0.9946848489231279,0.9875184391445476,0.9933400344683603,602.34765625,0.14705753326416016,0.82958984375,0.40176376700401306
pali,pixelprose,final_quarter,False,3,0.42857142857142855,11,11,11,23,4.0,4096,0.0003,False,1.5,1024,512,1200,0.2721942067146301,0.26942175406002206,0.2753567400948668,-0.0029296875,0.005859375,0.085693359375,0.094482421875,0.16094335913658142,0.1112508624792099,0.8749071725715442,494.56753027912646,0.37900763750076294,0.42520493268966675,0.9946848489231279,0.9875184391445476,0.9933400344683603,602.34765625,0.14705753326416016,0.82958984375,0.40176376700401306
pali,pixelprose,final_quarter,False,3,0.42857142857142855,11,11,11,23,4.0,4096,0.0003,True,1.1,1024,512,1200,0.6771214604377747,0.6719599572155858,0.6827080531555112,0.94873046875,0.0,0.974365234375,0.025634765625,0.39356911182403564,0.283552348613739,0.08184785144815919,3846.551138611403,0.4349536895751953,0.3173539936542511,0.9951267469908794,0.758738178999,0.9949070335737066,1952.099609375,0.47658681869506836,0.0,0.3127842843532562
pali,pixelprose,final_quarter,False,3,0.42857142857142855,11,11,11,23,4.0,4096,0.0003,True,1.25,1024,512,1200,0.6771214604377747,0.6719599572155858,0.6827080531555112,0.5869140625,0.0,0.79345703125,0.20654296875,0.39356911182403564,0.283552348613739,0.08184785144815919,3846.551138611403,0.4349536895751953,0.3173539936542511,0.9951267469908794,0.758738178999,0.9949070335737066,1952.099609375,0.47658681869506836,0.0,0.3127842843532562
pali,pixelprose,final_quarter,False,3,0.42857142857142855,11,11,11,23,4.0,4096,0.0003,True,1.5,1024,512,1200,0.6771214604377747,0.6719599572155858,0.6827080531555112,-0.45703125,0.0,0.271484375,0.728515625,0.39356911182403564,0.283552348613739,0.08184785144815919,3846.551138611403,0.4349536895751953,0.3173539936542511,0.9951267469908794,0.758738178999,0.9949070335737066,1952.099609375,0.47658681869506836,0.0,0.3127842843532562
pali,pixelprose,final_quarter,False,3,0.42857142857142855,11,11,11,23,4.0,4096,0.001,False,1.1,1024,512,1200,0.270668625831604,0.2679435135658423,0.27373901483078955,0.172607421875,0.006591796875,0.1728515625,0.0068359375,0.15998369455337524,0.11068494617938995,0.8743421145178796,483.3657814272384,0.3722871243953705,0.42377597093582153,0.9947507744481335,0.9875681983191436,0.9930184120515722,601.359375,0.14681625366210938,0.829345703125,0.390029639005661
pali,pixelprose,final_quarter,False,3,0.42857142857142855,11,11,11,23,4.0,4096,0.001,False,1.25,1024,512,1200,0.270668625831604,0.2679435135658423,0.27373901483078955,0.131103515625,0.006103515625,0.152587890625,0.027587890625,0.15998369455337524,0.11068494617938995,0.8743421145178796,483.3657814272384,0.3722871243953705,0.42377597093582153,0.9947507744481335,0.9875681983191436,0.9930184120515722,601.359375,0.14681625366210938,0.829345703125,0.390029639005661
pali,pixelprose,final_quarter,False,3,0.42857142857142855,11,11,11,23,4.0,4096,0.001,False,1.5,1024,512,1200,0.270668625831604,0.2679435135658423,0.27373901483078955,-0.003662109375,0.005859375,0.08544921875,0.094970703125,0.15998369455337524,0.11068494617938995,0.8743421145178796,483.3657814272384,0.3722871243953705,0.42377597093582153,0.9947507744481335,0.9875681983191436,0.9930184120515722,601.359375,0.14681625366210938,0.829345703125,0.390029639005661
pali,pixelprose,final_quarter,False,3,0.42857142857142855,11,11,11,23,4.0,4096,0.001,True,1.1,1024,512,1200,0.6692599654197693,0.6642704756435706,0.6747930281300796,0.95654296875,0.0,0.978271484375,0.021728515625,0.38902491331100464,0.28023505210876465,0.08035721759294992,3870.268213577278,0.4339198172092438,0.31030407547950745,0.9963925723621841,0.759886451536907,0.9987304585461758,1949.787109375,0.47602224349975586,0.0,0.3095850944519043
pali,pixelprose,final_quarter,False,3,0.42857142857142855,11,11,11,23,4.0,4096,0.001,True,1.25,1024,512,1200,0.6692599654197693,0.6642704756435706,0.6747930281300796,0.5810546875,0.0,0.79052734375,0.20947265625,0.38902491331100464,0.28023505210876465,0.08035721759294992,3870.268213577278,0.4339198172092438,0.31030407547950745,0.9963925723621841,0.759886451536907,0.9987304585461758,1949.787109375,0.47602224349975586,0.0,0.3095850944519043
pali,pixelprose,final_quarter,False,3,0.42857142857142855,11,11,11,23,4.0,4096,0.001,True,1.5,1024,512,1200,0.6692599654197693,0.6642704756435706,0.6747930281300796,-0.44775390625,0.0,0.276123046875,0.723876953125,0.38902491331100464,0.28023505210876465,0.08035721759294992,3870.268213577278,0.4339198172092438,0.31030407547950745,0.9963925723621841,0.759886451536907,0.9987304585461758,1949.787109375,0.47602224349975586,0.0,0.3095850944519043
pali,pixelprose,final_quarter,False,3,0.42857142857142855,11,11,11,37,2.0,4096,0.0003,False,1.1,1024,512,1200,0.2642870247364044,0.26097183950842007,0.2673925576680631,0.164306640625,0.008056640625,0.1630859375,0.0068359375,0.15614129602909088,0.10814569890499115,0.8787249737016861,514.472595537225,0.3675837218761444,0.41035255789756775,0.9947073430339929,0.9875547985863528,0.9932993822011011,589.71484375,0.14397335052490234,0.833984375,0.3858281970024109
pali,pixelprose,final_quarter,False,3,0.42857142857142855,11,11,11,37,2.0,4096,0.0003,False,1.25,1024,512,1200,0.2642870247364044,0.26097183950842007,0.2673925576680631,0.124755859375,0.006591796875,0.144775390625,0.026611328125,0.15614129602909088,0.10814569890499115,0.8787249737016861,514.472595537225,0.3675837218761444,0.41035255789756775,0.9947073430339929,0.9875547985863528,0.9932993822011011,589.71484375,0.14397335052490234,0.833984375,0.3858281970024109
pali,pixelprose,final_quarter,False,3,0.42857142857142855,11,11,11,37,2.0,4096,0.0003,False,1.5,1024,512,1200,0.2642870247364044,0.26097183950842007,0.2673925576680631,-0.014892578125,0.006103515625,0.075439453125,0.096435546875,0.15614129602909088,0.10814569890499115,0.8787249737016861,514.472595537225,0.3675837218761444,0.41035255789756775,0.9947073430339929,0.9875547985863528,0.9932993822011011,589.71484375,0.14397335052490234,0.833984375,0.3858281970024109
pali,pixelprose,final_quarter,False,3,0.42857142857142855,11,11,11,37,2.0,4096,0.0003,True,1.1,1024,512,1200,0.6922958493232727,0.6863256772165187,0.6984569025225937,0.9541015625,0.0,0.97705078125,0.02294921875,0.40292468667030334,0.289371132850647,0.08425355252918448,3877.8877260960526,0.45622217655181885,0.32289618253707886,0.998160957799953,0.7601328825862301,0.9934367080760484,1956.638671875,0.4776949882507324,0.0,0.31849390268325806
pali,pixelprose,final_quarter,False,3,0.42857142857142855,11,11,11,37,2.0,4096,0.0003,True,1.25,1024,512,1200,0.6922958493232727,0.6863256772165187,0.6984569025225937,0.5986328125,0.0,0.79931640625,0.20068359375,0.40292468667030334,0.289371132850647,0.08425355252918448,3877.8877260960526,0.45622217655181885,0.32289618253707886,0.998160957799953,0.7601328825862301,0.9934367080760484,1956.638671875,0.4776949882507324,0.0,0.31849390268325806
pali,pixelprose,final_quarter,False,3,0.42857142857142855,11,11,11,37,2.0,4096,0.0003,True,1.5,1024,512,1200,0.6922958493232727,0.6863256772165187,0.6984569025225937,-0.42578125,0.0,0.287109375,0.712890625,0.40292468667030334,0.289371132850647,0.08425355252918448,3877.8877260960526,0.45622217655181885,0.32289618253707886,0.998160957799953,0.7601328825862301,0.9934367080760484,1956.638671875,0.4776949882507324,0.0,0.31849390268325806
pali,pixelprose,final_quarter,False,3,0.42857142857142855,11,11,11,37,2.0,4096,0.001,False,1.1,1024,512,1200,0.2635904550552368,0.2603421753672592,0.2666837317672616,0.164794921875,0.008056640625,0.163330078125,0.006591796875,0.15572981536388397,0.10786064714193344,0.8784565438396346,509.529282821316,0.3628828823566437,0.40546491742134094,0.9947560813016761,0.9876105632032841,0.9933353977376119,589.0546875,0.1438121795654297,0.834228515625,0.37875720858573914
pali,pixelprose,final_quarter,False,3,0.42857142857142855,11,11,11,37,2.0,4096,0.001,False,1.25,1024,512,1200,0.2635904550552368,0.2603421753672592,0.2666837317672616,0.126220703125,0.0068359375,0.145263671875,0.02587890625,0.15572981536388397,0.10786064714193344,0.8784565438396346,509.529282821316,0.3628828823566437,0.40546491742134094,0.9947560813016761,0.9876105632032841,0.9933353977376119,589.0546875,0.1438121795654297,0.834228515625,0.37875720858573914
pali,pixelprose,final_quarter,False,3,0.42857142857142855,11,11,11,37,2.0,4096,0.001,False,1.5,1024,512,1200,0.2635904550552368,0.2603421753672592,0.2666837317672616,-0.009521484375,0.00634765625,0.077880859375,0.09375,0.15572981536388397,0.10786064714193344,0.8784565438396346,509.529282821316,0.3628828823566437,0.40546491742134094,0.9947560813016761,0.9876105632032841,0.9933353977376119,589.0546875,0.1438121795654297,0.834228515625,0.37875720858573914
pali,pixelprose,final_quarter,False,3,0.42857142857142855,11,11,11,37,2.0,4096,0.001,True,1.1,1024,512,1200,0.6840775012969971,0.6781104631867493,0.6902843745803693,0.95751953125,0.0,0.978759765625,0.021240234375,0.3981667757034302,0.2859107255935669,0.08663838547488016,3839.3624290748326,0.452621191740036,0.31532880663871765,0.9965250210494867,0.7591109876675002,0.993022134039943,1951.43359375,0.4764242172241211,0.0,0.3143773078918457
pali,pixelprose,final_quarter,False,3,0.42857142857142855,11,11,11,37,2.0,4096,0.001,True,1.25,1024,512,1200,0.6840775012969971,0.6781104631867493,0.6902843745803693,0.599609375,0.0,0.7998046875,0.2001953125,0.3981667757034302,0.2859107255935669,0.08663838547488016,3839.3624290748326,0.452621191740036,0.31532880663871765,0.9965250210494867,0.7591109876675002,0.993022134039943,1951.43359375,0.4764242172241211,0.0,0.3143773078918457
pali,pixelprose,final_quarter,False,3,0.42857142857142855,11,11,11,37,2.0,4096,0.001,True,1.5,1024,512,1200,0.6840775012969971,0.6781104631867493,0.6902843745803693,-0.4267578125,0.0,0.28662109375,0.71337890625,0.3981667757034302,0.2859107255935669,0.08663838547488016,3839.3624290748326,0.452621191740036,0.31532880663871765,0.9965250210494867,0.7591109876675002,0.993022134039943,1951.43359375,0.4764242172241211,0.0,0.3143773078918457
pali,pixelprose,final_quarter,False,3,0.42857142857142855,11,11,11,37,4.0,4096,0.0003,False,1.1,1024,512,1200,0.2642870247364044,0.26097183950842007,0.2673925576680631,0.164306640625,0.008056640625,0.1630859375,0.0068359375,0.15614129602909088,0.10814569890499115,0.8787249737016861,514.472595537225,0.3675837218761444,0.41035255789756775,0.9947073430339929,0.9875547985863528,0.9932993822011011,589.71484375,0.14397335052490234,0.833984375,0.3858281970024109
pali,pixelprose,final_quarter,False,3,0.42857142857142855,11,11,11,37,4.0,4096,0.0003,False,1.25,1024,512,1200,0.2642870247364044,0.26097183950842007,0.2673925576680631,0.124755859375,0.006591796875,0.144775390625,0.026611328125,0.15614129602909088,0.10814569890499115,0.8787249737016861,514.472595537225,0.3675837218761444,0.41035255789756775,0.9947073430339929,0.9875547985863528,0.9932993822011011,589.71484375,0.14397335052490234,0.833984375,0.3858281970024109
pali,pixelprose,final_quarter,False,3,0.42857142857142855,11,11,11,37,4.0,4096,0.0003,False,1.5,1024,512,1200,0.2642870247364044,0.26097183950842007,0.2673925576680631,-0.014892578125,0.006103515625,0.075439453125,0.096435546875,0.15614129602909088,0.10814569890499115,0.8787249737016861,514.472595537225,0.3675837218761444,0.41035255789756775,0.9947073430339929,0.9875547985863528,0.9932993822011011,589.71484375,0.14397335052490234,0.833984375,0.3858281970024109
pali,pixelprose,final_quarter,False,3,0.42857142857142855,11,11,11,37,4.0,4096,0.0003,True,1.1,1024,512,1200,0.6922958493232727,0.6863256772165187,0.6984569025225937,0.9541015625,0.0,0.97705078125,0.02294921875,0.40292468667030334,0.289371132850647,0.08425355252918448,3877.8877260960526,0.45622217655181885,0.32289618253707886,0.998160957799953,0.7601328825862301,0.9934367080760484,1956.638671875,0.4776949882507324,0.0,0.31849390268325806
pali,pixelprose,final_quarter,False,3,0.42857142857142855,11,11,11,37,4.0,4096,0.0003,True,1.25,1024,512,1200,0.6922958493232727,0.6863256772165187,0.6984569025225937,0.5986328125,0.0,0.79931640625,0.20068359375,0.40292468667030334,0.289371132850647,0.08425355252918448,3877.8877260960526,0.45622217655181885,0.32289618253707886,0.998160957799953,0.7601328825862301,0.9934367080760484,1956.638671875,0.4776949882507324,0.0,0.31849390268325806
pali,pixelprose,final_quarter,False,3,0.42857142857142855,11,11,11,37,4.0,4096,0.0003,True,1.5,1024,512,1200,0.6922958493232727,0.6863256772165187,0.6984569025225937,-0.42578125,0.0,0.287109375,0.712890625,0.40292468667030334,0.289371132850647,0.08425355252918448,3877.8877260960526,0.45622217655181885,0.32289618253707886,0.998160957799953,0.7601328825862301,0.9934367080760484,1956.638671875,0.4776949882507324,0.0,0.31849390268325806
pali,pixelprose,final_quarter,False,3,0.42857142857142855,11,11,11,37,4.0,4096,0.001,False,1.1,1024,512,1200,0.2635904550552368,0.2603421753672592,0.2666837317672616,0.164794921875,0.008056640625,0.163330078125,0.006591796875,0.15572981536388397,0.10786064714193344,0.8784565438396346,509.529282821316,0.3628828823566437,0.40546491742134094,0.9947560813016761,0.9876105632032841,0.9933353977376119,589.0546875,0.1438121795654297,0.834228515625,0.37875720858573914
pali,pixelprose,final_quarter,False,3,0.42857142857142855,11,11,11,37,4.0,4096,0.001,False,1.25,1024,512,1200,0.2635904550552368,0.2603421753672592,0.2666837317672616,0.126220703125,0.0068359375,0.145263671875,0.02587890625,0.15572981536388397,0.10786064714193344,0.8784565438396346,509.529282821316,0.3628828823566437,0.40546491742134094,0.9947560813016761,0.9876105632032841,0.9933353977376119,589.0546875,0.1438121795654297,0.834228515625,0.37875720858573914
pali,pixelprose,final_quarter,False,3,0.42857142857142855,11,11,11,37,4.0,4096,0.001,False,1.5,1024,512,1200,0.2635904550552368,0.2603421753672592,0.2666837317672616,-0.009521484375,0.00634765625,0.077880859375,0.09375,0.15572981536388397,0.10786064714193344,0.8784565438396346,509.529282821316,0.3628828823566437,0.40546491742134094,0.9947560813016761,0.9876105632032841,0.9933353977376119,589.0546875,0.1438121795654297,0.834228515625,0.37875720858573914
pali,pixelprose,final_quarter,False,3,0.42857142857142855,11,11,11,37,4.0,4096,0.001,True,1.1,1024,512,1200,0.6840775012969971,0.6781104631867493,0.6902843745803693,0.95751953125,0.0,0.978759765625,0.021240234375,0.3981667757034302,0.2859107255935669,0.08663838547488016,3839.3624290748326,0.452621191740036,0.31532880663871765,0.9965250210494867,0.7591109876675002,0.993022134039943,1951.43359375,0.4764242172241211,0.0,0.3143773078918457
pali,pixelprose,final_quarter,False,3,0.42857142857142855,11,11,11,37,4.0,4096,0.001,True,1.25,1024,512,1200,0.6840775012969971,0.6781104631867493,0.6902843745803693,0.599609375,0.0,0.7998046875,0.2001953125,0.3981667757034302,0.2859107255935669,0.08663838547488016,3839.3624290748326,0.452621191740036,0.31532880663871765,0.9965250210494867,0.7591109876675002,0.993022134039943,1951.43359375,0.4764242172241211,0.0,0.3143773078918457
pali,pixelprose,final_quarter,False,3,0.42857142857142855,11,11,11,37,4.0,4096,0.001,True,1.5,1024,512,1200,0.6840775012969971,0.6781104631867493,0.6902843745803693,-0.4267578125,0.0,0.28662109375,0.71337890625,0.3981667757034302,0.2859107255935669,0.08663838547488016,3839.3624290748326,0.452621191740036,0.31532880663871765,0.9965250210494867,0.7591109876675002,0.993022134039943,1951.43359375,0.4764242172241211,0.0,0.3143773078918457
pali,pixelprose,final_quarter,False,4,0.5714285714285714,14,14,14,11,2.0,4096,0.0003,False,1.1,1024,512,1200,0.3628477454185486,0.35925970778334887,0.36680313286051386,0.15283203125,0.005859375,0.154541015625,0.007568359375,0.21392740309238434,0.14892032742500305,0.8806124504587503,499.51011257636526,0.3930990397930145,0.5117509365081787,0.9949271901300524,0.9886158733619037,0.9903377527280232,576.59375,0.14076995849609375,0.839111328125,0.5260487198829651
pali,pixelprose,final_quarter,False,4,0.5714285714285714,14,14,14,11,2.0,4096,0.0003,False,1.25,1024,512,1200,0.3628477454185486,0.35925970778334887,0.36680313286051386,0.10791015625,0.005126953125,0.1328125,0.030029296875,0.21392740309238434,0.14892032742500305,0.8806124504587503,499.51011257636526,0.3930990397930145,0.5117509365081787,0.9949271901300524,0.9886158733619037,0.9903377527280232,576.59375,0.14076995849609375,0.839111328125,0.5260487198829651
pali,pixelprose,final_quarter,False,4,0.5714285714285714,14,14,14,11,2.0,4096,0.0003,False,1.5,1024,512,1200,0.3628477454185486,0.35925970778334887,0.36680313286051386,-0.02001953125,0.005126953125,0.06884765625,0.093994140625,0.21392740309238434,0.14892032742500305,0.8806124504587503,499.51011257636526,0.3930990397930145,0.5117509365081787,0.9949271901300524,0.9886158733619037,0.9903377527280232,576.59375,0.14076995849609375,0.839111328125,0.5260487198829651
pali,pixelprose,final_quarter,False,4,0.5714285714285714,14,14,14,11,2.0,4096,0.0003,True,1.1,1024,512,1200,0.7086478471755981,0.7030518685089191,0.7148097059776773,0.94140625,0.0,0.970703125,0.029296875,0.411022424697876,0.2976253926753998,0.08392288585194749,3828.906559803638,0.48283886909484863,0.3155094087123871,0.9908441153070511,0.7568593312215439,0.9885619067723002,1943.435546875,0.4744715690612793,0.0,0.30911722779273987
pali,pixelprose,final_quarter,False,4,0.5714285714285714,14,14,14,11,2.0,4096,0.0003,True,1.25,1024,512,1200,0.7086478471755981,0.7030518685089191,0.7148097059776773,0.57666015625,0.0,0.788330078125,0.211669921875,0.411022424697876,0.2976253926753998,0.08392288585194749,3828.906559803638,0.48283886909484863,0.3155094087123871,0.9908441153070511,0.7568593312215439,0.9885619067723002,1943.435546875,0.4744715690612793,0.0,0.30911722779273987
pali,pixelprose,final_quarter,False,4,0.5714285714285714,14,14,14,11,2.0,4096,0.0003,True,1.5,1024,512,1200,0.7086478471755981,0.7030518685089191,0.7148097059776773,-0.46044921875,0.0,0.269775390625,0.730224609375,0.411022424697876,0.2976253926753998,0.08392288585194749,3828.906559803638,0.48283886909484863,0.3155094087123871,0.9908441153070511,0.7568593312215439,0.9885619067723002,1943.435546875,0.4744715690612793,0.0,0.30911722779273987
pali,pixelprose,final_quarter,False,4,0.5714285714285714,14,14,14,11,2.0,4096,0.001,False,1.1,1024,512,1200,0.3606724739074707,0.3571153755117848,0.3645512915471045,0.153076171875,0.006103515625,0.154541015625,0.007568359375,0.21282126009464264,0.14785122871398926,0.8799122795194114,489.9300159265582,0.38826170563697815,0.5018148422241211,0.9949524419404243,0.9886438078351719,0.9918802247088703,576.01953125,0.14062976837158203,0.839111328125,0.5110490322113037
pali,pixelprose,final_quarter,False,4,0.5714285714285714,14,14,14,11,2.0,4096,0.001,False,1.25,1024,512,1200,0.3606724739074707,0.3571153755117848,0.3645512915471045,0.111572265625,0.00537109375,0.134521484375,0.0283203125,0.21282126009464264,0.14785122871398926,0.8799122795194114,489.9300159265582,0.38826170563697815,0.5018148422241211,0.9949524419404243,0.9886438078351719,0.9918802247088703,576.01953125,0.14062976837158203,0.839111328125,0.5110490322113037
pali,pixelprose,final_quarter,False,4,0.5714285714285714,14,14,14,11,2.0,4096,0.001,False,1.5,1024,512,1200,0.3606724739074707,0.3571153755117848,0.3645512915471045,-0.015869140625,0.00537109375,0.07080078125,0.092041015625,0.21282126009464264,0.14785122871398926,0.8799122795194114,489.9300159265582,0.38826170563697815,0.5018148422241211,0.9949524419404243,0.9886438078351719,0.9918802247088703,576.01953125,0.14062976837158203,0.839111328125,0.5110490322113037
pali,pixelprose,final_quarter,False,4,0.5714285714285714,14,14,14,11,2.0,4096,0.001,True,1.1,1024,512,1200,0.7051695585250854,0.6994437362678582,0.7111470683361404,0.9482421875,0.0,0.97412109375,0.02587890625,0.4095441699028015,0.2956254780292511,0.08368698976536545,3892.3180510571897,0.49072933197021484,0.3073006570339203,0.9916757894396236,0.7564579446309314,0.9893027056649499,1944.57421875,0.4747495651245117,0.0,0.30958905816078186
pali,pixelprose,final_quarter,False,4,0.5714285714285714,14,14,14,11,2.0,4096,0.001,True,1.25,1024,512,1200,0.7051695585250854,0.6994437362678582,0.7111470683361404,0.58642578125,0.0,0.793212890625,0.206787109375,0.4095441699028015,0.2956254780292511,0.08368698976536545,3892.3180510571897,0.49072933197021484,0.3073006570339203,0.9916757894396236,0.7564579446309314,0.9893027056649499,1944.57421875,0.4747495651245117,0.0,0.30958905816078186
pali,pixelprose,final_quarter,False,4,0.5714285714285714,14,14,14,11,2.0,4096,0.001,True,1.5,1024,512,1200,0.7051695585250854,0.6994437362678582,0.7111470683361404,-0.45849609375,0.0,0.270751953125,0.729248046875,0.4095441699028015,0.2956254780292511,0.08368698976536545,3892.3180510571897,0.49072933197021484,0.3073006570339203,0.9916757894396236,0.7564579446309314,0.9893027056649499,1944.57421875,0.4747495651245117,0.0,0.30958905816078186
pali,pixelprose,final_quarter,False,4,0.5714285714285714,14,14,14,11,4.0,4096,0.0003,False,1.1,1024,512,1200,0.3628477454185486,0.35925970778334887,0.36680313286051386,0.15283203125,0.005859375,0.154541015625,0.007568359375,0.21392740309238434,0.14892032742500305,0.8806124504587503,499.51011257636526,0.3930990397930145,0.5117509365081787,0.9949271901300524,0.9886158733619037,0.9903377527280232,576.59375,0.14076995849609375,0.839111328125,0.5260487198829651
pali,pixelprose,final_quarter,False,4,0.5714285714285714,14,14,14,11,4.0,4096,0.0003,False,1.25,1024,512,1200,0.3628477454185486,0.35925970778334887,0.36680313286051386,0.10791015625,0.005126953125,0.1328125,0.030029296875,0.21392740309238434,0.14892032742500305,0.8806124504587503,499.51011257636526,0.3930990397930145,0.5117509365081787,0.9949271901300524,0.9886158733619037,0.9903377527280232,576.59375,0.14076995849609375,0.839111328125,0.5260487198829651
pali,pixelprose,final_quarter,False,4,0.5714285714285714,14,14,14,11,4.0,4096,0.0003,False,1.5,1024,512,1200,0.3628477454185486,0.35925970778334887,0.36680313286051386,-0.02001953125,0.005126953125,0.06884765625,0.093994140625,0.21392740309238434,0.14892032742500305,0.8806124504587503,499.51011257636526,0.3930990397930145,0.5117509365081787,0.9949271901300524,0.9886158733619037,0.9903377527280232,576.59375,0.14076995849609375,0.839111328125,0.5260487198829651
pali,pixelprose,final_quarter,False,4,0.5714285714285714,14,14,14,11,4.0,4096,0.0003,True,1.1,1024,512,1200,0.7086478471755981,0.7030518685089191,0.7148097059776773,0.94140625,0.0,0.970703125,0.029296875,0.411022424697876,0.2976253926753998,0.08392288585194749,3828.906559803638,0.48283886909484863,0.3155094087123871,0.9908441153070511,0.7568593312215439,0.9885619067723002,1943.435546875,0.4744715690612793,0.0,0.30911722779273987
pali,pixelprose,final_quarter,False,4,0.5714285714285714,14,14,14,11,4.0,4096,0.0003,True,1.25,1024,512,1200,0.7086478471755981,0.7030518685089191,0.7148097059776773,0.57666015625,0.0,0.788330078125,0.211669921875,0.411022424697876,0.2976253926753998,0.08392288585194749,3828.906559803638,0.48283886909484863,0.3155094087123871,0.9908441153070511,0.7568593312215439,0.9885619067723002,1943.435546875,0.4744715690612793,0.0,0.30911722779273987
pali,pixelprose,final_quarter,False,4,0.5714285714285714,14,14,14,11,4.0,4096,0.0003,True,1.5,1024,512,1200,0.7086478471755981,0.7030518685089191,0.7148097059776773,-0.46044921875,0.0,0.269775390625,0.730224609375,0.411022424697876,0.2976253926753998,0.08392288585194749,3828.906559803638,0.48283886909484863,0.3155094087123871,0.9908441153070511,0.7568593312215439,0.9885619067723002,1943.435546875,0.4744715690612793,0.0,0.30911722779273987
pali,pixelprose,final_quarter,False,4,0.5714285714285714,14,14,14,11,4.0,4096,0.001,False,1.1,1024,512,1200,0.3606724739074707,0.3571153755117848,0.3645512915471045,0.153076171875,0.006103515625,0.154541015625,0.007568359375,0.21282126009464264,0.14785122871398926,0.8799122795194114,489.9300159265582,0.38826170563697815,0.5018148422241211,0.9949524419404243,0.9886438078351719,0.9918802247088703,576.01953125,0.14062976837158203,0.839111328125,0.5110490322113037
pali,pixelprose,final_quarter,False,4,0.5714285714285714,14,14,14,11,4.0,4096,0.001,False,1.25,1024,512,1200,0.3606724739074707,0.3571153755117848,0.3645512915471045,0.111572265625,0.00537109375,0.134521484375,0.0283203125,0.21282126009464264,0.14785122871398926,0.8799122795194114,489.9300159265582,0.38826170563697815,0.5018148422241211,0.9949524419404243,0.9886438078351719,0.9918802247088703,576.01953125,0.14062976837158203,0.839111328125,0.5110490322113037
pali,pixelprose,final_quarter,False,4,0.5714285714285714,14,14,14,11,4.0,4096,0.001,False,1.5,1024,512,1200,0.3606724739074707,0.3571153755117848,0.3645512915471045,-0.015869140625,0.00537109375,0.07080078125,0.092041015625,0.21282126009464264,0.14785122871398926,0.8799122795194114,489.9300159265582,0.38826170563697815,0.5018148422241211,0.9949524419404243,0.9886438078351719,0.9918802247088703,576.01953125,0.14062976837158203,0.839111328125,0.5110490322113037
pali,pixelprose,final_quarter,False,4,0.5714285714285714,14,14,14,11,4.0,4096,0.001,True,1.1,1024,512,1200,0.7051695585250854,0.6994437362678582,0.7111470683361404,0.9482421875,0.0,0.97412109375,0.02587890625,0.4095441699028015,0.2956254780292511,0.08368698976536545,3892.3180510571897,0.49072933197021484,0.3073006570339203,0.9916757894396236,0.7564579446309314,0.9893027056649499,1944.57421875,0.4747495651245117,0.0,0.30958905816078186
pali,pixelprose,final_quarter,False,4,0.5714285714285714,14,14,14,11,4.0,4096,0.001,True,1.25,1024,512,1200,0.7051695585250854,0.6994437362678582,0.7111470683361404,0.58642578125,0.0,0.793212890625,0.206787109375,0.4095441699028015,0.2956254780292511,0.08368698976536545,3892.3180510571897,0.49072933197021484,0.3073006570339203,0.9916757894396236,0.7564579446309314,0.9893027056649499,1944.57421875,0.4747495651245117,0.0,0.30958905816078186
pali,pixelprose,final_quarter,False,4,0.5714285714285714,14,14,14,11,4.0,4096,0.001,True,1.5,1024,512,1200,0.7051695585250854,0.6994437362678582,0.7111470683361404,-0.45849609375,0.0,0.270751953125,0.729248046875,0.4095441699028015,0.2956254780292511,0.08368698976536545,3892.3180510571897,0.49072933197021484,0.3073006570339203,0.9916757894396236,0.7564579446309314,0.9893027056649499,1944.57421875,0.4747495651245117,0.0,0.30958905816078186
pali,pixelprose,final_quarter,False,4,0.5714285714285714,14,14,14,23,2.0,4096,0.0003,False,1.1,1024,512,1200,0.3717624545097351,0.36822025420042337,0.37543067322403656,0.167724609375,0.00634765625,0.170166015625,0.0087890625,0.21949920058250427,0.15226325392723083,0.8706641866829234,522.7320905552178,0.3929370045661926,0.49342623353004456,0.9952764996548824,0.9888136599579488,0.9920110386029958,625.1015625,0.15261268615722656,0.825439453125,0.5139020085334778
pali,pixelprose,final_quarter,False,4,0.5714285714285714,14,14,14,23,2.0,4096,0.0003,False,1.25,1024,512,1200,0.3717624545097351,0.36822025420042337,0.37543067322403656,0.132080078125,0.00634765625,0.15234375,0.026611328125,0.21949920058250427,0.15226325392723083,0.8706641866829234,522.7320905552178,0.3929370045661926,0.49342623353004456,0.9952764996548824,0.9888136599579488,0.9920110386029958,625.1015625,0.15261268615722656,0.825439453125,0.5139020085334778
pali,pixelprose,final_quarter,False,4,0.5714285714285714,14,14,14,23,2.0,4096,0.0003,False,1.5,1024,512,1200,0.3717624545097351,0.36822025420042337,0.37543067322403656,-0.014404296875,0.005859375,0.07958984375,0.099853515625,0.21949920058250427,0.15226325392723083,0.8706641866829234,522.7320905552178,0.3929370045661926,0.49342623353004456,0.9952764996548824,0.9888136599579488,0.9920110386029958,625.1015625,0.15261268615722656,0.825439453125,0.5139020085334778
pali,pixelprose,final_quarter,False,4,0.5714285714285714,14,14,14,23,2.0,4096,0.0003,True,1.1,1024,512,1200,0.7225579023361206,0.7171055138853262,0.7285872342137736,0.94287109375,0.0,0.971435546875,0.028564453125,0.418863445520401,0.3036944568157196,0.08236931449101853,3908.1631531265402,0.46312910318374634,0.31320419907569885,0.997775137584422,0.7601173512506769,0.9952047375448269,1959.8515625,0.47847938537597656,0.0,0.318298876285553
pali,pixelprose,final_quarter,False,4,0.5714285714285714,14,14,14,23,2.0,4096,0.0003,True,1.25,1024,512,1200,0.7225579023361206,0.7171055138853262,0.7285872342137736,0.56201171875,0.0,0.781005859375,0.218994140625,0.418863445520401,0.3036944568157196,0.08236931449101853,3908.1631531265402,0.46312910318374634,0.31320419907569885,0.997775137584422,0.7601173512506769,0.9952047375448269,1959.8515625,0.47847938537597656,0.0,0.318298876285553
pali,pixelprose,final_quarter,False,4,0.5714285714285714,14,14,14,23,2.0,4096,0.0003,True,1.5,1024,512,1200,0.7225579023361206,0.7171055138853262,0.7285872342137736,-0.4521484375,0.0,0.27392578125,0.72607421875,0.418863445520401,0.3036944568157196,0.08236931449101853,3908.1631531265402,0.46312910318374634,0.31320419907569885,0.997775137584422,0.7601173512506769,0.9952047375448269,1959.8515625,0.47847938537597656,0.0,0.318298876285553
pali,pixelprose,final_quarter,False,4,0.5714285714285714,14,14,14,23,2.0,4096,0.001,False,1.1,1024,512,1200,0.370011568069458,0.3664897186332382,0.3736230320777395,0.167724609375,0.00634765625,0.170166015625,0.0087890625,0.21836034953594208,0.15165120363235474,0.8696071576543615,516.3400439594966,0.3867368698120117,0.48790955543518066,0.9953454795515237,0.9888793764706358,0.9918767463912105,624.955078125,0.15257692337036133,0.825439453125,0.5022379159927368
pali,pixelprose,final_quarter,False,4,0.5714285714285714,14,14,14,23,2.0,4096,0.001,False,1.25,1024,512,1200,0.370011568069458,0.3664897186332382,0.3736230320777395,0.131591796875,0.00634765625,0.152099609375,0.02685546875,0.21836034953594208,0.15165120363235474,0.8696071576543615,516.3400439594966,0.3867368698120117,0.48790955543518066,0.9953454795515237,0.9888793764706358,0.9918767463912105,624.955078125,0.15257692337036133,0.825439453125,0.5022379159927368
pali,pixelprose,final_quarter,False,4,0.5714285714285714,14,14,14,23,2.0,4096,0.001,False,1.5,1024,512,1200,0.370011568069458,0.3664897186332382,0.3736230320777395,-0.014892578125,0.005859375,0.079345703125,0.10009765625,0.21836034953594208,0.15165120363235474,0.8696071576543615,516.3400439594966,0.3867368698120117,0.48790955543518066,0.9953454795515237,0.9888793764706358,0.9918767463912105,624.955078125,0.15257692337036133,0.825439453125,0.5022379159927368
pali,pixelprose,final_quarter,False,4,0.5714285714285714,14,14,14,23,2.0,4096,0.001,True,1.1,1024,512,1200,0.7070704698562622,0.7016254597721854,0.7129724826067104,0.94873046875,0.0,0.974365234375,0.025634765625,0.4104304313659668,0.296640008687973,0.0855339961970347,3837.823602631839,0.45785582065582275,0.3067592680454254,0.9956621013462755,0.7604553004793588,0.9960128083437071,1942.42578125,0.4742250442504883,0.0,0.3101522922515869
pali,pixelprose,final_quarter,False,4,0.5714285714285714,14,14,14,23,2.0,4096,0.001,True,1.25,1024,512,1200,0.7070704698562622,0.7016254597721854,0.7129724826067104,0.5712890625,0.0,0.78564453125,0.21435546875,0.4104304313659668,0.296640008687973,0.0855339961970347,3837.823602631839,0.45785582065582275,0.3067592680454254,0.9956621013462755,0.7604553004793588,0.9960128083437071,1942.42578125,0.4742250442504883,0.0,0.3101522922515869
pali,pixelprose,final_quarter,False,4,0.5714285714285714,14,14,14,23,2.0,4096,0.001,True,1.5,1024,512,1200,0.7070704698562622,0.7016254597721854,0.7129724826067104,-0.44970703125,0.0,0.275146484375,0.724853515625,0.4104304313659668,0.296640008687973,0.0855339961970347,3837.823602631839,0.45785582065582275,0.3067592680454254,0.9956621013462755,0.7604553004793588,0.9960128083437071,1942.42578125,0.4742250442504883,0.0,0.3101522922515869
pali,pixelprose,final_quarter,False,4,0.5714285714285714,14,14,14,23,4.0,4096,0.0003,False,1.1,1024,512,1200,0.3717624545097351,0.36822025420042337,0.37543067322403656,0.167724609375,0.00634765625,0.170166015625,0.0087890625,0.21949920058250427,0.15226325392723083,0.8706641866829234,522.7320905552178,0.3929370045661926,0.49342623353004456,0.9952764996548824,0.9888136599579488,0.9920110386029958,625.1015625,0.15261268615722656,0.825439453125,0.5139020085334778
pali,pixelprose,final_quarter,False,4,0.5714285714285714,14,14,14,23,4.0,4096,0.0003,False,1.25,1024,512,1200,0.3717624545097351,0.36822025420042337,0.37543067322403656,0.132080078125,0.00634765625,0.15234375,0.026611328125,0.21949920058250427,0.15226325392723083,0.8706641866829234,522.7320905552178,0.3929370045661926,0.49342623353004456,0.9952764996548824,0.9888136599579488,0.9920110386029958,625.1015625,0.15261268615722656,0.825439453125,0.5139020085334778
pali,pixelprose,final_quarter,False,4,0.5714285714285714,14,14,14,23,4.0,4096,0.0003,False,1.5,1024,512,1200,0.3717624545097351,0.36822025420042337,0.37543067322403656,-0.014404296875,0.005859375,0.07958984375,0.099853515625,0.21949920058250427,0.15226325392723083,0.8706641866829234,522.7320905552178,0.3929370045661926,0.49342623353004456,0.9952764996548824,0.9888136599579488,0.9920110386029958,625.1015625,0.15261268615722656,0.825439453125,0.5139020085334778
pali,pixelprose,final_quarter,False,4,0.5714285714285714,14,14,14,23,4.0,4096,0.0003,True,1.1,1024,512,1200,0.7225579023361206,0.7171055138853262,0.7285872342137736,0.94287109375,0.0,0.971435546875,0.028564453125,0.418863445520401,0.3036944568157196,0.08236931449101853,3908.1631531265402,0.46312910318374634,0.31320419907569885,0.997775137584422,0.7601173512506769,0.9952047375448269,1959.8515625,0.47847938537597656,0.0,0.318298876285553
pali,pixelprose,final_quarter,False,4,0.5714285714285714,14,14,14,23,4.0,4096,0.0003,True,1.25,1024,512,1200,0.7225579023361206,0.7171055138853262,0.7285872342137736,0.56201171875,0.0,0.781005859375,0.218994140625,0.418863445520401,0.3036944568157196,0.08236931449101853,3908.1631531265402,0.46312910318374634,0.31320419907569885,0.997775137584422,0.7601173512506769,0.9952047375448269,1959.8515625,0.47847938537597656,0.0,0.318298876285553
pali,pixelprose,final_quarter,False,4,0.5714285714285714,14,14,14,23,4.0,4096,0.0003,True,1.5,1024,512,1200,0.7225579023361206,0.7171055138853262,0.7285872342137736,-0.4521484375,0.0,0.27392578125,0.72607421875,0.418863445520401,0.3036944568157196,0.08236931449101853,3908.1631531265402,0.46312910318374634,0.31320419907569885,0.997775137584422,0.7601173512506769,0.9952047375448269,1959.8515625,0.47847938537597656,0.0,0.318298876285553
pali,pixelprose,final_quarter,False,4,0.5714285714285714,14,14,14,23,4.0,4096,0.001,False,1.1,1024,512,1200,0.370011568069458,0.3664897186332382,0.3736230320777395,0.167724609375,0.00634765625,0.170166015625,0.0087890625,0.21836034953594208,0.15165120363235474,0.8696071576543615,516.3400439594966,0.3867368698120117,0.48790955543518066,0.9953454795515237,0.9888793764706358,0.9918767463912105,624.955078125,0.15257692337036133,0.825439453125,0.5022379159927368
pali,pixelprose,final_quarter,False,4,0.5714285714285714,14,14,14,23,4.0,4096,0.001,False,1.25,1024,512,1200,0.370011568069458,0.3664897186332382,0.3736230320777395,0.131591796875,0.00634765625,0.152099609375,0.02685546875,0.21836034953594208,0.15165120363235474,0.8696071576543615,516.3400439594966,0.3867368698120117,0.48790955543518066,0.9953454795515237,0.9888793764706358,0.9918767463912105,624.955078125,0.15257692337036133,0.825439453125,0.5022379159927368
pali,pixelprose,final_quarter,False,4,0.5714285714285714,14,14,14,23,4.0,4096,0.001,False,1.5,1024,512,1200,0.370011568069458,0.3664897186332382,0.3736230320777395,-0.014892578125,0.005859375,0.079345703125,0.10009765625,0.21836034953594208,0.15165120363235474,0.8696071576543615,516.3400439594966,0.3867368698120117,0.48790955543518066,0.9953454795515237,0.9888793764706358,0.9918767463912105,624.955078125,0.15257692337036133,0.825439453125,0.5022379159927368
pali,pixelprose,final_quarter,False,4,0.5714285714285714,14,14,14,23,4.0,4096,0.001,True,1.1,1024,512,1200,0.7070704698562622,0.7016254597721854,0.7129724826067104,0.94873046875,0.0,0.974365234375,0.025634765625,0.4104304313659668,0.296640008687973,0.0855339961970347,3837.823602631839,0.45785582065582275,0.3067592680454254,0.9956621013462755,0.7604553004793588,0.9960128083437071,1942.42578125,0.4742250442504883,0.0,0.3101522922515869
pali,pixelprose,final_quarter,False,4,0.5714285714285714,14,14,14,23,4.0,4096,0.001,True,1.25,1024,512,1200,0.7070704698562622,0.7016254597721854,0.7129724826067104,0.5712890625,0.0,0.78564453125,0.21435546875,0.4104304313659668,0.296640008687973,0.0855339961970347,3837.823602631839,0.45785582065582275,0.3067592680454254,0.9956621013462755,0.7604553004793588,0.9960128083437071,1942.42578125,0.4742250442504883,0.0,0.3101522922515869
pali,pixelprose,final_quarter,False,4,0.5714285714285714,14,14,14,23,4.0,4096,0.001,True,1.5,1024,512,1200,0.7070704698562622,0.7016254597721854,0.7129724826067104,-0.44970703125,0.0,0.275146484375,0.724853515625,0.4104304313659668,0.296640008687973,0.0855339961970347,3837.823602631839,0.45785582065582275,0.3067592680454254,0.9956621013462755,0.7604553004793588,0.9960128083437071,1942.42578125,0.4742250442504883,0.0,0.3101522922515869
pali,pixelprose,final_quarter,False,4,0.5714285714285714,14,14,14,37,2.0,4096,0.0003,False,1.1,1024,512,1200,0.3607487678527832,0.3574813981213083,0.3640911170434265,0.157470703125,0.0048828125,0.158447265625,0.005859375,0.2128162384033203,0.14793254435062408,0.8774732098001877,505.0436099236929,0.40857362747192383,0.5066968202590942,0.9951278446288282,0.988783673223158,0.9920470941426797,595.22265625,0.14531803131103516,0.8388671875,0.5141511559486389
pali,pixelprose,final_quarter,False,4,0.5714285714285714,14,14,14,37,2.0,4096,0.0003,False,1.25,1024,512,1200,0.3607487678527832,0.3574813981213083,0.3640911170434265,0.111572265625,0.0048828125,0.135498046875,0.02880859375,0.2128162384033203,0.14793254435062408,0.8774732098001877,505.0436099236929,0.40857362747192383,0.5066968202590942,0.9951278446288282,0.988783673223158,0.9920470941426797,595.22265625,0.14531803131103516,0.8388671875,0.5141511559486389
pali,pixelprose,final_quarter,False,4,0.5714285714285714,14,14,14,37,2.0,4096,0.0003,False,1.5,1024,512,1200,0.3607487678527832,0.3574813981213083,0.3640911170434265,-0.017333984375,0.00390625,0.072021484375,0.09326171875,0.2128162384033203,0.14793254435062408,0.8774732098001877,505.0436099236929,0.40857362747192383,0.5066968202590942,0.9951278446288282,0.988783673223158,0.9920470941426797,595.22265625,0.14531803131103516,0.8388671875,0.5141511559486389
pali,pixelprose,final_quarter,False,4,0.5714285714285714,14,14,14,37,2.0,4096,0.0003,True,1.1,1024,512,1200,0.7121171951293945,0.7063521585019771,0.718019440068747,0.953125,0.0,0.9765625,0.0234375,0.4132149815559387,0.2989022433757782,0.08422442955376401,3827.7521633761567,0.4663979411125183,0.3153545558452606,0.9939512829284157,0.7585657992840689,0.9844076121945329,1945.283203125,0.47492265701293945,0.0,0.3115825653076172
pali,pixelprose,final_quarter,False,4,0.5714285714285714,14,14,14,37,2.0,4096,0.0003,True,1.25,1024,512,1200,0.7121171951293945,0.7063521585019771,0.718019440068747,0.58154296875,0.0,0.790771484375,0.209228515625,0.4132149815559387,0.2989022433757782,0.08422442955376401,3827.7521633761567,0.4663979411125183,0.3153545558452606,0.9939512829284157,0.7585657992840689,0.9844076121945329,1945.283203125,0.47492265701293945,0.0,0.3115825653076172
pali,pixelprose,final_quarter,False,4,0.5714285714285714,14,14,14,37,2.0,4096,0.0003,True,1.5,1024,512,1200,0.7121171951293945,0.7063521585019771,0.718019440068747,-0.44970703125,0.0,0.275146484375,0.724853515625,0.4132149815559387,0.2989022433757782,0.08422442955376401,3827.7521633761567,0.4663979411125183,0.3153545558452606,0.9939512829284157,0.7585657992840689,0.9844076121945329,1945.283203125,0.47492265701293945,0.0,0.3115825653076172
pali,pixelprose,final_quarter,False,4,0.5714285714285714,14,14,14,37,2.0,4096,0.001,False,1.1,1024,512,1200,0.35928231477737427,0.35603991326788675,0.3626003385230433,0.15771484375,0.005126953125,0.158447265625,0.005859375,0.21195721626281738,0.1473250687122345,0.8768254989364452,492.15618983247646,0.4008849561214447,0.5058462023735046,0.9951682892437987,0.9888109559237874,0.9920415745291972,594.884765625,0.14523553848266602,0.838623046875,0.5016617178916931
pali,pixelprose,final_quarter,False,4,0.5714285714285714,14,14,14,37,2.0,4096,0.001,False,1.25,1024,512,1200,0.35928231477737427,0.35603991326788675,0.3626003385230433,0.11083984375,0.005126953125,0.135009765625,0.029296875,0.21195721626281738,0.1473250687122345,0.8768254989364452,492.15618983247646,0.4008849561214447,0.5058462023735046,0.9951682892437987,0.9888109559237874,0.9920415745291972,594.884765625,0.14523553848266602,0.838623046875,0.5016617178916931
pali,pixelprose,final_quarter,False,4,0.5714285714285714,14,14,14,37,2.0,4096,0.001,False,1.5,1024,512,1200,0.35928231477737427,0.35603991326788675,0.3626003385230433,-0.01318359375,0.004150390625,0.073974609375,0.09130859375,0.21195721626281738,0.1473250687122345,0.8768254989364452,492.15618983247646,0.4008849561214447,0.5058462023735046,0.9951682892437987,0.9888109559237874,0.9920415745291972,594.884765625,0.14523553848266602,0.838623046875,0.5016617178916931
pali,pixelprose,final_quarter,False,4,0.5714285714285714,14,14,14,37,2.0,4096,0.001,True,1.1,1024,512,1200,0.7105275988578796,0.7045985354168807,0.7161475824657828,0.95556640625,0.0,0.977783203125,0.022216796875,0.412192165851593,0.2983354330062866,0.08092369976465665,3904.536895241118,0.47460484504699707,0.3060934841632843,0.9937458021411203,0.758911072864653,0.989762836842247,1945.8359375,0.47505760192871094,0.0,0.30914306640625
pali,pixelprose,final_quarter,False,4,0.5714285714285714,14,14,14,37,2.0,4096,0.001,True,1.25,1024,512,1200,0.7105275988578796,0.7045985354168807,0.7161475824657828,0.58544921875,0.0,0.792724609375,0.207275390625,0.412192165851593,0.2983354330062866,0.08092369976465665,3904.536895241118,0.47460484504699707,0.3060934841632843,0.9937458021411203,0.758911072864653,0.989762836842247,1945.8359375,0.47505760192871094,0.0,0.30914306640625
pali,pixelprose,final_quarter,False,4,0.5714285714285714,14,14,14,37,2.0,4096,0.001,True,1.5,1024,512,1200,0.7105275988578796,0.7045985354168807,0.7161475824657828,-0.44580078125,0.0,0.277099609375,0.722900390625,0.412192165851593,0.2983354330062866,0.08092369976465665,3904.536895241118,0.47460484504699707,0.3060934841632843,0.9937458021411203,0.758911072864653,0.989762836842247,1945.8359375,0.47505760192871094,0.0,0.30914306640625
pali,pixelprose,final_quarter,False,4,0.5714285714285714,14,14,14,37,4.0,4096,0.0003,False,1.1,1024,512,1200,0.3607487678527832,0.3574813981213083,0.3640911170434265,0.157470703125,0.0048828125,0.158447265625,0.005859375,0.2128162384033203,0.14793254435062408,0.8774732098001877,505.0436099236929,0.40857362747192383,0.5066968202590942,0.9951278446288282,0.988783673223158,0.9920470941426797,595.22265625,0.14531803131103516,0.8388671875,0.5141511559486389
pali,pixelprose,final_quarter,False,4,0.5714285714285714,14,14,14,37,4.0,4096,0.0003,False,1.25,1024,512,1200,0.3607487678527832,0.3574813981213083,0.3640911170434265,0.111572265625,0.0048828125,0.135498046875,0.02880859375,0.2128162384033203,0.14793254435062408,0.8774732098001877,505.0436099236929,0.40857362747192383,0.5066968202590942,0.9951278446288282,0.988783673223158,0.9920470941426797,595.22265625,0.14531803131103516,0.8388671875,0.5141511559486389
pali,pixelprose,final_quarter,False,4,0.5714285714285714,14,14,14,37,4.0,4096,0.0003,False,1.5,1024,512,1200,0.3607487678527832,0.3574813981213083,0.3640911170434265,-0.017333984375,0.00390625,0.072021484375,0.09326171875,0.2128162384033203,0.14793254435062408,0.8774732098001877,505.0436099236929,0.40857362747192383,0.5066968202590942,0.9951278446288282,0.988783673223158,0.9920470941426797,595.22265625,0.14531803131103516,0.8388671875,0.5141511559486389
pali,pixelprose,final_quarter,False,4,0.5714285714285714,14,14,14,37,4.0,4096,0.0003,True,1.1,1024,512,1200,0.7121171951293945,0.7063521585019771,0.718019440068747,0.953125,0.0,0.9765625,0.0234375,0.4132149815559387,0.2989022433757782,0.08422442955376401,3827.7521633761567,0.4663979411125183,0.3153545558452606,0.9939512829284157,0.7585657992840689,0.9844076121945329,1945.283203125,0.47492265701293945,0.0,0.3115825653076172
pali,pixelprose,final_quarter,False,4,0.5714285714285714,14,14,14,37,4.0,4096,0.0003,True,1.25,1024,512,1200,0.7121171951293945,0.7063521585019771,0.718019440068747,0.58154296875,0.0,0.790771484375,0.209228515625,0.4132149815559387,0.2989022433757782,0.08422442955376401,3827.7521633761567,0.4663979411125183,0.3153545558452606,0.9939512829284157,0.7585657992840689,0.9844076121945329,1945.283203125,0.47492265701293945,0.0,0.3115825653076172
pali,pixelprose,final_quarter,False,4,0.5714285714285714,14,14,14,37,4.0,4096,0.0003,True,1.5,1024,512,1200,0.7121171951293945,0.7063521585019771,0.718019440068747,-0.44970703125,0.0,0.275146484375,0.724853515625,0.4132149815559387,0.2989022433757782,0.08422442955376401,3827.7521633761567,0.4663979411125183,0.3153545558452606,0.9939512829284157,0.7585657992840689,0.9844076121945329,1945.283203125,0.47492265701293945,0.0,0.3115825653076172
pali,pixelprose,final_quarter,False,4,0.5714285714285714,14,14,14,37,4.0,4096,0.001,False,1.1,1024,512,1200,0.35928231477737427,0.35603991326788675,0.3626003385230433,0.15771484375,0.005126953125,0.158447265625,0.005859375,0.21195721626281738,0.1473250687122345,0.8768254989364452,492.15618983247646,0.4008849561214447,0.5058462023735046,0.9951682892437987,0.9888109559237874,0.9920415745291972,594.884765625,0.14523553848266602,0.838623046875,0.5016617178916931
pali,pixelprose,final_quarter,False,4,0.5714285714285714,14,14,14,37,4.0,4096,0.001,False,1.25,1024,512,1200,0.35928231477737427,0.35603991326788675,0.3626003385230433,0.11083984375,0.005126953125,0.135009765625,0.029296875,0.21195721626281738,0.1473250687122345,0.8768254989364452,492.15618983247646,0.4008849561214447,0.5058462023735046,0.9951682892437987,0.9888109559237874,0.9920415745291972,594.884765625,0.14523553848266602,0.838623046875,0.5016617178916931
pali,pixelprose,final_quarter,False,4,0.5714285714285714,14,14,14,37,4.0,4096,0.001,False,1.5,1024,512,1200,0.35928231477737427,0.35603991326788675,0.3626003385230433,-0.01318359375,0.004150390625,0.073974609375,0.09130859375,0.21195721626281738,0.1473250687122345,0.8768254989364452,492.15618983247646,0.4008849561214447,0.5058462023735046,0.9951682892437987,0.9888109559237874,0.9920415745291972,594.884765625,0.14523553848266602,0.838623046875,0.5016617178916931
pali,pixelprose,final_quarter,False,4,0.5714285714285714,14,14,14,37,4.0,4096,0.001,True,1.1,1024,512,1200,0.7105275988578796,0.7045985354168807,0.7161475824657828,0.95556640625,0.0,0.977783203125,0.022216796875,0.412192165851593,0.2983354330062866,0.08092369976465665,3904.536895241118,0.47460484504699707,0.3060934841632843,0.9937458021411203,0.758911072864653,0.989762836842247,1945.8359375,0.47505760192871094,0.0,0.30914306640625
pali,pixelprose,final_quarter,False,4,0.5714285714285714,14,14,14,37,4.0,4096,0.001,True,1.25,1024,512,1200,0.7105275988578796,0.7045985354168807,0.7161475824657828,0.58544921875,0.0,0.792724609375,0.207275390625,0.412192165851593,0.2983354330062866,0.08092369976465665,3904.536895241118,0.47460484504699707,0.3060934841632843,0.9937458021411203,0.758911072864653,0.989762836842247,1945.8359375,0.47505760192871094,0.0,0.30914306640625
pali,pixelprose,final_quarter,False,4,0.5714285714285714,14,14,14,37,4.0,4096,0.001,True,1.5,1024,512,1200,0.7105275988578796,0.7045985354168807,0.7161475824657828,-0.44580078125,0.0,0.277099609375,0.722900390625,0.412192165851593,0.2983354330062866,0.08092369976465665,3904.536895241118,0.47460484504699707,0.3060934841632843,0.9937458021411203,0.758911072864653,0.989762836842247,1945.8359375,0.47505760192871094,0.0,0.30914306640625
pali,pixelprose,final_quarter,False,5,0.7142857142857142,18,18,18,11,2.0,4096,0.0003,False,1.1,1024,512,1200,0.5835320949554443,0.5782653748174198,0.5882763069952489,0.169189453125,0.00634765625,0.17041015625,0.007568359375,0.3375362157821655,0.24599589407444,0.8635398175052849,599.0869137998767,0.6001387238502502,0.7491586804389954,0.9940946450093122,0.978549841390648,0.9935558693624741,611.47265625,0.14928531646728516,0.8251953125,0.7200627326965332
pali,pixelprose,final_quarter,False,5,0.7142857142857142,18,18,18,11,2.0,4096,0.0003,False,1.25,1024,512,1200,0.5835320949554443,0.5782653748174198,0.5882763069952489,0.109130859375,0.005859375,0.140869140625,0.03759765625,0.3375362157821655,0.24599589407444,0.8635398175052849,599.0869137998767,0.6001387238502502,0.7491586804389954,0.9940946450093122,0.978549841390648,0.9935558693624741,611.47265625,0.14928531646728516,0.8251953125,0.7200627326965332
pali,pixelprose,final_quarter,False,5,0.7142857142857142,18,18,18,11,2.0,4096,0.0003,False,1.5,1024,512,1200,0.5835320949554443,0.5782653748174198,0.5882763069952489,-0.083740234375,0.005615234375,0.044677734375,0.134033203125,0.3375362157821655,0.24599589407444,0.8635398175052849,599.0869137998767,0.6001387238502502,0.7491586804389954,0.9940946450093122,0.978549841390648,0.9935558693624741,611.47265625,0.14928531646728516,0.8251953125,0.7200627326965332
pali,pixelprose,final_quarter,False,5,0.7142857142857142,18,18,18,11,2.0,4096,0.0003,True,1.1,1024,512,1200,0.6834481954574585,0.6771237826978904,0.6894742575648707,0.9462890625,0.0,0.97314453125,0.02685546875,0.38933324813842773,0.29411497712135315,0.07000283299998192,4023.1173022210205,0.4172450006008148,0.31200355291366577,0.9944739157966412,0.7268420721294881,0.967219143869928,1891.90234375,0.46189022064208984,0.0,0.3168969750404358
pali,pixelprose,final_quarter,False,5,0.7142857142857142,18,18,18,11,2.0,4096,0.0003,True,1.25,1024,512,1200,0.6834481954574585,0.6771237826978904,0.6894742575648707,0.369140625,0.0,0.6845703125,0.3154296875,0.38933324813842773,0.29411497712135315,0.07000283299998192,4023.1173022210205,0.4172450006008148,0.31200355291366577,0.9944739157966412,0.7268420721294881,0.967219143869928,1891.90234375,0.46189022064208984,0.0,0.3168969750404358
pali,pixelprose,final_quarter,False,5,0.7142857142857142,18,18,18,11,2.0,4096,0.0003,True,1.5,1024,512,1200,0.6834481954574585,0.6771237826978904,0.6894742575648707,-0.76318359375,0.0,0.118408203125,0.881591796875,0.38933324813842773,0.29411497712135315,0.07000283299998192,4023.1173022210205,0.4172450006008148,0.31200355291366577,0.9944739157966412,0.7268420721294881,0.967219143869928,1891.90234375,0.46189022064208984,0.0,0.3168969750404358
pali,pixelprose,final_quarter,False,5,0.7142857142857142,18,18,18,11,2.0,4096,0.001,False,1.1,1024,512,1200,0.5821486711502075,0.5769086826199782,0.5868647646755563,0.169189453125,0.00634765625,0.17041015625,0.007568359375,0.33663198351860046,0.24551674723625183,0.8634674791795287,598.148951364663,0.5960090160369873,0.7315290570259094,0.9941395981885041,0.9785841671580107,0.9930061520367118,611.140625,0.14920425415039062,0.8251953125,0.7150481939315796
pali,pixelprose,final_quarter,False,5,0.7142857142857142,18,18,18,11,2.0,4096,0.001,False,1.25,1024,512,1200,0.5821486711502075,0.5769086826199782,0.5868647646755563,0.110107421875,0.006103515625,0.14111328125,0.037109375,0.33663198351860046,0.24551674723625183,0.8634674791795287,598.148951364663,0.5960090160369873,0.7315290570259094,0.9941395981885041,0.9785841671580107,0.9930061520367118,611.140625,0.14920425415039062,0.8251953125,0.7150481939315796
pali,pixelprose,final_quarter,False,5,0.7142857142857142,18,18,18,11,2.0,4096,0.001,False,1.5,1024,512,1200,0.5821486711502075,0.5769086826199782,0.5868647646755563,-0.085205078125,0.005615234375,0.0439453125,0.134765625,0.33663198351860046,0.24551674723625183,0.8634674791795287,598.148951364663,0.5960090160369873,0.7315290570259094,0.9941395981885041,0.9785841671580107,0.9930061520367118,611.140625,0.14920425415039062,0.8251953125,0.7150481939315796
pali,pixelprose,final_quarter,False,5,0.7142857142857142,18,18,18,11,2.0,4096,0.001,True,1.1,1024,512,1200,0.6799702048301697,0.6740767499024514,0.6860369097761577,0.94091796875,0.0,0.970458984375,0.029541015625,0.3876541554927826,0.2923160493373871,0.06934486222496553,4027.2140072101015,0.42162302136421204,0.3091816306114197,0.9921103211326416,0.7251155155500328,0.9791580469540018,1895.33984375,0.46272945404052734,0.0,0.3163299858570099
pali,pixelprose,final_quarter,False,5,0.7142857142857142,18,18,18,11,2.0,4096,0.001,True,1.25,1024,512,1200,0.6799702048301697,0.6740767499024514,0.6860369097761577,0.37939453125,0.0,0.689697265625,0.310302734375,0.3876541554927826,0.2923160493373871,0.06934486222496553,4027.2140072101015,0.42162302136421204,0.3091816306114197,0.9921103211326416,0.7251155155500328,0.9791580469540018,1895.33984375,0.46272945404052734,0.0,0.3163299858570099
pali,pixelprose,final_quarter,False,5,0.7142857142857142,18,18,18,11,2.0,4096,0.001,True,1.5,1024,512,1200,0.6799702048301697,0.6740767499024514,0.6860369097761577,-0.76025390625,0.0,0.119873046875,0.880126953125,0.3876541554927826,0.2923160493373871,0.06934486222496553,4027.2140072101015,0.42162302136421204,0.3091816306114197,0.9921103211326416,0.7251155155500328,0.9791580469540018,1895.33984375,0.46272945404052734,0.0,0.3163299858570099
pali,pixelprose,final_quarter,False,5,0.7142857142857142,18,18,18,11,4.0,4096,0.0003,False,1.1,1024,512,1200,0.5835320949554443,0.5782653748174198,0.5882763069952489,0.169189453125,0.00634765625,0.17041015625,0.007568359375,0.3375362157821655,0.24599589407444,0.8635398175052849,599.0869137998767,0.6001387238502502,0.7491586804389954,0.9940946450093122,0.978549841390648,0.9935558693624741,611.47265625,0.14928531646728516,0.8251953125,0.7200627326965332
pali,pixelprose,final_quarter,False,5,0.7142857142857142,18,18,18,11,4.0,4096,0.0003,False,1.25,1024,512,1200,0.5835320949554443,0.5782653748174198,0.5882763069952489,0.109130859375,0.005859375,0.140869140625,0.03759765625,0.3375362157821655,0.24599589407444,0.8635398175052849,599.0869137998767,0.6001387238502502,0.7491586804389954,0.9940946450093122,0.978549841390648,0.9935558693624741,611.47265625,0.14928531646728516,0.8251953125,0.7200627326965332
pali,pixelprose,final_quarter,False,5,0.7142857142857142,18,18,18,11,4.0,4096,0.0003,False,1.5,1024,512,1200,0.5835320949554443,0.5782653748174198,0.5882763069952489,-0.083740234375,0.005615234375,0.044677734375,0.134033203125,0.3375362157821655,0.24599589407444,0.8635398175052849,599.0869137998767,0.6001387238502502,0.7491586804389954,0.9940946450093122,0.978549841390648,0.9935558693624741,611.47265625,0.14928531646728516,0.8251953125,0.7200627326965332
pali,pixelprose,final_quarter,False,5,0.7142857142857142,18,18,18,11,4.0,4096,0.0003,True,1.1,1024,512,1200,0.6834481954574585,0.6771237826978904,0.6894742575648707,0.9462890625,0.0,0.97314453125,0.02685546875,0.38933324813842773,0.29411497712135315,0.07000283299998192,4023.1173022210205,0.4172450006008148,0.31200355291366577,0.9944739157966412,0.7268420721294881,0.967219143869928,1891.90234375,0.46189022064208984,0.0,0.3168969750404358
pali,pixelprose,final_quarter,False,5,0.7142857142857142,18,18,18,11,4.0,4096,0.0003,True,1.25,1024,512,1200,0.6834481954574585,0.6771237826978904,0.6894742575648707,0.369140625,0.0,0.6845703125,0.3154296875,0.38933324813842773,0.29411497712135315,0.07000283299998192,4023.1173022210205,0.4172450006008148,0.31200355291366577,0.9944739157966412,0.7268420721294881,0.967219143869928,1891.90234375,0.46189022064208984,0.0,0.3168969750404358
pali,pixelprose,final_quarter,False,5,0.7142857142857142,18,18,18,11,4.0,4096,0.0003,True,1.5,1024,512,1200,0.6834481954574585,0.6771237826978904,0.6894742575648707,-0.76318359375,0.0,0.118408203125,0.881591796875,0.38933324813842773,0.29411497712135315,0.07000283299998192,4023.1173022210205,0.4172450006008148,0.31200355291366577,0.9944739157966412,0.7268420721294881,0.967219143869928,1891.90234375,0.46189022064208984,0.0,0.3168969750404358
pali,pixelprose,final_quarter,False,5,0.7142857142857142,18,18,18,11,4.0,4096,0.001,False,1.1,1024,512,1200,0.5821486711502075,0.5769086826199782,0.5868647646755563,0.169189453125,0.00634765625,0.17041015625,0.007568359375,0.33663198351860046,0.24551674723625183,0.8634674791795287,598.148951364663,0.5960090160369873,0.7315290570259094,0.9941395981885041,0.9785841671580107,0.9930061520367118,611.140625,0.14920425415039062,0.8251953125,0.7150481939315796
pali,pixelprose,final_quarter,False,5,0.7142857142857142,18,18,18,11,4.0,4096,0.001,False,1.25,1024,512,1200,0.5821486711502075,0.5769086826199782,0.5868647646755563,0.110107421875,0.006103515625,0.14111328125,0.037109375,0.33663198351860046,0.24551674723625183,0.8634674791795287,598.148951364663,0.5960090160369873,0.7315290570259094,0.9941395981885041,0.9785841671580107,0.9930061520367118,611.140625,0.14920425415039062,0.8251953125,0.7150481939315796
pali,pixelprose,final_quarter,False,5,0.7142857142857142,18,18,18,11,4.0,4096,0.001,False,1.5,1024,512,1200,0.5821486711502075,0.5769086826199782,0.5868647646755563,-0.085205078125,0.005615234375,0.0439453125,0.134765625,0.33663198351860046,0.24551674723625183,0.8634674791795287,598.148951364663,0.5960090160369873,0.7315290570259094,0.9941395981885041,0.9785841671580107,0.9930061520367118,611.140625,0.14920425415039062,0.8251953125,0.7150481939315796
pali,pixelprose,final_quarter,False,5,0.7142857142857142,18,18,18,11,4.0,4096,0.001,True,1.1,1024,512,1200,0.6799702048301697,0.6740767499024514,0.6860369097761577,0.94091796875,0.0,0.970458984375,0.029541015625,0.3876541554927826,0.2923160493373871,0.06934486222496553,4027.2140072101015,0.42162302136421204,0.3091816306114197,0.9921103211326416,0.7251155155500328,0.9791580469540018,1895.33984375,0.46272945404052734,0.0,0.3163299858570099
pali,pixelprose,final_quarter,False,5,0.7142857142857142,18,18,18,11,4.0,4096,0.001,True,1.25,1024,512,1200,0.6799702048301697,0.6740767499024514,0.6860369097761577,0.37939453125,0.0,0.689697265625,0.310302734375,0.3876541554927826,0.2923160493373871,0.06934486222496553,4027.2140072101015,0.42162302136421204,0.3091816306114197,0.9921103211326416,0.7251155155500328,0.9791580469540018,1895.33984375,0.46272945404052734,0.0,0.3163299858570099
pali,pixelprose,final_quarter,False,5,0.7142857142857142,18,18,18,11,4.0,4096,0.001,True,1.5,1024,512,1200,0.6799702048301697,0.6740767499024514,0.6860369097761577,-0.76025390625,0.0,0.119873046875,0.880126953125,0.3876541554927826,0.2923160493373871,0.06934486222496553,4027.2140072101015,0.42162302136421204,0.3091816306114197,0.9921103211326416,0.7251155155500328,0.9791580469540018,1895.33984375,0.46272945404052734,0.0,0.3163299858570099
pali,pixelprose,final_quarter,False,5,0.7142857142857142,18,18,18,23,2.0,4096,0.0003,False,1.1,1024,512,1200,0.5809966921806335,0.5756523303527501,0.585991437001212,0.165771484375,0.005859375,0.16796875,0.008056640625,0.3347684144973755,0.24622824788093567,0.8636560100379932,587.3811394138437,0.5842809081077576,0.7660273909568787,0.9939603545631839,0.9785780180340784,0.9942637766427961,604.232421875,0.14751768112182617,0.827392578125,0.7257761359214783
pali,pixelprose,final_quarter,False,5,0.7142857142857142,18,18,18,23,2.0,4096,0.0003,False,1.25,1024,512,1200,0.5809966921806335,0.5756523303527501,0.585991437001212,0.106201171875,0.005859375,0.13818359375,0.037841796875,0.3347684144973755,0.24622824788093567,0.8636560100379932,587.3811394138437,0.5842809081077576,0.7660273909568787,0.9939603545631839,0.9785780180340784,0.9942637766427961,604.232421875,0.14751768112182617,0.827392578125,0.7257761359214783
pali,pixelprose,final_quarter,False,5,0.7142857142857142,18,18,18,23,2.0,4096,0.0003,False,1.5,1024,512,1200,0.5809966921806335,0.5756523303527501,0.585991437001212,-0.092529296875,0.00537109375,0.039306640625,0.13720703125,0.3347684144973755,0.24622824788093567,0.8636560100379932,587.3811394138437,0.5842809081077576,0.7660273909568787,0.9939603545631839,0.9785780180340784,0.9942637766427961,604.232421875,0.14751768112182617,0.827392578125,0.7257761359214783
pali,pixelprose,final_quarter,False,5,0.7142857142857142,18,18,18,23,2.0,4096,0.0003,True,1.1,1024,512,1200,0.7036820650100708,0.6980038347363007,0.7097435829229652,0.9482421875,0.0,0.97412109375,0.02587890625,0.40143078565597534,0.30225127935409546,0.0714850710791998,4009.611864869804,0.44484788179397583,0.31177034974098206,0.9921298677727801,0.7252769997555828,0.9907620469124456,1908.15625,0.46585845947265625,0.0,0.3260331153869629
pali,pixelprose,final_quarter,False,5,0.7142857142857142,18,18,18,23,2.0,4096,0.0003,True,1.25,1024,512,1200,0.7036820650100708,0.6980038347363007,0.7097435829229652,0.39697265625,0.0,0.698486328125,0.301513671875,0.40143078565597534,0.30225127935409546,0.0714850710791998,4009.611864869804,0.44484788179397583,0.31177034974098206,0.9921298677727801,0.7252769997555828,0.9907620469124456,1908.15625,0.46585845947265625,0.0,0.3260331153869629
pali,pixelprose,final_quarter,False,5,0.7142857142857142,18,18,18,23,2.0,4096,0.0003,True,1.5,1024,512,1200,0.7036820650100708,0.6980038347363007,0.7097435829229652,-0.74853515625,0.0,0.125732421875,0.874267578125,0.40143078565597534,0.30225127935409546,0.0714850710791998,4009.611864869804,0.44484788179397583,0.31177034974098206,0.9921298677727801,0.7252769997555828,0.9907620469124456,1908.15625,0.46585845947265625,0.0,0.3260331153869629
pali,pixelprose,final_quarter,False,5,0.7142857142857142,18,18,18,23,2.0,4096,0.001,False,1.1,1024,512,1200,0.5797622203826904,0.5744463004157296,0.58474594346917,0.165771484375,0.005859375,0.16796875,0.008056640625,0.3340350389480591,0.24572724103927612,0.863359732440546,586.6616539610836,0.5776046514511108,0.7669627666473389,0.9939447711441936,0.9785588237970173,0.9939253367297062,603.7421875,0.1473979949951172,0.827392578125,0.7170102000236511
pali,pixelprose,final_quarter,False,5,0.7142857142857142,18,18,18,23,2.0,4096,0.001,False,1.25,1024,512,1200,0.5797622203826904,0.5744463004157296,0.58474594346917,0.104736328125,0.005859375,0.137451171875,0.03857421875,0.3340350389480591,0.24572724103927612,0.863359732440546,586.6616539610836,0.5776046514511108,0.7669627666473389,0.9939447711441936,0.9785588237970173,0.9939253367297062,603.7421875,0.1473979949951172,0.827392578125,0.7170102000236511
pali,pixelprose,final_quarter,False,5,0.7142857142857142,18,18,18,23,2.0,4096,0.001,False,1.5,1024,512,1200,0.5797622203826904,0.5744463004157296,0.58474594346917,-0.093994140625,0.00537109375,0.03857421875,0.137939453125,0.3340350389480591,0.24572724103927612,0.863359732440546,586.6616539610836,0.5776046514511108,0.7669627666473389,0.9939447711441936,0.9785588237970173,0.9939253367297062,603.7421875,0.1473979949951172,0.827392578125,0.7170102000236511
pali,pixelprose,final_quarter,False,5,0.7142857142857142,18,18,18,23,2.0,4096,0.001,True,1.1,1024,512,1200,0.6984039545059204,0.6927216990676243,0.7041414180101129,0.9404296875,0.0,0.97021484375,0.02978515625,0.3979538083076477,0.3004502058029175,0.06880730604344587,4024.960323270437,0.4418342411518097,0.3121616244316101,0.9934036487732212,0.7253774596797047,0.9955346308899871,1907.10546875,0.46560192108154297,0.0,0.322120726108551
pali,pixelprose,final_quarter,False,5,0.7142857142857142,18,18,18,23,2.0,4096,0.001,True,1.25,1024,512,1200,0.6984039545059204,0.6927216990676243,0.7041414180101129,0.38525390625,0.0,0.692626953125,0.307373046875,0.3979538083076477,0.3004502058029175,0.06880730604344587,4024.960323270437,0.4418342411518097,0.3121616244316101,0.9934036487732212,0.7253774596797047,0.9955346308899871,1907.10546875,0.46560192108154297,0.0,0.322120726108551
pali,pixelprose,final_quarter,False,5,0.7142857142857142,18,18,18,23,2.0,4096,0.001,True,1.5,1024,512,1200,0.6984039545059204,0.6927216990676243,0.7041414180101129,-0.76025390625,0.0,0.119873046875,0.880126953125,0.3979538083076477,0.3004502058029175,0.06880730604344587,4024.960323270437,0.4418342411518097,0.3121616244316101,0.9934036487732212,0.7253774596797047,0.9955346308899871,1907.10546875,0.46560192108154297,0.0,0.322120726108551
pali,pixelprose,final_quarter,False,5,0.7142857142857142,18,18,18,23,4.0,4096,0.0003,False,1.1,1024,512,1200,0.5809966921806335,0.5756523303527501,0.585991437001212,0.165771484375,0.005859375,0.16796875,0.008056640625,0.3347684144973755,0.24622824788093567,0.8636560100379932,587.3811394138437,0.5842809081077576,0.7660273909568787,0.9939603545631839,0.9785780180340784,0.9942637766427961,604.232421875,0.14751768112182617,0.827392578125,0.7257761359214783
pali,pixelprose,final_quarter,False,5,0.7142857142857142,18,18,18,23,4.0,4096,0.0003,False,1.25,1024,512,1200,0.5809966921806335,0.5756523303527501,0.585991437001212,0.106201171875,0.005859375,0.13818359375,0.037841796875,0.3347684144973755,0.24622824788093567,0.8636560100379932,587.3811394138437,0.5842809081077576,0.7660273909568787,0.9939603545631839,0.9785780180340784,0.9942637766427961,604.232421875,0.14751768112182617,0.827392578125,0.7257761359214783
pali,pixelprose,final_quarter,False,5,0.7142857142857142,18,18,18,23,4.0,4096,0.0003,False,1.5,1024,512,1200,0.5809966921806335,0.5756523303527501,0.585991437001212,-0.092529296875,0.00537109375,0.039306640625,0.13720703125,0.3347684144973755,0.24622824788093567,0.8636560100379932,587.3811394138437,0.5842809081077576,0.7660273909568787,0.9939603545631839,0.9785780180340784,0.9942637766427961,604.232421875,0.14751768112182617,0.827392578125,0.7257761359214783
pali,pixelprose,final_quarter,False,5,0.7142857142857142,18,18,18,23,4.0,4096,0.0003,True,1.1,1024,512,1200,0.7036820650100708,0.6980038347363007,0.7097435829229652,0.9482421875,0.0,0.97412109375,0.02587890625,0.40143078565597534,0.30225127935409546,0.0714850710791998,4009.611864869804,0.44484788179397583,0.31177034974098206,0.9921298677727801,0.7252769997555828,0.9907620469124456,1908.15625,0.46585845947265625,0.0,0.3260331153869629
pali,pixelprose,final_quarter,False,5,0.7142857142857142,18,18,18,23,4.0,4096,0.0003,True,1.25,1024,512,1200,0.7036820650100708,0.6980038347363007,0.7097435829229652,0.39697265625,0.0,0.698486328125,0.301513671875,0.40143078565597534,0.30225127935409546,0.0714850710791998,4009.611864869804,0.44484788179397583,0.31177034974098206,0.9921298677727801,0.7252769997555828,0.9907620469124456,1908.15625,0.46585845947265625,0.0,0.3260331153869629
pali,pixelprose,final_quarter,False,5,0.7142857142857142,18,18,18,23,4.0,4096,0.0003,True,1.5,1024,512,1200,0.7036820650100708,0.6980038347363007,0.7097435829229652,-0.74853515625,0.0,0.125732421875,0.874267578125,0.40143078565597534,0.30225127935409546,0.0714850710791998,4009.611864869804,0.44484788179397583,0.31177034974098206,0.9921298677727801,0.7252769997555828,0.9907620469124456,1908.15625,0.46585845947265625,0.0,0.3260331153869629
pali,pixelprose,final_quarter,False,5,0.7142857142857142,18,18,18,23,4.0,4096,0.001,False,1.1,1024,512,1200,0.5797622203826904,0.5744463004157296,0.58474594346917,0.165771484375,0.005859375,0.16796875,0.008056640625,0.3340350389480591,0.24572724103927612,0.863359732440546,586.6616539610836,0.5776046514511108,0.7669627666473389,0.9939447711441936,0.9785588237970173,0.9939253367297062,603.7421875,0.1473979949951172,0.827392578125,0.7170102000236511
pali,pixelprose,final_quarter,False,5,0.7142857142857142,18,18,18,23,4.0,4096,0.001,False,1.25,1024,512,1200,0.5797622203826904,0.5744463004157296,0.58474594346917,0.104736328125,0.005859375,0.137451171875,0.03857421875,0.3340350389480591,0.24572724103927612,0.863359732440546,586.6616539610836,0.5776046514511108,0.7669627666473389,0.9939447711441936,0.9785588237970173,0.9939253367297062,603.7421875,0.1473979949951172,0.827392578125,0.7170102000236511
pali,pixelprose,final_quarter,False,5,0.7142857142857142,18,18,18,23,4.0,4096,0.001,False,1.5,1024,512,1200,0.5797622203826904,0.5744463004157296,0.58474594346917,-0.093994140625,0.00537109375,0.03857421875,0.137939453125,0.3340350389480591,0.24572724103927612,0.863359732440546,586.6616539610836,0.5776046514511108,0.7669627666473389,0.9939447711441936,0.9785588237970173,0.9939253367297062,603.7421875,0.1473979949951172,0.827392578125,0.7170102000236511
pali,pixelprose,final_quarter,False,5,0.7142857142857142,18,18,18,23,4.0,4096,0.001,True,1.1,1024,512,1200,0.6984039545059204,0.6927216990676243,0.7041414180101129,0.9404296875,0.0,0.97021484375,0.02978515625,0.3979538083076477,0.3004502058029175,0.06880730604344587,4024.960323270437,0.4418342411518097,0.3121616244316101,0.9934036487732212,0.7253774596797047,0.9955346308899871,1907.10546875,0.46560192108154297,0.0,0.322120726108551
pali,pixelprose,final_quarter,False,5,0.7142857142857142,18,18,18,23,4.0,4096,0.001,True,1.25,1024,512,1200,0.6984039545059204,0.6927216990676243,0.7041414180101129,0.38525390625,0.0,0.692626953125,0.307373046875,0.3979538083076477,0.3004502058029175,0.06880730604344587,4024.960323270437,0.4418342411518097,0.3121616244316101,0.9934036487732212,0.7253774596797047,0.9955346308899871,1907.10546875,0.46560192108154297,0.0,0.322120726108551
pali,pixelprose,final_quarter,False,5,0.7142857142857142,18,18,18,23,4.0,4096,0.001,True,1.5,1024,512,1200,0.6984039545059204,0.6927216990676243,0.7041414180101129,-0.76025390625,0.0,0.119873046875,0.880126953125,0.3979538083076477,0.3004502058029175,0.06880730604344587,4024.960323270437,0.4418342411518097,0.3121616244316101,0.9934036487732212,0.7253774596797047,0.9955346308899871,1907.10546875,0.46560192108154297,0.0,0.322120726108551
pali,pixelprose,final_quarter,False,5,0.7142857142857142,18,18,18,37,2.0,4096,0.0003,False,1.1,1024,512,1200,0.5826913118362427,0.5779034646926448,0.5880347595681087,0.167724609375,0.005859375,0.170654296875,0.0087890625,0.3359905481338501,0.24670076370239258,0.8626415300743728,600.2845159624594,0.5913854837417603,0.7706735134124756,0.9940135898391818,0.978691457456826,0.9939614981734605,612.78515625,0.14960575103759766,0.82470703125,0.7230457067489624
pali,pixelprose,final_quarter,False,5,0.7142857142857142,18,18,18,37,2.0,4096,0.0003,False,1.25,1024,512,1200,0.5826913118362427,0.5779034646926448,0.5880347595681087,0.101806640625,0.005859375,0.1376953125,0.041748046875,0.3359905481338501,0.24670076370239258,0.8626415300743728,600.2845159624594,0.5913854837417603,0.7706735134124756,0.9940135898391818,0.978691457456826,0.9939614981734605,612.78515625,0.14960575103759766,0.82470703125,0.7230457067489624
pali,pixelprose,final_quarter,False,5,0.7142857142857142,18,18,18,37,2.0,4096,0.0003,False,1.5,1024,512,1200,0.5826913118362427,0.5779034646926448,0.5880347595681087,-0.089599609375,0.00537109375,0.04248046875,0.137451171875,0.3359905481338501,0.24670076370239258,0.8626415300743728,600.2845159624594,0.5913854837417603,0.7706735134124756,0.9940135898391818,0.978691457456826,0.9939614981734605,612.78515625,0.14960575103759766,0.82470703125,0.7230457067489624
pali,pixelprose,final_quarter,False,5,0.7142857142857142,18,18,18,37,2.0,4096,0.0003,True,1.1,1024,512,1200,0.7013490200042725,0.6962268070754363,0.7076551676378585,0.94775390625,0.0,0.973876953125,0.026123046875,0.39992523193359375,0.3014237582683563,0.07016697733900715,4024.1164683210504,0.4027698040008545,0.30771562457084656,0.9936653994071176,0.7252659233288321,0.9952925961191826,1903.765625,0.4647865295410156,0.0,0.323015421628952
pali,pixelprose,final_quarter,False,5,0.7142857142857142,18,18,18,37,2.0,4096,0.0003,True,1.25,1024,512,1200,0.7013490200042725,0.6962268070754363,0.7076551676378585,0.38720703125,0.0,0.693603515625,0.306396484375,0.39992523193359375,0.3014237582683563,0.07016697733900715,4024.1164683210504,0.4027698040008545,0.30771562457084656,0.9936653994071176,0.7252659233288321,0.9952925961191826,1903.765625,0.4647865295410156,0.0,0.323015421628952
pali,pixelprose,final_quarter,False,5,0.7142857142857142,18,18,18,37,2.0,4096,0.0003,True,1.5,1024,512,1200,0.7013490200042725,0.6962268070754363,0.7076551676378585,-0.763671875,0.0,0.1181640625,0.8818359375,0.39992523193359375,0.3014237582683563,0.07016697733900715,4024.1164683210504,0.4027698040008545,0.30771562457084656,0.9936653994071176,0.7252659233288321,0.9952925961191826,1903.765625,0.4647865295410156,0.0,0.323015421628952
pali,pixelprose,final_quarter,False,5,0.7142857142857142,18,18,18,37,2.0,4096,0.001,False,1.1,1024,512,1200,0.5807592868804932,0.5760053013582365,0.5860626782625331,0.16845703125,0.006103515625,0.1708984375,0.008544921875,0.33478444814682007,0.2459748387336731,0.8624554865191253,599.0181985893893,0.5881896615028381,0.7588250637054443,0.9939508913998194,0.9786124078756728,0.9940795646251888,611.908203125,0.14939165115356445,0.82470703125,0.7129691243171692
pali,pixelprose,final_quarter,False,5,0.7142857142857142,18,18,18,37,2.0,4096,0.001,False,1.25,1024,512,1200,0.5807592868804932,0.5760053013582365,0.5860626782625331,0.10205078125,0.006103515625,0.1376953125,0.041748046875,0.33478444814682007,0.2459748387336731,0.8624554865191253,599.0181985893893,0.5881896615028381,0.7588250637054443,0.9939508913998194,0.9786124078756728,0.9940795646251888,611.908203125,0.14939165115356445,0.82470703125,0.7129691243171692
pali,pixelprose,final_quarter,False,5,0.7142857142857142,18,18,18,37,2.0,4096,0.001,False,1.5,1024,512,1200,0.5807592868804932,0.5760053013582365,0.5860626782625331,-0.08837890625,0.005615234375,0.04296875,0.136962890625,0.33478444814682007,0.2459748387336731,0.8624554865191253,599.0181985893893,0.5881896615028381,0.7588250637054443,0.9939508913998194,0.9786124078756728,0.9940795646251888,611.908203125,0.14939165115356445,0.82470703125,0.7129691243171692
pali,pixelprose,final_quarter,False,5,0.7142857142857142,18,18,18,37,2.0,4096,0.001,True,1.1,1024,512,1200,0.6957294344902039,0.6905239418381826,0.7020478981285123,0.931640625,0.0,0.9658203125,0.0341796875,0.3955216109752655,0.30020785331726074,0.0735936728115334,4015.9776518169137,0.37104058265686035,0.3029431104660034,0.9916851109289606,0.7223581682859428,0.9971453235930944,1902.181640625,0.4643998146057129,0.0,0.3199974596500397
pali,pixelprose,final_quarter,False,5,0.7142857142857142,18,18,18,37,2.0,4096,0.001,True,1.25,1024,512,1200,0.6957294344902039,0.6905239418381826,0.7020478981285123,0.34716796875,0.0,0.673583984375,0.326416015625,0.3955216109752655,0.30020785331726074,0.0735936728115334,4015.9776518169137,0.37104058265686035,0.3029431104660034,0.9916851109289606,0.7223581682859428,0.9971453235930944,1902.181640625,0.4643998146057129,0.0,0.3199974596500397
pali,pixelprose,final_quarter,False,5,0.7142857142857142,18,18,18,37,2.0,4096,0.001,True,1.5,1024,512,1200,0.6957294344902039,0.6905239418381826,0.7020478981285123,-0.79638671875,0.0,0.101806640625,0.898193359375,0.3955216109752655,0.30020785331726074,0.0735936728115334,4015.9776518169137,0.37104058265686035,0.3029431104660034,0.9916851109289606,0.7223581682859428,0.9971453235930944,1902.181640625,0.4643998146057129,0.0,0.3199974596500397
pali,pixelprose,final_quarter,False,5,0.7142857142857142,18,18,18,37,4.0,4096,0.0003,False,1.1,1024,512,1200,0.5826913118362427,0.5779034646926448,0.5880347595681087,0.167724609375,0.005859375,0.170654296875,0.0087890625,0.3359905481338501,0.24670076370239258,0.8626415300743728,600.2845159624594,0.5913854837417603,0.7706735134124756,0.9940135898391818,0.978691457456826,0.9939614981734605,612.78515625,0.14960575103759766,0.82470703125,0.7230457067489624
pali,pixelprose,final_quarter,False,5,0.7142857142857142,18,18,18,37,4.0,4096,0.0003,False,1.25,1024,512,1200,0.5826913118362427,0.5779034646926448,0.5880347595681087,0.101806640625,0.005859375,0.1376953125,0.041748046875,0.3359905481338501,0.24670076370239258,0.8626415300743728,600.2845159624594,0.5913854837417603,0.7706735134124756,0.9940135898391818,0.978691457456826,0.9939614981734605,612.78515625,0.14960575103759766,0.82470703125,0.7230457067489624
pali,pixelprose,final_quarter,False,5,0.7142857142857142,18,18,18,37,4.0,4096,0.0003,False,1.5,1024,512,1200,0.5826913118362427,0.5779034646926448,0.5880347595681087,-0.089599609375,0.00537109375,0.04248046875,0.137451171875,0.3359905481338501,0.24670076370239258,0.8626415300743728,600.2845159624594,0.5913854837417603,0.7706735134124756,0.9940135898391818,0.978691457456826,0.9939614981734605,612.78515625,0.14960575103759766,0.82470703125,0.7230457067489624
pali,pixelprose,final_quarter,False,5,0.7142857142857142,18,18,18,37,4.0,4096,0.0003,True,1.1,1024,512,1200,0.7013490200042725,0.6962268070754363,0.7076551676378585,0.94775390625,0.0,0.973876953125,0.026123046875,0.39992523193359375,0.3014237582683563,0.07016697733900715,4024.1164683210504,0.4027698040008545,0.30771562457084656,0.9936653994071176,0.7252659233288321,0.9952925961191826,1903.765625,0.4647865295410156,0.0,0.323015421628952
pali,pixelprose,final_quarter,False,5,0.7142857142857142,18,18,18,37,4.0,4096,0.0003,True,1.25,1024,512,1200,0.7013490200042725,0.6962268070754363,0.7076551676378585,0.38720703125,0.0,0.693603515625,0.306396484375,0.39992523193359375,0.3014237582683563,0.07016697733900715,4024.1164683210504,0.4027698040008545,0.30771562457084656,0.9936653994071176,0.7252659233288321,0.9952925961191826,1903.765625,0.4647865295410156,0.0,0.323015421628952
pali,pixelprose,final_quarter,False,5,0.7142857142857142,18,18,18,37,4.0,4096,0.0003,True,1.5,1024,512,1200,0.7013490200042725,0.6962268070754363,0.7076551676378585,-0.763671875,0.0,0.1181640625,0.8818359375,0.39992523193359375,0.3014237582683563,0.07016697733900715,4024.1164683210504,0.4027698040008545,0.30771562457084656,0.9936653994071176,0.7252659233288321,0.9952925961191826,1903.765625,0.4647865295410156,0.0,0.323015421628952
pali,pixelprose,final_quarter,False,5,0.7142857142857142,18,18,18,37,4.0,4096,0.001,False,1.1,1024,512,1200,0.5807592868804932,0.5760053013582365,0.5860626782625331,0.16845703125,0.006103515625,0.1708984375,0.008544921875,0.33478444814682007,0.2459748387336731,0.8624554865191253,599.0181985893893,0.5881896615028381,0.7588250637054443,0.9939508913998194,0.9786124078756728,0.9940795646251888,611.908203125,0.14939165115356445,0.82470703125,0.7129691243171692
pali,pixelprose,final_quarter,False,5,0.7142857142857142,18,18,18,37,4.0,4096,0.001,False,1.25,1024,512,1200,0.5807592868804932,0.5760053013582365,0.5860626782625331,0.10205078125,0.006103515625,0.1376953125,0.041748046875,0.33478444814682007,0.2459748387336731,0.8624554865191253,599.0181985893893,0.5881896615028381,0.7588250637054443,0.9939508913998194,0.9786124078756728,0.9940795646251888,611.908203125,0.14939165115356445,0.82470703125,0.7129691243171692
pali,pixelprose,final_quarter,False,5,0.7142857142857142,18,18,18,37,4.0,4096,0.001,False,1.5,1024,512,1200,0.5807592868804932,0.5760053013582365,0.5860626782625331,-0.08837890625,0.005615234375,0.04296875,0.136962890625,0.33478444814682007,0.2459748387336731,0.8624554865191253,599.0181985893893,0.5881896615028381,0.7588250637054443,0.9939508913998194,0.9786124078756728,0.9940795646251888,611.908203125,0.14939165115356445,0.82470703125,0.7129691243171692
pali,pixelprose,final_quarter,False,5,0.7142857142857142,18,18,18,37,4.0,4096,0.001,True,1.1,1024,512,1200,0.6957294344902039,0.6905239418381826,0.7020478981285123,0.931640625,0.0,0.9658203125,0.0341796875,0.3955216109752655,0.30020785331726074,0.0735936728115334,4015.9776518169137,0.37104058265686035,0.3029431104660034,0.9916851109289606,0.7223581682859428,0.9971453235930944,1902.181640625,0.4643998146057129,0.0,0.3199974596500397
pali,pixelprose,final_quarter,False,5,0.7142857142857142,18,18,18,37,4.0,4096,0.001,True,1.25,1024,512,1200,0.6957294344902039,0.6905239418381826,0.7020478981285123,0.34716796875,0.0,0.673583984375,0.326416015625,0.3955216109752655,0.30020785331726074,0.0735936728115334,4015.9776518169137,0.37104058265686035,0.3029431104660034,0.9916851109289606,0.7223581682859428,0.9971453235930944,1902.181640625,0.4643998146057129,0.0,0.3199974596500397
pali,pixelprose,final_quarter,False,5,0.7142857142857142,18,18,18,37,4.0,4096,0.001,True,1.5,1024,512,1200,0.6957294344902039,0.6905239418381826,0.7020478981285123,-0.79638671875,0.0,0.101806640625,0.898193359375,0.3955216109752655,0.30020785331726074,0.0735936728115334,4015.9776518169137,0.37104058265686035,0.3029431104660034,0.9916851109289606,0.7223581682859428,0.9971453235930944,1902.181640625,0.4643998146057129,0.0,0.3199974596500397
pali,pixelprose,final_quarter,False,6,0.8571428571428571,21,21,21,11,2.0,4096,0.0003,False,1.1,1024,512,1200,0.8074011206626892,0.8006714137125528,0.8150567418459105,0.15576171875,0.005615234375,0.15625,0.006103515625,0.47560733556747437,0.33179381489753723,0.8748302710384407,550.3934748489403,0.7860332727432251,1.1452763080596924,0.9933092993448044,0.9759688609655398,0.9941337208282249,546.474609375,0.13341665267944336,0.838623046875,0.9674891233444214
pali,pixelprose,final_quarter,False,6,0.8571428571428571,21,21,21,11,2.0,4096,0.0003,False,1.25,1024,512,1200,0.8074011206626892,0.8006714137125528,0.8150567418459105,0.13037109375,0.005126953125,0.14404296875,0.018798828125,0.47560733556747437,0.33179381489753723,0.8748302710384407,550.3934748489403,0.7860332727432251,1.1452763080596924,0.9933092993448044,0.9759688609655398,0.9941337208282249,546.474609375,0.13341665267944336,0.838623046875,0.9674891233444214
pali,pixelprose,final_quarter,False,6,0.8571428571428571,21,21,21,11,2.0,4096,0.0003,False,1.5,1024,512,1200,0.8074011206626892,0.8006714137125528,0.8150567418459105,-0.0556640625,0.0048828125,0.05126953125,0.11181640625,0.47560733556747437,0.33179381489753723,0.8748302710384407,550.3934748489403,0.7860332727432251,1.1452763080596924,0.9933092993448044,0.9759688609655398,0.9941337208282249,546.474609375,0.13341665267944336,0.838623046875,0.9674891233444214
pali,pixelprose,final_quarter,False,6,0.8571428571428571,21,21,21,11,2.0,4096,0.0003,True,1.1,1024,512,1200,0.6591352820396423,0.6538700191886164,0.6648532509745564,0.98583984375,0.0,0.992919921875,0.007080078125,0.38419580459594727,0.27493947744369507,0.07170786638384959,4017.406374035002,0.42305314540863037,0.3100641369819641,0.9951388462446221,0.7621240977420771,0.9916216294296423,1886.931640625,0.4606766700744629,0.0,0.31862086057662964
pali,pixelprose,final_quarter,False,6,0.8571428571428571,21,21,21,11,2.0,4096,0.0003,True,1.25,1024,512,1200,0.6591352820396423,0.6538700191886164,0.6648532509745564,0.69921875,0.0,0.849609375,0.150390625,0.38419580459594727,0.27493947744369507,0.07170786638384959,4017.406374035002,0.42305314540863037,0.3100641369819641,0.9951388462446221,0.7621240977420771,0.9916216294296423,1886.931640625,0.4606766700744629,0.0,0.31862086057662964
pali,pixelprose,final_quarter,False,6,0.8571428571428571,21,21,21,11,2.0,4096,0.0003,True,1.5,1024,512,1200,0.6591352820396423,0.6538700191886164,0.6648532509745564,-0.5400390625,0.0,0.22998046875,0.77001953125,0.38419580459594727,0.27493947744369507,0.07170786638384959,4017.406374035002,0.42305314540863037,0.3100641369819641,0.9951388462446221,0.7621240977420771,0.9916216294296423,1886.931640625,0.4606766700744629,0.0,0.31862086057662964
pali,pixelprose,final_quarter,False,6,0.8571428571428571,21,21,21,11,2.0,4096,0.001,False,1.1,1024,512,1200,0.8042941689491272,0.7975825674046064,0.8119320914905984,0.1552734375,0.00537109375,0.15625,0.00634765625,0.4738091826438904,0.33048495650291443,0.874877204258528,550.3633863241342,0.777407705783844,1.1415594816207886,0.9928503184823224,0.9755374326996589,0.9940220779583977,544.498046875,0.1329340934753418,0.838623046875,0.9462098479270935
pali,pixelprose,final_quarter,False,6,0.8571428571428571,21,21,21,11,2.0,4096,0.001,False,1.25,1024,512,1200,0.8042941689491272,0.7975825674046064,0.8119320914905984,0.1318359375,0.005126953125,0.144775390625,0.01806640625,0.4738091826438904,0.33048495650291443,0.874877204258528,550.3633863241342,0.777407705783844,1.1415594816207886,0.9928503184823224,0.9755374326996589,0.9940220779583977,544.498046875,0.1329340934753418,0.838623046875,0.9462098479270935
pali,pixelprose,final_quarter,False,6,0.8571428571428571,21,21,21,11,2.0,4096,0.001,False,1.5,1024,512,1200,0.8042941689491272,0.7975825674046064,0.8119320914905984,-0.056640625,0.0048828125,0.05078125,0.1123046875,0.4738091826438904,0.33048495650291443,0.874877204258528,550.3633863241342,0.777407705783844,1.1415594816207886,0.9928503184823224,0.9755374326996589,0.9940220779583977,544.498046875,0.1329340934753418,0.838623046875,0.9462098479270935
pali,pixelprose,final_quarter,False,6,0.8571428571428571,21,21,21,11,2.0,4096,0.001,True,1.1,1024,512,1200,0.6497936844825745,0.6446189365553436,0.6555920457321918,0.98486328125,0.0,0.992431640625,0.007568359375,0.3785554766654968,0.27123820781707764,0.07259252269568259,4013.3089598325028,0.41929852962493896,0.30674609541893005,0.9947116904965352,0.7622618114554499,0.9951858866129716,1877.10546875,0.45827770233154297,0.0,0.31329527497291565
pali,pixelprose,final_quarter,False,6,0.8571428571428571,21,21,21,11,2.0,4096,0.001,True,1.25,1024,512,1200,0.6497936844825745,0.6446189365553436,0.6555920457321918,0.69580078125,0.0,0.847900390625,0.152099609375,0.3785554766654968,0.27123820781707764,0.07259252269568259,4013.3089598325028,0.41929852962493896,0.30674609541893005,0.9947116904965352,0.7622618114554499,0.9951858866129716,1877.10546875,0.45827770233154297,0.0,0.31329527497291565
pali,pixelprose,final_quarter,False,6,0.8571428571428571,21,21,21,11,2.0,4096,0.001,True,1.5,1024,512,1200,0.6497936844825745,0.6446189365553436,0.6555920457321918,-0.541015625,0.0,0.2294921875,0.7705078125,0.3785554766654968,0.27123820781707764,0.07259252269568259,4013.3089598325028,0.41929852962493896,0.30674609541893005,0.9947116904965352,0.7622618114554499,0.9951858866129716,1877.10546875,0.45827770233154297,0.0,0.31329527497291565
pali,pixelprose,final_quarter,False,6,0.8571428571428571,21,21,21,11,4.0,4096,0.0003,False,1.1,1024,512,1200,0.8074011206626892,0.8006714137125528,0.8150567418459105,0.15576171875,0.005615234375,0.15625,0.006103515625,0.47560733556747437,0.33179381489753723,0.8748302710384407,550.3934748489403,0.7860332727432251,1.1452763080596924,0.9933092993448044,0.9759688609655398,0.9941337208282249,546.474609375,0.13341665267944336,0.838623046875,0.9674891233444214
pali,pixelprose,final_quarter,False,6,0.8571428571428571,21,21,21,11,4.0,4096,0.0003,False,1.25,1024,512,1200,0.8074011206626892,0.8006714137125528,0.8150567418459105,0.13037109375,0.005126953125,0.14404296875,0.018798828125,0.47560733556747437,0.33179381489753723,0.8748302710384407,550.3934748489403,0.7860332727432251,1.1452763080596924,0.9933092993448044,0.9759688609655398,0.9941337208282249,546.474609375,0.13341665267944336,0.838623046875,0.9674891233444214
pali,pixelprose,final_quarter,False,6,0.8571428571428571,21,21,21,11,4.0,4096,0.0003,False,1.5,1024,512,1200,0.8074011206626892,0.8006714137125528,0.8150567418459105,-0.0556640625,0.0048828125,0.05126953125,0.11181640625,0.47560733556747437,0.33179381489753723,0.8748302710384407,550.3934748489403,0.7860332727432251,1.1452763080596924,0.9933092993448044,0.9759688609655398,0.9941337208282249,546.474609375,0.13341665267944336,0.838623046875,0.9674891233444214
pali,pixelprose,final_quarter,False,6,0.8571428571428571,21,21,21,11,4.0,4096,0.0003,True,1.1,1024,512,1200,0.6591352820396423,0.6538700191886164,0.6648532509745564,0.98583984375,0.0,0.992919921875,0.007080078125,0.38419580459594727,0.27493947744369507,0.07170786638384959,4017.406374035002,0.42305314540863037,0.3100641369819641,0.9951388462446221,0.7621240977420771,0.9916216294296423,1886.931640625,0.4606766700744629,0.0,0.31862086057662964
pali,pixelprose,final_quarter,False,6,0.8571428571428571,21,21,21,11,4.0,4096,0.0003,True,1.25,1024,512,1200,0.6591352820396423,0.6538700191886164,0.6648532509745564,0.69921875,0.0,0.849609375,0.150390625,0.38419580459594727,0.27493947744369507,0.07170786638384959,4017.406374035002,0.42305314540863037,0.3100641369819641,0.9951388462446221,0.7621240977420771,0.9916216294296423,1886.931640625,0.4606766700744629,0.0,0.31862086057662964
pali,pixelprose,final_quarter,False,6,0.8571428571428571,21,21,21,11,4.0,4096,0.0003,True,1.5,1024,512,1200,0.6591352820396423,0.6538700191886164,0.6648532509745564,-0.5400390625,0.0,0.22998046875,0.77001953125,0.38419580459594727,0.27493947744369507,0.07170786638384959,4017.406374035002,0.42305314540863037,0.3100641369819641,0.9951388462446221,0.7621240977420771,0.9916216294296423,1886.931640625,0.4606766700744629,0.0,0.31862086057662964
pali,pixelprose,final_quarter,False,6,0.8571428571428571,21,21,21,11,4.0,4096,0.001,False,1.1,1024,512,1200,0.8042941689491272,0.7975825674046064,0.8119320914905984,0.1552734375,0.00537109375,0.15625,0.00634765625,0.4738091826438904,0.33048495650291443,0.874877204258528,550.3633863241342,0.777407705783844,1.1415594816207886,0.9928503184823224,0.9755374326996589,0.9940220779583977,544.498046875,0.1329340934753418,0.838623046875,0.9462098479270935
pali,pixelprose,final_quarter,False,6,0.8571428571428571,21,21,21,11,4.0,4096,0.001,False,1.25,1024,512,1200,0.8042941689491272,0.7975825674046064,0.8119320914905984,0.1318359375,0.005126953125,0.144775390625,0.01806640625,0.4738091826438904,0.33048495650291443,0.874877204258528,550.3633863241342,0.777407705783844,1.1415594816207886,0.9928503184823224,0.9755374326996589,0.9940220779583977,544.498046875,0.1329340934753418,0.838623046875,0.9462098479270935
pali,pixelprose,final_quarter,False,6,0.8571428571428571,21,21,21,11,4.0,4096,0.001,False,1.5,1024,512,1200,0.8042941689491272,0.7975825674046064,0.8119320914905984,-0.056640625,0.0048828125,0.05078125,0.1123046875,0.4738091826438904,0.33048495650291443,0.874877204258528,550.3633863241342,0.777407705783844,1.1415594816207886,0.9928503184823224,0.9755374326996589,0.9940220779583977,544.498046875,0.1329340934753418,0.838623046875,0.9462098479270935
pali,pixelprose,final_quarter,False,6,0.8571428571428571,21,21,21,11,4.0,4096,0.001,True,1.1,1024,512,1200,0.6497936844825745,0.6446189365553436,0.6555920457321918,0.98486328125,0.0,0.992431640625,0.007568359375,0.3785554766654968,0.27123820781707764,0.07259252269568259,4013.3089598325028,0.41929852962493896,0.30674609541893005,0.9947116904965352,0.7622618114554499,0.9951858866129716,1877.10546875,0.45827770233154297,0.0,0.31329527497291565
pali,pixelprose,final_quarter,False,6,0.8571428571428571,21,21,21,11,4.0,4096,0.001,True,1.25,1024,512,1200,0.6497936844825745,0.6446189365553436,0.6555920457321918,0.69580078125,0.0,0.847900390625,0.152099609375,0.3785554766654968,0.27123820781707764,0.07259252269568259,4013.3089598325028,0.41929852962493896,0.30674609541893005,0.9947116904965352,0.7622618114554499,0.9951858866129716,1877.10546875,0.45827770233154297,0.0,0.31329527497291565
pali,pixelprose,final_quarter,False,6,0.8571428571428571,21,21,21,11,4.0,4096,0.001,True,1.5,1024,512,1200,0.6497936844825745,0.6446189365553436,0.6555920457321918,-0.541015625,0.0,0.2294921875,0.7705078125,0.3785554766654968,0.27123820781707764,0.07259252269568259,4013.3089598325028,0.41929852962493896,0.30674609541893005,0.9947116904965352,0.7622618114554499,0.9951858866129716,1877.10546875,0.45827770233154297,0.0,0.31329527497291565
pali,pixelprose,final_quarter,False,6,0.8571428571428571,21,21,21,23,2.0,4096,0.0003,False,1.1,1024,512,1200,0.8120424151420593,0.8043289744964568,0.8202771962358384,0.151611328125,0.00341796875,0.155517578125,0.00732421875,0.4783730208873749,0.33366936445236206,0.8757814730993573,547.3386430043438,0.8023738265037537,1.1445566415786743,0.9929026664304772,0.9755976251046711,0.9940242424390675,544.9375,0.1330413818359375,0.840576171875,0.9823951125144958
pali,pixelprose,final_quarter,False,6,0.8571428571428571,21,21,21,23,2.0,4096,0.0003,False,1.25,1024,512,1200,0.8120424151420593,0.8043289744964568,0.8202771962358384,0.131591796875,0.00341796875,0.1455078125,0.017333984375,0.4783730208873749,0.33366936445236206,0.8757814730993573,547.3386430043438,0.8023738265037537,1.1445566415786743,0.9929026664304772,0.9755976251046711,0.9940242424390675,544.9375,0.1330413818359375,0.840576171875,0.9823951125144958
pali,pixelprose,final_quarter,False,6,0.8571428571428571,21,21,21,23,2.0,4096,0.0003,False,1.5,1024,512,1200,0.8120424151420593,0.8043289744964568,0.8202771962358384,-0.050048828125,0.003173828125,0.054931640625,0.108154296875,0.4783730208873749,0.33366936445236206,0.8757814730993573,547.3386430043438,0.8023738265037537,1.1445566415786743,0.9929026664304772,0.9755976251046711,0.9940242424390675,544.9375,0.1330413818359375,0.840576171875,0.9823951125144958
pali,pixelprose,final_quarter,False,6,0.8571428571428571,21,21,21,23,2.0,4096,0.0003,True,1.1,1024,512,1200,0.6612107753753662,0.655110201187199,0.6668310929730069,0.97998046875,0.0,0.989990234375,0.010009765625,0.3859992027282715,0.2752116024494171,0.07259263841383831,4019.219579012616,0.4431447982788086,0.31150737404823303,0.9920258501673005,0.7603889287331991,0.996368600002954,1886.798828125,0.4606442451477051,0.0,0.3215731680393219
pali,pixelprose,final_quarter,False,6,0.8571428571428571,21,21,21,23,2.0,4096,0.0003,True,1.25,1024,512,1200,0.6612107753753662,0.655110201187199,0.6668310929730069,0.69287109375,0.0,0.846435546875,0.153564453125,0.3859992027282715,0.2752116024494171,0.07259263841383831,4019.219579012616,0.4431447982788086,0.31150737404823303,0.9920258501673005,0.7603889287331991,0.996368600002954,1886.798828125,0.4606442451477051,0.0,0.3215731680393219
pali,pixelprose,final_quarter,False,6,0.8571428571428571,21,21,21,23,2.0,4096,0.0003,True,1.5,1024,512,1200,0.6612107753753662,0.655110201187199,0.6668310929730069,-0.49853515625,0.0,0.250732421875,0.749267578125,0.3859992027282715,0.2752116024494171,0.07259263841383831,4019.219579012616,0.4431447982788086,0.31150737404823303,0.9920258501673005,0.7603889287331991,0.996368600002954,1886.798828125,0.4606442451477051,0.0,0.3215731680393219
pali,pixelprose,final_quarter,False,6,0.8571428571428571,21,21,21,23,2.0,4096,0.001,False,1.1,1024,512,1200,0.8100311756134033,0.8023999554279726,0.8182701364450622,0.15185546875,0.003662109375,0.1552734375,0.007080078125,0.47711750864982605,0.33291369676589966,0.8755430386407386,548.0658772776586,0.7943466305732727,1.1554467678070068,0.9931270208035408,0.975867143026346,0.9935331445934007,544.279296875,0.13288068771362305,0.840576171875,0.9683145880699158
pali,pixelprose,final_quarter,False,6,0.8571428571428571,21,21,21,23,2.0,4096,0.001,False,1.25,1024,512,1200,0.8100311756134033,0.8023999554279726,0.8182701364450622,0.130859375,0.00341796875,0.14501953125,0.017578125,0.47711750864982605,0.33291369676589966,0.8755430386407386,548.0658772776586,0.7943466305732727,1.1554467678070068,0.9931270208035408,0.975867143026346,0.9935331445934007,544.279296875,0.13288068771362305,0.840576171875,0.9683145880699158
pali,pixelprose,final_quarter,False,6,0.8571428571428571,21,21,21,23,2.0,4096,0.001,False,1.5,1024,512,1200,0.8100311756134033,0.8023999554279726,0.8182701364450622,-0.0517578125,0.003173828125,0.053955078125,0.10888671875,0.47711750864982605,0.33291369676589966,0.8755430386407386,548.0658772776586,0.7943466305732727,1.1554467678070068,0.9931270208035408,0.975867143026346,0.9935331445934007,544.279296875,0.13288068771362305,0.840576171875,0.9683145880699158
pali,pixelprose,final_quarter,False,6,0.8571428571428571,21,21,21,23,2.0,4096,0.001,True,1.1,1024,512,1200,0.6532521843910217,0.6473302792976028,0.659167967463145,0.98193359375,0.0,0.990966796875,0.009033203125,0.381198525428772,0.27205368876457214,0.0709921264857824,4023.6093570910753,0.4428738057613373,0.3036542236804962,0.9936942371872887,0.7617672251233091,0.9960155763616506,1881.333984375,0.45931005477905273,0.0,0.3168596923351288
pali,pixelprose,final_quarter,False,6,0.8571428571428571,21,21,21,23,2.0,4096,0.001,True,1.25,1024,512,1200,0.6532521843910217,0.6473302792976028,0.659167967463145,0.68896484375,0.0,0.844482421875,0.155517578125,0.381198525428772,0.27205368876457214,0.0709921264857824,4023.6093570910753,0.4428738057613373,0.3036542236804962,0.9936942371872887,0.7617672251233091,0.9960155763616506,1881.333984375,0.45931005477905273,0.0,0.3168596923351288
pali,pixelprose,final_quarter,False,6,0.8571428571428571,21,21,21,23,2.0,4096,0.001,True,1.5,1024,512,1200,0.6532521843910217,0.6473302792976028,0.659167967463145,-0.490234375,0.0,0.2548828125,0.7451171875,0.381198525428772,0.27205368876457214,0.0709921264857824,4023.6093570910753,0.4428738057613373,0.3036542236804962,0.9936942371872887,0.7617672251233091,0.9960155763616506,1881.333984375,0.45931005477905273,0.0,0.3168596923351288
pali,pixelprose,final_quarter,False,6,0.8571428571428571,21,21,21,23,4.0,4096,0.0003,False,1.1,1024,512,1200,0.8120424151420593,0.8043289744964568,0.8202771962358384,0.151611328125,0.00341796875,0.155517578125,0.00732421875,0.4783730208873749,0.33366936445236206,0.8757814730993573,547.3386430043438,0.8023738265037537,1.1445566415786743,0.9929026664304772,0.9755976251046711,0.9940242424390675,544.9375,0.1330413818359375,0.840576171875,0.9823951125144958
pali,pixelprose,final_quarter,False,6,0.8571428571428571,21,21,21,23,4.0,4096,0.0003,False,1.25,1024,512,1200,0.8120424151420593,0.8043289744964568,0.8202771962358384,0.131591796875,0.00341796875,0.1455078125,0.017333984375,0.4783730208873749,0.33366936445236206,0.8757814730993573,547.3386430043438,0.8023738265037537,1.1445566415786743,0.9929026664304772,0.9755976251046711,0.9940242424390675,544.9375,0.1330413818359375,0.840576171875,0.9823951125144958
pali,pixelprose,final_quarter,False,6,0.8571428571428571,21,21,21,23,4.0,4096,0.0003,False,1.5,1024,512,1200,0.8120424151420593,0.8043289744964568,0.8202771962358384,-0.050048828125,0.003173828125,0.054931640625,0.108154296875,0.4783730208873749,0.33366936445236206,0.8757814730993573,547.3386430043438,0.8023738265037537,1.1445566415786743,0.9929026664304772,0.9755976251046711,0.9940242424390675,544.9375,0.1330413818359375,0.840576171875,0.9823951125144958
pali,pixelprose,final_quarter,False,6,0.8571428571428571,21,21,21,23,4.0,4096,0.0003,True,1.1,1024,512,1200,0.6612107753753662,0.655110201187199,0.6668310929730069,0.97998046875,0.0,0.989990234375,0.010009765625,0.3859992027282715,0.2752116024494171,0.07259263841383831,4019.219579012616,0.4431447982788086,0.31150737404823303,0.9920258501673005,0.7603889287331991,0.996368600002954,1886.798828125,0.4606442451477051,0.0,0.3215731680393219
pali,pixelprose,final_quarter,False,6,0.8571428571428571,21,21,21,23,4.0,4096,0.0003,True,1.25,1024,512,1200,0.6612107753753662,0.655110201187199,0.6668310929730069,0.69287109375,0.0,0.846435546875,0.153564453125,0.3859992027282715,0.2752116024494171,0.07259263841383831,4019.219579012616,0.4431447982788086,0.31150737404823303,0.9920258501673005,0.7603889287331991,0.996368600002954,1886.798828125,0.4606442451477051,0.0,0.3215731680393219
pali,pixelprose,final_quarter,False,6,0.8571428571428571,21,21,21,23,4.0,4096,0.0003,True,1.5,1024,512,1200,0.6612107753753662,0.655110201187199,0.6668310929730069,-0.49853515625,0.0,0.250732421875,0.749267578125,0.3859992027282715,0.2752116024494171,0.07259263841383831,4019.219579012616,0.4431447982788086,0.31150737404823303,0.9920258501673005,0.7603889287331991,0.996368600002954,1886.798828125,0.4606442451477051,0.0,0.3215731680393219
pali,pixelprose,final_quarter,False,6,0.8571428571428571,21,21,21,23,4.0,4096,0.001,False,1.1,1024,512,1200,0.8100311756134033,0.8023999554279726,0.8182701364450622,0.15185546875,0.003662109375,0.1552734375,0.007080078125,0.47711750864982605,0.33291369676589966,0.8755430386407386,548.0658772776586,0.7943466305732727,1.1554467678070068,0.9931270208035408,0.975867143026346,0.9935331445934007,544.279296875,0.13288068771362305,0.840576171875,0.9683145880699158
pali,pixelprose,final_quarter,False,6,0.8571428571428571,21,21,21,23,4.0,4096,0.001,False,1.25,1024,512,1200,0.8100311756134033,0.8023999554279726,0.8182701364450622,0.130859375,0.00341796875,0.14501953125,0.017578125,0.47711750864982605,0.33291369676589966,0.8755430386407386,548.0658772776586,0.7943466305732727,1.1554467678070068,0.9931270208035408,0.975867143026346,0.9935331445934007,544.279296875,0.13288068771362305,0.840576171875,0.9683145880699158
pali,pixelprose,final_quarter,False,6,0.8571428571428571,21,21,21,23,4.0,4096,0.001,False,1.5,1024,512,1200,0.8100311756134033,0.8023999554279726,0.8182701364450622,-0.0517578125,0.003173828125,0.053955078125,0.10888671875,0.47711750864982605,0.33291369676589966,0.8755430386407386,548.0658772776586,0.7943466305732727,1.1554467678070068,0.9931270208035408,0.975867143026346,0.9935331445934007,544.279296875,0.13288068771362305,0.840576171875,0.9683145880699158
pali,pixelprose,final_quarter,False,6,0.8571428571428571,21,21,21,23,4.0,4096,0.001,True,1.1,1024,512,1200,0.6532521843910217,0.6473302792976028,0.659167967463145,0.98193359375,0.0,0.990966796875,0.009033203125,0.381198525428772,0.27205368876457214,0.0709921264857824,4023.6093570910753,0.4428738057613373,0.3036542236804962,0.9936942371872887,0.7617672251233091,0.9960155763616506,1881.333984375,0.45931005477905273,0.0,0.3168596923351288
pali,pixelprose,final_quarter,False,6,0.8571428571428571,21,21,21,23,4.0,4096,0.001,True,1.25,1024,512,1200,0.6532521843910217,0.6473302792976028,0.659167967463145,0.68896484375,0.0,0.844482421875,0.155517578125,0.381198525428772,0.27205368876457214,0.0709921264857824,4023.6093570910753,0.4428738057613373,0.3036542236804962,0.9936942371872887,0.7617672251233091,0.9960155763616506,1881.333984375,0.45931005477905273,0.0,0.3168596923351288
pali,pixelprose,final_quarter,False,6,0.8571428571428571,21,21,21,23,4.0,4096,0.001,True,1.5,1024,512,1200,0.6532521843910217,0.6473302792976028,0.659167967463145,-0.490234375,0.0,0.2548828125,0.7451171875,0.381198525428772,0.27205368876457214,0.0709921264857824,4023.6093570910753,0.4428738057613373,0.3036542236804962,0.9936942371872887,0.7617672251233091,0.9960155763616506,1881.333984375,0.45931005477905273,0.0,0.3168596923351288
pali,pixelprose,final_quarter,False,6,0.8571428571428571,21,21,21,37,2.0,4096,0.0003,False,1.1,1024,512,1200,0.8308541774749756,0.8229709874751279,0.8381200022820849,0.162109375,0.004150390625,0.163330078125,0.00537109375,0.49177661538124084,0.33907756209373474,0.8718638526083525,565.2518156341528,0.8241236209869385,1.164136290550232,0.9934310353655006,0.9758742004052018,0.994038201383532,557.78515625,0.13617801666259766,0.83251953125,0.9871340990066528
pali,pixelprose,final_quarter,False,6,0.8571428571428571,21,21,21,37,2.0,4096,0.0003,False,1.25,1024,512,1200,0.8308541774749756,0.8229709874751279,0.8381200022820849,0.14111328125,0.003662109375,0.1533203125,0.015869140625,0.49177661538124084,0.33907756209373474,0.8718638526083525,565.2518156341528,0.8241236209869385,1.164136290550232,0.9934310353655006,0.9758742004052018,0.994038201383532,557.78515625,0.13617801666259766,0.83251953125,0.9871340990066528
pali,pixelprose,final_quarter,False,6,0.8571428571428571,21,21,21,37,2.0,4096,0.0003,False,1.5,1024,512,1200,0.8308541774749756,0.8229709874751279,0.8381200022820849,-0.03515625,0.00341796875,0.0654296875,0.10400390625,0.49177661538124084,0.33907756209373474,0.8718638526083525,565.2518156341528,0.8241236209869385,1.164136290550232,0.9934310353655006,0.9758742004052018,0.994038201383532,557.78515625,0.13617801666259766,0.83251953125,0.9871340990066528
pali,pixelprose,final_quarter,False,6,0.8571428571428571,21,21,21,37,2.0,4096,0.0003,True,1.1,1024,512,1200,0.6586156487464905,0.6524539645703044,0.6639483733277303,0.98046875,0.0,0.990234375,0.009765625,0.3838650584220886,0.27475056052207947,0.07365253629422809,4007.736191267079,0.4235135316848755,0.310587614774704,0.9934232029351749,0.7612810656933355,0.9946952450698784,1878.390625,0.4585914611816406,0.0,0.31690293550491333
pali,pixelprose,final_quarter,False,6,0.8571428571428571,21,21,21,37,2.0,4096,0.0003,True,1.25,1024,512,1200,0.6586156487464905,0.6524539645703044,0.6639483733277303,0.67822265625,0.0,0.839111328125,0.160888671875,0.3838650584220886,0.27475056052207947,0.07365253629422809,4007.736191267079,0.4235135316848755,0.310587614774704,0.9934232029351749,0.7612810656933355,0.9946952450698784,1878.390625,0.4585914611816406,0.0,0.31690293550491333
pali,pixelprose,final_quarter,False,6,0.8571428571428571,21,21,21,37,2.0,4096,0.0003,True,1.5,1024,512,1200,0.6586156487464905,0.6524539645703044,0.6639483733277303,-0.5380859375,0.0,0.23095703125,0.76904296875,0.3838650584220886,0.27475056052207947,0.07365253629422809,4007.736191267079,0.4235135316848755,0.310587614774704,0.9934232029351749,0.7612810656933355,0.9946952450698784,1878.390625,0.4585914611816406,0.0,0.31690293550491333
pali,pixelprose,final_quarter,False,6,0.8571428571428571,21,21,21,37,2.0,4096,0.001,False,1.1,1024,512,1200,0.8304205536842346,0.8225619975943118,0.8377023384295171,0.161865234375,0.004150390625,0.1630859375,0.00537109375,0.4914076030254364,0.33901292085647583,0.8716770205512592,565.6442955159891,0.8271312117576599,1.1632540225982666,0.9934304175508367,0.9758714480085832,0.993956534615126,557.833984375,0.13618993759155273,0.832763671875,0.9865384697914124
pali,pixelprose,final_quarter,False,6,0.8571428571428571,21,21,21,37,2.0,4096,0.001,False,1.25,1024,512,1200,0.8304205536842346,0.8225619975943118,0.8377023384295171,0.140380859375,0.003662109375,0.15283203125,0.01611328125,0.4914076030254364,0.33901292085647583,0.8716770205512592,565.6442955159891,0.8271312117576599,1.1632540225982666,0.9934304175508367,0.9758714480085832,0.993956534615126,557.833984375,0.13618993759155273,0.832763671875,0.9865384697914124
pali,pixelprose,final_quarter,False,6,0.8571428571428571,21,21,21,37,2.0,4096,0.001,False,1.5,1024,512,1200,0.8304205536842346,0.8225619975943118,0.8377023384295171,-0.033447265625,0.00341796875,0.066162109375,0.10302734375,0.4914076030254364,0.33901292085647583,0.8716770205512592,565.6442955159891,0.8271312117576599,1.1632540225982666,0.9934304175508367,0.9758714480085832,0.993956534615126,557.833984375,0.13618993759155273,0.832763671875,0.9865384697914124
pali,pixelprose,final_quarter,False,6,0.8571428571428571,21,21,21,37,2.0,4096,0.001,True,1.1,1024,512,1200,0.6489957571029663,0.6430333027019515,0.6543087130310596,0.98095703125,0.0,0.990478515625,0.009521484375,0.37793898582458496,0.2710567116737366,0.07419205230942308,4004.088854607976,0.41812485456466675,0.3044128715991974,0.9947696188228266,0.7618023446468035,0.9910276529225309,1874.5,0.4576416015625,0.0,0.3117471933364868
pali,pixelprose,final_quarter,False,6,0.8571428571428571,21,21,21,37,2.0,4096,0.001,True,1.25,1024,512,1200,0.6489957571029663,0.6430333027019515,0.6543087130310596,0.67138671875,0.0,0.835693359375,0.164306640625,0.37793898582458496,0.2710567116737366,0.07419205230942308,4004.088854607976,0.41812485456466675,0.3044128715991974,0.9947696188228266,0.7618023446468035,0.9910276529225309,1874.5,0.4576416015625,0.0,0.3117471933364868
pali,pixelprose,final_quarter,False,6,0.8571428571428571,21,21,21,37,2.0,4096,0.001,True,1.5,1024,512,1200,0.6489957571029663,0.6430333027019515,0.6543087130310596,-0.55908203125,0.0,0.220458984375,0.779541015625,0.37793898582458496,0.2710567116737366,0.07419205230942308,4004.088854607976,0.41812485456466675,0.3044128715991974,0.9947696188228266,0.7618023446468035,0.9910276529225309,1874.5,0.4576416015625,0.0,0.3117471933364868
pali,pixelprose,final_quarter,False,6,0.8571428571428571,21,21,21,37,4.0,4096,0.0003,False,1.1,1024,512,1200,0.8308541774749756,0.8229709874751279,0.8381200022820849,0.162109375,0.004150390625,0.163330078125,0.00537109375,0.49177661538124084,0.33907756209373474,0.8718638526083525,565.2518156341528,0.8241236209869385,1.164136290550232,0.9934310353655006,0.9758742004052018,0.994038201383532,557.78515625,0.13617801666259766,0.83251953125,0.9871340990066528
pali,pixelprose,final_quarter,False,6,0.8571428571428571,21,21,21,37,4.0,4096,0.0003,False,1.25,1024,512,1200,0.8308541774749756,0.8229709874751279,0.8381200022820849,0.14111328125,0.003662109375,0.1533203125,0.015869140625,0.49177661538124084,0.33907756209373474,0.8718638526083525,565.2518156341528,0.8241236209869385,1.164136290550232,0.9934310353655006,0.9758742004052018,0.994038201383532,557.78515625,0.13617801666259766,0.83251953125,0.9871340990066528
pali,pixelprose,final_quarter,False,6,0.8571428571428571,21,21,21,37,4.0,4096,0.0003,False,1.5,1024,512,1200,0.8308541774749756,0.8229709874751279,0.8381200022820849,-0.03515625,0.00341796875,0.0654296875,0.10400390625,0.49177661538124084,0.33907756209373474,0.8718638526083525,565.2518156341528,0.8241236209869385,1.164136290550232,0.9934310353655006,0.9758742004052018,0.994038201383532,557.78515625,0.13617801666259766,0.83251953125,0.9871340990066528
pali,pixelprose,final_quarter,False,6,0.8571428571428571,21,21,21,37,4.0,4096,0.0003,True,1.1,1024,512,1200,0.6586156487464905,0.6524539645703044,0.6639483733277303,0.98046875,0.0,0.990234375,0.009765625,0.3838650584220886,0.27475056052207947,0.07365253629422809,4007.736191267079,0.4235135316848755,0.310587614774704,0.9934232029351749,0.7612810656933355,0.9946952450698784,1878.390625,0.4585914611816406,0.0,0.31690293550491333
pali,pixelprose,final_quarter,False,6,0.8571428571428571,21,21,21,37,4.0,4096,0.0003,True,1.25,1024,512,1200,0.6586156487464905,0.6524539645703044,0.6639483733277303,0.67822265625,0.0,0.839111328125,0.160888671875,0.3838650584220886,0.27475056052207947,0.07365253629422809,4007.736191267079,0.4235135316848755,0.310587614774704,0.9934232029351749,0.7612810656933355,0.9946952450698784,1878.390625,0.4585914611816406,0.0,0.31690293550491333
pali,pixelprose,final_quarter,False,6,0.8571428571428571,21,21,21,37,4.0,4096,0.0003,True,1.5,1024,512,1200,0.6586156487464905,0.6524539645703044,0.6639483733277303,-0.5380859375,0.0,0.23095703125,0.76904296875,0.3838650584220886,0.27475056052207947,0.07365253629422809,4007.736191267079,0.4235135316848755,0.310587614774704,0.9934232029351749,0.7612810656933355,0.9946952450698784,1878.390625,0.4585914611816406,0.0,0.31690293550491333
pali,pixelprose,final_quarter,False,6,0.8571428571428571,21,21,21,37,4.0,4096,0.001,False,1.1,1024,512,1200,0.8304205536842346,0.8225619975943118,0.8377023384295171,0.161865234375,0.004150390625,0.1630859375,0.00537109375,0.4914076030254364,0.33901292085647583,0.8716770205512592,565.6442955159891,0.8271312117576599,1.1632540225982666,0.9934304175508367,0.9758714480085832,0.993956534615126,557.833984375,0.13618993759155273,0.832763671875,0.9865384697914124
pali,pixelprose,final_quarter,False,6,0.8571428571428571,21,21,21,37,4.0,4096,0.001,False,1.25,1024,512,1200,0.8304205536842346,0.8225619975943118,0.8377023384295171,0.140380859375,0.003662109375,0.15283203125,0.01611328125,0.4914076030254364,0.33901292085647583,0.8716770205512592,565.6442955159891,0.8271312117576599,1.1632540225982666,0.9934304175508367,0.9758714480085832,0.993956534615126,557.833984375,0.13618993759155273,0.832763671875,0.9865384697914124
pali,pixelprose,final_quarter,False,6,0.8571428571428571,21,21,21,37,4.0,4096,0.001,False,1.5,1024,512,1200,0.8304205536842346,0.8225619975943118,0.8377023384295171,-0.033447265625,0.00341796875,0.066162109375,0.10302734375,0.4914076030254364,0.33901292085647583,0.8716770205512592,565.6442955159891,0.8271312117576599,1.1632540225982666,0.9934304175508367,0.9758714480085832,0.993956534615126,557.833984375,0.13618993759155273,0.832763671875,0.9865384697914124
pali,pixelprose,final_quarter,False,6,0.8571428571428571,21,21,21,37,4.0,4096,0.001,True,1.1,1024,512,1200,0.6489957571029663,0.6430333027019515,0.6543087130310596,0.98095703125,0.0,0.990478515625,0.009521484375,0.37793898582458496,0.2710567116737366,0.07419205230942308,4004.088854607976,0.41812485456466675,0.3044128715991974,0.9947696188228266,0.7618023446468035,0.9910276529225309,1874.5,0.4576416015625,0.0,0.3117471933364868
pali,pixelprose,final_quarter,False,6,0.8571428571428571,21,21,21,37,4.0,4096,0.001,True,1.25,1024,512,1200,0.6489957571029663,0.6430333027019515,0.6543087130310596,0.67138671875,0.0,0.835693359375,0.164306640625,0.37793898582458496,0.2710567116737366,0.07419205230942308,4004.088854607976,0.41812485456466675,0.3044128715991974,0.9947696188228266,0.7618023446468035,0.9910276529225309,1874.5,0.4576416015625,0.0,0.3117471933364868
pali,pixelprose,final_quarter,False,6,0.8571428571428571,21,21,21,37,4.0,4096,0.001,True,1.5,1024,512,1200,0.6489957571029663,0.6430333027019515,0.6543087130310596,-0.55908203125,0.0,0.220458984375,0.779541015625,0.37793898582458496,0.2710567116737366,0.07419205230942308,4004.088854607976,0.41812485456466675,0.3044128715991974,0.9947696188228266,0.7618023446468035,0.9910276529225309,1874.5,0.4576416015625,0.0,0.3117471933364868
pali,pixelprose,final_quarter,False,7,1.0,25,25,25,11,2.0,4096,0.0003,False,1.1,1024,512,1200,0.20414331555366516,0.20218828279903392,0.2064036144562124,0.111083984375,0.00146484375,0.13134765625,0.021728515625,0.11317422240972519,0.09096910059452057,0.8828850098252706,515.3162407120373,0.16558921337127686,0.6588295698165894,0.9910642093854748,0.9653096500063466,0.9920160857880673,505.98046875,0.12353038787841797,0.846435546875,0.22999781370162964
pali,pixelprose,final_quarter,False,7,1.0,25,25,25,11,2.0,4096,0.0003,False,1.25,1024,512,1200,0.20414331555366516,0.20218828279903392,0.2064036144562124,-0.017822265625,0.0009765625,0.0673828125,0.086181640625,0.11317422240972519,0.09096910059452057,0.8828850098252706,515.3162407120373,0.16558921337127686,0.6588295698165894,0.9910642093854748,0.9653096500063466,0.9920160857880673,505.98046875,0.12353038787841797,0.846435546875,0.22999781370162964
pali,pixelprose,final_quarter,False,7,1.0,25,25,25,11,2.0,4096,0.0003,False,1.5,1024,512,1200,0.20414331555366516,0.20218828279903392,0.2064036144562124,-0.120361328125,0.00048828125,0.0166015625,0.137451171875,0.11317422240972519,0.09096910059452057,0.8828850098252706,515.3162407120373,0.16558921337127686,0.6588295698165894,0.9910642093854748,0.9653096500063466,0.9920160857880673,505.98046875,0.12353038787841797,0.846435546875,0.22999781370162964
pali,pixelprose,final_quarter,False,7,1.0,25,25,25,11,2.0,4096,0.0003,True,1.1,1024,512,1200,0.6099079847335815,0.6045652050481294,0.6160727837646846,0.568359375,0.003173828125,0.781005859375,0.2158203125,0.3325708508491516,0.2773371636867523,0.07572096605573497,4013.791861439898,0.44365769624710083,0.3230392634868622,0.9944158454404821,0.7899686835532185,0.9934419328412969,1878.1171875,0.4585247039794922,0.0,0.3163633644580841
pali,pixelprose,final_quarter,False,7,1.0,25,25,25,11,2.0,4096,0.0003,True,1.25,1024,512,1200,0.6099079847335815,0.6045652050481294,0.6160727837646846,-0.38525390625,0.0,0.307373046875,0.692626953125,0.3325708508491516,0.2773371636867523,0.07572096605573497,4013.791861439898,0.44365769624710083,0.3230392634868622,0.9944158454404821,0.7899686835532185,0.9934419328412969,1878.1171875,0.4585247039794922,0.0,0.3163633644580841
pali,pixelprose,final_quarter,False,7,1.0,25,25,25,11,2.0,4096,0.0003,True,1.5,1024,512,1200,0.6099079847335815,0.6045652050481294,0.6160727837646846,-0.9462890625,0.0,0.02685546875,0.97314453125,0.3325708508491516,0.2773371636867523,0.07572096605573497,4013.791861439898,0.44365769624710083,0.3230392634868622,0.9944158454404821,0.7899686835532185,0.9934419328412969,1878.1171875,0.4585247039794922,0.0,0.3163633644580841
pali,pixelprose,final_quarter,False,7,1.0,25,25,25,11,2.0,4096,0.001,False,1.1,1024,512,1200,0.20279881358146667,0.20089104729777318,0.20500776098997447,0.113525390625,0.001220703125,0.132568359375,0.020263671875,0.11237916350364685,0.09041965007781982,0.8833991978308394,512.9676460004603,0.1625448763370514,0.6458093523979187,0.9909159343283804,0.9651557839101206,0.9929062279142232,503.052734375,0.12281560897827148,0.846923828125,0.22518077492713928
pali,pixelprose,final_quarter,False,7,1.0,25,25,25,11,2.0,4096,0.001,False,1.25,1024,512,1200,0.20279881358146667,0.20089104729777318,0.20500776098997447,-0.020751953125,0.001220703125,0.0654296875,0.08740234375,0.11237916350364685,0.09041965007781982,0.8833991978308394,512.9676460004603,0.1625448763370514,0.6458093523979187,0.9909159343283804,0.9651557839101206,0.9929062279142232,503.052734375,0.12281560897827148,0.846923828125,0.22518077492713928
pali,pixelprose,final_quarter,False,7,1.0,25,25,25,11,2.0,4096,0.001,False,1.5,1024,512,1200,0.20279881358146667,0.20089104729777318,0.20500776098997447,-0.118896484375,0.00048828125,0.01708984375,0.136474609375,0.11237916350364685,0.09041965007781982,0.8833991978308394,512.9676460004603,0.1625448763370514,0.6458093523979187,0.9909159343283804,0.9651557839101206,0.9929062279142232,503.052734375,0.12281560897827148,0.846923828125,0.22518077492713928
pali,pixelprose,final_quarter,False,7,1.0,25,25,25,11,2.0,4096,0.001,True,1.1,1024,512,1200,0.6015322208404541,0.5961642625727108,0.6077430038640159,0.56884765625,0.00244140625,0.781982421875,0.215576171875,0.3280683755874634,0.2734638452529907,0.07910909213617105,3999.6109366952273,0.43229058384895325,0.31726914644241333,0.9950833736014061,0.7907465163532824,0.9941925259381977,1867.064453125,0.4558262825012207,0.0,0.31102725863456726
pali,pixelprose,final_quarter,False,7,1.0,25,25,25,11,2.0,4096,0.001,True,1.25,1024,512,1200,0.6015322208404541,0.5961642625727108,0.6077430038640159,-0.3896484375,0.0,0.30517578125,0.69482421875,0.3280683755874634,0.2734638452529907,0.07910909213617105,3999.6109366952273,0.43229058384895325,0.31726914644241333,0.9950833736014061,0.7907465163532824,0.9941925259381977,1867.064453125,0.4558262825012207,0.0,0.31102725863456726
pali,pixelprose,final_quarter,False,7,1.0,25,25,25,11,2.0,4096,0.001,True,1.5,1024,512,1200,0.6015322208404541,0.5961642625727108,0.6077430038640159,-0.9482421875,0.0,0.02587890625,0.97412109375,0.3280683755874634,0.2734638452529907,0.07910909213617105,3999.6109366952273,0.43229058384895325,0.31726914644241333,0.9950833736014061,0.7907465163532824,0.9941925259381977,1867.064453125,0.4558262825012207,0.0,0.31102725863456726
pali,pixelprose,final_quarter,False,7,1.0,25,25,25,11,4.0,4096,0.0003,False,1.1,1024,512,1200,0.20414331555366516,0.20218828279903392,0.2064036144562124,0.111083984375,0.00146484375,0.13134765625,0.021728515625,0.11317422240972519,0.09096910059452057,0.8828850098252706,515.3162407120373,0.16558921337127686,0.6588295698165894,0.9910642093854748,0.9653096500063466,0.9920160857880673,505.98046875,0.12353038787841797,0.846435546875,0.22999781370162964
pali,pixelprose,final_quarter,False,7,1.0,25,25,25,11,4.0,4096,0.0003,False,1.25,1024,512,1200,0.20414331555366516,0.20218828279903392,0.2064036144562124,-0.017822265625,0.0009765625,0.0673828125,0.086181640625,0.11317422240972519,0.09096910059452057,0.8828850098252706,515.3162407120373,0.16558921337127686,0.6588295698165894,0.9910642093854748,0.9653096500063466,0.9920160857880673,505.98046875,0.12353038787841797,0.846435546875,0.22999781370162964
pali,pixelprose,final_quarter,False,7,1.0,25,25,25,11,4.0,4096,0.0003,False,1.5,1024,512,1200,0.20414331555366516,0.20218828279903392,0.2064036144562124,-0.120361328125,0.00048828125,0.0166015625,0.137451171875,0.11317422240972519,0.09096910059452057,0.8828850098252706,515.3162407120373,0.16558921337127686,0.6588295698165894,0.9910642093854748,0.9653096500063466,0.9920160857880673,505.98046875,0.12353038787841797,0.846435546875,0.22999781370162964
pali,pixelprose,final_quarter,False,7,1.0,25,25,25,11,4.0,4096,0.0003,True,1.1,1024,512,1200,0.6099079847335815,0.6045652050481294,0.6160727837646846,0.568359375,0.003173828125,0.781005859375,0.2158203125,0.3325708508491516,0.2773371636867523,0.07572096605573497,4013.791861439898,0.44365769624710083,0.3230392634868622,0.9944158454404821,0.7899686835532185,0.9934419328412969,1878.1171875,0.4585247039794922,0.0,0.3163633644580841
pali,pixelprose,final_quarter,False,7,1.0,25,25,25,11,4.0,4096,0.0003,True,1.25,1024,512,1200,0.6099079847335815,0.6045652050481294,0.6160727837646846,-0.38525390625,0.0,0.307373046875,0.692626953125,0.3325708508491516,0.2773371636867523,0.07572096605573497,4013.791861439898,0.44365769624710083,0.3230392634868622,0.9944158454404821,0.7899686835532185,0.9934419328412969,1878.1171875,0.4585247039794922,0.0,0.3163633644580841
pali,pixelprose,final_quarter,False,7,1.0,25,25,25,11,4.0,4096,0.0003,True,1.5,1024,512,1200,0.6099079847335815,0.6045652050481294,0.6160727837646846,-0.9462890625,0.0,0.02685546875,0.97314453125,0.3325708508491516,0.2773371636867523,0.07572096605573497,4013.791861439898,0.44365769624710083,0.3230392634868622,0.9944158454404821,0.7899686835532185,0.9934419328412969,1878.1171875,0.4585247039794922,0.0,0.3163633644580841
pali,pixelprose,final_quarter,False,7,1.0,25,25,25,11,4.0,4096,0.001,False,1.1,1024,512,1200,0.20279881358146667,0.20089104729777318,0.20500776098997447,0.113525390625,0.001220703125,0.132568359375,0.020263671875,0.11237916350364685,0.09041965007781982,0.8833991978308394,512.9676460004603,0.1625448763370514,0.6458093523979187,0.9909159343283804,0.9651557839101206,0.9929062279142232,503.052734375,0.12281560897827148,0.846923828125,0.22518077492713928
pali,pixelprose,final_quarter,False,7,1.0,25,25,25,11,4.0,4096,0.001,False,1.25,1024,512,1200,0.20279881358146667,0.20089104729777318,0.20500776098997447,-0.020751953125,0.001220703125,0.0654296875,0.08740234375,0.11237916350364685,0.09041965007781982,0.8833991978308394,512.9676460004603,0.1625448763370514,0.6458093523979187,0.9909159343283804,0.9651557839101206,0.9929062279142232,503.052734375,0.12281560897827148,0.846923828125,0.22518077492713928
pali,pixelprose,final_quarter,False,7,1.0,25,25,25,11,4.0,4096,0.001,False,1.5,1024,512,1200,0.20279881358146667,0.20089104729777318,0.20500776098997447,-0.118896484375,0.00048828125,0.01708984375,0.136474609375,0.11237916350364685,0.09041965007781982,0.8833991978308394,512.9676460004603,0.1625448763370514,0.6458093523979187,0.9909159343283804,0.9651557839101206,0.9929062279142232,503.052734375,0.12281560897827148,0.846923828125,0.22518077492713928
pali,pixelprose,final_quarter,False,7,1.0,25,25,25,11,4.0,4096,0.001,True,1.1,1024,512,1200,0.6015322208404541,0.5961642625727108,0.6077430038640159,0.56884765625,0.00244140625,0.781982421875,0.215576171875,0.3280683755874634,0.2734638452529907,0.07910909213617105,3999.6109366952273,0.43229058384895325,0.31726914644241333,0.9950833736014061,0.7907465163532824,0.9941925259381977,1867.064453125,0.4558262825012207,0.0,0.31102725863456726
pali,pixelprose,final_quarter,False,7,1.0,25,25,25,11,4.0,4096,0.001,True,1.25,1024,512,1200,0.6015322208404541,0.5961642625727108,0.6077430038640159,-0.3896484375,0.0,0.30517578125,0.69482421875,0.3280683755874634,0.2734638452529907,0.07910909213617105,3999.6109366952273,0.43229058384895325,0.31726914644241333,0.9950833736014061,0.7907465163532824,0.9941925259381977,1867.064453125,0.4558262825012207,0.0,0.31102725863456726
pali,pixelprose,final_quarter,False,7,1.0,25,25,25,11,4.0,4096,0.001,True,1.5,1024,512,1200,0.6015322208404541,0.5961642625727108,0.6077430038640159,-0.9482421875,0.0,0.02587890625,0.97412109375,0.3280683755874634,0.2734638452529907,0.07910909213617105,3999.6109366952273,0.43229058384895325,0.31726914644241333,0.9950833736014061,0.7907465163532824,0.9941925259381977,1867.064453125,0.4558262825012207,0.0,0.31102725863456726
pali,pixelprose,final_quarter,False,7,1.0,25,25,25,23,2.0,4096,0.0003,False,1.1,1024,512,1200,0.20037466287612915,0.1983988338353811,0.20254516705681452,0.113037109375,0.00244140625,0.128173828125,0.017578125,0.11158163845539093,0.08879300951957703,0.8901023322766057,487.5120702587672,0.16425514221191406,0.6525583863258362,0.9901401763475279,0.9640549960786493,0.9928000861328179,475.98828125,0.11620807647705078,0.85400390625,0.22397443652153015
pali,pixelprose,final_quarter,False,7,1.0,25,25,25,23,2.0,4096,0.0003,False,1.25,1024,512,1200,0.20037466287612915,0.1983988338353811,0.20254516705681452,0.002197265625,0.002197265625,0.072998046875,0.072998046875,0.11158163845539093,0.08879300951957703,0.8901023322766057,487.5120702587672,0.16425514221191406,0.6525583863258362,0.9901401763475279,0.9640549960786493,0.9928000861328179,475.98828125,0.11620807647705078,0.85400390625,0.22397443652153015
pali,pixelprose,final_quarter,False,7,1.0,25,25,25,23,2.0,4096,0.0003,False,1.5,1024,512,1200,0.20037466287612915,0.1983988338353811,0.20254516705681452,-0.100341796875,0.002197265625,0.021728515625,0.124267578125,0.11158163845539093,0.08879300951957703,0.8901023322766057,487.5120702587672,0.16425514221191406,0.6525583863258362,0.9901401763475279,0.9640549960786493,0.9928000861328179,475.98828125,0.11620807647705078,0.85400390625,0.22397443652153015
pali,pixelprose,final_quarter,False,7,1.0,25,25,25,23,2.0,4096,0.0003,True,1.1,1024,512,1200,0.6177260875701904,0.6119007972476538,0.623760444317304,0.5693359375,0.00244140625,0.7822265625,0.21533203125,0.3368341326713562,0.28089195489883423,0.07577145057030597,4009.8895068394363,0.4581153988838196,0.32293808460235596,0.9941816741401814,0.7897990599340051,0.993383481552431,1882.6484375,0.45963096618652344,0.0,0.32008466124534607
pali,pixelprose,final_quarter,False,7,1.0,25,25,25,23,2.0,4096,0.0003,True,1.25,1024,512,1200,0.6177260875701904,0.6119007972476538,0.623760444317304,-0.3662109375,0.0,0.31689453125,0.68310546875,0.3368341326713562,0.28089195489883423,0.07577145057030597,4009.8895068394363,0.4581153988838196,0.32293808460235596,0.9941816741401814,0.7897990599340051,0.993383481552431,1882.6484375,0.45963096618652344,0.0,0.32008466124534607
pali,pixelprose,final_quarter,False,7,1.0,25,25,25,23,2.0,4096,0.0003,True,1.5,1024,512,1200,0.6177260875701904,0.6119007972476538,0.623760444317304,-0.95166015625,0.0,0.024169921875,0.975830078125,0.3368341326713562,0.28089195489883423,0.07577145057030597,4009.8895068394363,0.4581153988838196,0.32293808460235596,0.9941816741401814,0.7897990599340051,0.993383481552431,1882.6484375,0.45963096618652344,0.0,0.32008466124534607
pali,pixelprose,final_quarter,False,7,1.0,25,25,25,23,2.0,4096,0.001,False,1.1,1024,512,1200,0.19968479871749878,0.19770052798849064,0.2017867617396405,0.1103515625,0.00244140625,0.12646484375,0.0185546875,0.11118572950363159,0.08849906921386719,0.8899125157306629,488.75502185979354,0.16176451742649078,0.6517069935798645,0.9901784178826176,0.9640569058085291,0.9927522582102658,475.146484375,0.11600255966186523,0.8544921875,0.2199753075838089
pali,pixelprose,final_quarter,False,7,1.0,25,25,25,23,2.0,4096,0.001,False,1.25,1024,512,1200,0.19968479871749878,0.19770052798849064,0.2017867617396405,0.001953125,0.002197265625,0.072509765625,0.07275390625,0.11118572950363159,0.08849906921386719,0.8899125157306629,488.75502185979354,0.16176451742649078,0.6517069935798645,0.9901784178826176,0.9640569058085291,0.9927522582102658,475.146484375,0.11600255966186523,0.8544921875,0.2199753075838089
pali,pixelprose,final_quarter,False,7,1.0,25,25,25,23,2.0,4096,0.001,False,1.5,1024,512,1200,0.19968479871749878,0.19770052798849064,0.2017867617396405,-0.10498046875,0.002197265625,0.01904296875,0.126220703125,0.11118572950363159,0.08849906921386719,0.8899125157306629,488.75502185979354,0.16176451742649078,0.6517069935798645,0.9901784178826176,0.9640569058085291,0.9927522582102658,475.146484375,0.11600255966186523,0.8544921875,0.2199753075838089
pali,pixelprose,final_quarter,False,7,1.0,25,25,25,23,2.0,4096,0.001,True,1.1,1024,512,1200,0.6074814796447754,0.6018540508841397,0.6138238183310023,0.53857421875,0.000732421875,0.7685546875,0.230712890625,0.3303363621234894,0.2771450877189636,0.0757963741083523,4008.165570749005,0.4431186318397522,0.31739193201065063,0.9937434059300547,0.7892546847417952,0.9941394600301444,1876.77734375,0.45819759368896484,0.0,0.3137226402759552
pali,pixelprose,final_quarter,False,7,1.0,25,25,25,23,2.0,4096,0.001,True,1.25,1024,512,1200,0.6074814796447754,0.6018540508841397,0.6138238183310023,-0.408203125,0.0,0.2958984375,0.7041015625,0.3303363621234894,0.2771450877189636,0.0757963741083523,4008.165570749005,0.4431186318397522,0.31739193201065063,0.9937434059300547,0.7892546847417952,0.9941394600301444,1876.77734375,0.45819759368896484,0.0,0.3137226402759552
pali,pixelprose,final_quarter,False,7,1.0,25,25,25,23,2.0,4096,0.001,True,1.5,1024,512,1200,0.6074814796447754,0.6018540508841397,0.6138238183310023,-0.955078125,0.0,0.0224609375,0.9775390625,0.3303363621234894,0.2771450877189636,0.0757963741083523,4008.165570749005,0.4431186318397522,0.31739193201065063,0.9937434059300547,0.7892546847417952,0.9941394600301444,1876.77734375,0.45819759368896484,0.0,0.3137226402759552
pali,pixelprose,final_quarter,False,7,1.0,25,25,25,23,4.0,4096,0.0003,False,1.1,1024,512,1200,0.20037466287612915,0.1983988338353811,0.20254516705681452,0.113037109375,0.00244140625,0.128173828125,0.017578125,0.11158163845539093,0.08879300951957703,0.8901023322766057,487.5120702587672,0.16425514221191406,0.6525583863258362,0.9901401763475279,0.9640549960786493,0.9928000861328179,475.98828125,0.11620807647705078,0.85400390625,0.22397443652153015
pali,pixelprose,final_quarter,False,7,1.0,25,25,25,23,4.0,4096,0.0003,False,1.25,1024,512,1200,0.20037466287612915,0.1983988338353811,0.20254516705681452,0.002197265625,0.002197265625,0.072998046875,0.072998046875,0.11158163845539093,0.08879300951957703,0.8901023322766057,487.5120702587672,0.16425514221191406,0.6525583863258362,0.9901401763475279,0.9640549960786493,0.9928000861328179,475.98828125,0.11620807647705078,0.85400390625,0.22397443652153015
pali,pixelprose,final_quarter,False,7,1.0,25,25,25,23,4.0,4096,0.0003,False,1.5,1024,512,1200,0.20037466287612915,0.1983988338353811,0.20254516705681452,-0.100341796875,0.002197265625,0.021728515625,0.124267578125,0.11158163845539093,0.08879300951957703,0.8901023322766057,487.5120702587672,0.16425514221191406,0.6525583863258362,0.9901401763475279,0.9640549960786493,0.9928000861328179,475.98828125,0.11620807647705078,0.85400390625,0.22397443652153015
pali,pixelprose,final_quarter,False,7,1.0,25,25,25,23,4.0,4096,0.0003,True,1.1,1024,512,1200,0.6177260875701904,0.6119007972476538,0.623760444317304,0.5693359375,0.00244140625,0.7822265625,0.21533203125,0.3368341326713562,0.28089195489883423,0.07577145057030597,4009.8895068394363,0.4581153988838196,0.32293808460235596,0.9941816741401814,0.7897990599340051,0.993383481552431,1882.6484375,0.45963096618652344,0.0,0.32008466124534607
pali,pixelprose,final_quarter,False,7,1.0,25,25,25,23,4.0,4096,0.0003,True,1.25,1024,512,1200,0.6177260875701904,0.6119007972476538,0.623760444317304,-0.3662109375,0.0,0.31689453125,0.68310546875,0.3368341326713562,0.28089195489883423,0.07577145057030597,4009.8895068394363,0.4581153988838196,0.32293808460235596,0.9941816741401814,0.7897990599340051,0.993383481552431,1882.6484375,0.45963096618652344,0.0,0.32008466124534607
pali,pixelprose,final_quarter,False,7,1.0,25,25,25,23,4.0,4096,0.0003,True,1.5,1024,512,1200,0.6177260875701904,0.6119007972476538,0.623760444317304,-0.95166015625,0.0,0.024169921875,0.975830078125,0.3368341326713562,0.28089195489883423,0.07577145057030597,4009.8895068394363,0.4581153988838196,0.32293808460235596,0.9941816741401814,0.7897990599340051,0.993383481552431,1882.6484375,0.45963096618652344,0.0,0.32008466124534607
pali,pixelprose,final_quarter,False,7,1.0,25,25,25,23,4.0,4096,0.001,False,1.1,1024,512,1200,0.19968479871749878,0.19770052798849064,0.2017867617396405,0.1103515625,0.00244140625,0.12646484375,0.0185546875,0.11118572950363159,0.08849906921386719,0.8899125157306629,488.75502185979354,0.16176451742649078,0.6517069935798645,0.9901784178826176,0.9640569058085291,0.9927522582102658,475.146484375,0.11600255966186523,0.8544921875,0.2199753075838089
pali,pixelprose,final_quarter,False,7,1.0,25,25,25,23,4.0,4096,0.001,False,1.25,1024,512,1200,0.19968479871749878,0.19770052798849064,0.2017867617396405,0.001953125,0.002197265625,0.072509765625,0.07275390625,0.11118572950363159,0.08849906921386719,0.8899125157306629,488.75502185979354,0.16176451742649078,0.6517069935798645,0.9901784178826176,0.9640569058085291,0.9927522582102658,475.146484375,0.11600255966186523,0.8544921875,0.2199753075838089
pali,pixelprose,final_quarter,False,7,1.0,25,25,25,23,4.0,4096,0.001,False,1.5,1024,512,1200,0.19968479871749878,0.19770052798849064,0.2017867617396405,-0.10498046875,0.002197265625,0.01904296875,0.126220703125,0.11118572950363159,0.08849906921386719,0.8899125157306629,488.75502185979354,0.16176451742649078,0.6517069935798645,0.9901784178826176,0.9640569058085291,0.9927522582102658,475.146484375,0.11600255966186523,0.8544921875,0.2199753075838089
pali,pixelprose,final_quarter,False,7,1.0,25,25,25,23,4.0,4096,0.001,True,1.1,1024,512,1200,0.6074814796447754,0.6018540508841397,0.6138238183310023,0.53857421875,0.000732421875,0.7685546875,0.230712890625,0.3303363621234894,0.2771450877189636,0.0757963741083523,4008.165570749005,0.4431186318397522,0.31739193201065063,0.9937434059300547,0.7892546847417952,0.9941394600301444,1876.77734375,0.45819759368896484,0.0,0.3137226402759552
pali,pixelprose,final_quarter,False,7,1.0,25,25,25,23,4.0,4096,0.001,True,1.25,1024,512,1200,0.6074814796447754,0.6018540508841397,0.6138238183310023,-0.408203125,0.0,0.2958984375,0.7041015625,0.3303363621234894,0.2771450877189636,0.0757963741083523,4008.165570749005,0.4431186318397522,0.31739193201065063,0.9937434059300547,0.7892546847417952,0.9941394600301444,1876.77734375,0.45819759368896484,0.0,0.3137226402759552
pali,pixelprose,final_quarter,False,7,1.0,25,25,25,23,4.0,4096,0.001,True,1.5,1024,512,1200,0.6074814796447754,0.6018540508841397,0.6138238183310023,-0.955078125,0.0,0.0224609375,0.9775390625,0.3303363621234894,0.2771450877189636,0.0757963741083523,4008.165570749005,0.4431186318397522,0.31739193201065063,0.9937434059300547,0.7892546847417952,0.9941394600301444,1876.77734375,0.45819759368896484,0.0,0.3137226402759552
pali,pixelprose,final_quarter,False,7,1.0,25,25,25,37,2.0,4096,0.0003,False,1.1,1024,512,1200,0.2062806487083435,0.20402963138840277,0.2086529282569245,0.124755859375,0.002197265625,0.14208984375,0.01953125,0.11476333439350128,0.09151731431484222,0.8802766707317683,530.9199749371887,0.16839900612831116,0.6527528166770935,0.9911265003943649,0.9645808462186347,0.9927846323723277,517.291015625,0.12629175186157227,0.83837890625,0.22840800881385803
pali,pixelprose,final_quarter,False,7,1.0,25,25,25,37,2.0,4096,0.0003,False,1.25,1024,512,1200,0.2062806487083435,0.20402963138840277,0.2086529282569245,-0.001708984375,0.001708984375,0.079345703125,0.082763671875,0.11476333439350128,0.09151731431484222,0.8802766707317683,530.9199749371887,0.16839900612831116,0.6527528166770935,0.9911265003943649,0.9645808462186347,0.9927846323723277,517.291015625,0.12629175186157227,0.83837890625,0.22840800881385803
pali,pixelprose,final_quarter,False,7,1.0,25,25,25,37,2.0,4096,0.0003,False,1.5,1024,512,1200,0.2062806487083435,0.20402963138840277,0.2086529282569245,-0.108642578125,0.001220703125,0.0263671875,0.13623046875,0.11476333439350128,0.09151731431484222,0.8802766707317683,530.9199749371887,0.16839900612831116,0.6527528166770935,0.9911265003943649,0.9645808462186347,0.9927846323723277,517.291015625,0.12629175186157227,0.83837890625,0.22840800881385803
pali,pixelprose,final_quarter,False,7,1.0,25,25,25,37,2.0,4096,0.0003,True,1.1,1024,512,1200,0.6169057488441467,0.6106103691796306,0.6232978950531105,0.56005859375,0.002197265625,0.77783203125,0.219970703125,0.3362014889717102,0.2807042896747589,0.07736075951331832,4003.0631442820936,0.44390639662742615,0.3249188959598541,0.9945355851378966,0.7907884572324978,0.993573215061008,1886.58984375,0.46059322357177734,0.0,0.31945785880088806
pali,pixelprose,final_quarter,False,7,1.0,25,25,25,37,2.0,4096,0.0003,True,1.25,1024,512,1200,0.6169057488441467,0.6106103691796306,0.6232978950531105,-0.3896484375,0.0,0.30517578125,0.69482421875,0.3362014889717102,0.2807042896747589,0.07736075951331832,4003.0631442820936,0.44390639662742615,0.3249188959598541,0.9945355851378966,0.7907884572324978,0.993573215061008,1886.58984375,0.46059322357177734,0.0,0.31945785880088806
pali,pixelprose,final_quarter,False,7,1.0,25,25,25,37,2.0,4096,0.0003,True,1.5,1024,512,1200,0.6169057488441467,0.6106103691796306,0.6232978950531105,-0.94921875,0.0,0.025390625,0.974609375,0.3362014889717102,0.2807042896747589,0.07736075951331832,4003.0631442820936,0.44390639662742615,0.3249188959598541,0.9945355851378966,0.7907884572324978,0.993573215061008,1886.58984375,0.46059322357177734,0.0,0.31945785880088806
pali,pixelprose,final_quarter,False,7,1.0,25,25,25,37,2.0,4096,0.001,False,1.1,1024,512,1200,0.20517221093177795,0.2029605920884933,0.20755362156487536,0.124755859375,0.001953125,0.142333984375,0.01953125,0.1140211895108223,0.09115101397037506,0.8801829413917872,531.2797777628377,0.1671810895204544,0.6418425440788269,0.9911571334890428,0.9646195858045439,0.9926518035307758,516.013671875,0.12597990036010742,0.838134765625,0.22469018399715424
pali,pixelprose,final_quarter,False,7,1.0,25,25,25,37,2.0,4096,0.001,False,1.25,1024,512,1200,0.20517221093177795,0.2029605920884933,0.20755362156487536,0.001708984375,0.001708984375,0.0810546875,0.0810546875,0.1140211895108223,0.09115101397037506,0.8801829413917872,531.2797777628377,0.1671810895204544,0.6418425440788269,0.9911571334890428,0.9646195858045439,0.9926518035307758,516.013671875,0.12597990036010742,0.838134765625,0.22469018399715424
pali,pixelprose,final_quarter,False,7,1.0,25,25,25,37,2.0,4096,0.001,False,1.5,1024,512,1200,0.20517221093177795,0.2029605920884933,0.20755362156487536,-0.110595703125,0.0009765625,0.025634765625,0.13720703125,0.1140211895108223,0.09115101397037506,0.8801829413917872,531.2797777628377,0.1671810895204544,0.6418425440788269,0.9911571334890428,0.9646195858045439,0.9926518035307758,516.013671875,0.12597990036010742,0.838134765625,0.22469018399715424
pali,pixelprose,final_quarter,False,7,1.0,25,25,25,37,2.0,4096,0.001,True,1.1,1024,512,1200,0.6093677878379822,0.6032514482474653,0.6156860153190792,0.5517578125,0.001953125,0.77392578125,0.22412109375,0.3319377601146698,0.27743005752563477,0.07668446972040847,4006.218908225091,0.44382965564727783,0.31928807497024536,0.9948033340127349,0.791076728808858,0.994987985101325,1878.908203125,0.45871782302856445,0.0,0.3148825168609619
pali,pixelprose,final_quarter,False,7,1.0,25,25,25,37,2.0,4096,0.001,True,1.25,1024,512,1200,0.6093677878379822,0.6032514482474653,0.6156860153190792,-0.392578125,0.0,0.3037109375,0.6962890625,0.3319377601146698,0.27743005752563477,0.07668446972040847,4006.218908225091,0.44382965564727783,0.31928807497024536,0.9948033340127349,0.791076728808858,0.994987985101325,1878.908203125,0.45871782302856445,0.0,0.3148825168609619
pali,pixelprose,final_quarter,False,7,1.0,25,25,25,37,2.0,4096,0.001,True,1.5,1024,512,1200,0.6093677878379822,0.6032514482474653,0.6156860153190792,-0.94775390625,0.0,0.026123046875,0.973876953125,0.3319377601146698,0.27743005752563477,0.07668446972040847,4006.218908225091,0.44382965564727783,0.31928807497024536,0.9948033340127349,0.791076728808858,0.994987985101325,1878.908203125,0.45871782302856445,0.0,0.3148825168609619
pali,pixelprose,final_quarter,False,7,1.0,25,25,25,37,4.0,4096,0.0003,False,1.1,1024,512,1200,0.2062806487083435,0.20402963138840277,0.2086529282569245,0.124755859375,0.002197265625,0.14208984375,0.01953125,0.11476333439350128,0.09151731431484222,0.8802766707317683,530.9199749371887,0.16839900612831116,0.6527528166770935,0.9911265003943649,0.9645808462186347,0.9927846323723277,517.291015625,0.12629175186157227,0.83837890625,0.22840800881385803
pali,pixelprose,final_quarter,False,7,1.0,25,25,25,37,4.0,4096,0.0003,False,1.25,1024,512,1200,0.2062806487083435,0.20402963138840277,0.2086529282569245,-0.001708984375,0.001708984375,0.079345703125,0.082763671875,0.11476333439350128,0.09151731431484222,0.8802766707317683,530.9199749371887,0.16839900612831116,0.6527528166770935,0.9911265003943649,0.9645808462186347,0.9927846323723277,517.291015625,0.12629175186157227,0.83837890625,0.22840800881385803
pali,pixelprose,final_quarter,False,7,1.0,25,25,25,37,4.0,4096,0.0003,False,1.5,1024,512,1200,0.2062806487083435,0.20402963138840277,0.2086529282569245,-0.108642578125,0.001220703125,0.0263671875,0.13623046875,0.11476333439350128,0.09151731431484222,0.8802766707317683,530.9199749371887,0.16839900612831116,0.6527528166770935,0.9911265003943649,0.9645808462186347,0.9927846323723277,517.291015625,0.12629175186157227,0.83837890625,0.22840800881385803
pali,pixelprose,final_quarter,False,7,1.0,25,25,25,37,4.0,4096,0.0003,True,1.1,1024,512,1200,0.6169057488441467,0.6106103691796306,0.6232978950531105,0.56005859375,0.002197265625,0.77783203125,0.219970703125,0.3362014889717102,0.2807042896747589,0.07736075951331832,4003.0631442820936,0.44390639662742615,0.3249188959598541,0.9945355851378966,0.7907884572324978,0.993573215061008,1886.58984375,0.46059322357177734,0.0,0.31945785880088806
pali,pixelprose,final_quarter,False,7,1.0,25,25,25,37,4.0,4096,0.0003,True,1.25,1024,512,1200,0.6169057488441467,0.6106103691796306,0.6232978950531105,-0.3896484375,0.0,0.30517578125,0.69482421875,0.3362014889717102,0.2807042896747589,0.07736075951331832,4003.0631442820936,0.44390639662742615,0.3249188959598541,0.9945355851378966,0.7907884572324978,0.993573215061008,1886.58984375,0.46059322357177734,0.0,0.31945785880088806
pali,pixelprose,final_quarter,False,7,1.0,25,25,25,37,4.0,4096,0.0003,True,1.5,1024,512,1200,0.6169057488441467,0.6106103691796306,0.6232978950531105,-0.94921875,0.0,0.025390625,0.974609375,0.3362014889717102,0.2807042896747589,0.07736075951331832,4003.0631442820936,0.44390639662742615,0.3249188959598541,0.9945355851378966,0.7907884572324978,0.993573215061008,1886.58984375,0.46059322357177734,0.0,0.31945785880088806
pali,pixelprose,final_quarter,False,7,1.0,25,25,25,37,4.0,4096,0.001,False,1.1,1024,512,1200,0.20517221093177795,0.2029605920884933,0.20755362156487536,0.124755859375,0.001953125,0.142333984375,0.01953125,0.1140211895108223,0.09115101397037506,0.8801829413917872,531.2797777628377,0.1671810895204544,0.6418425440788269,0.9911571334890428,0.9646195858045439,0.9926518035307758,516.013671875,0.12597990036010742,0.838134765625,0.22469018399715424
pali,pixelprose,final_quarter,False,7,1.0,25,25,25,37,4.0,4096,0.001,False,1.25,1024,512,1200,0.20517221093177795,0.2029605920884933,0.20755362156487536,0.001708984375,0.001708984375,0.0810546875,0.0810546875,0.1140211895108223,0.09115101397037506,0.8801829413917872,531.2797777628377,0.1671810895204544,0.6418425440788269,0.9911571334890428,0.9646195858045439,0.9926518035307758,516.013671875,0.12597990036010742,0.838134765625,0.22469018399715424
pali,pixelprose,final_quarter,False,7,1.0,25,25,25,37,4.0,4096,0.001,False,1.5,1024,512,1200,0.20517221093177795,0.2029605920884933,0.20755362156487536,-0.110595703125,0.0009765625,0.025634765625,0.13720703125,0.1140211895108223,0.09115101397037506,0.8801829413917872,531.2797777628377,0.1671810895204544,0.6418425440788269,0.9911571334890428,0.9646195858045439,0.9926518035307758,516.013671875,0.12597990036010742,0.838134765625,0.22469018399715424
pali,pixelprose,final_quarter,False,7,1.0,25,25,25,37,4.0,4096,0.001,True,1.1,1024,512,1200,0.6093677878379822,0.6032514482474653,0.6156860153190792,0.5517578125,0.001953125,0.77392578125,0.22412109375,0.3319377601146698,0.27743005752563477,0.07668446972040847,4006.218908225091,0.44382965564727783,0.31928807497024536,0.9948033340127349,0.791076728808858,0.994987985101325,1878.908203125,0.45871782302856445,0.0,0.3148825168609619
pali,pixelprose,final_quarter,False,7,1.0,25,25,25,37,4.0,4096,0.001,True,1.25,1024,512,1200,0.6093677878379822,0.6032514482474653,0.6156860153190792,-0.392578125,0.0,0.3037109375,0.6962890625,0.3319377601146698,0.27743005752563477,0.07668446972040847,4006.218908225091,0.44382965564727783,0.31928807497024536,0.9948033340127349,0.791076728808858,0.994987985101325,1878.908203125,0.45871782302856445,0.0,0.3148825168609619
pali,pixelprose,final_quarter,False,7,1.0,25,25,25,37,4.0,4096,0.001,True,1.5,1024,512,1200,0.6093677878379822,0.6032514482474653,0.6156860153190792,-0.94775390625,0.0,0.026123046875,0.973876953125,0.3319377601146698,0.27743005752563477,0.07668446972040847,4006.218908225091,0.44382965564727783,0.31928807497024536,0.9948033340127349,0.791076728808858,0.994987985101325,1878.908203125,0.45871782302856445,0.0,0.3148825168609619
