family,dataset,pooling,audit,layer_idx,depth_fraction,llm_layer_number,vlm_layer_number,layer_number,seed,width_factor,d_sae,l1,normalize,dom_margin,train_examples,eval_examples,sae_steps,MFI,MFI_ci_low,MFI_ci_high,FMP,image_driven_frac,text_driven_frac,both_driven_frac,mean_text_delta,mean_image_delta,matched_gini,matched_eff_dim,image_only_mean_activation,llm_mean_activation,vlm_train_rec_r2,vlm_eval_rec_r2,llm_train_rec_r2,vlm_eval_l0,vlm_eval_active_frac,vlm_eval_dead_frac,vlm_eval_z_abs_mean
pali,coco_karpathy,final_quarter,False,0,0.0,0,0,0,11,2.0,4096,0.0003,False,1.1,1024,512,1200,0.09155821800231934,0.09088697738734482,0.09224211692053359,0.14453125,0.144287109375,0.0029296875,0.002685546875,0.021009117364883423,0.07054910063743591,0.8790949395237847,526.5455130050718,0.12950600683689117,0.1986430436372757,0.9954598241034294,0.9876907186278061,0.9984103736490655,521.208984375,0.12724828720092773,0.853515625,0.1260337382555008
pali,coco_karpathy,final_quarter,False,0,0.0,0,0,0,11,2.0,4096,0.0003,False,1.25,1024,512,1200,0.09155821800231934,0.09088697738734482,0.09224211692053359,0.14404296875,0.14404296875,0.0029296875,0.0029296875,0.021009117364883423,0.07054910063743591,0.8790949395237847,526.5455130050718,0.12950600683689117,0.1986430436372757,0.9954598241034294,0.9876907186278061,0.9984103736490655,521.208984375,0.12724828720092773,0.853515625,0.1260337382555008
pali,coco_karpathy,final_quarter,False,0,0.0,0,0,0,11,2.0,4096,0.0003,False,1.5,1024,512,1200,0.09155821800231934,0.09088697738734482,0.09224211692053359,0.14208984375,0.143310546875,0.002685546875,0.00390625,0.021009117364883423,0.07054910063743591,0.8790949395237847,526.5455130050718,0.12950600683689117,0.1986430436372757,0.9954598241034294,0.9876907186278061,0.9984103736490655,521.208984375,0.12724828720092773,0.853515625,0.1260337382555008
pali,coco_karpathy,final_quarter,False,0,0.0,0,0,0,11,2.0,4096,0.0003,True,1.1,1024,512,1200,0.613471508026123,0.60994661814766,0.6171087945578619,1.0,1.0,0.0,0.0,0.16399970650672913,0.4494718313217163,0.06776670169238706,4035.161343866025,0.3453945219516754,0.3125562071800232,0.9947733501414396,0.8399730852290657,0.9937230098075667,1881.208984375,0.45927953720092773,0.0,0.33109819889068604
pali,coco_karpathy,final_quarter,False,0,0.0,0,0,0,11,2.0,4096,0.0003,True,1.25,1024,512,1200,0.613471508026123,0.60994661814766,0.6171087945578619,1.0,1.0,0.0,0.0,0.16399970650672913,0.4494718313217163,0.06776670169238706,4035.161343866025,0.3453945219516754,0.3125562071800232,0.9947733501414396,0.8399730852290657,0.9937230098075667,1881.208984375,0.45927953720092773,0.0,0.33109819889068604
pali,coco_karpathy,final_quarter,False,0,0.0,0,0,0,11,2.0,4096,0.0003,True,1.5,1024,512,1200,0.613471508026123,0.60994661814766,0.6171087945578619,1.0,1.0,0.0,0.0,0.16399970650672913,0.4494718313217163,0.06776670169238706,4035.161343866025,0.3453945219516754,0.3125562071800232,0.9947733501414396,0.8399730852290657,0.9937230098075667,1881.208984375,0.45927953720092773,0.0,0.33109819889068604
pali,coco_karpathy,final_quarter,False,0,0.0,0,0,0,11,2.0,4096,0.001,False,1.1,1024,512,1200,0.0904068797826767,0.08974153429626312,0.09107314069806308,0.144287109375,0.14404296875,0.0029296875,0.002685546875,0.020828478038311005,0.06957840919494629,0.8790349519242429,526.0484124009278,0.12416058778762817,0.1937732994556427,0.9957420598774058,0.9880111856378921,0.9982839120148731,518.560546875,0.1266016960144043,0.853759765625,0.12080288678407669
pali,coco_karpathy,final_quarter,False,0,0.0,0,0,0,11,2.0,4096,0.001,False,1.25,1024,512,1200,0.0904068797826767,0.08974153429626312,0.09107314069806308,0.143798828125,0.143798828125,0.0029296875,0.0029296875,0.020828478038311005,0.06957840919494629,0.8790349519242429,526.0484124009278,0.12416058778762817,0.1937732994556427,0.9957420598774058,0.9880111856378921,0.9982839120148731,518.560546875,0.1266016960144043,0.853759765625,0.12080288678407669
pali,coco_karpathy,final_quarter,False,0,0.0,0,0,0,11,2.0,4096,0.001,False,1.5,1024,512,1200,0.0904068797826767,0.08974153429626312,0.09107314069806308,0.141845703125,0.14306640625,0.002685546875,0.00390625,0.020828478038311005,0.06957840919494629,0.8790349519242429,526.0484124009278,0.12416058778762817,0.1937732994556427,0.9957420598774058,0.9880111856378921,0.9982839120148731,518.560546875,0.1266016960144043,0.853759765625,0.12080288678407669
pali,coco_karpathy,final_quarter,False,0,0.0,0,0,0,11,2.0,4096,0.001,True,1.1,1024,512,1200,0.6077569127082825,0.6041768940776819,0.6113648954851669,1.0,1.0,0.0,0.0,0.1629970520734787,0.4447598457336426,0.0684300958724884,4034.052940615926,0.34149685502052307,0.30811840295791626,0.9929959952608485,0.8385642416371473,0.9882800106382849,1880.20703125,0.45903491973876953,0.0,0.32750895619392395
pali,coco_karpathy,final_quarter,False,0,0.0,0,0,0,11,2.0,4096,0.001,True,1.25,1024,512,1200,0.6077569127082825,0.6041768940776819,0.6113648954851669,1.0,1.0,0.0,0.0,0.1629970520734787,0.4447598457336426,0.0684300958724884,4034.052940615926,0.34149685502052307,0.30811840295791626,0.9929959952608485,0.8385642416371473,0.9882800106382849,1880.20703125,0.45903491973876953,0.0,0.32750895619392395
pali,coco_karpathy,final_quarter,False,0,0.0,0,0,0,11,2.0,4096,0.001,True,1.5,1024,512,1200,0.6077569127082825,0.6041768940776819,0.6113648954851669,1.0,1.0,0.0,0.0,0.1629970520734787,0.4447598457336426,0.0684300958724884,4034.052940615926,0.34149685502052307,0.30811840295791626,0.9929959952608485,0.8385642416371473,0.9882800106382849,1880.20703125,0.45903491973876953,0.0,0.32750895619392395
pali,coco_karpathy,final_quarter,False,0,0.0,0,0,0,11,4.0,4096,0.0003,False,1.1,1024,512,1200,0.09155821800231934,0.09088697738734482,0.09224211692053359,0.14453125,0.144287109375,0.0029296875,0.002685546875,0.021009117364883423,0.07054910063743591,0.8790949395237847,526.5455130050718,0.12950600683689117,0.1986430436372757,0.9954598241034294,0.9876907186278061,0.9984103736490655,521.208984375,0.12724828720092773,0.853515625,0.1260337382555008
pali,coco_karpathy,final_quarter,False,0,0.0,0,0,0,11,4.0,4096,0.0003,False,1.25,1024,512,1200,0.09155821800231934,0.09088697738734482,0.09224211692053359,0.14404296875,0.14404296875,0.0029296875,0.0029296875,0.021009117364883423,0.07054910063743591,0.8790949395237847,526.5455130050718,0.12950600683689117,0.1986430436372757,0.9954598241034294,0.9876907186278061,0.9984103736490655,521.208984375,0.12724828720092773,0.853515625,0.1260337382555008
pali,coco_karpathy,final_quarter,False,0,0.0,0,0,0,11,4.0,4096,0.0003,False,1.5,1024,512,1200,0.09155821800231934,0.09088697738734482,0.09224211692053359,0.14208984375,0.143310546875,0.002685546875,0.00390625,0.021009117364883423,0.07054910063743591,0.8790949395237847,526.5455130050718,0.12950600683689117,0.1986430436372757,0.9954598241034294,0.9876907186278061,0.9984103736490655,521.208984375,0.12724828720092773,0.853515625,0.1260337382555008
pali,coco_karpathy,final_quarter,False,0,0.0,0,0,0,11,4.0,4096,0.0003,True,1.1,1024,512,1200,0.613471508026123,0.60994661814766,0.6171087945578619,1.0,1.0,0.0,0.0,0.16399970650672913,0.4494718313217163,0.06776670169238706,4035.161343866025,0.3453945219516754,0.3125562071800232,0.9947733501414396,0.8399730852290657,0.9937230098075667,1881.208984375,0.45927953720092773,0.0,0.33109819889068604
pali,coco_karpathy,final_quarter,False,0,0.0,0,0,0,11,4.0,4096,0.0003,True,1.25,1024,512,1200,0.613471508026123,0.60994661814766,0.6171087945578619,1.0,1.0,0.0,0.0,0.16399970650672913,0.4494718313217163,0.06776670169238706,4035.161343866025,0.3453945219516754,0.3125562071800232,0.9947733501414396,0.8399730852290657,0.9937230098075667,1881.208984375,0.45927953720092773,0.0,0.33109819889068604
pali,coco_karpathy,final_quarter,False,0,0.0,0,0,0,11,4.0,4096,0.0003,True,1.5,1024,512,1200,0.613471508026123,0.60994661814766,0.6171087945578619,1.0,1.0,0.0,0.0,0.16399970650672913,0.4494718313217163,0.06776670169238706,4035.161343866025,0.3453945219516754,0.3125562071800232,0.9947733501414396,0.8399730852290657,0.9937230098075667,1881.208984375,0.45927953720092773,0.0,0.33109819889068604
pali,coco_karpathy,final_quarter,False,0,0.0,0,0,0,11,4.0,4096,0.001,False,1.1,1024,512,1200,0.0904068797826767,0.08974153429626312,0.09107314069806308,0.144287109375,0.14404296875,0.0029296875,0.002685546875,0.020828478038311005,0.06957840919494629,0.8790349519242429,526.0484124009278,0.12416058778762817,0.1937732994556427,0.9957420598774058,0.9880111856378921,0.9982839120148731,518.560546875,0.1266016960144043,0.853759765625,0.12080288678407669
pali,coco_karpathy,final_quarter,False,0,0.0,0,0,0,11,4.0,4096,0.001,False,1.25,1024,512,1200,0.0904068797826767,0.08974153429626312,0.09107314069806308,0.143798828125,0.143798828125,0.0029296875,0.0029296875,0.020828478038311005,0.06957840919494629,0.8790349519242429,526.0484124009278,0.12416058778762817,0.1937732994556427,0.9957420598774058,0.9880111856378921,0.9982839120148731,518.560546875,0.1266016960144043,0.853759765625,0.12080288678407669
pali,coco_karpathy,final_quarter,False,0,0.0,0,0,0,11,4.0,4096,0.001,False,1.5,1024,512,1200,0.0904068797826767,0.08974153429626312,0.09107314069806308,0.141845703125,0.14306640625,0.002685546875,0.00390625,0.020828478038311005,0.06957840919494629,0.8790349519242429,526.0484124009278,0.12416058778762817,0.1937732994556427,0.9957420598774058,0.9880111856378921,0.9982839120148731,518.560546875,0.1266016960144043,0.853759765625,0.12080288678407669
pali,coco_karpathy,final_quarter,False,0,0.0,0,0,0,11,4.0,4096,0.001,True,1.1,1024,512,1200,0.6077569127082825,0.6041768940776819,0.6113648954851669,1.0,1.0,0.0,0.0,0.1629970520734787,0.4447598457336426,0.0684300958724884,4034.052940615926,0.34149685502052307,0.30811840295791626,0.9929959952608485,0.8385642416371473,0.9882800106382849,1880.20703125,0.45903491973876953,0.0,0.32750895619392395
pali,coco_karpathy,final_quarter,False,0,0.0,0,0,0,11,4.0,4096,0.001,True,1.25,1024,512,1200,0.6077569127082825,0.6041768940776819,0.6113648954851669,1.0,1.0,0.0,0.0,0.1629970520734787,0.4447598457336426,0.0684300958724884,4034.052940615926,0.34149685502052307,0.30811840295791626,0.9929959952608485,0.8385642416371473,0.9882800106382849,1880.20703125,0.45903491973876953,0.0,0.32750895619392395
pali,coco_karpathy,final_quarter,False,0,0.0,0,0,0,11,4.0,4096,0.001,True,1.5,1024,512,1200,0.6077569127082825,0.6041768940776819,0.6113648954851669,1.0,1.0,0.0,0.0,0.1629970520734787,0.4447598457336426,0.0684300958724884,4034.052940615926,0.34149685502052307,0.30811840295791626,0.9929959952608485,0.8385642416371473,0.9882800106382849,1880.20703125,0.45903491973876953,0.0,0.32750895619392395
pali,coco_karpathy,final_quarter,False,0,0.0,0,0,0,23,2.0,4096,0.0003,False,1.1,1024,512,1200,0.09299252927303314,0.09236740839478444,0.09367723833056515,0.14697265625,0.14697265625,0.003662109375,0.003662109375,0.021396351978182793,0.0715961828827858,0.8750869666578214,546.4806836302364,0.13012385368347168,0.19606353342533112,0.9957476219710156,0.9881780411941401,0.9984211303949561,542.0703125,0.1323413848876953,0.849853515625,0.12632276117801666
pali,coco_karpathy,final_quarter,False,0,0.0,0,0,0,23,2.0,4096,0.0003,False,1.25,1024,512,1200,0.09299252927303314,0.09236740839478444,0.09367723833056515,0.14404296875,0.145751953125,0.00341796875,0.005126953125,0.021396351978182793,0.0715961828827858,0.8750869666578214,546.4806836302364,0.13012385368347168,0.19606353342533112,0.9957476219710156,0.9881780411941401,0.9984211303949561,542.0703125,0.1323413848876953,0.849853515625,0.12632276117801666
pali,coco_karpathy,final_quarter,False,0,0.0,0,0,0,23,2.0,4096,0.0003,False,1.5,1024,512,1200,0.09299252927303314,0.09236740839478444,0.09367723833056515,0.14306640625,0.145263671875,0.00341796875,0.005615234375,0.021396351978182793,0.0715961828827858,0.8750869666578214,546.4806836302364,0.13012385368347168,0.19606353342533112,0.9957476219710156,0.9881780411941401,0.9984211303949561,542.0703125,0.1323413848876953,0.849853515625,0.12632276117801666
pali,coco_karpathy,final_quarter,False,0,0.0,0,0,0,23,2.0,4096,0.0003,True,1.1,1024,512,1200,0.6183416247367859,0.614980888820719,0.6220242495212005,1.0,1.0,0.0,0.0,0.16451287269592285,0.45382869243621826,0.06802712389283928,4034.485155874233,0.3504013419151306,0.30857396125793457,0.9928290417212797,0.839249046511408,0.9948754364676753,1888.857421875,0.46114683151245117,0.0,0.3346330523490906
pali,coco_karpathy,final_quarter,False,0,0.0,0,0,0,23,2.0,4096,0.0003,True,1.25,1024,512,1200,0.6183416247367859,0.614980888820719,0.6220242495212005,1.0,1.0,0.0,0.0,0.16451287269592285,0.45382869243621826,0.06802712389283928,4034.485155874233,0.3504013419151306,0.30857396125793457,0.9928290417212797,0.839249046511408,0.9948754364676753,1888.857421875,0.46114683151245117,0.0,0.3346330523490906
pali,coco_karpathy,final_quarter,False,0,0.0,0,0,0,23,2.0,4096,0.0003,True,1.5,1024,512,1200,0.6183416247367859,0.614980888820719,0.6220242495212005,1.0,1.0,0.0,0.0,0.16451287269592285,0.45382869243621826,0.06802712389283928,4034.485155874233,0.3504013419151306,0.30857396125793457,0.9928290417212797,0.839249046511408,0.9948754364676753,1888.857421875,0.46114683151245117,0.0,0.3346330523490906
pali,coco_karpathy,final_quarter,False,0,0.0,0,0,0,23,2.0,4096,0.001,False,1.1,1024,512,1200,0.0917748510837555,0.09116676428202482,0.09244628818778437,0.14697265625,0.147216796875,0.00341796875,0.003662109375,0.0211896114051342,0.070585235953331,0.8750998741102934,546.0095226847669,0.12450309097766876,0.19232553243637085,0.9957245151939508,0.9881800615144049,0.9983695375828829,538.8828125,0.1315631866455078,0.849853515625,0.12083419412374496
pali,coco_karpathy,final_quarter,False,0,0.0,0,0,0,23,2.0,4096,0.001,False,1.25,1024,512,1200,0.0917748510837555,0.09116676428202482,0.09244628818778437,0.14453125,0.14599609375,0.00341796875,0.0048828125,0.0211896114051342,0.070585235953331,0.8750998741102934,546.0095226847669,0.12450309097766876,0.19232553243637085,0.9957245151939508,0.9881800615144049,0.9983695375828829,538.8828125,0.1315631866455078,0.849853515625,0.12083419412374496
pali,coco_karpathy,final_quarter,False,0,0.0,0,0,0,23,2.0,4096,0.001,False,1.5,1024,512,1200,0.0917748510837555,0.09116676428202482,0.09244628818778437,0.1435546875,0.1455078125,0.00341796875,0.00537109375,0.0211896114051342,0.070585235953331,0.8750998741102934,546.0095226847669,0.12450309097766876,0.19232553243637085,0.9957245151939508,0.9881800615144049,0.9983695375828829,538.8828125,0.1315631866455078,0.849853515625,0.12083419412374496
pali,coco_karpathy,final_quarter,False,0,0.0,0,0,0,23,2.0,4096,0.001,True,1.1,1024,512,1200,0.6083580255508423,0.6048952448938507,0.6120049518081941,1.0,1.0,0.0,0.0,0.1630707085132599,0.4452873468399048,0.06837217865497708,4033.6162780183918,0.3437403738498688,0.3066948354244232,0.993863853684261,0.839753916353132,0.990104975088462,1880.1875,0.4590301513671875,0.0,0.327919602394104
pali,coco_karpathy,final_quarter,False,0,0.0,0,0,0,23,2.0,4096,0.001,True,1.25,1024,512,1200,0.6083580255508423,0.6048952448938507,0.6120049518081941,1.0,1.0,0.0,0.0,0.1630707085132599,0.4452873468399048,0.06837217865497708,4033.6162780183918,0.3437403738498688,0.3066948354244232,0.993863853684261,0.839753916353132,0.990104975088462,1880.1875,0.4590301513671875,0.0,0.327919602394104
pali,coco_karpathy,final_quarter,False,0,0.0,0,0,0,23,2.0,4096,0.001,True,1.5,1024,512,1200,0.6083580255508423,0.6048952448938507,0.6120049518081941,1.0,1.0,0.0,0.0,0.1630707085132599,0.4452873468399048,0.06837217865497708,4033.6162780183918,0.3437403738498688,0.3066948354244232,0.993863853684261,0.839753916353132,0.990104975088462,1880.1875,0.4590301513671875,0.0,0.327919602394104
pali,coco_karpathy,final_quarter,False,0,0.0,0,0,0,23,4.0,4096,0.0003,False,1.1,1024,512,1200,0.09299252927303314,0.09236740839478444,0.09367723833056515,0.14697265625,0.14697265625,0.003662109375,0.003662109375,0.021396351978182793,0.0715961828827858,0.8750869666578214,546.4806836302364,0.13012385368347168,0.19606353342533112,0.9957476219710156,0.9881780411941401,0.9984211303949561,542.0703125,0.1323413848876953,0.849853515625,0.12632276117801666
pali,coco_karpathy,final_quarter,False,0,0.0,0,0,0,23,4.0,4096,0.0003,False,1.25,1024,512,1200,0.09299252927303314,0.09236740839478444,0.09367723833056515,0.14404296875,0.145751953125,0.00341796875,0.005126953125,0.021396351978182793,0.0715961828827858,0.8750869666578214,546.4806836302364,0.13012385368347168,0.19606353342533112,0.9957476219710156,0.9881780411941401,0.9984211303949561,542.0703125,0.1323413848876953,0.849853515625,0.12632276117801666
pali,coco_karpathy,final_quarter,False,0,0.0,0,0,0,23,4.0,4096,0.0003,False,1.5,1024,512,1200,0.09299252927303314,0.09236740839478444,0.09367723833056515,0.14306640625,0.145263671875,0.00341796875,0.005615234375,0.021396351978182793,0.0715961828827858,0.8750869666578214,546.4806836302364,0.13012385368347168,0.19606353342533112,0.9957476219710156,0.9881780411941401,0.9984211303949561,542.0703125,0.1323413848876953,0.849853515625,0.12632276117801666
pali,coco_karpathy,final_quarter,False,0,0.0,0,0,0,23,4.0,4096,0.0003,True,1.1,1024,512,1200,0.6183416247367859,0.614980888820719,0.6220242495212005,1.0,1.0,0.0,0.0,0.16451287269592285,0.45382869243621826,0.06802712389283928,4034.485155874233,0.3504013419151306,0.30857396125793457,0.9928290417212797,0.839249046511408,0.9948754364676753,1888.857421875,0.46114683151245117,0.0,0.3346330523490906
pali,coco_karpathy,final_quarter,False,0,0.0,0,0,0,23,4.0,4096,0.0003,True,1.25,1024,512,1200,0.6183416247367859,0.614980888820719,0.6220242495212005,1.0,1.0,0.0,0.0,0.16451287269592285,0.45382869243621826,0.06802712389283928,4034.485155874233,0.3504013419151306,0.30857396125793457,0.9928290417212797,0.839249046511408,0.9948754364676753,1888.857421875,0.46114683151245117,0.0,0.3346330523490906
pali,coco_karpathy,final_quarter,False,0,0.0,0,0,0,23,4.0,4096,0.0003,True,1.5,1024,512,1200,0.6183416247367859,0.614980888820719,0.6220242495212005,1.0,1.0,0.0,0.0,0.16451287269592285,0.45382869243621826,0.06802712389283928,4034.485155874233,0.3504013419151306,0.30857396125793457,0.9928290417212797,0.839249046511408,0.9948754364676753,1888.857421875,0.46114683151245117,0.0,0.3346330523490906
pali,coco_karpathy,final_quarter,False,0,0.0,0,0,0,23,4.0,4096,0.001,False,1.1,1024,512,1200,0.0917748510837555,0.09116676428202482,0.09244628818778437,0.14697265625,0.147216796875,0.00341796875,0.003662109375,0.0211896114051342,0.070585235953331,0.8750998741102934,546.0095226847669,0.12450309097766876,0.19232553243637085,0.9957245151939508,0.9881800615144049,0.9983695375828829,538.8828125,0.1315631866455078,0.849853515625,0.12083419412374496
pali,coco_karpathy,final_quarter,False,0,0.0,0,0,0,23,4.0,4096,0.001,False,1.25,1024,512,1200,0.0917748510837555,0.09116676428202482,0.09244628818778437,0.14453125,0.14599609375,0.00341796875,0.0048828125,0.0211896114051342,0.070585235953331,0.8750998741102934,546.0095226847669,0.12450309097766876,0.19232553243637085,0.9957245151939508,0.9881800615144049,0.9983695375828829,538.8828125,0.1315631866455078,0.849853515625,0.12083419412374496
pali,coco_karpathy,final_quarter,False,0,0.0,0,0,0,23,4.0,4096,0.001,False,1.5,1024,512,1200,0.0917748510837555,0.09116676428202482,0.09244628818778437,0.1435546875,0.1455078125,0.00341796875,0.00537109375,0.0211896114051342,0.070585235953331,0.8750998741102934,546.0095226847669,0.12450309097766876,0.19232553243637085,0.9957245151939508,0.9881800615144049,0.9983695375828829,538.8828125,0.1315631866455078,0.849853515625,0.12083419412374496
pali,coco_karpathy,final_quarter,False,0,0.0,0,0,0,23,4.0,4096,0.001,True,1.1,1024,512,1200,0.6083580255508423,0.6048952448938507,0.6120049518081941,1.0,1.0,0.0,0.0,0.1630707085132599,0.4452873468399048,0.06837217865497708,4033.6162780183918,0.3437403738498688,0.3066948354244232,0.993863853684261,0.839753916353132,0.990104975088462,1880.1875,0.4590301513671875,0.0,0.327919602394104
pali,coco_karpathy,final_quarter,False,0,0.0,0,0,0,23,4.0,4096,0.001,True,1.25,1024,512,1200,0.6083580255508423,0.6048952448938507,0.6120049518081941,1.0,1.0,0.0,0.0,0.1630707085132599,0.4452873468399048,0.06837217865497708,4033.6162780183918,0.3437403738498688,0.3066948354244232,0.993863853684261,0.839753916353132,0.990104975088462,1880.1875,0.4590301513671875,0.0,0.327919602394104
pali,coco_karpathy,final_quarter,False,0,0.0,0,0,0,23,4.0,4096,0.001,True,1.5,1024,512,1200,0.6083580255508423,0.6048952448938507,0.6120049518081941,1.0,1.0,0.0,0.0,0.1630707085132599,0.4452873468399048,0.06837217865497708,4033.6162780183918,0.3437403738498688,0.3066948354244232,0.993863853684261,0.839753916353132,0.990104975088462,1880.1875,0.4590301513671875,0.0,0.327919602394104
pali,coco_karpathy,final_quarter,False,0,0.0,0,0,0,37,2.0,4096,0.0003,False,1.1,1024,512,1200,0.09036795794963837,0.08966744822973852,0.09101989478367614,0.1455078125,0.143798828125,0.00537109375,0.003662109375,0.020901452749967575,0.06946651637554169,0.879888582640933,525.1553659123846,0.12728285789489746,0.20147739350795746,0.9955191294082442,0.9878686055077468,0.9979394431273131,524.177734375,0.12797307968139648,0.853759765625,0.12374834716320038
pali,coco_karpathy,final_quarter,False,0,0.0,0,0,0,37,2.0,4096,0.0003,False,1.25,1024,512,1200,0.09036795794963837,0.08966744822973852,0.09101989478367614,0.14501953125,0.143798828125,0.005126953125,0.00390625,0.020901452749967575,0.06946651637554169,0.879888582640933,525.1553659123846,0.12728285789489746,0.20147739350795746,0.9955191294082442,0.9878686055077468,0.9979394431273131,524.177734375,0.12797307968139648,0.853759765625,0.12374834716320038
pali,coco_karpathy,final_quarter,False,0,0.0,0,0,0,37,2.0,4096,0.0003,False,1.5,1024,512,1200,0.09036795794963837,0.08966744822973852,0.09101989478367614,0.142578125,0.143310546875,0.00439453125,0.005126953125,0.020901452749967575,0.06946651637554169,0.879888582640933,525.1553659123846,0.12728285789489746,0.20147739350795746,0.9955191294082442,0.9878686055077468,0.9979394431273131,524.177734375,0.12797307968139648,0.853759765625,0.12374834716320038
pali,coco_karpathy,final_quarter,False,0,0.0,0,0,0,37,2.0,4096,0.0003,True,1.1,1024,512,1200,0.6182702779769897,0.6144345091975992,0.6218212116975337,1.0,1.0,0.0,0.0,0.1648489236831665,0.45342135429382324,0.06975158427665129,4030.1785676277395,0.34833019971847534,0.3086586892604828,0.992641942984221,0.8394697073369588,0.9902876145851132,1884.265625,0.4600257873535156,0.0,0.3340366780757904
pali,coco_karpathy,final_quarter,False,0,0.0,0,0,0,37,2.0,4096,0.0003,True,1.25,1024,512,1200,0.6182702779769897,0.6144345091975992,0.6218212116975337,1.0,1.0,0.0,0.0,0.1648489236831665,0.45342135429382324,0.06975158427665129,4030.1785676277395,0.34833019971847534,0.3086586892604828,0.992641942984221,0.8394697073369588,0.9902876145851132,1884.265625,0.4600257873535156,0.0,0.3340366780757904
pali,coco_karpathy,final_quarter,False,0,0.0,0,0,0,37,2.0,4096,0.0003,True,1.5,1024,512,1200,0.6182702779769897,0.6144345091975992,0.6218212116975337,1.0,1.0,0.0,0.0,0.1648489236831665,0.45342135429382324,0.06975158427665129,4030.1785676277395,0.34833019971847534,0.3086586892604828,0.992641942984221,0.8394697073369588,0.9902876145851132,1884.265625,0.4600257873535156,0.0,0.3340366780757904
pali,coco_karpathy,final_quarter,False,0,0.0,0,0,0,37,2.0,4096,0.001,False,1.1,1024,512,1200,0.08933040499687195,0.08865837822777393,0.08996454234329576,0.14501953125,0.1435546875,0.00537109375,0.00390625,0.020738642662763596,0.06859177350997925,0.8799986549276168,524.3336042687299,0.12255321443080902,0.19303059577941895,0.9956222532300752,0.9879551229842533,0.9985553179820659,521.80078125,0.12739276885986328,0.853759765625,0.11911015212535858
pali,coco_karpathy,final_quarter,False,0,0.0,0,0,0,37,2.0,4096,0.001,False,1.25,1024,512,1200,0.08933040499687195,0.08865837822777393,0.08996454234329576,0.14404296875,0.143310546875,0.005126953125,0.00439453125,0.020738642662763596,0.06859177350997925,0.8799986549276168,524.3336042687299,0.12255321443080902,0.19303059577941895,0.9956222532300752,0.9879551229842533,0.9985553179820659,521.80078125,0.12739276885986328,0.853759765625,0.11911015212535858
pali,coco_karpathy,final_quarter,False,0,0.0,0,0,0,37,2.0,4096,0.001,False,1.5,1024,512,1200,0.08933040499687195,0.08865837822777393,0.08996454234329576,0.14208984375,0.14306640625,0.00439453125,0.00537109375,0.020738642662763596,0.06859177350997925,0.8799986549276168,524.3336042687299,0.12255321443080902,0.19303059577941895,0.9956222532300752,0.9879551229842533,0.9985553179820659,521.80078125,0.12739276885986328,0.853759765625,0.11911015212535858
pali,coco_karpathy,final_quarter,False,0,0.0,0,0,0,37,2.0,4096,0.001,True,1.1,1024,512,1200,0.6130456924438477,0.6092586386861513,0.6165662001774763,1.0,1.0,0.0,0.0,0.16365760564804077,0.4493881165981293,0.06978688641973216,4029.6424541931838,0.3457277715206146,0.30610907077789307,0.9913964681634123,0.8388370763839622,0.9882864814895178,1878.427734375,0.4586005210876465,0.0,0.3304661810398102
pali,coco_karpathy,final_quarter,False,0,0.0,0,0,0,37,2.0,4096,0.001,True,1.25,1024,512,1200,0.6130456924438477,0.6092586386861513,0.6165662001774763,1.0,1.0,0.0,0.0,0.16365760564804077,0.4493881165981293,0.06978688641973216,4029.6424541931838,0.3457277715206146,0.30610907077789307,0.9913964681634123,0.8388370763839622,0.9882864814895178,1878.427734375,0.4586005210876465,0.0,0.3304661810398102
pali,coco_karpathy,final_quarter,False,0,0.0,0,0,0,37,2.0,4096,0.001,True,1.5,1024,512,1200,0.6130456924438477,0.6092586386861513,0.6165662001774763,1.0,1.0,0.0,0.0,0.16365760564804077,0.4493881165981293,0.06978688641973216,4029.6424541931838,0.3457277715206146,0.30610907077789307,0.9913964681634123,0.8388370763839622,0.9882864814895178,1878.427734375,0.4586005210876465,0.0,0.3304661810398102
pali,coco_karpathy,final_quarter,False,0,0.0,0,0,0,37,4.0,4096,0.0003,False,1.1,1024,512,1200,0.09036795794963837,0.08966744822973852,0.09101989478367614,0.1455078125,0.143798828125,0.00537109375,0.003662109375,0.020901452749967575,0.06946651637554169,0.879888582640933,525.1553659123846,0.12728285789489746,0.20147739350795746,0.9955191294082442,0.9878686055077468,0.9979394431273131,524.177734375,0.12797307968139648,0.853759765625,0.12374834716320038
pali,coco_karpathy,final_quarter,False,0,0.0,0,0,0,37,4.0,4096,0.0003,False,1.25,1024,512,1200,0.09036795794963837,0.08966744822973852,0.09101989478367614,0.14501953125,0.143798828125,0.005126953125,0.00390625,0.020901452749967575,0.06946651637554169,0.879888582640933,525.1553659123846,0.12728285789489746,0.20147739350795746,0.9955191294082442,0.9878686055077468,0.9979394431273131,524.177734375,0.12797307968139648,0.853759765625,0.12374834716320038
pali,coco_karpathy,final_quarter,False,0,0.0,0,0,0,37,4.0,4096,0.0003,False,1.5,1024,512,1200,0.09036795794963837,0.08966744822973852,0.09101989478367614,0.142578125,0.143310546875,0.00439453125,0.005126953125,0.020901452749967575,0.06946651637554169,0.879888582640933,525.1553659123846,0.12728285789489746,0.20147739350795746,0.9955191294082442,0.9878686055077468,0.9979394431273131,524.177734375,0.12797307968139648,0.853759765625,0.12374834716320038
pali,coco_karpathy,final_quarter,False,0,0.0,0,0,0,37,4.0,4096,0.0003,True,1.1,1024,512,1200,0.6182702779769897,0.6144345091975992,0.6218212116975337,1.0,1.0,0.0,0.0,0.1648489236831665,0.45342135429382324,0.06975158427665129,4030.1785676277395,0.34833019971847534,0.3086586892604828,0.992641942984221,0.8394697073369588,0.9902876145851132,1884.265625,0.4600257873535156,0.0,0.3340366780757904
pali,coco_karpathy,final_quarter,False,0,0.0,0,0,0,37,4.0,4096,0.0003,True,1.25,1024,512,1200,0.6182702779769897,0.6144345091975992,0.6218212116975337,1.0,1.0,0.0,0.0,0.1648489236831665,0.45342135429382324,0.06975158427665129,4030.1785676277395,0.34833019971847534,0.3086586892604828,0.992641942984221,0.8394697073369588,0.9902876145851132,1884.265625,0.4600257873535156,0.0,0.3340366780757904
pali,coco_karpathy,final_quarter,False,0,0.0,0,0,0,37,4.0,4096,0.0003,True,1.5,1024,512,1200,0.6182702779769897,0.6144345091975992,0.6218212116975337,1.0,1.0,0.0,0.0,0.1648489236831665,0.45342135429382324,0.06975158427665129,4030.1785676277395,0.34833019971847534,0.3086586892604828,0.992641942984221,0.8394697073369588,0.9902876145851132,1884.265625,0.4600257873535156,0.0,0.3340366780757904
pali,coco_karpathy,final_quarter,False,0,0.0,0,0,0,37,4.0,4096,0.001,False,1.1,1024,512,1200,0.08933040499687195,0.08865837822777393,0.08996454234329576,0.14501953125,0.1435546875,0.00537109375,0.00390625,0.020738642662763596,0.06859177350997925,0.8799986549276168,524.3336042687299,0.12255321443080902,0.19303059577941895,0.9956222532300752,0.9879551229842533,0.9985553179820659,521.80078125,0.12739276885986328,0.853759765625,0.11911015212535858
pali,coco_karpathy,final_quarter,False,0,0.0,0,0,0,37,4.0,4096,0.001,False,1.25,1024,512,1200,0.08933040499687195,0.08865837822777393,0.08996454234329576,0.14404296875,0.143310546875,0.005126953125,0.00439453125,0.020738642662763596,0.06859177350997925,0.8799986549276168,524.3336042687299,0.12255321443080902,0.19303059577941895,0.9956222532300752,0.9879551229842533,0.9985553179820659,521.80078125,0.12739276885986328,0.853759765625,0.11911015212535858
pali,coco_karpathy,final_quarter,False,0,0.0,0,0,0,37,4.0,4096,0.001,False,1.5,1024,512,1200,0.08933040499687195,0.08865837822777393,0.08996454234329576,0.14208984375,0.14306640625,0.00439453125,0.00537109375,0.020738642662763596,0.06859177350997925,0.8799986549276168,524.3336042687299,0.12255321443080902,0.19303059577941895,0.9956222532300752,0.9879551229842533,0.9985553179820659,521.80078125,0.12739276885986328,0.853759765625,0.11911015212535858
pali,coco_karpathy,final_quarter,False,0,0.0,0,0,0,37,4.0,4096,0.001,True,1.1,1024,512,1200,0.6130456924438477,0.6092586386861513,0.6165662001774763,1.0,1.0,0.0,0.0,0.16365760564804077,0.4493881165981293,0.06978688641973216,4029.6424541931838,0.3457277715206146,0.30610907077789307,0.9913964681634123,0.8388370763839622,0.9882864814895178,1878.427734375,0.4586005210876465,0.0,0.3304661810398102
pali,coco_karpathy,final_quarter,False,0,0.0,0,0,0,37,4.0,4096,0.001,True,1.25,1024,512,1200,0.6130456924438477,0.6092586386861513,0.6165662001774763,1.0,1.0,0.0,0.0,0.16365760564804077,0.4493881165981293,0.06978688641973216,4029.6424541931838,0.3457277715206146,0.30610907077789307,0.9913964681634123,0.8388370763839622,0.9882864814895178,1878.427734375,0.4586005210876465,0.0,0.3304661810398102
pali,coco_karpathy,final_quarter,False,0,0.0,0,0,0,37,4.0,4096,0.001,True,1.5,1024,512,1200,0.6130456924438477,0.6092586386861513,0.6165662001774763,1.0,1.0,0.0,0.0,0.16365760564804077,0.4493881165981293,0.06978688641973216,4029.6424541931838,0.3457277715206146,0.30610907077789307,0.9913964681634123,0.8388370763839622,0.9882864814895178,1878.427734375,0.4586005210876465,0.0,0.3304661810398102
pali,coco_karpathy,final_quarter,False,1,0.14285714285714285,4,4,4,11,2.0,4096,0.0003,False,1.1,1024,512,1200,0.11823545396327972,0.11723212041251826,0.11917878435560851,0.185546875,0.190185546875,0.001220703125,0.005859375,0.036644093692302704,0.08159135282039642,0.853478993445755,646.778447435739,0.15882755815982819,0.27227914333343506,0.9967518308355965,0.9883935986521486,0.996101422599295,664.14453125,0.16214466094970703,0.80517578125,0.16257797181606293
pali,coco_karpathy,final_quarter,False,1,0.14285714285714285,4,4,4,11,2.0,4096,0.0003,False,1.25,1024,512,1200,0.11823545396327972,0.11723212041251826,0.11917878435560851,0.1845703125,0.189697265625,0.001220703125,0.00634765625,0.036644093692302704,0.08159135282039642,0.853478993445755,646.778447435739,0.15882755815982819,0.27227914333343506,0.9967518308355965,0.9883935986521486,0.996101422599295,664.14453125,0.16214466094970703,0.80517578125,0.16257797181606293
pali,coco_karpathy,final_quarter,False,1,0.14285714285714285,4,4,4,11,2.0,4096,0.0003,False,1.5,1024,512,1200,0.11823545396327972,0.11723212041251826,0.11917878435560851,0.18310546875,0.18896484375,0.001220703125,0.007080078125,0.036644093692302704,0.08159135282039642,0.853478993445755,646.778447435739,0.15882755815982819,0.27227914333343506,0.9967518308355965,0.9883935986521486,0.996101422599295,664.14453125,0.16214466094970703,0.80517578125,0.16257797181606293
pali,coco_karpathy,final_quarter,False,1,0.14285714285714285,4,4,4,11,2.0,4096,0.0003,True,1.1,1024,512,1200,0.6156148314476013,0.6114816986359074,0.6195330957867554,1.0,1.0,0.0,0.0,0.20038668811321259,0.41522812843322754,0.06719001598966724,4032.348520591733,0.3640769422054291,0.3300262689590454,0.9905367983933739,0.7959727503822389,0.9915981060955195,1872.142578125,0.45706605911254883,0.0,0.3261801302433014
pali,coco_karpathy,final_quarter,False,1,0.14285714285714285,4,4,4,11,2.0,4096,0.0003,True,1.25,1024,512,1200,0.6156148314476013,0.6114816986359074,0.6195330957867554,0.99951171875,0.999755859375,0.0,0.000244140625,0.20038668811321259,0.41522812843322754,0.06719001598966724,4032.348520591733,0.3640769422054291,0.3300262689590454,0.9905367983933739,0.7959727503822389,0.9915981060955195,1872.142578125,0.45706605911254883,0.0,0.3261801302433014
pali,coco_karpathy,final_quarter,False,1,0.14285714285714285,4,4,4,11,2.0,4096,0.0003,True,1.5,1024,512,1200,0.6156148314476013,0.6114816986359074,0.6195330957867554,0.98046875,0.990234375,0.0,0.009765625,0.20038668811321259,0.41522812843322754,0.06719001598966724,4032.348520591733,0.3640769422054291,0.3300262689590454,0.9905367983933739,0.7959727503822389,0.9915981060955195,1872.142578125,0.45706605911254883,0.0,0.3261801302433014
pali,coco_karpathy,final_quarter,False,1,0.14285714285714285,4,4,4,11,2.0,4096,0.001,False,1.1,1024,512,1200,0.11709171533584595,0.11611047139194852,0.11800532685338112,0.185546875,0.190185546875,0.001220703125,0.005859375,0.036354657262563705,0.08073705434799194,0.8521809882702518,651.0195656950913,0.15228766202926636,0.27154165506362915,0.9967850663818385,0.988392486323108,0.9977857032147823,661.955078125,0.16161012649536133,0.80517578125,0.15608642995357513
pali,coco_karpathy,final_quarter,False,1,0.14285714285714285,4,4,4,11,2.0,4096,0.001,False,1.25,1024,512,1200,0.11709171533584595,0.11611047139194852,0.11800532685338112,0.1845703125,0.189697265625,0.001220703125,0.00634765625,0.036354657262563705,0.08073705434799194,0.8521809882702518,651.0195656950913,0.15228766202926636,0.27154165506362915,0.9967850663818385,0.988392486323108,0.9977857032147823,661.955078125,0.16161012649536133,0.80517578125,0.15608642995357513
pali,coco_karpathy,final_quarter,False,1,0.14285714285714285,4,4,4,11,2.0,4096,0.001,False,1.5,1024,512,1200,0.11709171533584595,0.11611047139194852,0.11800532685338112,0.18310546875,0.18896484375,0.001220703125,0.007080078125,0.036354657262563705,0.08073705434799194,0.8521809882702518,651.0195656950913,0.15228766202926636,0.27154165506362915,0.9967850663818385,0.988392486323108,0.9977857032147823,661.955078125,0.16161012649536133,0.80517578125,0.15608642995357513
pali,coco_karpathy,final_quarter,False,1,0.14285714285714285,4,4,4,11,2.0,4096,0.001,True,1.1,1024,512,1200,0.6044906377792358,0.6003867559615174,0.6083063216181472,0.99951171875,0.999755859375,0.0,0.000244140625,0.1973518431186676,0.40713876485824585,0.0679637467489602,4029.115320509685,0.3599703013896942,0.32260215282440186,0.988734008881312,0.7943570453743043,0.9920038594048085,1860.400390625,0.45419931411743164,0.0,0.31905725598335266
pali,coco_karpathy,final_quarter,False,1,0.14285714285714285,4,4,4,11,2.0,4096,0.001,True,1.25,1024,512,1200,0.6044906377792358,0.6003867559615174,0.6083063216181472,0.9990234375,0.99951171875,0.0,0.00048828125,0.1973518431186676,0.40713876485824585,0.0679637467489602,4029.115320509685,0.3599703013896942,0.32260215282440186,0.988734008881312,0.7943570453743043,0.9920038594048085,1860.400390625,0.45419931411743164,0.0,0.31905725598335266
pali,coco_karpathy,final_quarter,False,1,0.14285714285714285,4,4,4,11,2.0,4096,0.001,True,1.5,1024,512,1200,0.6044906377792358,0.6003867559615174,0.6083063216181472,0.98291015625,0.991455078125,0.0,0.008544921875,0.1973518431186676,0.40713876485824585,0.0679637467489602,4029.115320509685,0.3599703013896942,0.32260215282440186,0.988734008881312,0.7943570453743043,0.9920038594048085,1860.400390625,0.45419931411743164,0.0,0.31905725598335266
pali,coco_karpathy,final_quarter,False,1,0.14285714285714285,4,4,4,11,4.0,4096,0.0003,False,1.1,1024,512,1200,0.11823545396327972,0.11723212041251826,0.11917878435560851,0.185546875,0.190185546875,0.001220703125,0.005859375,0.036644093692302704,0.08159135282039642,0.853478993445755,646.778447435739,0.15882755815982819,0.27227914333343506,0.9967518308355965,0.9883935986521486,0.996101422599295,664.14453125,0.16214466094970703,0.80517578125,0.16257797181606293
pali,coco_karpathy,final_quarter,False,1,0.14285714285714285,4,4,4,11,4.0,4096,0.0003,False,1.25,1024,512,1200,0.11823545396327972,0.11723212041251826,0.11917878435560851,0.1845703125,0.189697265625,0.001220703125,0.00634765625,0.036644093692302704,0.08159135282039642,0.853478993445755,646.778447435739,0.15882755815982819,0.27227914333343506,0.9967518308355965,0.9883935986521486,0.996101422599295,664.14453125,0.16214466094970703,0.80517578125,0.16257797181606293
pali,coco_karpathy,final_quarter,False,1,0.14285714285714285,4,4,4,11,4.0,4096,0.0003,False,1.5,1024,512,1200,0.11823545396327972,0.11723212041251826,0.11917878435560851,0.18310546875,0.18896484375,0.001220703125,0.007080078125,0.036644093692302704,0.08159135282039642,0.853478993445755,646.778447435739,0.15882755815982819,0.27227914333343506,0.9967518308355965,0.9883935986521486,0.996101422599295,664.14453125,0.16214466094970703,0.80517578125,0.16257797181606293
pali,coco_karpathy,final_quarter,False,1,0.14285714285714285,4,4,4,11,4.0,4096,0.0003,True,1.1,1024,512,1200,0.6156148314476013,0.6114816986359074,0.6195330957867554,1.0,1.0,0.0,0.0,0.20038668811321259,0.41522812843322754,0.06719001598966724,4032.348520591733,0.3640769422054291,0.3300262689590454,0.9905367983933739,0.7959727503822389,0.9915981060955195,1872.142578125,0.45706605911254883,0.0,0.3261801302433014
pali,coco_karpathy,final_quarter,False,1,0.14285714285714285,4,4,4,11,4.0,4096,0.0003,True,1.25,1024,512,1200,0.6156148314476013,0.6114816986359074,0.6195330957867554,0.99951171875,0.999755859375,0.0,0.000244140625,0.20038668811321259,0.41522812843322754,0.06719001598966724,4032.348520591733,0.3640769422054291,0.3300262689590454,0.9905367983933739,0.7959727503822389,0.9915981060955195,1872.142578125,0.45706605911254883,0.0,0.3261801302433014
pali,coco_karpathy,final_quarter,False,1,0.14285714285714285,4,4,4,11,4.0,4096,0.0003,True,1.5,1024,512,1200,0.6156148314476013,0.6114816986359074,0.6195330957867554,0.98046875,0.990234375,0.0,0.009765625,0.20038668811321259,0.41522812843322754,0.06719001598966724,4032.348520591733,0.3640769422054291,0.3300262689590454,0.9905367983933739,0.7959727503822389,0.9915981060955195,1872.142578125,0.45706605911254883,0.0,0.3261801302433014
pali,coco_karpathy,final_quarter,False,1,0.14285714285714285,4,4,4,11,4.0,4096,0.001,False,1.1,1024,512,1200,0.11709171533584595,0.11611047139194852,0.11800532685338112,0.185546875,0.190185546875,0.001220703125,0.005859375,0.036354657262563705,0.08073705434799194,0.8521809882702518,651.0195656950913,0.15228766202926636,0.27154165506362915,0.9967850663818385,0.988392486323108,0.9977857032147823,661.955078125,0.16161012649536133,0.80517578125,0.15608642995357513
pali,coco_karpathy,final_quarter,False,1,0.14285714285714285,4,4,4,11,4.0,4096,0.001,False,1.25,1024,512,1200,0.11709171533584595,0.11611047139194852,0.11800532685338112,0.1845703125,0.189697265625,0.001220703125,0.00634765625,0.036354657262563705,0.08073705434799194,0.8521809882702518,651.0195656950913,0.15228766202926636,0.27154165506362915,0.9967850663818385,0.988392486323108,0.9977857032147823,661.955078125,0.16161012649536133,0.80517578125,0.15608642995357513
pali,coco_karpathy,final_quarter,False,1,0.14285714285714285,4,4,4,11,4.0,4096,0.001,False,1.5,1024,512,1200,0.11709171533584595,0.11611047139194852,0.11800532685338112,0.18310546875,0.18896484375,0.001220703125,0.007080078125,0.036354657262563705,0.08073705434799194,0.8521809882702518,651.0195656950913,0.15228766202926636,0.27154165506362915,0.9967850663818385,0.988392486323108,0.9977857032147823,661.955078125,0.16161012649536133,0.80517578125,0.15608642995357513
pali,coco_karpathy,final_quarter,False,1,0.14285714285714285,4,4,4,11,4.0,4096,0.001,True,1.1,1024,512,1200,0.6044906377792358,0.6003867559615174,0.6083063216181472,0.99951171875,0.999755859375,0.0,0.000244140625,0.1973518431186676,0.40713876485824585,0.0679637467489602,4029.115320509685,0.3599703013896942,0.32260215282440186,0.988734008881312,0.7943570453743043,0.9920038594048085,1860.400390625,0.45419931411743164,0.0,0.31905725598335266
pali,coco_karpathy,final_quarter,False,1,0.14285714285714285,4,4,4,11,4.0,4096,0.001,True,1.25,1024,512,1200,0.6044906377792358,0.6003867559615174,0.6083063216181472,0.9990234375,0.99951171875,0.0,0.00048828125,0.1973518431186676,0.40713876485824585,0.0679637467489602,4029.115320509685,0.3599703013896942,0.32260215282440186,0.988734008881312,0.7943570453743043,0.9920038594048085,1860.400390625,0.45419931411743164,0.0,0.31905725598335266
pali,coco_karpathy,final_quarter,False,1,0.14285714285714285,4,4,4,11,4.0,4096,0.001,True,1.5,1024,512,1200,0.6044906377792358,0.6003867559615174,0.6083063216181472,0.98291015625,0.991455078125,0.0,0.008544921875,0.1973518431186676,0.40713876485824585,0.0679637467489602,4029.115320509685,0.3599703013896942,0.32260215282440186,0.988734008881312,0.7943570453743043,0.9920038594048085,1860.400390625,0.45419931411743164,0.0,0.31905725598335266
pali,coco_karpathy,final_quarter,False,1,0.14285714285714285,4,4,4,23,2.0,4096,0.0003,False,1.1,1024,512,1200,0.12169037759304047,0.12072319991093536,0.12275465449019975,0.201171875,0.20556640625,0.00390625,0.00830078125,0.03758985549211502,0.08410051465034485,0.8493482572309828,664.1626011809166,0.16217510402202606,0.2761804461479187,0.9970539069771231,0.9884258858260392,0.998348496596514,695.560546875,0.1698145866394043,0.78857421875,0.16711288690567017
pali,coco_karpathy,final_quarter,False,1,0.14285714285714285,4,4,4,23,2.0,4096,0.0003,False,1.25,1024,512,1200,0.12169037759304047,0.12072319991093536,0.12275465449019975,0.20068359375,0.205322265625,0.00390625,0.008544921875,0.03758985549211502,0.08410051465034485,0.8493482572309828,664.1626011809166,0.16217510402202606,0.2761804461479187,0.9970539069771231,0.9884258858260392,0.998348496596514,695.560546875,0.1698145866394043,0.78857421875,0.16711288690567017
pali,coco_karpathy,final_quarter,False,1,0.14285714285714285,4,4,4,23,2.0,4096,0.0003,False,1.5,1024,512,1200,0.12169037759304047,0.12072319991093536,0.12275465449019975,0.1982421875,0.2041015625,0.00390625,0.009765625,0.03758985549211502,0.08410051465034485,0.8493482572309828,664.1626011809166,0.16217510402202606,0.2761804461479187,0.9970539069771231,0.9884258858260392,0.998348496596514,695.560546875,0.1698145866394043,0.78857421875,0.16711288690567017
pali,coco_karpathy,final_quarter,False,1,0.14285714285714285,4,4,4,23,2.0,4096,0.0003,True,1.1,1024,512,1200,0.6156636476516724,0.6114620910433587,0.6200953717750963,1.0,1.0,0.0,0.0,0.20028027892112732,0.41538330912590027,0.06887340673774808,4029.657559183012,0.3556804656982422,0.3254147171974182,0.9953883174993535,0.7987611356898054,0.9905604876517976,1869.982421875,0.45653867721557617,0.0,0.32608669996261597
pali,coco_karpathy,final_quarter,False,1,0.14285714285714285,4,4,4,23,2.0,4096,0.0003,True,1.25,1024,512,1200,0.6156636476516724,0.6114620910433587,0.6200953717750963,1.0,1.0,0.0,0.0,0.20028027892112732,0.41538330912590027,0.06887340673774808,4029.657559183012,0.3556804656982422,0.3254147171974182,0.9953883174993535,0.7987611356898054,0.9905604876517976,1869.982421875,0.45653867721557617,0.0,0.32608669996261597
pali,coco_karpathy,final_quarter,False,1,0.14285714285714285,4,4,4,23,2.0,4096,0.0003,True,1.5,1024,512,1200,0.6156636476516724,0.6114620910433587,0.6200953717750963,0.98583984375,0.992919921875,0.0,0.007080078125,0.20028027892112732,0.41538330912590027,0.06887340673774808,4029.657559183012,0.3556804656982422,0.3254147171974182,0.9953883174993535,0.7987611356898054,0.9905604876517976,1869.982421875,0.45653867721557617,0.0,0.32608669996261597
pali,coco_karpathy,final_quarter,False,1,0.14285714285714285,4,4,4,23,2.0,4096,0.001,False,1.1,1024,512,1200,0.12043441087007523,0.11947011451193248,0.12146538279630477,0.20068359375,0.205322265625,0.00390625,0.008544921875,0.03728324919939041,0.08315115422010422,0.8475884367579747,670.7977502743847,0.15525130927562714,0.27033665776252747,0.9970769182443716,0.9884265001143105,0.9982514736006879,693.2109375,0.16924095153808594,0.78857421875,0.15972155332565308
pali,coco_karpathy,final_quarter,False,1,0.14285714285714285,4,4,4,23,2.0,4096,0.001,False,1.25,1024,512,1200,0.12043441087007523,0.11947011451193248,0.12146538279630477,0.2001953125,0.205078125,0.00390625,0.0087890625,0.03728324919939041,0.08315115422010422,0.8475884367579747,670.7977502743847,0.15525130927562714,0.27033665776252747,0.9970769182443716,0.9884265001143105,0.9982514736006879,693.2109375,0.16924095153808594,0.78857421875,0.15972155332565308
pali,coco_karpathy,final_quarter,False,1,0.14285714285714285,4,4,4,23,2.0,4096,0.001,False,1.5,1024,512,1200,0.12043441087007523,0.11947011451193248,0.12146538279630477,0.19775390625,0.203857421875,0.00390625,0.010009765625,0.03728324919939041,0.08315115422010422,0.8475884367579747,670.7977502743847,0.15525130927562714,0.27033665776252747,0.9970769182443716,0.9884265001143105,0.9982514736006879,693.2109375,0.16924095153808594,0.78857421875,0.15972155332565308
pali,coco_karpathy,final_quarter,False,1,0.14285714285714285,4,4,4,23,2.0,4096,0.001,True,1.1,1024,512,1200,0.6051844954490662,0.6012027985445456,0.6096106001394219,1.0,1.0,0.0,0.0,0.19734464585781097,0.40783989429473877,0.07018723341342932,4025.5517329720615,0.34783050417900085,0.317234069108963,0.9949215595345883,0.798716137182958,0.9901807183197785,1860.060546875,0.4541163444519043,0.0,0.31921282410621643
pali,coco_karpathy,final_quarter,False,1,0.14285714285714285,4,4,4,23,2.0,4096,0.001,True,1.25,1024,512,1200,0.6051844954490662,0.6012027985445456,0.6096106001394219,1.0,1.0,0.0,0.0,0.19734464585781097,0.40783989429473877,0.07018723341342932,4025.5517329720615,0.34783050417900085,0.317234069108963,0.9949215595345883,0.798716137182958,0.9901807183197785,1860.060546875,0.4541163444519043,0.0,0.31921282410621643
pali,coco_karpathy,final_quarter,False,1,0.14285714285714285,4,4,4,23,2.0,4096,0.001,True,1.5,1024,512,1200,0.6051844954490662,0.6012027985445456,0.6096106001394219,0.98291015625,0.991455078125,0.0,0.008544921875,0.19734464585781097,0.40783989429473877,0.07018723341342932,4025.5517329720615,0.34783050417900085,0.317234069108963,0.9949215595345883,0.798716137182958,0.9901807183197785,1860.060546875,0.4541163444519043,0.0,0.31921282410621643
pali,coco_karpathy,final_quarter,False,1,0.14285714285714285,4,4,4,23,4.0,4096,0.0003,False,1.1,1024,512,1200,0.12169037759304047,0.12072319991093536,0.12275465449019975,0.201171875,0.20556640625,0.00390625,0.00830078125,0.03758985549211502,0.08410051465034485,0.8493482572309828,664.1626011809166,0.16217510402202606,0.2761804461479187,0.9970539069771231,0.9884258858260392,0.998348496596514,695.560546875,0.1698145866394043,0.78857421875,0.16711288690567017
pali,coco_karpathy,final_quarter,False,1,0.14285714285714285,4,4,4,23,4.0,4096,0.0003,False,1.25,1024,512,1200,0.12169037759304047,0.12072319991093536,0.12275465449019975,0.20068359375,0.205322265625,0.00390625,0.008544921875,0.03758985549211502,0.08410051465034485,0.8493482572309828,664.1626011809166,0.16217510402202606,0.2761804461479187,0.9970539069771231,0.9884258858260392,0.998348496596514,695.560546875,0.1698145866394043,0.78857421875,0.16711288690567017
pali,coco_karpathy,final_quarter,False,1,0.14285714285714285,4,4,4,23,4.0,4096,0.0003,False,1.5,1024,512,1200,0.12169037759304047,0.12072319991093536,0.12275465449019975,0.1982421875,0.2041015625,0.00390625,0.009765625,0.03758985549211502,0.08410051465034485,0.8493482572309828,664.1626011809166,0.16217510402202606,0.2761804461479187,0.9970539069771231,0.9884258858260392,0.998348496596514,695.560546875,0.1698145866394043,0.78857421875,0.16711288690567017
pali,coco_karpathy,final_quarter,False,1,0.14285714285714285,4,4,4,23,4.0,4096,0.0003,True,1.1,1024,512,1200,0.6156636476516724,0.6114620910433587,0.6200953717750963,1.0,1.0,0.0,0.0,0.20028027892112732,0.41538330912590027,0.06887340673774808,4029.657559183012,0.3556804656982422,0.3254147171974182,0.9953883174993535,0.7987611356898054,0.9905604876517976,1869.982421875,0.45653867721557617,0.0,0.32608669996261597
pali,coco_karpathy,final_quarter,False,1,0.14285714285714285,4,4,4,23,4.0,4096,0.0003,True,1.25,1024,512,1200,0.6156636476516724,0.6114620910433587,0.6200953717750963,1.0,1.0,0.0,0.0,0.20028027892112732,0.41538330912590027,0.06887340673774808,4029.657559183012,0.3556804656982422,0.3254147171974182,0.9953883174993535,0.7987611356898054,0.9905604876517976,1869.982421875,0.45653867721557617,0.0,0.32608669996261597
pali,coco_karpathy,final_quarter,False,1,0.14285714285714285,4,4,4,23,4.0,4096,0.0003,True,1.5,1024,512,1200,0.6156636476516724,0.6114620910433587,0.6200953717750963,0.98583984375,0.992919921875,0.0,0.007080078125,0.20028027892112732,0.41538330912590027,0.06887340673774808,4029.657559183012,0.3556804656982422,0.3254147171974182,0.9953883174993535,0.7987611356898054,0.9905604876517976,1869.982421875,0.45653867721557617,0.0,0.32608669996261597
pali,coco_karpathy,final_quarter,False,1,0.14285714285714285,4,4,4,23,4.0,4096,0.001,False,1.1,1024,512,1200,0.12043441087007523,0.11947011451193248,0.12146538279630477,0.20068359375,0.205322265625,0.00390625,0.008544921875,0.03728324919939041,0.08315115422010422,0.8475884367579747,670.7977502743847,0.15525130927562714,0.27033665776252747,0.9970769182443716,0.9884265001143105,0.9982514736006879,693.2109375,0.16924095153808594,0.78857421875,0.15972155332565308
pali,coco_karpathy,final_quarter,False,1,0.14285714285714285,4,4,4,23,4.0,4096,0.001,False,1.25,1024,512,1200,0.12043441087007523,0.11947011451193248,0.12146538279630477,0.2001953125,0.205078125,0.00390625,0.0087890625,0.03728324919939041,0.08315115422010422,0.8475884367579747,670.7977502743847,0.15525130927562714,0.27033665776252747,0.9970769182443716,0.9884265001143105,0.9982514736006879,693.2109375,0.16924095153808594,0.78857421875,0.15972155332565308
pali,coco_karpathy,final_quarter,False,1,0.14285714285714285,4,4,4,23,4.0,4096,0.001,False,1.5,1024,512,1200,0.12043441087007523,0.11947011451193248,0.12146538279630477,0.19775390625,0.203857421875,0.00390625,0.010009765625,0.03728324919939041,0.08315115422010422,0.8475884367579747,670.7977502743847,0.15525130927562714,0.27033665776252747,0.9970769182443716,0.9884265001143105,0.9982514736006879,693.2109375,0.16924095153808594,0.78857421875,0.15972155332565308
pali,coco_karpathy,final_quarter,False,1,0.14285714285714285,4,4,4,23,4.0,4096,0.001,True,1.1,1024,512,1200,0.6051844954490662,0.6012027985445456,0.6096106001394219,1.0,1.0,0.0,0.0,0.19734464585781097,0.40783989429473877,0.07018723341342932,4025.5517329720615,0.34783050417900085,0.317234069108963,0.9949215595345883,0.798716137182958,0.9901807183197785,1860.060546875,0.4541163444519043,0.0,0.31921282410621643
pali,coco_karpathy,final_quarter,False,1,0.14285714285714285,4,4,4,23,4.0,4096,0.001,True,1.25,1024,512,1200,0.6051844954490662,0.6012027985445456,0.6096106001394219,1.0,1.0,0.0,0.0,0.19734464585781097,0.40783989429473877,0.07018723341342932,4025.5517329720615,0.34783050417900085,0.317234069108963,0.9949215595345883,0.798716137182958,0.9901807183197785,1860.060546875,0.4541163444519043,0.0,0.31921282410621643
pali,coco_karpathy,final_quarter,False,1,0.14285714285714285,4,4,4,23,4.0,4096,0.001,True,1.5,1024,512,1200,0.6051844954490662,0.6012027985445456,0.6096106001394219,0.98291015625,0.991455078125,0.0,0.008544921875,0.19734464585781097,0.40783989429473877,0.07018723341342932,4025.5517329720615,0.34783050417900085,0.317234069108963,0.9949215595345883,0.798716137182958,0.9901807183197785,1860.060546875,0.4541163444519043,0.0,0.31921282410621643
pali,coco_karpathy,final_quarter,False,1,0.14285714285714285,4,4,4,37,2.0,4096,0.0003,False,1.1,1024,512,1200,0.12107475101947784,0.12014503109894577,0.12193417483322264,0.199462890625,0.20263671875,0.00439453125,0.007568359375,0.03752121329307556,0.08355353772640228,0.8496353915322785,662.2663736485274,0.16347548365592957,0.2765275239944458,0.9969604417662573,0.9883285957841632,0.9976107066682406,689.400390625,0.16831064224243164,0.791259765625,0.16601532697677612
pali,coco_karpathy,final_quarter,False,1,0.14285714285714285,4,4,4,37,2.0,4096,0.0003,False,1.25,1024,512,1200,0.12107475101947784,0.12014503109894577,0.12193417483322264,0.198974609375,0.20263671875,0.004150390625,0.0078125,0.03752121329307556,0.08355353772640228,0.8496353915322785,662.2663736485274,0.16347548365592957,0.2765275239944458,0.9969604417662573,0.9883285957841632,0.9976107066682406,689.400390625,0.16831064224243164,0.791259765625,0.16601532697677612
pali,coco_karpathy,final_quarter,False,1,0.14285714285714285,4,4,4,37,2.0,4096,0.0003,False,1.5,1024,512,1200,0.12107475101947784,0.12014503109894577,0.12193417483322264,0.196533203125,0.201904296875,0.003662109375,0.009033203125,0.03752121329307556,0.08355353772640228,0.8496353915322785,662.2663736485274,0.16347548365592957,0.2765275239944458,0.9969604417662573,0.9883285957841632,0.9976107066682406,689.400390625,0.16831064224243164,0.791259765625,0.16601532697677612
pali,coco_karpathy,final_quarter,False,1,0.14285714285714285,4,4,4,37,2.0,4096,0.0003,True,1.1,1024,512,1200,0.6103287935256958,0.606463380533387,0.6146520220354432,1.0,1.0,0.0,0.0,0.1993606686592102,0.410968154668808,0.06781557259320953,4034.1703843268124,0.3398990333080292,0.32648563385009766,0.9972224060516309,0.8004635718099531,0.9911128101507221,1862.91015625,0.45481204986572266,0.0,0.32173874974250793
pali,coco_karpathy,final_quarter,False,1,0.14285714285714285,4,4,4,37,2.0,4096,0.0003,True,1.25,1024,512,1200,0.6103287935256958,0.606463380533387,0.6146520220354432,1.0,1.0,0.0,0.0,0.1993606686592102,0.410968154668808,0.06781557259320953,4034.1703843268124,0.3398990333080292,0.32648563385009766,0.9972224060516309,0.8004635718099531,0.9911128101507221,1862.91015625,0.45481204986572266,0.0,0.32173874974250793
pali,coco_karpathy,final_quarter,False,1,0.14285714285714285,4,4,4,37,2.0,4096,0.0003,True,1.5,1024,512,1200,0.6103287935256958,0.606463380533387,0.6146520220354432,0.98095703125,0.990478515625,0.0,0.009521484375,0.1993606686592102,0.410968154668808,0.06781557259320953,4034.1703843268124,0.3398990333080292,0.32648563385009766,0.9972224060516309,0.8004635718099531,0.9911128101507221,1862.91015625,0.45481204986572266,0.0,0.32173874974250793
pali,coco_karpathy,final_quarter,False,1,0.14285714285714285,4,4,4,37,2.0,4096,0.001,False,1.1,1024,512,1200,0.11961881816387177,0.11871843017324864,0.12044640622625594,0.199951171875,0.202880859375,0.00439453125,0.00732421875,0.037153735756874084,0.08246507495641708,0.8480645103966491,667.9611609987979,0.15586647391319275,0.2726256251335144,0.9970123170672256,0.9883989654118327,0.9979029582508793,686.25,0.16754150390625,0.791259765625,0.15743258595466614
pali,coco_karpathy,final_quarter,False,1,0.14285714285714285,4,4,4,37,2.0,4096,0.001,False,1.25,1024,512,1200,0.11961881816387177,0.11871843017324864,0.12044640622625594,0.198974609375,0.20263671875,0.004150390625,0.0078125,0.037153735756874084,0.08246507495641708,0.8480645103966491,667.9611609987979,0.15586647391319275,0.2726256251335144,0.9970123170672256,0.9883989654118327,0.9979029582508793,686.25,0.16754150390625,0.791259765625,0.15743258595466614
pali,coco_karpathy,final_quarter,False,1,0.14285714285714285,4,4,4,37,2.0,4096,0.001,False,1.5,1024,512,1200,0.11961881816387177,0.11871843017324864,0.12044640622625594,0.196533203125,0.201904296875,0.003662109375,0.009033203125,0.037153735756874084,0.08246507495641708,0.8480645103966491,667.9611609987979,0.15586647391319275,0.2726256251335144,0.9970123170672256,0.9883989654118327,0.9979029582508793,686.25,0.16754150390625,0.791259765625,0.15743258595466614
pali,coco_karpathy,final_quarter,False,1,0.14285714285714285,4,4,4,37,2.0,4096,0.001,True,1.1,1024,512,1200,0.6093435287475586,0.6055144928308437,0.6134828794252826,1.0,1.0,0.0,0.0,0.19835667312145233,0.4109868109226227,0.0688671973717741,4031.6609180668975,0.3399767279624939,0.3186185956001282,0.9946107409985554,0.7992309082790259,0.9925296624143867,1866.275390625,0.45563364028930664,0.0,0.3216310441493988
pali,coco_karpathy,final_quarter,False,1,0.14285714285714285,4,4,4,37,2.0,4096,0.001,True,1.25,1024,512,1200,0.6093435287475586,0.6055144928308437,0.6134828794252826,1.0,1.0,0.0,0.0,0.19835667312145233,0.4109868109226227,0.0688671973717741,4031.6609180668975,0.3399767279624939,0.3186185956001282,0.9946107409985554,0.7992309082790259,0.9925296624143867,1866.275390625,0.45563364028930664,0.0,0.3216310441493988
pali,coco_karpathy,final_quarter,False,1,0.14285714285714285,4,4,4,37,2.0,4096,0.001,True,1.5,1024,512,1200,0.6093435287475586,0.6055144928308437,0.6134828794252826,0.98388671875,0.991943359375,0.0,0.008056640625,0.19835667312145233,0.4109868109226227,0.0688671973717741,4031.6609180668975,0.3399767279624939,0.3186185956001282,0.9946107409985554,0.7992309082790259,0.9925296624143867,1866.275390625,0.45563364028930664,0.0,0.3216310441493988
pali,coco_karpathy,final_quarter,False,1,0.14285714285714285,4,4,4,37,4.0,4096,0.0003,False,1.1,1024,512,1200,0.12107475101947784,0.12014503109894577,0.12193417483322264,0.199462890625,0.20263671875,0.00439453125,0.007568359375,0.03752121329307556,0.08355353772640228,0.8496353915322785,662.2663736485274,0.16347548365592957,0.2765275239944458,0.9969604417662573,0.9883285957841632,0.9976107066682406,689.400390625,0.16831064224243164,0.791259765625,0.16601532697677612
pali,coco_karpathy,final_quarter,False,1,0.14285714285714285,4,4,4,37,4.0,4096,0.0003,False,1.25,1024,512,1200,0.12107475101947784,0.12014503109894577,0.12193417483322264,0.198974609375,0.20263671875,0.004150390625,0.0078125,0.03752121329307556,0.08355353772640228,0.8496353915322785,662.2663736485274,0.16347548365592957,0.2765275239944458,0.9969604417662573,0.9883285957841632,0.9976107066682406,689.400390625,0.16831064224243164,0.791259765625,0.16601532697677612
pali,coco_karpathy,final_quarter,False,1,0.14285714285714285,4,4,4,37,4.0,4096,0.0003,False,1.5,1024,512,1200,0.12107475101947784,0.12014503109894577,0.12193417483322264,0.196533203125,0.201904296875,0.003662109375,0.009033203125,0.03752121329307556,0.08355353772640228,0.8496353915322785,662.2663736485274,0.16347548365592957,0.2765275239944458,0.9969604417662573,0.9883285957841632,0.9976107066682406,689.400390625,0.16831064224243164,0.791259765625,0.16601532697677612
pali,coco_karpathy,final_quarter,False,1,0.14285714285714285,4,4,4,37,4.0,4096,0.0003,True,1.1,1024,512,1200,0.6103287935256958,0.606463380533387,0.6146520220354432,1.0,1.0,0.0,0.0,0.1993606686592102,0.410968154668808,0.06781557259320953,4034.1703843268124,0.3398990333080292,0.32648563385009766,0.9972224060516309,0.8004635718099531,0.9911128101507221,1862.91015625,0.45481204986572266,0.0,0.32173874974250793
pali,coco_karpathy,final_quarter,False,1,0.14285714285714285,4,4,4,37,4.0,4096,0.0003,True,1.25,1024,512,1200,0.6103287935256958,0.606463380533387,0.6146520220354432,1.0,1.0,0.0,0.0,0.1993606686592102,0.410968154668808,0.06781557259320953,4034.1703843268124,0.3398990333080292,0.32648563385009766,0.9972224060516309,0.8004635718099531,0.9911128101507221,1862.91015625,0.45481204986572266,0.0,0.32173874974250793
pali,coco_karpathy,final_quarter,False,1,0.14285714285714285,4,4,4,37,4.0,4096,0.0003,True,1.5,1024,512,1200,0.6103287935256958,0.606463380533387,0.6146520220354432,0.98095703125,0.990478515625,0.0,0.009521484375,0.1993606686592102,0.410968154668808,0.06781557259320953,4034.1703843268124,0.3398990333080292,0.32648563385009766,0.9972224060516309,0.8004635718099531,0.9911128101507221,1862.91015625,0.45481204986572266,0.0,0.32173874974250793
pali,coco_karpathy,final_quarter,False,1,0.14285714285714285,4,4,4,37,4.0,4096,0.001,False,1.1,1024,512,1200,0.11961881816387177,0.11871843017324864,0.12044640622625594,0.199951171875,0.202880859375,0.00439453125,0.00732421875,0.037153735756874084,0.08246507495641708,0.8480645103966491,667.9611609987979,0.15586647391319275,0.2726256251335144,0.9970123170672256,0.9883989654118327,0.9979029582508793,686.25,0.16754150390625,0.791259765625,0.15743258595466614
pali,coco_karpathy,final_quarter,False,1,0.14285714285714285,4,4,4,37,4.0,4096,0.001,False,1.25,1024,512,1200,0.11961881816387177,0.11871843017324864,0.12044640622625594,0.198974609375,0.20263671875,0.004150390625,0.0078125,0.037153735756874084,0.08246507495641708,0.8480645103966491,667.9611609987979,0.15586647391319275,0.2726256251335144,0.9970123170672256,0.9883989654118327,0.9979029582508793,686.25,0.16754150390625,0.791259765625,0.15743258595466614
pali,coco_karpathy,final_quarter,False,1,0.14285714285714285,4,4,4,37,4.0,4096,0.001,False,1.5,1024,512,1200,0.11961881816387177,0.11871843017324864,0.12044640622625594,0.196533203125,0.201904296875,0.003662109375,0.009033203125,0.037153735756874084,0.08246507495641708,0.8480645103966491,667.9611609987979,0.15586647391319275,0.2726256251335144,0.9970123170672256,0.9883989654118327,0.9979029582508793,686.25,0.16754150390625,0.791259765625,0.15743258595466614
pali,coco_karpathy,final_quarter,False,1,0.14285714285714285,4,4,4,37,4.0,4096,0.001,True,1.1,1024,512,1200,0.6093435287475586,0.6055144928308437,0.6134828794252826,1.0,1.0,0.0,0.0,0.19835667312145233,0.4109868109226227,0.0688671973717741,4031.6609180668975,0.3399767279624939,0.3186185956001282,0.9946107409985554,0.7992309082790259,0.9925296624143867,1866.275390625,0.45563364028930664,0.0,0.3216310441493988
pali,coco_karpathy,final_quarter,False,1,0.14285714285714285,4,4,4,37,4.0,4096,0.001,True,1.25,1024,512,1200,0.6093435287475586,0.6055144928308437,0.6134828794252826,1.0,1.0,0.0,0.0,0.19835667312145233,0.4109868109226227,0.0688671973717741,4031.6609180668975,0.3399767279624939,0.3186185956001282,0.9946107409985554,0.7992309082790259,0.9925296624143867,1866.275390625,0.45563364028930664,0.0,0.3216310441493988
pali,coco_karpathy,final_quarter,False,1,0.14285714285714285,4,4,4,37,4.0,4096,0.001,True,1.5,1024,512,1200,0.6093435287475586,0.6055144928308437,0.6134828794252826,0.98388671875,0.991943359375,0.0,0.008056640625,0.19835667312145233,0.4109868109226227,0.0688671973717741,4031.6609180668975,0.3399767279624939,0.3186185956001282,0.9946107409985554,0.7992309082790259,0.9925296624143867,1866.275390625,0.45563364028930664,0.0,0.3216310441493988
pali,coco_karpathy,final_quarter,False,2,0.2857142857142857,7,7,7,11,2.0,4096,0.0003,False,1.1,1024,512,1200,0.17977416515350342,0.1781588525918778,0.1814633986898116,0.213623046875,0.216796875,0.003173828125,0.00634765625,0.050562936812639236,0.1292112171649933,0.8400068068612534,714.9971080544967,0.2507525682449341,0.40526095032691956,0.9967033559014585,0.9857270457270058,0.9955385228097523,732.41796875,0.17881298065185547,0.779296875,0.2484053373336792
pali,coco_karpathy,final_quarter,False,2,0.2857142857142857,7,7,7,11,2.0,4096,0.0003,False,1.25,1024,512,1200,0.17977416515350342,0.1781588525918778,0.1814633986898116,0.211669921875,0.2158203125,0.003173828125,0.00732421875,0.050562936812639236,0.1292112171649933,0.8400068068612534,714.9971080544967,0.2507525682449341,0.40526095032691956,0.9967033559014585,0.9857270457270058,0.9955385228097523,732.41796875,0.17881298065185547,0.779296875,0.2484053373336792
pali,coco_karpathy,final_quarter,False,2,0.2857142857142857,7,7,7,11,2.0,4096,0.0003,False,1.5,1024,512,1200,0.17977416515350342,0.1781588525918778,0.1814633986898116,0.209228515625,0.21484375,0.0029296875,0.008544921875,0.050562936812639236,0.1292112171649933,0.8400068068612534,714.9971080544967,0.2507525682449341,0.40526095032691956,0.9967033559014585,0.9857270457270058,0.9955385228097523,732.41796875,0.17881298065185547,0.779296875,0.2484053373336792
pali,coco_karpathy,final_quarter,False,2,0.2857142857142857,7,7,7,11,2.0,4096,0.0003,True,1.1,1024,512,1200,0.5963183641433716,0.591239479900105,0.6008474368369207,1.0,1.0,0.0,0.0,0.16641369462013245,0.42990463972091675,0.07274014129609538,4021.5785632092425,0.3531842529773712,0.3270683288574219,0.9899489429530182,0.7924292340248601,0.9920734457678443,1832.458984375,0.44737768173217773,0.0,0.32166168093681335
pali,coco_karpathy,final_quarter,False,2,0.2857142857142857,7,7,7,11,2.0,4096,0.0003,True,1.25,1024,512,1200,0.5963183641433716,0.591239479900105,0.6008474368369207,1.0,1.0,0.0,0.0,0.16641369462013245,0.42990463972091675,0.07274014129609538,4021.5785632092425,0.3531842529773712,0.3270683288574219,0.9899489429530182,0.7924292340248601,0.9920734457678443,1832.458984375,0.44737768173217773,0.0,0.32166168093681335
pali,coco_karpathy,final_quarter,False,2,0.2857142857142857,7,7,7,11,2.0,4096,0.0003,True,1.5,1024,512,1200,0.5963183641433716,0.591239479900105,0.6008474368369207,1.0,1.0,0.0,0.0,0.16641369462013245,0.42990463972091675,0.07274014129609538,4021.5785632092425,0.3531842529773712,0.3270683288574219,0.9899489429530182,0.7924292340248601,0.9920734457678443,1832.458984375,0.44737768173217773,0.0,0.32166168093681335
pali,coco_karpathy,final_quarter,False,2,0.2857142857142857,7,7,7,11,2.0,4096,0.001,False,1.1,1024,512,1200,0.17822310328483582,0.17664258899749258,0.1798958407889586,0.212646484375,0.21630859375,0.003173828125,0.0068359375,0.05020924285054207,0.12801384925842285,0.838346887378087,718.2262607861747,0.24094529449939728,0.3973810374736786,0.9967370874897329,0.985740084361891,0.995026043845936,730.251953125,0.1782841682434082,0.779296875,0.23767398297786713
pali,coco_karpathy,final_quarter,False,2,0.2857142857142857,7,7,7,11,2.0,4096,0.001,False,1.25,1024,512,1200,0.17822310328483582,0.17664258899749258,0.1798958407889586,0.211181640625,0.215576171875,0.003173828125,0.007568359375,0.05020924285054207,0.12801384925842285,0.838346887378087,718.2262607861747,0.24094529449939728,0.3973810374736786,0.9967370874897329,0.985740084361891,0.995026043845936,730.251953125,0.1782841682434082,0.779296875,0.23767398297786713
pali,coco_karpathy,final_quarter,False,2,0.2857142857142857,7,7,7,11,2.0,4096,0.001,False,1.5,1024,512,1200,0.17822310328483582,0.17664258899749258,0.1798958407889586,0.208740234375,0.214599609375,0.0029296875,0.0087890625,0.05020924285054207,0.12801384925842285,0.838346887378087,718.2262607861747,0.24094529449939728,0.3973810374736786,0.9967370874897329,0.985740084361891,0.995026043845936,730.251953125,0.1782841682434082,0.779296875,0.23767398297786713
pali,coco_karpathy,final_quarter,False,2,0.2857142857142857,7,7,7,11,2.0,4096,0.001,True,1.1,1024,512,1200,0.5900999307632446,0.5855097117280821,0.5945748955622548,1.0,1.0,0.0,0.0,0.16462281346321106,0.42547714710235596,0.07338123124145231,4018.301462708412,0.3519452214241028,0.32069265842437744,0.988723831095296,0.7919770799989321,0.9924979557419605,1825.328125,0.4456367492675781,0.0,0.3176952600479126
pali,coco_karpathy,final_quarter,False,2,0.2857142857142857,7,7,7,11,2.0,4096,0.001,True,1.25,1024,512,1200,0.5900999307632446,0.5855097117280821,0.5945748955622548,1.0,1.0,0.0,0.0,0.16462281346321106,0.42547714710235596,0.07338123124145231,4018.301462708412,0.3519452214241028,0.32069265842437744,0.988723831095296,0.7919770799989321,0.9924979557419605,1825.328125,0.4456367492675781,0.0,0.3176952600479126
pali,coco_karpathy,final_quarter,False,2,0.2857142857142857,7,7,7,11,2.0,4096,0.001,True,1.5,1024,512,1200,0.5900999307632446,0.5855097117280821,0.5945748955622548,1.0,1.0,0.0,0.0,0.16462281346321106,0.42547714710235596,0.07338123124145231,4018.301462708412,0.3519452214241028,0.32069265842437744,0.988723831095296,0.7919770799989321,0.9924979557419605,1825.328125,0.4456367492675781,0.0,0.3176952600479126
pali,coco_karpathy,final_quarter,False,2,0.2857142857142857,7,7,7,11,4.0,4096,0.0003,False,1.1,1024,512,1200,0.17977416515350342,0.1781588525918778,0.1814633986898116,0.213623046875,0.216796875,0.003173828125,0.00634765625,0.050562936812639236,0.1292112171649933,0.8400068068612534,714.9971080544967,0.2507525682449341,0.40526095032691956,0.9967033559014585,0.9857270457270058,0.9955385228097523,732.41796875,0.17881298065185547,0.779296875,0.2484053373336792
pali,coco_karpathy,final_quarter,False,2,0.2857142857142857,7,7,7,11,4.0,4096,0.0003,False,1.25,1024,512,1200,0.17977416515350342,0.1781588525918778,0.1814633986898116,0.211669921875,0.2158203125,0.003173828125,0.00732421875,0.050562936812639236,0.1292112171649933,0.8400068068612534,714.9971080544967,0.2507525682449341,0.40526095032691956,0.9967033559014585,0.9857270457270058,0.9955385228097523,732.41796875,0.17881298065185547,0.779296875,0.2484053373336792
pali,coco_karpathy,final_quarter,False,2,0.2857142857142857,7,7,7,11,4.0,4096,0.0003,False,1.5,1024,512,1200,0.17977416515350342,0.1781588525918778,0.1814633986898116,0.209228515625,0.21484375,0.0029296875,0.008544921875,0.050562936812639236,0.1292112171649933,0.8400068068612534,714.9971080544967,0.2507525682449341,0.40526095032691956,0.9967033559014585,0.9857270457270058,0.9955385228097523,732.41796875,0.17881298065185547,0.779296875,0.2484053373336792
pali,coco_karpathy,final_quarter,False,2,0.2857142857142857,7,7,7,11,4.0,4096,0.0003,True,1.1,1024,512,1200,0.5963183641433716,0.591239479900105,0.6008474368369207,1.0,1.0,0.0,0.0,0.16641369462013245,0.42990463972091675,0.07274014129609538,4021.5785632092425,0.3531842529773712,0.3270683288574219,0.9899489429530182,0.7924292340248601,0.9920734457678443,1832.458984375,0.44737768173217773,0.0,0.32166168093681335
pali,coco_karpathy,final_quarter,False,2,0.2857142857142857,7,7,7,11,4.0,4096,0.0003,True,1.25,1024,512,1200,0.5963183641433716,0.591239479900105,0.6008474368369207,1.0,1.0,0.0,0.0,0.16641369462013245,0.42990463972091675,0.07274014129609538,4021.5785632092425,0.3531842529773712,0.3270683288574219,0.9899489429530182,0.7924292340248601,0.9920734457678443,1832.458984375,0.44737768173217773,0.0,0.32166168093681335
pali,coco_karpathy,final_quarter,False,2,0.2857142857142857,7,7,7,11,4.0,4096,0.0003,True,1.5,1024,512,1200,0.5963183641433716,0.591239479900105,0.6008474368369207,1.0,1.0,0.0,0.0,0.16641369462013245,0.42990463972091675,0.07274014129609538,4021.5785632092425,0.3531842529773712,0.3270683288574219,0.9899489429530182,0.7924292340248601,0.9920734457678443,1832.458984375,0.44737768173217773,0.0,0.32166168093681335
pali,coco_karpathy,final_quarter,False,2,0.2857142857142857,7,7,7,11,4.0,4096,0.001,False,1.1,1024,512,1200,0.17822310328483582,0.17664258899749258,0.1798958407889586,0.212646484375,0.21630859375,0.003173828125,0.0068359375,0.05020924285054207,0.12801384925842285,0.838346887378087,718.2262607861747,0.24094529449939728,0.3973810374736786,0.9967370874897329,0.985740084361891,0.995026043845936,730.251953125,0.1782841682434082,0.779296875,0.23767398297786713
pali,coco_karpathy,final_quarter,False,2,0.2857142857142857,7,7,7,11,4.0,4096,0.001,False,1.25,1024,512,1200,0.17822310328483582,0.17664258899749258,0.1798958407889586,0.211181640625,0.215576171875,0.003173828125,0.007568359375,0.05020924285054207,0.12801384925842285,0.838346887378087,718.2262607861747,0.24094529449939728,0.3973810374736786,0.9967370874897329,0.985740084361891,0.995026043845936,730.251953125,0.1782841682434082,0.779296875,0.23767398297786713
pali,coco_karpathy,final_quarter,False,2,0.2857142857142857,7,7,7,11,4.0,4096,0.001,False,1.5,1024,512,1200,0.17822310328483582,0.17664258899749258,0.1798958407889586,0.208740234375,0.214599609375,0.0029296875,0.0087890625,0.05020924285054207,0.12801384925842285,0.838346887378087,718.2262607861747,0.24094529449939728,0.3973810374736786,0.9967370874897329,0.985740084361891,0.995026043845936,730.251953125,0.1782841682434082,0.779296875,0.23767398297786713
pali,coco_karpathy,final_quarter,False,2,0.2857142857142857,7,7,7,11,4.0,4096,0.001,True,1.1,1024,512,1200,0.5900999307632446,0.5855097117280821,0.5945748955622548,1.0,1.0,0.0,0.0,0.16462281346321106,0.42547714710235596,0.07338123124145231,4018.301462708412,0.3519452214241028,0.32069265842437744,0.988723831095296,0.7919770799989321,0.9924979557419605,1825.328125,0.4456367492675781,0.0,0.3176952600479126
pali,coco_karpathy,final_quarter,False,2,0.2857142857142857,7,7,7,11,4.0,4096,0.001,True,1.25,1024,512,1200,0.5900999307632446,0.5855097117280821,0.5945748955622548,1.0,1.0,0.0,0.0,0.16462281346321106,0.42547714710235596,0.07338123124145231,4018.301462708412,0.3519452214241028,0.32069265842437744,0.988723831095296,0.7919770799989321,0.9924979557419605,1825.328125,0.4456367492675781,0.0,0.3176952600479126
pali,coco_karpathy,final_quarter,False,2,0.2857142857142857,7,7,7,11,4.0,4096,0.001,True,1.5,1024,512,1200,0.5900999307632446,0.5855097117280821,0.5945748955622548,1.0,1.0,0.0,0.0,0.16462281346321106,0.42547714710235596,0.07338123124145231,4018.301462708412,0.3519452214241028,0.32069265842437744,0.988723831095296,0.7919770799989321,0.9924979557419605,1825.328125,0.4456367492675781,0.0,0.3176952600479126
pali,coco_karpathy,final_quarter,False,2,0.2857142857142857,7,7,7,23,2.0,4096,0.0003,False,1.1,1024,512,1200,0.17821228504180908,0.17668872883587028,0.17969617035196278,0.204833984375,0.20849609375,0.003662109375,0.00732421875,0.04994678497314453,0.12826550006866455,0.8434829492091516,699.3820298985939,0.25057700276374817,0.40974482893943787,0.99661269114369,0.985747544802429,0.9958151396400968,712.55859375,0.1739645004272461,0.784912109375,0.24837695062160492
pali,coco_karpathy,final_quarter,False,2,0.2857142857142857,7,7,7,23,2.0,4096,0.0003,False,1.25,1024,512,1200,0.17821228504180908,0.17668872883587028,0.17969617035196278,0.204345703125,0.208251953125,0.003662109375,0.007568359375,0.04994678497314453,0.12826550006866455,0.8434829492091516,699.3820298985939,0.25057700276374817,0.40974482893943787,0.99661269114369,0.985747544802429,0.9958151396400968,712.55859375,0.1739645004272461,0.784912109375,0.24837695062160492
pali,coco_karpathy,final_quarter,False,2,0.2857142857142857,7,7,7,23,2.0,4096,0.0003,False,1.5,1024,512,1200,0.17821228504180908,0.17668872883587028,0.17969617035196278,0.200439453125,0.206787109375,0.003173828125,0.009521484375,0.04994678497314453,0.12826550006866455,0.8434829492091516,699.3820298985939,0.25057700276374817,0.40974482893943787,0.99661269114369,0.985747544802429,0.9958151396400968,712.55859375,0.1739645004272461,0.784912109375,0.24837695062160492
pali,coco_karpathy,final_quarter,False,2,0.2857142857142857,7,7,7,23,2.0,4096,0.0003,True,1.1,1024,512,1200,0.5965311527252197,0.5923100003608852,0.6008064210414886,1.0,1.0,0.0,0.0,0.16725710034370422,0.4292740225791931,0.07089844145747788,4026.5893614778665,0.35617682337760925,0.32700565457344055,0.9942039879090421,0.7975063638542286,0.9927061147623257,1842.0625,0.4497222900390625,0.0,0.32192301750183105
pali,coco_karpathy,final_quarter,False,2,0.2857142857142857,7,7,7,23,2.0,4096,0.0003,True,1.25,1024,512,1200,0.5965311527252197,0.5923100003608852,0.6008064210414886,1.0,1.0,0.0,0.0,0.16725710034370422,0.4292740225791931,0.07089844145747788,4026.5893614778665,0.35617682337760925,0.32700565457344055,0.9942039879090421,0.7975063638542286,0.9927061147623257,1842.0625,0.4497222900390625,0.0,0.32192301750183105
pali,coco_karpathy,final_quarter,False,2,0.2857142857142857,7,7,7,23,2.0,4096,0.0003,True,1.5,1024,512,1200,0.5965311527252197,0.5923100003608852,0.6008064210414886,0.99951171875,0.999755859375,0.0,0.000244140625,0.16725710034370422,0.4292740225791931,0.07089844145747788,4026.5893614778665,0.35617682337760925,0.32700565457344055,0.9942039879090421,0.7975063638542286,0.9927061147623257,1842.0625,0.4497222900390625,0.0,0.32192301750183105
pali,coco_karpathy,final_quarter,False,2,0.2857142857142857,7,7,7,23,2.0,4096,0.001,False,1.1,1024,512,1200,0.17682747542858124,0.1753175497884513,0.1782881556340726,0.204833984375,0.208251953125,0.00390625,0.00732421875,0.0496085062623024,0.12721896171569824,0.8421190165833466,702.1282349520274,0.2427952140569687,0.40616682171821594,0.996636859207829,0.9857430665796997,0.9957870852596357,710.41015625,0.17343997955322266,0.784912109375,0.23979452252388
pali,coco_karpathy,final_quarter,False,2,0.2857142857142857,7,7,7,23,2.0,4096,0.001,False,1.25,1024,512,1200,0.17682747542858124,0.1753175497884513,0.1782881556340726,0.203857421875,0.207763671875,0.00390625,0.0078125,0.0496085062623024,0.12721896171569824,0.8421190165833466,702.1282349520274,0.2427952140569687,0.40616682171821594,0.996636859207829,0.9857430665796997,0.9957870852596357,710.41015625,0.17343997955322266,0.784912109375,0.23979452252388
pali,coco_karpathy,final_quarter,False,2,0.2857142857142857,7,7,7,23,2.0,4096,0.001,False,1.5,1024,512,1200,0.17682747542858124,0.1753175497884513,0.1782881556340726,0.199951171875,0.206298828125,0.00341796875,0.009765625,0.0496085062623024,0.12721896171569824,0.8421190165833466,702.1282349520274,0.2427952140569687,0.40616682171821594,0.996636859207829,0.9857430665796997,0.9957870852596357,710.41015625,0.17343997955322266,0.784912109375,0.23979452252388
pali,coco_karpathy,final_quarter,False,2,0.2857142857142857,7,7,7,23,2.0,4096,0.001,True,1.1,1024,512,1200,0.58977872133255,0.5857895947206998,0.5938663127497421,1.0,1.0,0.0,0.0,0.16557851433753967,0.424200177192688,0.07165279099279447,4023.612612916449,0.3543892800807953,0.3220939040184021,0.9932717554636693,0.796461037755671,0.9914193986770803,1834.109375,0.4477806091308594,0.0,0.3174038231372833
pali,coco_karpathy,final_quarter,False,2,0.2857142857142857,7,7,7,23,2.0,4096,0.001,True,1.25,1024,512,1200,0.58977872133255,0.5857895947206998,0.5938663127497421,1.0,1.0,0.0,0.0,0.16557851433753967,0.424200177192688,0.07165279099279447,4023.612612916449,0.3543892800807953,0.3220939040184021,0.9932717554636693,0.796461037755671,0.9914193986770803,1834.109375,0.4477806091308594,0.0,0.3174038231372833
pali,coco_karpathy,final_quarter,False,2,0.2857142857142857,7,7,7,23,2.0,4096,0.001,True,1.5,1024,512,1200,0.58977872133255,0.5857895947206998,0.5938663127497421,0.99951171875,0.999755859375,0.0,0.000244140625,0.16557851433753967,0.424200177192688,0.07165279099279447,4023.612612916449,0.3543892800807953,0.3220939040184021,0.9932717554636693,0.796461037755671,0.9914193986770803,1834.109375,0.4477806091308594,0.0,0.3174038231372833
pali,coco_karpathy,final_quarter,False,2,0.2857142857142857,7,7,7,23,4.0,4096,0.0003,False,1.1,1024,512,1200,0.17821228504180908,0.17668872883587028,0.17969617035196278,0.204833984375,0.20849609375,0.003662109375,0.00732421875,0.04994678497314453,0.12826550006866455,0.8434829492091516,699.3820298985939,0.25057700276374817,0.40974482893943787,0.99661269114369,0.985747544802429,0.9958151396400968,712.55859375,0.1739645004272461,0.784912109375,0.24837695062160492
pali,coco_karpathy,final_quarter,False,2,0.2857142857142857,7,7,7,23,4.0,4096,0.0003,False,1.25,1024,512,1200,0.17821228504180908,0.17668872883587028,0.17969617035196278,0.204345703125,0.208251953125,0.003662109375,0.007568359375,0.04994678497314453,0.12826550006866455,0.8434829492091516,699.3820298985939,0.25057700276374817,0.40974482893943787,0.99661269114369,0.985747544802429,0.9958151396400968,712.55859375,0.1739645004272461,0.784912109375,0.24837695062160492
pali,coco_karpathy,final_quarter,False,2,0.2857142857142857,7,7,7,23,4.0,4096,0.0003,False,1.5,1024,512,1200,0.17821228504180908,0.17668872883587028,0.17969617035196278,0.200439453125,0.206787109375,0.003173828125,0.009521484375,0.04994678497314453,0.12826550006866455,0.8434829492091516,699.3820298985939,0.25057700276374817,0.40974482893943787,0.99661269114369,0.985747544802429,0.9958151396400968,712.55859375,0.1739645004272461,0.784912109375,0.24837695062160492
pali,coco_karpathy,final_quarter,False,2,0.2857142857142857,7,7,7,23,4.0,4096,0.0003,True,1.1,1024,512,1200,0.5965311527252197,0.5923100003608852,0.6008064210414886,1.0,1.0,0.0,0.0,0.16725710034370422,0.4292740225791931,0.07089844145747788,4026.5893614778665,0.35617682337760925,0.32700565457344055,0.9942039879090421,0.7975063638542286,0.9927061147623257,1842.0625,0.4497222900390625,0.0,0.32192301750183105
pali,coco_karpathy,final_quarter,False,2,0.2857142857142857,7,7,7,23,4.0,4096,0.0003,True,1.25,1024,512,1200,0.5965311527252197,0.5923100003608852,0.6008064210414886,1.0,1.0,0.0,0.0,0.16725710034370422,0.4292740225791931,0.07089844145747788,4026.5893614778665,0.35617682337760925,0.32700565457344055,0.9942039879090421,0.7975063638542286,0.9927061147623257,1842.0625,0.4497222900390625,0.0,0.32192301750183105
pali,coco_karpathy,final_quarter,False,2,0.2857142857142857,7,7,7,23,4.0,4096,0.0003,True,1.5,1024,512,1200,0.5965311527252197,0.5923100003608852,0.6008064210414886,0.99951171875,0.999755859375,0.0,0.000244140625,0.16725710034370422,0.4292740225791931,0.07089844145747788,4026.5893614778665,0.35617682337760925,0.32700565457344055,0.9942039879090421,0.7975063638542286,0.9927061147623257,1842.0625,0.4497222900390625,0.0,0.32192301750183105
pali,coco_karpathy,final_quarter,False,2,0.2857142857142857,7,7,7,23,4.0,4096,0.001,False,1.1,1024,512,1200,0.17682747542858124,0.1753175497884513,0.1782881556340726,0.204833984375,0.208251953125,0.00390625,0.00732421875,0.0496085062623024,0.12721896171569824,0.8421190165833466,702.1282349520274,0.2427952140569687,0.40616682171821594,0.996636859207829,0.9857430665796997,0.9957870852596357,710.41015625,0.17343997955322266,0.784912109375,0.23979452252388
pali,coco_karpathy,final_quarter,False,2,0.2857142857142857,7,7,7,23,4.0,4096,0.001,False,1.25,1024,512,1200,0.17682747542858124,0.1753175497884513,0.1782881556340726,0.203857421875,0.207763671875,0.00390625,0.0078125,0.0496085062623024,0.12721896171569824,0.8421190165833466,702.1282349520274,0.2427952140569687,0.40616682171821594,0.996636859207829,0.9857430665796997,0.9957870852596357,710.41015625,0.17343997955322266,0.784912109375,0.23979452252388
pali,coco_karpathy,final_quarter,False,2,0.2857142857142857,7,7,7,23,4.0,4096,0.001,False,1.5,1024,512,1200,0.17682747542858124,0.1753175497884513,0.1782881556340726,0.199951171875,0.206298828125,0.00341796875,0.009765625,0.0496085062623024,0.12721896171569824,0.8421190165833466,702.1282349520274,0.2427952140569687,0.40616682171821594,0.996636859207829,0.9857430665796997,0.9957870852596357,710.41015625,0.17343997955322266,0.784912109375,0.23979452252388
pali,coco_karpathy,final_quarter,False,2,0.2857142857142857,7,7,7,23,4.0,4096,0.001,True,1.1,1024,512,1200,0.58977872133255,0.5857895947206998,0.5938663127497421,1.0,1.0,0.0,0.0,0.16557851433753967,0.424200177192688,0.07165279099279447,4023.612612916449,0.3543892800807953,0.3220939040184021,0.9932717554636693,0.796461037755671,0.9914193986770803,1834.109375,0.4477806091308594,0.0,0.3174038231372833
pali,coco_karpathy,final_quarter,False,2,0.2857142857142857,7,7,7,23,4.0,4096,0.001,True,1.25,1024,512,1200,0.58977872133255,0.5857895947206998,0.5938663127497421,1.0,1.0,0.0,0.0,0.16557851433753967,0.424200177192688,0.07165279099279447,4023.612612916449,0.3543892800807953,0.3220939040184021,0.9932717554636693,0.796461037755671,0.9914193986770803,1834.109375,0.4477806091308594,0.0,0.3174038231372833
pali,coco_karpathy,final_quarter,False,2,0.2857142857142857,7,7,7,23,4.0,4096,0.001,True,1.5,1024,512,1200,0.58977872133255,0.5857895947206998,0.5938663127497421,0.99951171875,0.999755859375,0.0,0.000244140625,0.16557851433753967,0.424200177192688,0.07165279099279447,4023.612612916449,0.3543892800807953,0.3220939040184021,0.9932717554636693,0.796461037755671,0.9914193986770803,1834.109375,0.4477806091308594,0.0,0.3174038231372833
pali,coco_karpathy,final_quarter,False,2,0.2857142857142857,7,7,7,37,2.0,4096,0.0003,False,1.1,1024,512,1200,0.18126925826072693,0.17956416629385785,0.1827327657745627,0.21337890625,0.2177734375,0.003173828125,0.007568359375,0.050940562039613724,0.1303286999464035,0.8365877610796919,725.7459656689642,0.25637778639793396,0.40022122859954834,0.9968073351937115,0.9859277573631638,0.9942181662899685,749.251953125,0.1829228401184082,0.775634765625,0.25140678882598877
pali,coco_karpathy,final_quarter,False,2,0.2857142857142857,7,7,7,37,2.0,4096,0.0003,False,1.25,1024,512,1200,0.18126925826072693,0.17956416629385785,0.1827327657745627,0.21142578125,0.21728515625,0.002685546875,0.008544921875,0.050940562039613724,0.1303286999464035,0.8365877610796919,725.7459656689642,0.25637778639793396,0.40022122859954834,0.9968073351937115,0.9859277573631638,0.9942181662899685,749.251953125,0.1829228401184082,0.775634765625,0.25140678882598877
pali,coco_karpathy,final_quarter,False,2,0.2857142857142857,7,7,7,37,2.0,4096,0.0003,False,1.5,1024,512,1200,0.18126925826072693,0.17956416629385785,0.1827327657745627,0.20947265625,0.216552734375,0.00244140625,0.009521484375,0.050940562039613724,0.1303286999464035,0.8365877610796919,725.7459656689642,0.25637778639793396,0.40022122859954834,0.9968073351937115,0.9859277573631638,0.9942181662899685,749.251953125,0.1829228401184082,0.775634765625,0.25140678882598877
pali,coco_karpathy,final_quarter,False,2,0.2857142857142857,7,7,7,37,2.0,4096,0.0003,True,1.1,1024,512,1200,0.5972791910171509,0.5927040422728169,0.6018043418924208,1.0,1.0,0.0,0.0,0.167336106300354,0.4299430847167969,0.06965886079256327,4030.0677683628655,0.3427850604057312,0.32667276263237,0.9924634460043744,0.7952895782020108,0.992182565375287,1839.31640625,0.4490518569946289,0.0,0.3223443925380707
pali,coco_karpathy,final_quarter,False,2,0.2857142857142857,7,7,7,37,2.0,4096,0.0003,True,1.25,1024,512,1200,0.5972791910171509,0.5927040422728169,0.6018043418924208,1.0,1.0,0.0,0.0,0.167336106300354,0.4299430847167969,0.06965886079256327,4030.0677683628655,0.3427850604057312,0.32667276263237,0.9924634460043744,0.7952895782020108,0.992182565375287,1839.31640625,0.4490518569946289,0.0,0.3223443925380707
pali,coco_karpathy,final_quarter,False,2,0.2857142857142857,7,7,7,37,2.0,4096,0.0003,True,1.5,1024,512,1200,0.5972791910171509,0.5927040422728169,0.6018043418924208,1.0,1.0,0.0,0.0,0.167336106300354,0.4299430847167969,0.06965886079256327,4030.0677683628655,0.3427850604057312,0.32667276263237,0.9924634460043744,0.7952895782020108,0.992182565375287,1839.31640625,0.4490518569946289,0.0,0.3223443925380707
pali,coco_karpathy,final_quarter,False,2,0.2857142857142857,7,7,7,37,2.0,4096,0.001,False,1.1,1024,512,1200,0.17979352176189423,0.17810476890881546,0.18125510445825058,0.2138671875,0.218017578125,0.003173828125,0.00732421875,0.05060625821352005,0.12918725609779358,0.8353359502945572,727.1560699424862,0.24804948270320892,0.3963629901409149,0.9968279238125166,0.9859121216637367,0.9948134316890713,747.21875,0.18242645263671875,0.775634765625,0.2421960085630417
pali,coco_karpathy,final_quarter,False,2,0.2857142857142857,7,7,7,37,2.0,4096,0.001,False,1.25,1024,512,1200,0.17979352176189423,0.17810476890881546,0.18125510445825058,0.21142578125,0.21728515625,0.002685546875,0.008544921875,0.05060625821352005,0.12918725609779358,0.8353359502945572,727.1560699424862,0.24804948270320892,0.3963629901409149,0.9968279238125166,0.9859121216637367,0.9948134316890713,747.21875,0.18242645263671875,0.775634765625,0.2421960085630417
pali,coco_karpathy,final_quarter,False,2,0.2857142857142857,7,7,7,37,2.0,4096,0.001,False,1.5,1024,512,1200,0.17979352176189423,0.17810476890881546,0.18125510445825058,0.20947265625,0.216552734375,0.00244140625,0.009521484375,0.05060625821352005,0.12918725609779358,0.8353359502945572,727.1560699424862,0.24804948270320892,0.3963629901409149,0.9968279238125166,0.9859121216637367,0.9948134316890713,747.21875,0.18242645263671875,0.775634765625,0.2421960085630417
pali,coco_karpathy,final_quarter,False,2,0.2857142857142857,7,7,7,37,2.0,4096,0.001,True,1.1,1024,512,1200,0.589061439037323,0.5843324746674625,0.5936040742963087,1.0,1.0,0.0,0.0,0.16550558805465698,0.42355579137802124,0.07013515156423906,4028.117848970932,0.3429924547672272,0.31939008831977844,0.9924943544565482,0.7952207278721521,0.9924609304568633,1833.068359375,0.4475264549255371,0.0,0.3172543942928314
pali,coco_karpathy,final_quarter,False,2,0.2857142857142857,7,7,7,37,2.0,4096,0.001,True,1.25,1024,512,1200,0.589061439037323,0.5843324746674625,0.5936040742963087,1.0,1.0,0.0,0.0,0.16550558805465698,0.42355579137802124,0.07013515156423906,4028.117848970932,0.3429924547672272,0.31939008831977844,0.9924943544565482,0.7952207278721521,0.9924609304568633,1833.068359375,0.4475264549255371,0.0,0.3172543942928314
pali,coco_karpathy,final_quarter,False,2,0.2857142857142857,7,7,7,37,2.0,4096,0.001,True,1.5,1024,512,1200,0.589061439037323,0.5843324746674625,0.5936040742963087,1.0,1.0,0.0,0.0,0.16550558805465698,0.42355579137802124,0.07013515156423906,4028.117848970932,0.3429924547672272,0.31939008831977844,0.9924943544565482,0.7952207278721521,0.9924609304568633,1833.068359375,0.4475264549255371,0.0,0.3172543942928314
pali,coco_karpathy,final_quarter,False,2,0.2857142857142857,7,7,7,37,4.0,4096,0.0003,False,1.1,1024,512,1200,0.18126925826072693,0.17956416629385785,0.1827327657745627,0.21337890625,0.2177734375,0.003173828125,0.007568359375,0.050940562039613724,0.1303286999464035,0.8365877610796919,725.7459656689642,0.25637778639793396,0.40022122859954834,0.9968073351937115,0.9859277573631638,0.9942181662899685,749.251953125,0.1829228401184082,0.775634765625,0.25140678882598877
pali,coco_karpathy,final_quarter,False,2,0.2857142857142857,7,7,7,37,4.0,4096,0.0003,False,1.25,1024,512,1200,0.18126925826072693,0.17956416629385785,0.1827327657745627,0.21142578125,0.21728515625,0.002685546875,0.008544921875,0.050940562039613724,0.1303286999464035,0.8365877610796919,725.7459656689642,0.25637778639793396,0.40022122859954834,0.9968073351937115,0.9859277573631638,0.9942181662899685,749.251953125,0.1829228401184082,0.775634765625,0.25140678882598877
pali,coco_karpathy,final_quarter,False,2,0.2857142857142857,7,7,7,37,4.0,4096,0.0003,False,1.5,1024,512,1200,0.18126925826072693,0.17956416629385785,0.1827327657745627,0.20947265625,0.216552734375,0.00244140625,0.009521484375,0.050940562039613724,0.1303286999464035,0.8365877610796919,725.7459656689642,0.25637778639793396,0.40022122859954834,0.9968073351937115,0.9859277573631638,0.9942181662899685,749.251953125,0.1829228401184082,0.775634765625,0.25140678882598877
pali,coco_karpathy,final_quarter,False,2,0.2857142857142857,7,7,7,37,4.0,4096,0.0003,True,1.1,1024,512,1200,0.5972791910171509,0.5927040422728169,0.6018043418924208,1.0,1.0,0.0,0.0,0.167336106300354,0.4299430847167969,0.06965886079256327,4030.0677683628655,0.3427850604057312,0.32667276263237,0.9924634460043744,0.7952895782020108,0.992182565375287,1839.31640625,0.4490518569946289,0.0,0.3223443925380707
pali,coco_karpathy,final_quarter,False,2,0.2857142857142857,7,7,7,37,4.0,4096,0.0003,True,1.25,1024,512,1200,0.5972791910171509,0.5927040422728169,0.6018043418924208,1.0,1.0,0.0,0.0,0.167336106300354,0.4299430847167969,0.06965886079256327,4030.0677683628655,0.3427850604057312,0.32667276263237,0.9924634460043744,0.7952895782020108,0.992182565375287,1839.31640625,0.4490518569946289,0.0,0.3223443925380707
pali,coco_karpathy,final_quarter,False,2,0.2857142857142857,7,7,7,37,4.0,4096,0.0003,True,1.5,1024,512,1200,0.5972791910171509,0.5927040422728169,0.6018043418924208,1.0,1.0,0.0,0.0,0.167336106300354,0.4299430847167969,0.06965886079256327,4030.0677683628655,0.3427850604057312,0.32667276263237,0.9924634460043744,0.7952895782020108,0.992182565375287,1839.31640625,0.4490518569946289,0.0,0.3223443925380707
pali,coco_karpathy,final_quarter,False,2,0.2857142857142857,7,7,7,37,4.0,4096,0.001,False,1.1,1024,512,1200,0.17979352176189423,0.17810476890881546,0.18125510445825058,0.2138671875,0.218017578125,0.003173828125,0.00732421875,0.05060625821352005,0.12918725609779358,0.8353359502945572,727.1560699424862,0.24804948270320892,0.3963629901409149,0.9968279238125166,0.9859121216637367,0.9948134316890713,747.21875,0.18242645263671875,0.775634765625,0.2421960085630417
pali,coco_karpathy,final_quarter,False,2,0.2857142857142857,7,7,7,37,4.0,4096,0.001,False,1.25,1024,512,1200,0.17979352176189423,0.17810476890881546,0.18125510445825058,0.21142578125,0.21728515625,0.002685546875,0.008544921875,0.05060625821352005,0.12918725609779358,0.8353359502945572,727.1560699424862,0.24804948270320892,0.3963629901409149,0.9968279238125166,0.9859121216637367,0.9948134316890713,747.21875,0.18242645263671875,0.775634765625,0.2421960085630417
pali,coco_karpathy,final_quarter,False,2,0.2857142857142857,7,7,7,37,4.0,4096,0.001,False,1.5,1024,512,1200,0.17979352176189423,0.17810476890881546,0.18125510445825058,0.20947265625,0.216552734375,0.00244140625,0.009521484375,0.05060625821352005,0.12918725609779358,0.8353359502945572,727.1560699424862,0.24804948270320892,0.3963629901409149,0.9968279238125166,0.9859121216637367,0.9948134316890713,747.21875,0.18242645263671875,0.775634765625,0.2421960085630417
pali,coco_karpathy,final_quarter,False,2,0.2857142857142857,7,7,7,37,4.0,4096,0.001,True,1.1,1024,512,1200,0.589061439037323,0.5843324746674625,0.5936040742963087,1.0,1.0,0.0,0.0,0.16550558805465698,0.42355579137802124,0.07013515156423906,4028.117848970932,0.3429924547672272,0.31939008831977844,0.9924943544565482,0.7952207278721521,0.9924609304568633,1833.068359375,0.4475264549255371,0.0,0.3172543942928314
pali,coco_karpathy,final_quarter,False,2,0.2857142857142857,7,7,7,37,4.0,4096,0.001,True,1.25,1024,512,1200,0.589061439037323,0.5843324746674625,0.5936040742963087,1.0,1.0,0.0,0.0,0.16550558805465698,0.42355579137802124,0.07013515156423906,4028.117848970932,0.3429924547672272,0.31939008831977844,0.9924943544565482,0.7952207278721521,0.9924609304568633,1833.068359375,0.4475264549255371,0.0,0.3172543942928314
pali,coco_karpathy,final_quarter,False,2,0.2857142857142857,7,7,7,37,4.0,4096,0.001,True,1.5,1024,512,1200,0.589061439037323,0.5843324746674625,0.5936040742963087,1.0,1.0,0.0,0.0,0.16550558805465698,0.42355579137802124,0.07013515156423906,4028.117848970932,0.3429924547672272,0.31939008831977844,0.9924943544565482,0.7952207278721521,0.9924609304568633,1833.068359375,0.4475264549255371,0.0,0.3172543942928314
pali,coco_karpathy,final_quarter,False,3,0.42857142857142855,11,11,11,11,2.0,4096,0.0003,False,1.1,1024,512,1200,0.23529213666915894,0.23338545704536956,0.2372626862328616,0.176513671875,0.1796875,0.00146484375,0.004638671875,0.06982607394456863,0.1654660552740097,0.8605924807918881,576.779799196338,0.4190792441368103,0.5238173604011536,0.9954410039261709,0.9846295748289503,0.9936400256239576,664.76171875,0.16229534149169922,0.818359375,0.3906905949115753
pali,coco_karpathy,final_quarter,False,3,0.42857142857142855,11,11,11,11,2.0,4096,0.0003,False,1.25,1024,512,1200,0.23529213666915894,0.23338545704536956,0.2372626862328616,0.174560546875,0.1787109375,0.00146484375,0.005615234375,0.06982607394456863,0.1654660552740097,0.8605924807918881,576.779799196338,0.4190792441368103,0.5238173604011536,0.9954410039261709,0.9846295748289503,0.9936400256239576,664.76171875,0.16229534149169922,0.818359375,0.3906905949115753
pali,coco_karpathy,final_quarter,False,3,0.42857142857142855,11,11,11,11,2.0,4096,0.0003,False,1.5,1024,512,1200,0.23529213666915894,0.23338545704536956,0.2372626862328616,0.173095703125,0.177978515625,0.00146484375,0.00634765625,0.06982607394456863,0.1654660552740097,0.8605924807918881,576.779799196338,0.4190792441368103,0.5238173604011536,0.9954410039261709,0.9846295748289503,0.9936400256239576,664.76171875,0.16229534149169922,0.818359375,0.3906905949115753
pali,coco_karpathy,final_quarter,False,3,0.42857142857142855,11,11,11,11,2.0,4096,0.0003,True,1.1,1024,512,1200,0.6358509063720703,0.6314777577819768,0.6400938881008187,1.0,1.0,0.0,0.0,0.19182777404785156,0.44402313232421875,0.06278990287624568,4045.125922845723,0.4070606529712677,0.32396504282951355,0.99270838061372,0.7048099404583172,0.9926290574544108,1881.759765625,0.459414005279541,0.0,0.32564792037010193
pali,coco_karpathy,final_quarter,False,3,0.42857142857142855,11,11,11,11,2.0,4096,0.0003,True,1.25,1024,512,1200,0.6358509063720703,0.6314777577819768,0.6400938881008187,1.0,1.0,0.0,0.0,0.19182777404785156,0.44402313232421875,0.06278990287624568,4045.125922845723,0.4070606529712677,0.32396504282951355,0.99270838061372,0.7048099404583172,0.9926290574544108,1881.759765625,0.459414005279541,0.0,0.32564792037010193
pali,coco_karpathy,final_quarter,False,3,0.42857142857142855,11,11,11,11,2.0,4096,0.0003,True,1.5,1024,512,1200,0.6358509063720703,0.6314777577819768,0.6400938881008187,0.9921875,0.99609375,0.0,0.00390625,0.19182777404785156,0.44402313232421875,0.06278990287624568,4045.125922845723,0.4070606529712677,0.32396504282951355,0.99270838061372,0.7048099404583172,0.9926290574544108,1881.759765625,0.459414005279541,0.0,0.32564792037010193
pali,coco_karpathy,final_quarter,False,3,0.42857142857142855,11,11,11,11,2.0,4096,0.001,False,1.1,1024,512,1200,0.2344377636909485,0.2325273051210388,0.23639251544154832,0.176513671875,0.1796875,0.00146484375,0.004638671875,0.06957709789276123,0.16486066579818726,0.8594848119430845,570.3014947061024,0.4074438214302063,0.5194622278213501,0.99544821836964,0.9846250906071478,0.9936734155317044,663.900390625,0.16208505630493164,0.818359375,0.37875181436538696
pali,coco_karpathy,final_quarter,False,3,0.42857142857142855,11,11,11,11,2.0,4096,0.001,False,1.25,1024,512,1200,0.2344377636909485,0.2325273051210388,0.23639251544154832,0.174560546875,0.1787109375,0.00146484375,0.005615234375,0.06957709789276123,0.16486066579818726,0.8594848119430845,570.3014947061024,0.4074438214302063,0.5194622278213501,0.99544821836964,0.9846250906071478,0.9936734155317044,663.900390625,0.16208505630493164,0.818359375,0.37875181436538696
pali,coco_karpathy,final_quarter,False,3,0.42857142857142855,11,11,11,11,2.0,4096,0.001,False,1.5,1024,512,1200,0.2344377636909485,0.2325273051210388,0.23639251544154832,0.173095703125,0.177978515625,0.00146484375,0.00634765625,0.06957709789276123,0.16486066579818726,0.8594848119430845,570.3014947061024,0.4074438214302063,0.5194622278213501,0.99544821836964,0.9846250906071478,0.9936734155317044,663.900390625,0.16208505630493164,0.818359375,0.37875181436538696
pali,coco_karpathy,final_quarter,False,3,0.42857142857142855,11,11,11,11,2.0,4096,0.001,True,1.1,1024,512,1200,0.6275213360786438,0.623178457179165,0.6317162562147132,1.0,1.0,0.0,0.0,0.18901866674423218,0.4385026693344116,0.06398427019234998,4043.0465915695354,0.40273362398147583,0.3161419630050659,0.9934754058940235,0.7052862185413509,0.9933045560375758,1869.646484375,0.45645666122436523,0.0,0.3208639323711395
pali,coco_karpathy,final_quarter,False,3,0.42857142857142855,11,11,11,11,2.0,4096,0.001,True,1.25,1024,512,1200,0.6275213360786438,0.623178457179165,0.6317162562147132,1.0,1.0,0.0,0.0,0.18901866674423218,0.4385026693344116,0.06398427019234998,4043.0465915695354,0.40273362398147583,0.3161419630050659,0.9934754058940235,0.7052862185413509,0.9933045560375758,1869.646484375,0.45645666122436523,0.0,0.3208639323711395
pali,coco_karpathy,final_quarter,False,3,0.42857142857142855,11,11,11,11,2.0,4096,0.001,True,1.5,1024,512,1200,0.6275213360786438,0.623178457179165,0.6317162562147132,0.9931640625,0.99658203125,0.0,0.00341796875,0.18901866674423218,0.4385026693344116,0.06398427019234998,4043.0465915695354,0.40273362398147583,0.3161419630050659,0.9934754058940235,0.7052862185413509,0.9933045560375758,1869.646484375,0.45645666122436523,0.0,0.3208639323711395
pali,coco_karpathy,final_quarter,False,3,0.42857142857142855,11,11,11,11,4.0,4096,0.0003,False,1.1,1024,512,1200,0.23529213666915894,0.23338545704536956,0.2372626862328616,0.176513671875,0.1796875,0.00146484375,0.004638671875,0.06982607394456863,0.1654660552740097,0.8605924807918881,576.779799196338,0.4190792441368103,0.5238173604011536,0.9954410039261709,0.9846295748289503,0.9936400256239576,664.76171875,0.16229534149169922,0.818359375,0.3906905949115753
pali,coco_karpathy,final_quarter,False,3,0.42857142857142855,11,11,11,11,4.0,4096,0.0003,False,1.25,1024,512,1200,0.23529213666915894,0.23338545704536956,0.2372626862328616,0.174560546875,0.1787109375,0.00146484375,0.005615234375,0.06982607394456863,0.1654660552740097,0.8605924807918881,576.779799196338,0.4190792441368103,0.5238173604011536,0.9954410039261709,0.9846295748289503,0.9936400256239576,664.76171875,0.16229534149169922,0.818359375,0.3906905949115753
pali,coco_karpathy,final_quarter,False,3,0.42857142857142855,11,11,11,11,4.0,4096,0.0003,False,1.5,1024,512,1200,0.23529213666915894,0.23338545704536956,0.2372626862328616,0.173095703125,0.177978515625,0.00146484375,0.00634765625,0.06982607394456863,0.1654660552740097,0.8605924807918881,576.779799196338,0.4190792441368103,0.5238173604011536,0.9954410039261709,0.9846295748289503,0.9936400256239576,664.76171875,0.16229534149169922,0.818359375,0.3906905949115753
pali,coco_karpathy,final_quarter,False,3,0.42857142857142855,11,11,11,11,4.0,4096,0.0003,True,1.1,1024,512,1200,0.6358509063720703,0.6314777577819768,0.6400938881008187,1.0,1.0,0.0,0.0,0.19182777404785156,0.44402313232421875,0.06278990287624568,4045.125922845723,0.4070606529712677,0.32396504282951355,0.99270838061372,0.7048099404583172,0.9926290574544108,1881.759765625,0.459414005279541,0.0,0.32564792037010193
pali,coco_karpathy,final_quarter,False,3,0.42857142857142855,11,11,11,11,4.0,4096,0.0003,True,1.25,1024,512,1200,0.6358509063720703,0.6314777577819768,0.6400938881008187,1.0,1.0,0.0,0.0,0.19182777404785156,0.44402313232421875,0.06278990287624568,4045.125922845723,0.4070606529712677,0.32396504282951355,0.99270838061372,0.7048099404583172,0.9926290574544108,1881.759765625,0.459414005279541,0.0,0.32564792037010193
pali,coco_karpathy,final_quarter,False,3,0.42857142857142855,11,11,11,11,4.0,4096,0.0003,True,1.5,1024,512,1200,0.6358509063720703,0.6314777577819768,0.6400938881008187,0.9921875,0.99609375,0.0,0.00390625,0.19182777404785156,0.44402313232421875,0.06278990287624568,4045.125922845723,0.4070606529712677,0.32396504282951355,0.99270838061372,0.7048099404583172,0.9926290574544108,1881.759765625,0.459414005279541,0.0,0.32564792037010193
pali,coco_karpathy,final_quarter,False,3,0.42857142857142855,11,11,11,11,4.0,4096,0.001,False,1.1,1024,512,1200,0.2344377636909485,0.2325273051210388,0.23639251544154832,0.176513671875,0.1796875,0.00146484375,0.004638671875,0.06957709789276123,0.16486066579818726,0.8594848119430845,570.3014947061024,0.4074438214302063,0.5194622278213501,0.99544821836964,0.9846250906071478,0.9936734155317044,663.900390625,0.16208505630493164,0.818359375,0.37875181436538696
pali,coco_karpathy,final_quarter,False,3,0.42857142857142855,11,11,11,11,4.0,4096,0.001,False,1.25,1024,512,1200,0.2344377636909485,0.2325273051210388,0.23639251544154832,0.174560546875,0.1787109375,0.00146484375,0.005615234375,0.06957709789276123,0.16486066579818726,0.8594848119430845,570.3014947061024,0.4074438214302063,0.5194622278213501,0.99544821836964,0.9846250906071478,0.9936734155317044,663.900390625,0.16208505630493164,0.818359375,0.37875181436538696
pali,coco_karpathy,final_quarter,False,3,0.42857142857142855,11,11,11,11,4.0,4096,0.001,False,1.5,1024,512,1200,0.2344377636909485,0.2325273051210388,0.23639251544154832,0.173095703125,0.177978515625,0.00146484375,0.00634765625,0.06957709789276123,0.16486066579818726,0.8594848119430845,570.3014947061024,0.4074438214302063,0.5194622278213501,0.99544821836964,0.9846250906071478,0.9936734155317044,663.900390625,0.16208505630493164,0.818359375,0.37875181436538696
pali,coco_karpathy,final_quarter,False,3,0.42857142857142855,11,11,11,11,4.0,4096,0.001,True,1.1,1024,512,1200,0.6275213360786438,0.623178457179165,0.6317162562147132,1.0,1.0,0.0,0.0,0.18901866674423218,0.4385026693344116,0.06398427019234998,4043.0465915695354,0.40273362398147583,0.3161419630050659,0.9934754058940235,0.7052862185413509,0.9933045560375758,1869.646484375,0.45645666122436523,0.0,0.3208639323711395
pali,coco_karpathy,final_quarter,False,3,0.42857142857142855,11,11,11,11,4.0,4096,0.001,True,1.25,1024,512,1200,0.6275213360786438,0.623178457179165,0.6317162562147132,1.0,1.0,0.0,0.0,0.18901866674423218,0.4385026693344116,0.06398427019234998,4043.0465915695354,0.40273362398147583,0.3161419630050659,0.9934754058940235,0.7052862185413509,0.9933045560375758,1869.646484375,0.45645666122436523,0.0,0.3208639323711395
pali,coco_karpathy,final_quarter,False,3,0.42857142857142855,11,11,11,11,4.0,4096,0.001,True,1.5,1024,512,1200,0.6275213360786438,0.623178457179165,0.6317162562147132,0.9931640625,0.99658203125,0.0,0.00341796875,0.18901866674423218,0.4385026693344116,0.06398427019234998,4043.0465915695354,0.40273362398147583,0.3161419630050659,0.9934754058940235,0.7052862185413509,0.9933045560375758,1869.646484375,0.45645666122436523,0.0,0.3208639323711395
pali,coco_karpathy,final_quarter,False,3,0.42857142857142855,11,11,11,23,2.0,4096,0.0003,False,1.1,1024,512,1200,0.23807069659233093,0.23596698562323581,0.2400153416165267,0.184814453125,0.18603515625,0.002197265625,0.00341796875,0.07051728665828705,0.1675533950328827,0.8560786534341551,580.9945651172861,0.4212045669555664,0.5189761519432068,0.9955110226297337,0.9847110842105994,0.9920553841003902,676.673828125,0.16520357131958008,0.813720703125,0.3910118043422699
pali,coco_karpathy,final_quarter,False,3,0.42857142857142855,11,11,11,23,2.0,4096,0.0003,False,1.25,1024,512,1200,0.23807069659233093,0.23596698562323581,0.2400153416165267,0.182861328125,0.185302734375,0.001953125,0.00439453125,0.07051728665828705,0.1675533950328827,0.8560786534341551,580.9945651172861,0.4212045669555664,0.5189761519432068,0.9955110226297337,0.9847110842105994,0.9920553841003902,676.673828125,0.16520357131958008,0.813720703125,0.3910118043422699
pali,coco_karpathy,final_quarter,False,3,0.42857142857142855,11,11,11,23,2.0,4096,0.0003,False,1.5,1024,512,1200,0.23807069659233093,0.23596698562323581,0.2400153416165267,0.179931640625,0.183837890625,0.001953125,0.005859375,0.07051728665828705,0.1675533950328827,0.8560786534341551,580.9945651172861,0.4212045669555664,0.5189761519432068,0.9955110226297337,0.9847110842105994,0.9920553841003902,676.673828125,0.16520357131958008,0.813720703125,0.3910118043422699
pali,coco_karpathy,final_quarter,False,3,0.42857142857142855,11,11,11,23,2.0,4096,0.0003,True,1.1,1024,512,1200,0.6416128873825073,0.6372483810264384,0.6459405306799454,1.0,1.0,0.0,0.0,0.1925593763589859,0.44905346632003784,0.0647126143800121,4040.101210964513,0.38319748640060425,0.32547181844711304,0.9933026782192339,0.7053670459501873,0.9917781509878584,1886.71875,0.46062469482421875,0.0,0.3290014863014221
pali,coco_karpathy,final_quarter,False,3,0.42857142857142855,11,11,11,23,2.0,4096,0.0003,True,1.25,1024,512,1200,0.6416128873825073,0.6372483810264384,0.6459405306799454,1.0,1.0,0.0,0.0,0.1925593763589859,0.44905346632003784,0.0647126143800121,4040.101210964513,0.38319748640060425,0.32547181844711304,0.9933026782192339,0.7053670459501873,0.9917781509878584,1886.71875,0.46062469482421875,0.0,0.3290014863014221
pali,coco_karpathy,final_quarter,False,3,0.42857142857142855,11,11,11,23,2.0,4096,0.0003,True,1.5,1024,512,1200,0.6416128873825073,0.6372483810264384,0.6459405306799454,0.9931640625,0.99658203125,0.0,0.00341796875,0.1925593763589859,0.44905346632003784,0.0647126143800121,4040.101210964513,0.38319748640060425,0.32547181844711304,0.9933026782192339,0.7053670459501873,0.9917781509878584,1886.71875,0.46062469482421875,0.0,0.3290014863014221
pali,coco_karpathy,final_quarter,False,3,0.42857142857142855,11,11,11,23,2.0,4096,0.001,False,1.1,1024,512,1200,0.23708529770374298,0.23501253986978554,0.23902281919145024,0.184814453125,0.18603515625,0.002197265625,0.00341796875,0.07021687924861908,0.1668684184551239,0.8549808211823776,571.1063223553308,0.409270703792572,0.5185907483100891,0.9955205938906065,0.9847153028042982,0.9925076557062231,675.626953125,0.1649479866027832,0.81396484375,0.3787006139755249
pali,coco_karpathy,final_quarter,False,3,0.42857142857142855,11,11,11,23,2.0,4096,0.001,False,1.25,1024,512,1200,0.23708529770374298,0.23501253986978554,0.23902281919145024,0.182861328125,0.185302734375,0.001953125,0.00439453125,0.07021687924861908,0.1668684184551239,0.8549808211823776,571.1063223553308,0.409270703792572,0.5185907483100891,0.9955205938906065,0.9847153028042982,0.9925076557062231,675.626953125,0.1649479866027832,0.81396484375,0.3787006139755249
pali,coco_karpathy,final_quarter,False,3,0.42857142857142855,11,11,11,23,2.0,4096,0.001,False,1.5,1024,512,1200,0.23708529770374298,0.23501253986978554,0.23902281919145024,0.180419921875,0.18408203125,0.001953125,0.005615234375,0.07021687924861908,0.1668684184551239,0.8549808211823776,571.1063223553308,0.409270703792572,0.5185907483100891,0.9955205938906065,0.9847153028042982,0.9925076557062231,675.626953125,0.1649479866027832,0.81396484375,0.3787006139755249
pali,coco_karpathy,final_quarter,False,3,0.42857142857142855,11,11,11,23,2.0,4096,0.001,True,1.1,1024,512,1200,0.6316574811935425,0.6274253632756881,0.635862571571488,1.0,1.0,0.0,0.0,0.1899886429309845,0.4416688084602356,0.06383145714284495,4041.888751409422,0.38405802845954895,0.319114625453949,0.9895434694231514,0.7022255834387375,0.990375227854005,1874.15234375,0.45755672454833984,0.0,0.3214033246040344
pali,coco_karpathy,final_quarter,False,3,0.42857142857142855,11,11,11,23,2.0,4096,0.001,True,1.25,1024,512,1200,0.6316574811935425,0.6274253632756881,0.635862571571488,1.0,1.0,0.0,0.0,0.1899886429309845,0.4416688084602356,0.06383145714284495,4041.888751409422,0.38405802845954895,0.319114625453949,0.9895434694231514,0.7022255834387375,0.990375227854005,1874.15234375,0.45755672454833984,0.0,0.3214033246040344
pali,coco_karpathy,final_quarter,False,3,0.42857142857142855,11,11,11,23,2.0,4096,0.001,True,1.5,1024,512,1200,0.6316574811935425,0.6274253632756881,0.635862571571488,0.99169921875,0.995849609375,0.0,0.004150390625,0.1899886429309845,0.4416688084602356,0.06383145714284495,4041.888751409422,0.38405802845954895,0.319114625453949,0.9895434694231514,0.7022255834387375,0.990375227854005,1874.15234375,0.45755672454833984,0.0,0.3214033246040344
pali,coco_karpathy,final_quarter,False,3,0.42857142857142855,11,11,11,23,4.0,4096,0.0003,False,1.1,1024,512,1200,0.23807069659233093,0.23596698562323581,0.2400153416165267,0.184814453125,0.18603515625,0.002197265625,0.00341796875,0.07051728665828705,0.1675533950328827,0.8560786534341551,580.9945651172861,0.4212045669555664,0.5189761519432068,0.9955110226297337,0.9847110842105994,0.9920553841003902,676.673828125,0.16520357131958008,0.813720703125,0.3910118043422699
pali,coco_karpathy,final_quarter,False,3,0.42857142857142855,11,11,11,23,4.0,4096,0.0003,False,1.25,1024,512,1200,0.23807069659233093,0.23596698562323581,0.2400153416165267,0.182861328125,0.185302734375,0.001953125,0.00439453125,0.07051728665828705,0.1675533950328827,0.8560786534341551,580.9945651172861,0.4212045669555664,0.5189761519432068,0.9955110226297337,0.9847110842105994,0.9920553841003902,676.673828125,0.16520357131958008,0.813720703125,0.3910118043422699
pali,coco_karpathy,final_quarter,False,3,0.42857142857142855,11,11,11,23,4.0,4096,0.0003,False,1.5,1024,512,1200,0.23807069659233093,0.23596698562323581,0.2400153416165267,0.179931640625,0.183837890625,0.001953125,0.005859375,0.07051728665828705,0.1675533950328827,0.8560786534341551,580.9945651172861,0.4212045669555664,0.5189761519432068,0.9955110226297337,0.9847110842105994,0.9920553841003902,676.673828125,0.16520357131958008,0.813720703125,0.3910118043422699
pali,coco_karpathy,final_quarter,False,3,0.42857142857142855,11,11,11,23,4.0,4096,0.0003,True,1.1,1024,512,1200,0.6416128873825073,0.6372483810264384,0.6459405306799454,1.0,1.0,0.0,0.0,0.1925593763589859,0.44905346632003784,0.0647126143800121,4040.101210964513,0.38319748640060425,0.32547181844711304,0.9933026782192339,0.7053670459501873,0.9917781509878584,1886.71875,0.46062469482421875,0.0,0.3290014863014221
pali,coco_karpathy,final_quarter,False,3,0.42857142857142855,11,11,11,23,4.0,4096,0.0003,True,1.25,1024,512,1200,0.6416128873825073,0.6372483810264384,0.6459405306799454,1.0,1.0,0.0,0.0,0.1925593763589859,0.44905346632003784,0.0647126143800121,4040.101210964513,0.38319748640060425,0.32547181844711304,0.9933026782192339,0.7053670459501873,0.9917781509878584,1886.71875,0.46062469482421875,0.0,0.3290014863014221
pali,coco_karpathy,final_quarter,False,3,0.42857142857142855,11,11,11,23,4.0,4096,0.0003,True,1.5,1024,512,1200,0.6416128873825073,0.6372483810264384,0.6459405306799454,0.9931640625,0.99658203125,0.0,0.00341796875,0.1925593763589859,0.44905346632003784,0.0647126143800121,4040.101210964513,0.38319748640060425,0.32547181844711304,0.9933026782192339,0.7053670459501873,0.9917781509878584,1886.71875,0.46062469482421875,0.0,0.3290014863014221
pali,coco_karpathy,final_quarter,False,3,0.42857142857142855,11,11,11,23,4.0,4096,0.001,False,1.1,1024,512,1200,0.23708529770374298,0.23501253986978554,0.23902281919145024,0.184814453125,0.18603515625,0.002197265625,0.00341796875,0.07021687924861908,0.1668684184551239,0.8549808211823776,571.1063223553308,0.409270703792572,0.5185907483100891,0.9955205938906065,0.9847153028042982,0.9925076557062231,675.626953125,0.1649479866027832,0.81396484375,0.3787006139755249
pali,coco_karpathy,final_quarter,False,3,0.42857142857142855,11,11,11,23,4.0,4096,0.001,False,1.25,1024,512,1200,0.23708529770374298,0.23501253986978554,0.23902281919145024,0.182861328125,0.185302734375,0.001953125,0.00439453125,0.07021687924861908,0.1668684184551239,0.8549808211823776,571.1063223553308,0.409270703792572,0.5185907483100891,0.9955205938906065,0.9847153028042982,0.9925076557062231,675.626953125,0.1649479866027832,0.81396484375,0.3787006139755249
pali,coco_karpathy,final_quarter,False,3,0.42857142857142855,11,11,11,23,4.0,4096,0.001,False,1.5,1024,512,1200,0.23708529770374298,0.23501253986978554,0.23902281919145024,0.180419921875,0.18408203125,0.001953125,0.005615234375,0.07021687924861908,0.1668684184551239,0.8549808211823776,571.1063223553308,0.409270703792572,0.5185907483100891,0.9955205938906065,0.9847153028042982,0.9925076557062231,675.626953125,0.1649479866027832,0.81396484375,0.3787006139755249
pali,coco_karpathy,final_quarter,False,3,0.42857142857142855,11,11,11,23,4.0,4096,0.001,True,1.1,1024,512,1200,0.6316574811935425,0.6274253632756881,0.635862571571488,1.0,1.0,0.0,0.0,0.1899886429309845,0.4416688084602356,0.06383145714284495,4041.888751409422,0.38405802845954895,0.319114625453949,0.9895434694231514,0.7022255834387375,0.990375227854005,1874.15234375,0.45755672454833984,0.0,0.3214033246040344
pali,coco_karpathy,final_quarter,False,3,0.42857142857142855,11,11,11,23,4.0,4096,0.001,True,1.25,1024,512,1200,0.6316574811935425,0.6274253632756881,0.635862571571488,1.0,1.0,0.0,0.0,0.1899886429309845,0.4416688084602356,0.06383145714284495,4041.888751409422,0.38405802845954895,0.319114625453949,0.9895434694231514,0.7022255834387375,0.990375227854005,1874.15234375,0.45755672454833984,0.0,0.3214033246040344
pali,coco_karpathy,final_quarter,False,3,0.42857142857142855,11,11,11,23,4.0,4096,0.001,True,1.5,1024,512,1200,0.6316574811935425,0.6274253632756881,0.635862571571488,0.99169921875,0.995849609375,0.0,0.004150390625,0.1899886429309845,0.4416688084602356,0.06383145714284495,4041.888751409422,0.38405802845954895,0.319114625453949,0.9895434694231514,0.7022255834387375,0.990375227854005,1874.15234375,0.45755672454833984,0.0,0.3214033246040344
pali,coco_karpathy,final_quarter,False,3,0.42857142857142855,11,11,11,37,2.0,4096,0.0003,False,1.1,1024,512,1200,0.24015778303146362,0.2382260681624757,0.24202391694270772,0.182861328125,0.184814453125,0.00390625,0.005859375,0.0710819661617279,0.16907581686973572,0.8572683060908117,589.1421293633381,0.4471259117126465,0.5232904553413391,0.9955171875563721,0.984731656408206,0.9930603617883282,678.568359375,0.1656661033630371,0.810791015625,0.4037107527256012
pali,coco_karpathy,final_quarter,False,3,0.42857142857142855,11,11,11,37,2.0,4096,0.0003,False,1.25,1024,512,1200,0.24015778303146362,0.2382260681624757,0.24202391694270772,0.180908203125,0.1845703125,0.003173828125,0.0068359375,0.0710819661617279,0.16907581686973572,0.8572683060908117,589.1421293633381,0.4471259117126465,0.5232904553413391,0.9955171875563721,0.984731656408206,0.9930603617883282,678.568359375,0.1656661033630371,0.810791015625,0.4037107527256012
pali,coco_karpathy,final_quarter,False,3,0.42857142857142855,11,11,11,37,2.0,4096,0.0003,False,1.5,1024,512,1200,0.24015778303146362,0.2382260681624757,0.24202391694270772,0.178466796875,0.183349609375,0.003173828125,0.008056640625,0.0710819661617279,0.16907581686973572,0.8572683060908117,589.1421293633381,0.4471259117126465,0.5232904553413391,0.9955171875563721,0.984731656408206,0.9930603617883282,678.568359375,0.1656661033630371,0.810791015625,0.4037107527256012
pali,coco_karpathy,final_quarter,False,3,0.42857142857142855,11,11,11,37,2.0,4096,0.0003,True,1.1,1024,512,1200,0.6423490047454834,0.6381387307890691,0.6467325345030985,1.0,1.0,0.0,0.0,0.19327980279922485,0.44906917214393616,0.06426009235040032,4040.977013077524,0.3977265954017639,0.32529184222221375,0.992637296130985,0.7049244238701772,0.9947178508607364,1882.556640625,0.4596085548400879,0.0,0.32726573944091797
pali,coco_karpathy,final_quarter,False,3,0.42857142857142855,11,11,11,37,2.0,4096,0.0003,True,1.25,1024,512,1200,0.6423490047454834,0.6381387307890691,0.6467325345030985,1.0,1.0,0.0,0.0,0.19327980279922485,0.44906917214393616,0.06426009235040032,4040.977013077524,0.3977265954017639,0.32529184222221375,0.992637296130985,0.7049244238701772,0.9947178508607364,1882.556640625,0.4596085548400879,0.0,0.32726573944091797
pali,coco_karpathy,final_quarter,False,3,0.42857142857142855,11,11,11,37,2.0,4096,0.0003,True,1.5,1024,512,1200,0.6423490047454834,0.6381387307890691,0.6467325345030985,0.99072265625,0.995361328125,0.0,0.004638671875,0.19327980279922485,0.44906917214393616,0.06426009235040032,4040.977013077524,0.3977265954017639,0.32529184222221375,0.992637296130985,0.7049244238701772,0.9947178508607364,1882.556640625,0.4596085548400879,0.0,0.32726573944091797
pali,coco_karpathy,final_quarter,False,3,0.42857142857142855,11,11,11,37,2.0,4096,0.001,False,1.1,1024,512,1200,0.23928360641002655,0.2373587541143934,0.24114191628759726,0.182861328125,0.184814453125,0.00390625,0.005859375,0.07084022462368011,0.16844338178634644,0.8561472184903663,580.4818225482767,0.4351699650287628,0.5205521583557129,0.9955302526841592,0.9847379615805613,0.9931736000728412,677.455078125,0.16539430618286133,0.810791015625,0.3914835453033447
pali,coco_karpathy,final_quarter,False,3,0.42857142857142855,11,11,11,37,2.0,4096,0.001,False,1.25,1024,512,1200,0.23928360641002655,0.2373587541143934,0.24114191628759726,0.180908203125,0.1845703125,0.003173828125,0.0068359375,0.07084022462368011,0.16844338178634644,0.8561472184903663,580.4818225482767,0.4351699650287628,0.5205521583557129,0.9955302526841592,0.9847379615805613,0.9931736000728412,677.455078125,0.16539430618286133,0.810791015625,0.3914835453033447
pali,coco_karpathy,final_quarter,False,3,0.42857142857142855,11,11,11,37,2.0,4096,0.001,False,1.5,1024,512,1200,0.23928360641002655,0.2373587541143934,0.24114191628759726,0.178466796875,0.183349609375,0.003173828125,0.008056640625,0.07084022462368011,0.16844338178634644,0.8561472184903663,580.4818225482767,0.4351699650287628,0.5205521583557129,0.9955302526841592,0.9847379615805613,0.9931736000728412,677.455078125,0.16539430618286133,0.810791015625,0.3914835453033447
pali,coco_karpathy,final_quarter,False,3,0.42857142857142855,11,11,11,37,2.0,4096,0.001,True,1.1,1024,512,1200,0.6364601850509644,0.6322721640404779,0.6406239011470461,1.0,1.0,0.0,0.0,0.19159767031669617,0.4448624849319458,0.06418137370973018,4040.5944709061528,0.3958999216556549,0.3198480010032654,0.9927509436654681,0.7050008639260383,0.9862053896567209,1874.669921875,0.45768308639526367,0.0,0.32281073927879333
pali,coco_karpathy,final_quarter,False,3,0.42857142857142855,11,11,11,37,2.0,4096,0.001,True,1.25,1024,512,1200,0.6364601850509644,0.6322721640404779,0.6406239011470461,1.0,1.0,0.0,0.0,0.19159767031669617,0.4448624849319458,0.06418137370973018,4040.5944709061528,0.3958999216556549,0.3198480010032654,0.9927509436654681,0.7050008639260383,0.9862053896567209,1874.669921875,0.45768308639526367,0.0,0.32281073927879333
pali,coco_karpathy,final_quarter,False,3,0.42857142857142855,11,11,11,37,2.0,4096,0.001,True,1.5,1024,512,1200,0.6364601850509644,0.6322721640404779,0.6406239011470461,0.990234375,0.9951171875,0.0,0.0048828125,0.19159767031669617,0.4448624849319458,0.06418137370973018,4040.5944709061528,0.3958999216556549,0.3198480010032654,0.9927509436654681,0.7050008639260383,0.9862053896567209,1874.669921875,0.45768308639526367,0.0,0.32281073927879333
pali,coco_karpathy,final_quarter,False,3,0.42857142857142855,11,11,11,37,4.0,4096,0.0003,False,1.1,1024,512,1200,0.24015778303146362,0.2382260681624757,0.24202391694270772,0.182861328125,0.184814453125,0.00390625,0.005859375,0.0710819661617279,0.16907581686973572,0.8572683060908117,589.1421293633381,0.4471259117126465,0.5232904553413391,0.9955171875563721,0.984731656408206,0.9930603617883282,678.568359375,0.1656661033630371,0.810791015625,0.4037107527256012
pali,coco_karpathy,final_quarter,False,3,0.42857142857142855,11,11,11,37,4.0,4096,0.0003,False,1.25,1024,512,1200,0.24015778303146362,0.2382260681624757,0.24202391694270772,0.180908203125,0.1845703125,0.003173828125,0.0068359375,0.0710819661617279,0.16907581686973572,0.8572683060908117,589.1421293633381,0.4471259117126465,0.5232904553413391,0.9955171875563721,0.984731656408206,0.9930603617883282,678.568359375,0.1656661033630371,0.810791015625,0.4037107527256012
pali,coco_karpathy,final_quarter,False,3,0.42857142857142855,11,11,11,37,4.0,4096,0.0003,False,1.5,1024,512,1200,0.24015778303146362,0.2382260681624757,0.24202391694270772,0.178466796875,0.183349609375,0.003173828125,0.008056640625,0.0710819661617279,0.16907581686973572,0.8572683060908117,589.1421293633381,0.4471259117126465,0.5232904553413391,0.9955171875563721,0.984731656408206,0.9930603617883282,678.568359375,0.1656661033630371,0.810791015625,0.4037107527256012
pali,coco_karpathy,final_quarter,False,3,0.42857142857142855,11,11,11,37,4.0,4096,0.0003,True,1.1,1024,512,1200,0.6423490047454834,0.6381387307890691,0.6467325345030985,1.0,1.0,0.0,0.0,0.19327980279922485,0.44906917214393616,0.06426009235040032,4040.977013077524,0.3977265954017639,0.32529184222221375,0.992637296130985,0.7049244238701772,0.9947178508607364,1882.556640625,0.4596085548400879,0.0,0.32726573944091797
pali,coco_karpathy,final_quarter,False,3,0.42857142857142855,11,11,11,37,4.0,4096,0.0003,True,1.25,1024,512,1200,0.6423490047454834,0.6381387307890691,0.6467325345030985,1.0,1.0,0.0,0.0,0.19327980279922485,0.44906917214393616,0.06426009235040032,4040.977013077524,0.3977265954017639,0.32529184222221375,0.992637296130985,0.7049244238701772,0.9947178508607364,1882.556640625,0.4596085548400879,0.0,0.32726573944091797
pali,coco_karpathy,final_quarter,False,3,0.42857142857142855,11,11,11,37,4.0,4096,0.0003,True,1.5,1024,512,1200,0.6423490047454834,0.6381387307890691,0.6467325345030985,0.99072265625,0.995361328125,0.0,0.004638671875,0.19327980279922485,0.44906917214393616,0.06426009235040032,4040.977013077524,0.3977265954017639,0.32529184222221375,0.992637296130985,0.7049244238701772,0.9947178508607364,1882.556640625,0.4596085548400879,0.0,0.32726573944091797
pali,coco_karpathy,final_quarter,False,3,0.42857142857142855,11,11,11,37,4.0,4096,0.001,False,1.1,1024,512,1200,0.23928360641002655,0.2373587541143934,0.24114191628759726,0.182861328125,0.184814453125,0.00390625,0.005859375,0.07084022462368011,0.16844338178634644,0.8561472184903663,580.4818225482767,0.4351699650287628,0.5205521583557129,0.9955302526841592,0.9847379615805613,0.9931736000728412,677.455078125,0.16539430618286133,0.810791015625,0.3914835453033447
pali,coco_karpathy,final_quarter,False,3,0.42857142857142855,11,11,11,37,4.0,4096,0.001,False,1.25,1024,512,1200,0.23928360641002655,0.2373587541143934,0.24114191628759726,0.180908203125,0.1845703125,0.003173828125,0.0068359375,0.07084022462368011,0.16844338178634644,0.8561472184903663,580.4818225482767,0.4351699650287628,0.5205521583557129,0.9955302526841592,0.9847379615805613,0.9931736000728412,677.455078125,0.16539430618286133,0.810791015625,0.3914835453033447
pali,coco_karpathy,final_quarter,False,3,0.42857142857142855,11,11,11,37,4.0,4096,0.001,False,1.5,1024,512,1200,0.23928360641002655,0.2373587541143934,0.24114191628759726,0.178466796875,0.183349609375,0.003173828125,0.008056640625,0.07084022462368011,0.16844338178634644,0.8561472184903663,580.4818225482767,0.4351699650287628,0.5205521583557129,0.9955302526841592,0.9847379615805613,0.9931736000728412,677.455078125,0.16539430618286133,0.810791015625,0.3914835453033447
pali,coco_karpathy,final_quarter,False,3,0.42857142857142855,11,11,11,37,4.0,4096,0.001,True,1.1,1024,512,1200,0.6364601850509644,0.6322721640404779,0.6406239011470461,1.0,1.0,0.0,0.0,0.19159767031669617,0.4448624849319458,0.06418137370973018,4040.5944709061528,0.3958999216556549,0.3198480010032654,0.9927509436654681,0.7050008639260383,0.9862053896567209,1874.669921875,0.45768308639526367,0.0,0.32281073927879333
pali,coco_karpathy,final_quarter,False,3,0.42857142857142855,11,11,11,37,4.0,4096,0.001,True,1.25,1024,512,1200,0.6364601850509644,0.6322721640404779,0.6406239011470461,1.0,1.0,0.0,0.0,0.19159767031669617,0.4448624849319458,0.06418137370973018,4040.5944709061528,0.3958999216556549,0.3198480010032654,0.9927509436654681,0.7050008639260383,0.9862053896567209,1874.669921875,0.45768308639526367,0.0,0.32281073927879333
pali,coco_karpathy,final_quarter,False,3,0.42857142857142855,11,11,11,37,4.0,4096,0.001,True,1.5,1024,512,1200,0.6364601850509644,0.6322721640404779,0.6406239011470461,0.990234375,0.9951171875,0.0,0.0048828125,0.19159767031669617,0.4448624849319458,0.06418137370973018,4040.5944709061528,0.3958999216556549,0.3198480010032654,0.9927509436654681,0.7050008639260383,0.9862053896567209,1874.669921875,0.45768308639526367,0.0,0.32281073927879333
pali,coco_karpathy,final_quarter,False,4,0.5714285714285714,14,14,14,11,2.0,4096,0.0003,False,1.1,1024,512,1200,0.2528286874294281,0.2508925876747526,0.25486174756661056,0.16650390625,0.16748046875,0.003662109375,0.004638671875,0.08866794407367706,0.16416072845458984,0.8659384620532692,530.2308918360307,0.4183962643146515,0.639988362789154,0.9954318142469025,0.9869261496975065,0.9941864029175737,646.08984375,0.15773677825927734,0.8291015625,0.44257768988609314
pali,coco_karpathy,final_quarter,False,4,0.5714285714285714,14,14,14,11,2.0,4096,0.0003,False,1.25,1024,512,1200,0.2528286874294281,0.2508925876747526,0.25486174756661056,0.1640625,0.166259765625,0.003662109375,0.005859375,0.08866794407367706,0.16416072845458984,0.8659384620532692,530.2308918360307,0.4183962643146515,0.639988362789154,0.9954318142469025,0.9869261496975065,0.9941864029175737,646.08984375,0.15773677825927734,0.8291015625,0.44257768988609314
pali,coco_karpathy,final_quarter,False,4,0.5714285714285714,14,14,14,11,2.0,4096,0.0003,False,1.5,1024,512,1200,0.2528286874294281,0.2508925876747526,0.25486174756661056,0.138671875,0.154296875,0.0029296875,0.0185546875,0.08866794407367706,0.16416072845458984,0.8659384620532692,530.2308918360307,0.4183962643146515,0.639988362789154,0.9954318142469025,0.9869261496975065,0.9941864029175737,646.08984375,0.15773677825927734,0.8291015625,0.44257768988609314
pali,coco_karpathy,final_quarter,False,4,0.5714285714285714,14,14,14,11,2.0,4096,0.0003,True,1.1,1024,512,1200,0.6668963432312012,0.6626475907687563,0.6717438670195406,1.0,1.0,0.0,0.0,0.23215462267398834,0.4347417950630188,0.06081682399288954,4048.4841488916404,0.4927188754081726,0.32779625058174133,0.9920271865376308,0.6628532502037309,0.9707240880521844,1903.009765625,0.464601993560791,0.0,0.32400208711624146
pali,coco_karpathy,final_quarter,False,4,0.5714285714285714,14,14,14,11,2.0,4096,0.0003,True,1.25,1024,512,1200,0.6668963432312012,0.6626475907687563,0.6717438670195406,0.99267578125,0.996337890625,0.0,0.003662109375,0.23215462267398834,0.4347417950630188,0.06081682399288954,4048.4841488916404,0.4927188754081726,0.32779625058174133,0.9920271865376308,0.6628532502037309,0.9707240880521844,1903.009765625,0.464601993560791,0.0,0.32400208711624146
pali,coco_karpathy,final_quarter,False,4,0.5714285714285714,14,14,14,11,2.0,4096,0.0003,True,1.5,1024,512,1200,0.6668963432312012,0.6626475907687563,0.6717438670195406,0.87548828125,0.937744140625,0.0,0.062255859375,0.23215462267398834,0.4347417950630188,0.06081682399288954,4048.4841488916404,0.4927188754081726,0.32779625058174133,0.9920271865376308,0.6628532502037309,0.9707240880521844,1903.009765625,0.464601993560791,0.0,0.32400208711624146
pali,coco_karpathy,final_quarter,False,4,0.5714285714285714,14,14,14,11,2.0,4096,0.001,False,1.1,1024,512,1200,0.25191304087638855,0.2499835058944882,0.2539221785395057,0.16650390625,0.16748046875,0.003662109375,0.004638671875,0.08833809196949005,0.1635749638080597,0.86496091592698,518.4280517360685,0.4072016179561615,0.6392675638198853,0.9954603045055884,0.9869550522517396,0.9943134998775818,645.3125,0.1575469970703125,0.8291015625,0.4294837713241577
pali,coco_karpathy,final_quarter,False,4,0.5714285714285714,14,14,14,11,2.0,4096,0.001,False,1.25,1024,512,1200,0.25191304087638855,0.2499835058944882,0.2539221785395057,0.1640625,0.166259765625,0.003662109375,0.005859375,0.08833809196949005,0.1635749638080597,0.86496091592698,518.4280517360685,0.4072016179561615,0.6392675638198853,0.9954603045055884,0.9869550522517396,0.9943134998775818,645.3125,0.1575469970703125,0.8291015625,0.4294837713241577
pali,coco_karpathy,final_quarter,False,4,0.5714285714285714,14,14,14,11,2.0,4096,0.001,False,1.5,1024,512,1200,0.25191304087638855,0.2499835058944882,0.2539221785395057,0.13818359375,0.154052734375,0.0029296875,0.018798828125,0.08833809196949005,0.1635749638080597,0.86496091592698,518.4280517360685,0.4072016179561615,0.6392675638198853,0.9954603045055884,0.9869550522517396,0.9943134998775818,645.3125,0.1575469970703125,0.8291015625,0.4294837713241577
pali,coco_karpathy,final_quarter,False,4,0.5714285714285714,14,14,14,11,2.0,4096,0.001,True,1.1,1024,512,1200,0.661168098449707,0.6570137764327229,0.6663066511391662,1.0,1.0,0.0,0.0,0.23059244453907013,0.4305756390094757,0.061018127311110025,4048.0333329207274,0.4980674386024475,0.3104655146598816,0.9922357385340643,0.6624871259692273,0.996150934448633,1900.783203125,0.46405839920043945,0.0,0.3199761211872101
pali,coco_karpathy,final_quarter,False,4,0.5714285714285714,14,14,14,11,2.0,4096,0.001,True,1.25,1024,512,1200,0.661168098449707,0.6570137764327229,0.6663066511391662,0.9931640625,0.99658203125,0.0,0.00341796875,0.23059244453907013,0.4305756390094757,0.061018127311110025,4048.0333329207274,0.4980674386024475,0.3104655146598816,0.9922357385340643,0.6624871259692273,0.996150934448633,1900.783203125,0.46405839920043945,0.0,0.3199761211872101
pali,coco_karpathy,final_quarter,False,4,0.5714285714285714,14,14,14,11,2.0,4096,0.001,True,1.5,1024,512,1200,0.661168098449707,0.6570137764327229,0.6663066511391662,0.86376953125,0.931884765625,0.0,0.068115234375,0.23059244453907013,0.4305756390094757,0.061018127311110025,4048.0333329207274,0.4980674386024475,0.3104655146598816,0.9922357385340643,0.6624871259692273,0.996150934448633,1900.783203125,0.46405839920043945,0.0,0.3199761211872101
pali,coco_karpathy,final_quarter,False,4,0.5714285714285714,14,14,14,11,4.0,4096,0.0003,False,1.1,1024,512,1200,0.2528286874294281,0.2508925876747526,0.25486174756661056,0.16650390625,0.16748046875,0.003662109375,0.004638671875,0.08866794407367706,0.16416072845458984,0.8659384620532692,530.2308918360307,0.4183962643146515,0.639988362789154,0.9954318142469025,0.9869261496975065,0.9941864029175737,646.08984375,0.15773677825927734,0.8291015625,0.44257768988609314
pali,coco_karpathy,final_quarter,False,4,0.5714285714285714,14,14,14,11,4.0,4096,0.0003,False,1.25,1024,512,1200,0.2528286874294281,0.2508925876747526,0.25486174756661056,0.1640625,0.166259765625,0.003662109375,0.005859375,0.08866794407367706,0.16416072845458984,0.8659384620532692,530.2308918360307,0.4183962643146515,0.639988362789154,0.9954318142469025,0.9869261496975065,0.9941864029175737,646.08984375,0.15773677825927734,0.8291015625,0.44257768988609314
pali,coco_karpathy,final_quarter,False,4,0.5714285714285714,14,14,14,11,4.0,4096,0.0003,False,1.5,1024,512,1200,0.2528286874294281,0.2508925876747526,0.25486174756661056,0.138671875,0.154296875,0.0029296875,0.0185546875,0.08866794407367706,0.16416072845458984,0.8659384620532692,530.2308918360307,0.4183962643146515,0.639988362789154,0.9954318142469025,0.9869261496975065,0.9941864029175737,646.08984375,0.15773677825927734,0.8291015625,0.44257768988609314
pali,coco_karpathy,final_quarter,False,4,0.5714285714285714,14,14,14,11,4.0,4096,0.0003,True,1.1,1024,512,1200,0.6668963432312012,0.6626475907687563,0.6717438670195406,1.0,1.0,0.0,0.0,0.23215462267398834,0.4347417950630188,0.06081682399288954,4048.4841488916404,0.4927188754081726,0.32779625058174133,0.9920271865376308,0.6628532502037309,0.9707240880521844,1903.009765625,0.464601993560791,0.0,0.32400208711624146
pali,coco_karpathy,final_quarter,False,4,0.5714285714285714,14,14,14,11,4.0,4096,0.0003,True,1.25,1024,512,1200,0.6668963432312012,0.6626475907687563,0.6717438670195406,0.99267578125,0.996337890625,0.0,0.003662109375,0.23215462267398834,0.4347417950630188,0.06081682399288954,4048.4841488916404,0.4927188754081726,0.32779625058174133,0.9920271865376308,0.6628532502037309,0.9707240880521844,1903.009765625,0.464601993560791,0.0,0.32400208711624146
pali,coco_karpathy,final_quarter,False,4,0.5714285714285714,14,14,14,11,4.0,4096,0.0003,True,1.5,1024,512,1200,0.6668963432312012,0.6626475907687563,0.6717438670195406,0.87548828125,0.937744140625,0.0,0.062255859375,0.23215462267398834,0.4347417950630188,0.06081682399288954,4048.4841488916404,0.4927188754081726,0.32779625058174133,0.9920271865376308,0.6628532502037309,0.9707240880521844,1903.009765625,0.464601993560791,0.0,0.32400208711624146
pali,coco_karpathy,final_quarter,False,4,0.5714285714285714,14,14,14,11,4.0,4096,0.001,False,1.1,1024,512,1200,0.25191304087638855,0.2499835058944882,0.2539221785395057,0.16650390625,0.16748046875,0.003662109375,0.004638671875,0.08833809196949005,0.1635749638080597,0.86496091592698,518.4280517360685,0.4072016179561615,0.6392675638198853,0.9954603045055884,0.9869550522517396,0.9943134998775818,645.3125,0.1575469970703125,0.8291015625,0.4294837713241577
pali,coco_karpathy,final_quarter,False,4,0.5714285714285714,14,14,14,11,4.0,4096,0.001,False,1.25,1024,512,1200,0.25191304087638855,0.2499835058944882,0.2539221785395057,0.1640625,0.166259765625,0.003662109375,0.005859375,0.08833809196949005,0.1635749638080597,0.86496091592698,518.4280517360685,0.4072016179561615,0.6392675638198853,0.9954603045055884,0.9869550522517396,0.9943134998775818,645.3125,0.1575469970703125,0.8291015625,0.4294837713241577
pali,coco_karpathy,final_quarter,False,4,0.5714285714285714,14,14,14,11,4.0,4096,0.001,False,1.5,1024,512,1200,0.25191304087638855,0.2499835058944882,0.2539221785395057,0.13818359375,0.154052734375,0.0029296875,0.018798828125,0.08833809196949005,0.1635749638080597,0.86496091592698,518.4280517360685,0.4072016179561615,0.6392675638198853,0.9954603045055884,0.9869550522517396,0.9943134998775818,645.3125,0.1575469970703125,0.8291015625,0.4294837713241577
pali,coco_karpathy,final_quarter,False,4,0.5714285714285714,14,14,14,11,4.0,4096,0.001,True,1.1,1024,512,1200,0.661168098449707,0.6570137764327229,0.6663066511391662,1.0,1.0,0.0,0.0,0.23059244453907013,0.4305756390094757,0.061018127311110025,4048.0333329207274,0.4980674386024475,0.3104655146598816,0.9922357385340643,0.6624871259692273,0.996150934448633,1900.783203125,0.46405839920043945,0.0,0.3199761211872101
pali,coco_karpathy,final_quarter,False,4,0.5714285714285714,14,14,14,11,4.0,4096,0.001,True,1.25,1024,512,1200,0.661168098449707,0.6570137764327229,0.6663066511391662,0.9931640625,0.99658203125,0.0,0.00341796875,0.23059244453907013,0.4305756390094757,0.061018127311110025,4048.0333329207274,0.4980674386024475,0.3104655146598816,0.9922357385340643,0.6624871259692273,0.996150934448633,1900.783203125,0.46405839920043945,0.0,0.3199761211872101
pali,coco_karpathy,final_quarter,False,4,0.5714285714285714,14,14,14,11,4.0,4096,0.001,True,1.5,1024,512,1200,0.661168098449707,0.6570137764327229,0.6663066511391662,0.86376953125,0.931884765625,0.0,0.068115234375,0.23059244453907013,0.4305756390094757,0.061018127311110025,4048.0333329207274,0.4980674386024475,0.3104655146598816,0.9922357385340643,0.6624871259692273,0.996150934448633,1900.783203125,0.46405839920043945,0.0,0.3199761211872101
pali,coco_karpathy,final_quarter,False,4,0.5714285714285714,14,14,14,23,2.0,4096,0.0003,False,1.1,1024,512,1200,0.24606606364250183,0.24413494032196467,0.24824362122235472,0.162841796875,0.16357421875,0.003662109375,0.00439453125,0.08644551038742065,0.15962055325508118,0.8702356753167063,483.58921939271846,0.4116427004337311,0.6409347057342529,0.9951519657596,0.9867087294047362,0.9934712043401196,618.994140625,0.1511216163635254,0.833740234375,0.4351160228252411
pali,coco_karpathy,final_quarter,False,4,0.5714285714285714,14,14,14,23,2.0,4096,0.0003,False,1.25,1024,512,1200,0.24606606364250183,0.24413494032196467,0.24824362122235472,0.160400390625,0.162841796875,0.003173828125,0.005615234375,0.08644551038742065,0.15962055325508118,0.8702356753167063,483.58921939271846,0.4116427004337311,0.6409347057342529,0.9951519657596,0.9867087294047362,0.9934712043401196,618.994140625,0.1511216163635254,0.833740234375,0.4351160228252411
pali,coco_karpathy,final_quarter,False,4,0.5714285714285714,14,14,14,23,2.0,4096,0.0003,False,1.5,1024,512,1200,0.24606606364250183,0.24413494032196467,0.24824362122235472,0.136962890625,0.15185546875,0.00244140625,0.017333984375,0.08644551038742065,0.15962055325508118,0.8702356753167063,483.58921939271846,0.4116427004337311,0.6409347057342529,0.9951519657596,0.9867087294047362,0.9934712043401196,618.994140625,0.1511216163635254,0.833740234375,0.4351160228252411
pali,coco_karpathy,final_quarter,False,4,0.5714285714285714,14,14,14,23,2.0,4096,0.0003,True,1.1,1024,512,1200,0.6741811633110046,0.6698355910746614,0.6785504945059074,0.99951171875,0.999755859375,0.0,0.000244140625,0.23535549640655518,0.43882566690444946,0.059432267313225956,4049.916582881385,0.5098942518234253,0.31922590732574463,0.9944092614245237,0.6653822353598358,0.9944407882325782,1917.791015625,0.46821069717407227,0.0,0.3279249370098114
pali,coco_karpathy,final_quarter,False,4,0.5714285714285714,14,14,14,23,2.0,4096,0.0003,True,1.25,1024,512,1200,0.6741811633110046,0.6698355910746614,0.6785504945059074,0.99267578125,0.996337890625,0.0,0.003662109375,0.23535549640655518,0.43882566690444946,0.059432267313225956,4049.916582881385,0.5098942518234253,0.31922590732574463,0.9944092614245237,0.6653822353598358,0.9944407882325782,1917.791015625,0.46821069717407227,0.0,0.3279249370098114
pali,coco_karpathy,final_quarter,False,4,0.5714285714285714,14,14,14,23,2.0,4096,0.0003,True,1.5,1024,512,1200,0.6741811633110046,0.6698355910746614,0.6785504945059074,0.87255859375,0.936279296875,0.0,0.063720703125,0.23535549640655518,0.43882566690444946,0.059432267313225956,4049.916582881385,0.5098942518234253,0.31922590732574463,0.9944092614245237,0.6653822353598358,0.9944407882325782,1917.791015625,0.46821069717407227,0.0,0.3279249370098114
pali,coco_karpathy,final_quarter,False,4,0.5714285714285714,14,14,14,23,2.0,4096,0.001,False,1.1,1024,512,1200,0.24529016017913818,0.24337197081840714,0.24745028861652826,0.162841796875,0.16357421875,0.003662109375,0.00439453125,0.0861688032746315,0.1591213345527649,0.8692299596169737,470.0790004365235,0.40080612897872925,0.6340577602386475,0.9951797045241734,0.9867324425835301,0.993410266114828,618.478515625,0.15099573135375977,0.833740234375,0.42206883430480957
pali,coco_karpathy,final_quarter,False,4,0.5714285714285714,14,14,14,23,2.0,4096,0.001,False,1.25,1024,512,1200,0.24529016017913818,0.24337197081840714,0.24745028861652826,0.160400390625,0.162841796875,0.003173828125,0.005615234375,0.0861688032746315,0.1591213345527649,0.8692299596169737,470.0790004365235,0.40080612897872925,0.6340577602386475,0.9951797045241734,0.9867324425835301,0.993410266114828,618.478515625,0.15099573135375977,0.833740234375,0.42206883430480957
pali,coco_karpathy,final_quarter,False,4,0.5714285714285714,14,14,14,23,2.0,4096,0.001,False,1.5,1024,512,1200,0.24529016017913818,0.24337197081840714,0.24745028861652826,0.137451171875,0.152099609375,0.00244140625,0.01708984375,0.0861688032746315,0.1591213345527649,0.8692299596169737,470.0790004365235,0.40080612897872925,0.6340577602386475,0.9951797045241734,0.9867324425835301,0.993410266114828,618.478515625,0.15099573135375977,0.833740234375,0.42206883430480957
pali,coco_karpathy,final_quarter,False,4,0.5714285714285714,14,14,14,23,2.0,4096,0.001,True,1.1,1024,512,1200,0.6646267175674438,0.6600333479349502,0.6691932386078406,0.99951171875,0.999755859375,0.0,0.000244140625,0.23199406266212463,0.4326326847076416,0.06050224171565287,4048.380137848929,0.5073082447052002,0.3120517432689667,0.9937271437517337,0.6650337049927617,0.9935669875988855,1912.5703125,0.4669361114501953,0.0,0.32389554381370544
pali,coco_karpathy,final_quarter,False,4,0.5714285714285714,14,14,14,23,2.0,4096,0.001,True,1.25,1024,512,1200,0.6646267175674438,0.6600333479349502,0.6691932386078406,0.99072265625,0.995361328125,0.0,0.004638671875,0.23199406266212463,0.4326326847076416,0.06050224171565287,4048.380137848929,0.5073082447052002,0.3120517432689667,0.9937271437517337,0.6650337049927617,0.9935669875988855,1912.5703125,0.4669361114501953,0.0,0.32389554381370544
pali,coco_karpathy,final_quarter,False,4,0.5714285714285714,14,14,14,23,2.0,4096,0.001,True,1.5,1024,512,1200,0.6646267175674438,0.6600333479349502,0.6691932386078406,0.87548828125,0.937744140625,0.0,0.062255859375,0.23199406266212463,0.4326326847076416,0.06050224171565287,4048.380137848929,0.5073082447052002,0.3120517432689667,0.9937271437517337,0.6650337049927617,0.9935669875988855,1912.5703125,0.4669361114501953,0.0,0.32389554381370544
pali,coco_karpathy,final_quarter,False,4,0.5714285714285714,14,14,14,23,4.0,4096,0.0003,False,1.1,1024,512,1200,0.24606606364250183,0.24413494032196467,0.24824362122235472,0.162841796875,0.16357421875,0.003662109375,0.00439453125,0.08644551038742065,0.15962055325508118,0.8702356753167063,483.58921939271846,0.4116427004337311,0.6409347057342529,0.9951519657596,0.9867087294047362,0.9934712043401196,618.994140625,0.1511216163635254,0.833740234375,0.4351160228252411
pali,coco_karpathy,final_quarter,False,4,0.5714285714285714,14,14,14,23,4.0,4096,0.0003,False,1.25,1024,512,1200,0.24606606364250183,0.24413494032196467,0.24824362122235472,0.160400390625,0.162841796875,0.003173828125,0.005615234375,0.08644551038742065,0.15962055325508118,0.8702356753167063,483.58921939271846,0.4116427004337311,0.6409347057342529,0.9951519657596,0.9867087294047362,0.9934712043401196,618.994140625,0.1511216163635254,0.833740234375,0.4351160228252411
pali,coco_karpathy,final_quarter,False,4,0.5714285714285714,14,14,14,23,4.0,4096,0.0003,False,1.5,1024,512,1200,0.24606606364250183,0.24413494032196467,0.24824362122235472,0.136962890625,0.15185546875,0.00244140625,0.017333984375,0.08644551038742065,0.15962055325508118,0.8702356753167063,483.58921939271846,0.4116427004337311,0.6409347057342529,0.9951519657596,0.9867087294047362,0.9934712043401196,618.994140625,0.1511216163635254,0.833740234375,0.4351160228252411
pali,coco_karpathy,final_quarter,False,4,0.5714285714285714,14,14,14,23,4.0,4096,0.0003,True,1.1,1024,512,1200,0.6741811633110046,0.6698355910746614,0.6785504945059074,0.99951171875,0.999755859375,0.0,0.000244140625,0.23535549640655518,0.43882566690444946,0.059432267313225956,4049.916582881385,0.5098942518234253,0.31922590732574463,0.9944092614245237,0.6653822353598358,0.9944407882325782,1917.791015625,0.46821069717407227,0.0,0.3279249370098114
pali,coco_karpathy,final_quarter,False,4,0.5714285714285714,14,14,14,23,4.0,4096,0.0003,True,1.25,1024,512,1200,0.6741811633110046,0.6698355910746614,0.6785504945059074,0.99267578125,0.996337890625,0.0,0.003662109375,0.23535549640655518,0.43882566690444946,0.059432267313225956,4049.916582881385,0.5098942518234253,0.31922590732574463,0.9944092614245237,0.6653822353598358,0.9944407882325782,1917.791015625,0.46821069717407227,0.0,0.3279249370098114
pali,coco_karpathy,final_quarter,False,4,0.5714285714285714,14,14,14,23,4.0,4096,0.0003,True,1.5,1024,512,1200,0.6741811633110046,0.6698355910746614,0.6785504945059074,0.87255859375,0.936279296875,0.0,0.063720703125,0.23535549640655518,0.43882566690444946,0.059432267313225956,4049.916582881385,0.5098942518234253,0.31922590732574463,0.9944092614245237,0.6653822353598358,0.9944407882325782,1917.791015625,0.46821069717407227,0.0,0.3279249370098114
pali,coco_karpathy,final_quarter,False,4,0.5714285714285714,14,14,14,23,4.0,4096,0.001,False,1.1,1024,512,1200,0.24529016017913818,0.24337197081840714,0.24745028861652826,0.162841796875,0.16357421875,0.003662109375,0.00439453125,0.0861688032746315,0.1591213345527649,0.8692299596169737,470.0790004365235,0.40080612897872925,0.6340577602386475,0.9951797045241734,0.9867324425835301,0.993410266114828,618.478515625,0.15099573135375977,0.833740234375,0.42206883430480957
pali,coco_karpathy,final_quarter,False,4,0.5714285714285714,14,14,14,23,4.0,4096,0.001,False,1.25,1024,512,1200,0.24529016017913818,0.24337197081840714,0.24745028861652826,0.160400390625,0.162841796875,0.003173828125,0.005615234375,0.0861688032746315,0.1591213345527649,0.8692299596169737,470.0790004365235,0.40080612897872925,0.6340577602386475,0.9951797045241734,0.9867324425835301,0.993410266114828,618.478515625,0.15099573135375977,0.833740234375,0.42206883430480957
pali,coco_karpathy,final_quarter,False,4,0.5714285714285714,14,14,14,23,4.0,4096,0.001,False,1.5,1024,512,1200,0.24529016017913818,0.24337197081840714,0.24745028861652826,0.137451171875,0.152099609375,0.00244140625,0.01708984375,0.0861688032746315,0.1591213345527649,0.8692299596169737,470.0790004365235,0.40080612897872925,0.6340577602386475,0.9951797045241734,0.9867324425835301,0.993410266114828,618.478515625,0.15099573135375977,0.833740234375,0.42206883430480957
pali,coco_karpathy,final_quarter,False,4,0.5714285714285714,14,14,14,23,4.0,4096,0.001,True,1.1,1024,512,1200,0.6646267175674438,0.6600333479349502,0.6691932386078406,0.99951171875,0.999755859375,0.0,0.000244140625,0.23199406266212463,0.4326326847076416,0.06050224171565287,4048.380137848929,0.5073082447052002,0.3120517432689667,0.9937271437517337,0.6650337049927617,0.9935669875988855,1912.5703125,0.4669361114501953,0.0,0.32389554381370544
pali,coco_karpathy,final_quarter,False,4,0.5714285714285714,14,14,14,23,4.0,4096,0.001,True,1.25,1024,512,1200,0.6646267175674438,0.6600333479349502,0.6691932386078406,0.99072265625,0.995361328125,0.0,0.004638671875,0.23199406266212463,0.4326326847076416,0.06050224171565287,4048.380137848929,0.5073082447052002,0.3120517432689667,0.9937271437517337,0.6650337049927617,0.9935669875988855,1912.5703125,0.4669361114501953,0.0,0.32389554381370544
pali,coco_karpathy,final_quarter,False,4,0.5714285714285714,14,14,14,23,4.0,4096,0.001,True,1.5,1024,512,1200,0.6646267175674438,0.6600333479349502,0.6691932386078406,0.87548828125,0.937744140625,0.0,0.062255859375,0.23199406266212463,0.4326326847076416,0.06050224171565287,4048.380137848929,0.5073082447052002,0.3120517432689667,0.9937271437517337,0.6650337049927617,0.9935669875988855,1912.5703125,0.4669361114501953,0.0,0.32389554381370544
pali,coco_karpathy,final_quarter,False,4,0.5714285714285714,14,14,14,37,2.0,4096,0.0003,False,1.1,1024,512,1200,0.2562101483345032,0.25417739281620017,0.2583826608293748,0.16455078125,0.16650390625,0.003173828125,0.005126953125,0.08987265825271606,0.1663374900817871,0.8668221032126292,512.3241141219349,0.42521873116493225,0.6391780972480774,0.9953007325117866,0.9868432773922954,0.9941659891388073,641.400390625,0.15659189224243164,0.83203125,0.45561063289642334
pali,coco_karpathy,final_quarter,False,4,0.5714285714285714,14,14,14,37,2.0,4096,0.0003,False,1.25,1024,512,1200,0.2562101483345032,0.25417739281620017,0.2583826608293748,0.16162109375,0.1650390625,0.003173828125,0.006591796875,0.08987265825271606,0.1663374900817871,0.8668221032126292,512.3241141219349,0.42521873116493225,0.6391780972480774,0.9953007325117866,0.9868432773922954,0.9941659891388073,641.400390625,0.15659189224243164,0.83203125,0.45561063289642334
pali,coco_karpathy,final_quarter,False,4,0.5714285714285714,14,14,14,37,2.0,4096,0.0003,False,1.5,1024,512,1200,0.2562101483345032,0.25417739281620017,0.2583826608293748,0.142578125,0.155517578125,0.003173828125,0.01611328125,0.08987265825271606,0.1663374900817871,0.8668221032126292,512.3241141219349,0.42521873116493225,0.6391780972480774,0.9953007325117866,0.9868432773922954,0.9941659891388073,641.400390625,0.15659189224243164,0.83203125,0.45561063289642334
pali,coco_karpathy,final_quarter,False,4,0.5714285714285714,14,14,14,37,2.0,4096,0.0003,True,1.1,1024,512,1200,0.6766282320022583,0.6722175438917475,0.681338618384325,1.0,1.0,0.0,0.0,0.2356553077697754,0.4409729540348053,0.06260545394297623,4044.17589872591,0.5157570242881775,0.3234282433986664,0.9936083413847214,0.6640646797960934,0.9865334361579572,1911.79296875,0.46674633026123047,0.0,0.3273161053657532
pali,coco_karpathy,final_quarter,False,4,0.5714285714285714,14,14,14,37,2.0,4096,0.0003,True,1.25,1024,512,1200,0.6766282320022583,0.6722175438917475,0.681338618384325,0.994140625,0.9970703125,0.0,0.0029296875,0.2356553077697754,0.4409729540348053,0.06260545394297623,4044.17589872591,0.5157570242881775,0.3234282433986664,0.9936083413847214,0.6640646797960934,0.9865334361579572,1911.79296875,0.46674633026123047,0.0,0.3273161053657532
pali,coco_karpathy,final_quarter,False,4,0.5714285714285714,14,14,14,37,2.0,4096,0.0003,True,1.5,1024,512,1200,0.6766282320022583,0.6722175438917475,0.681338618384325,0.87548828125,0.937744140625,0.0,0.062255859375,0.2356553077697754,0.4409729540348053,0.06260545394297623,4044.17589872591,0.5157570242881775,0.3234282433986664,0.9936083413847214,0.6640646797960934,0.9865334361579572,1911.79296875,0.46674633026123047,0.0,0.3273161053657532
pali,coco_karpathy,final_quarter,False,4,0.5714285714285714,14,14,14,37,2.0,4096,0.001,False,1.1,1024,512,1200,0.25548332929611206,0.2534666621781071,0.2576423590086051,0.16455078125,0.16650390625,0.003173828125,0.005126953125,0.08961006253957748,0.1658732295036316,0.8658089872629843,502.0956160034186,0.41413286328315735,0.6287922859191895,0.9953275551898769,0.9868657462051839,0.9938455933281353,640.802734375,0.15644598007202148,0.83203125,0.4429115056991577
pali,coco_karpathy,final_quarter,False,4,0.5714285714285714,14,14,14,37,2.0,4096,0.001,False,1.25,1024,512,1200,0.25548332929611206,0.2534666621781071,0.2576423590086051,0.16162109375,0.1650390625,0.003173828125,0.006591796875,0.08961006253957748,0.1658732295036316,0.8658089872629843,502.0956160034186,0.41413286328315735,0.6287922859191895,0.9953275551898769,0.9868657462051839,0.9938455933281353,640.802734375,0.15644598007202148,0.83203125,0.4429115056991577
pali,coco_karpathy,final_quarter,False,4,0.5714285714285714,14,14,14,37,2.0,4096,0.001,False,1.5,1024,512,1200,0.25548332929611206,0.2534666621781071,0.2576423590086051,0.1435546875,0.156005859375,0.003173828125,0.015625,0.08961006253957748,0.1658732295036316,0.8658089872629843,502.0956160034186,0.41413286328315735,0.6287922859191895,0.9953275551898769,0.9868657462051839,0.9938455933281353,640.802734375,0.15644598007202148,0.83203125,0.4429115056991577
pali,coco_karpathy,final_quarter,False,4,0.5714285714285714,14,14,14,37,2.0,4096,0.001,True,1.1,1024,512,1200,0.6703894138336182,0.6659906722052256,0.6749413710349472,1.0,1.0,0.0,0.0,0.23331975936889648,0.43706971406936646,0.06310788087907994,4043.2071251144203,0.5093752145767212,0.3215618133544922,0.9918924943394787,0.663099238535383,0.9825659639547744,1905.138671875,0.4651217460632324,0.0,0.3230660855770111
pali,coco_karpathy,final_quarter,False,4,0.5714285714285714,14,14,14,37,2.0,4096,0.001,True,1.25,1024,512,1200,0.6703894138336182,0.6659906722052256,0.6749413710349472,0.99072265625,0.995361328125,0.0,0.004638671875,0.23331975936889648,0.43706971406936646,0.06310788087907994,4043.2071251144203,0.5093752145767212,0.3215618133544922,0.9918924943394787,0.663099238535383,0.9825659639547744,1905.138671875,0.4651217460632324,0.0,0.3230660855770111
pali,coco_karpathy,final_quarter,False,4,0.5714285714285714,14,14,14,37,2.0,4096,0.001,True,1.5,1024,512,1200,0.6703894138336182,0.6659906722052256,0.6749413710349472,0.88134765625,0.940673828125,0.0,0.059326171875,0.23331975936889648,0.43706971406936646,0.06310788087907994,4043.2071251144203,0.5093752145767212,0.3215618133544922,0.9918924943394787,0.663099238535383,0.9825659639547744,1905.138671875,0.4651217460632324,0.0,0.3230660855770111
pali,coco_karpathy,final_quarter,False,4,0.5714285714285714,14,14,14,37,4.0,4096,0.0003,False,1.1,1024,512,1200,0.2562101483345032,0.25417739281620017,0.2583826608293748,0.16455078125,0.16650390625,0.003173828125,0.005126953125,0.08987265825271606,0.1663374900817871,0.8668221032126292,512.3241141219349,0.42521873116493225,0.6391780972480774,0.9953007325117866,0.9868432773922954,0.9941659891388073,641.400390625,0.15659189224243164,0.83203125,0.45561063289642334
pali,coco_karpathy,final_quarter,False,4,0.5714285714285714,14,14,14,37,4.0,4096,0.0003,False,1.25,1024,512,1200,0.2562101483345032,0.25417739281620017,0.2583826608293748,0.16162109375,0.1650390625,0.003173828125,0.006591796875,0.08987265825271606,0.1663374900817871,0.8668221032126292,512.3241141219349,0.42521873116493225,0.6391780972480774,0.9953007325117866,0.9868432773922954,0.9941659891388073,641.400390625,0.15659189224243164,0.83203125,0.45561063289642334
pali,coco_karpathy,final_quarter,False,4,0.5714285714285714,14,14,14,37,4.0,4096,0.0003,False,1.5,1024,512,1200,0.2562101483345032,0.25417739281620017,0.2583826608293748,0.142578125,0.155517578125,0.003173828125,0.01611328125,0.08987265825271606,0.1663374900817871,0.8668221032126292,512.3241141219349,0.42521873116493225,0.6391780972480774,0.9953007325117866,0.9868432773922954,0.9941659891388073,641.400390625,0.15659189224243164,0.83203125,0.45561063289642334
pali,coco_karpathy,final_quarter,False,4,0.5714285714285714,14,14,14,37,4.0,4096,0.0003,True,1.1,1024,512,1200,0.6766282320022583,0.6722175438917475,0.681338618384325,1.0,1.0,0.0,0.0,0.2356553077697754,0.4409729540348053,0.06260545394297623,4044.17589872591,0.5157570242881775,0.3234282433986664,0.9936083413847214,0.6640646797960934,0.9865334361579572,1911.79296875,0.46674633026123047,0.0,0.3273161053657532
pali,coco_karpathy,final_quarter,False,4,0.5714285714285714,14,14,14,37,4.0,4096,0.0003,True,1.25,1024,512,1200,0.6766282320022583,0.6722175438917475,0.681338618384325,0.994140625,0.9970703125,0.0,0.0029296875,0.2356553077697754,0.4409729540348053,0.06260545394297623,4044.17589872591,0.5157570242881775,0.3234282433986664,0.9936083413847214,0.6640646797960934,0.9865334361579572,1911.79296875,0.46674633026123047,0.0,0.3273161053657532
pali,coco_karpathy,final_quarter,False,4,0.5714285714285714,14,14,14,37,4.0,4096,0.0003,True,1.5,1024,512,1200,0.6766282320022583,0.6722175438917475,0.681338618384325,0.87548828125,0.937744140625,0.0,0.062255859375,0.2356553077697754,0.4409729540348053,0.06260545394297623,4044.17589872591,0.5157570242881775,0.3234282433986664,0.9936083413847214,0.6640646797960934,0.9865334361579572,1911.79296875,0.46674633026123047,0.0,0.3273161053657532
pali,coco_karpathy,final_quarter,False,4,0.5714285714285714,14,14,14,37,4.0,4096,0.001,False,1.1,1024,512,1200,0.25548332929611206,0.2534666621781071,0.2576423590086051,0.16455078125,0.16650390625,0.003173828125,0.005126953125,0.08961006253957748,0.1658732295036316,0.8658089872629843,502.0956160034186,0.41413286328315735,0.6287922859191895,0.9953275551898769,0.9868657462051839,0.9938455933281353,640.802734375,0.15644598007202148,0.83203125,0.4429115056991577
pali,coco_karpathy,final_quarter,False,4,0.5714285714285714,14,14,14,37,4.0,4096,0.001,False,1.25,1024,512,1200,0.25548332929611206,0.2534666621781071,0.2576423590086051,0.16162109375,0.1650390625,0.003173828125,0.006591796875,0.08961006253957748,0.1658732295036316,0.8658089872629843,502.0956160034186,0.41413286328315735,0.6287922859191895,0.9953275551898769,0.9868657462051839,0.9938455933281353,640.802734375,0.15644598007202148,0.83203125,0.4429115056991577
pali,coco_karpathy,final_quarter,False,4,0.5714285714285714,14,14,14,37,4.0,4096,0.001,False,1.5,1024,512,1200,0.25548332929611206,0.2534666621781071,0.2576423590086051,0.1435546875,0.156005859375,0.003173828125,0.015625,0.08961006253957748,0.1658732295036316,0.8658089872629843,502.0956160034186,0.41413286328315735,0.6287922859191895,0.9953275551898769,0.9868657462051839,0.9938455933281353,640.802734375,0.15644598007202148,0.83203125,0.4429115056991577
pali,coco_karpathy,final_quarter,False,4,0.5714285714285714,14,14,14,37,4.0,4096,0.001,True,1.1,1024,512,1200,0.6703894138336182,0.6659906722052256,0.6749413710349472,1.0,1.0,0.0,0.0,0.23331975936889648,0.43706971406936646,0.06310788087907994,4043.2071251144203,0.5093752145767212,0.3215618133544922,0.9918924943394787,0.663099238535383,0.9825659639547744,1905.138671875,0.4651217460632324,0.0,0.3230660855770111
pali,coco_karpathy,final_quarter,False,4,0.5714285714285714,14,14,14,37,4.0,4096,0.001,True,1.25,1024,512,1200,0.6703894138336182,0.6659906722052256,0.6749413710349472,0.99072265625,0.995361328125,0.0,0.004638671875,0.23331975936889648,0.43706971406936646,0.06310788087907994,4043.2071251144203,0.5093752145767212,0.3215618133544922,0.9918924943394787,0.663099238535383,0.9825659639547744,1905.138671875,0.4651217460632324,0.0,0.3230660855770111
pali,coco_karpathy,final_quarter,False,4,0.5714285714285714,14,14,14,37,4.0,4096,0.001,True,1.5,1024,512,1200,0.6703894138336182,0.6659906722052256,0.6749413710349472,0.88134765625,0.940673828125,0.0,0.059326171875,0.23331975936889648,0.43706971406936646,0.06310788087907994,4043.2071251144203,0.5093752145767212,0.3215618133544922,0.9918924943394787,0.663099238535383,0.9825659639547744,1905.138671875,0.4651217460632324,0.0,0.3230660855770111
pali,coco_karpathy,final_quarter,False,5,0.7142857142857142,18,18,18,11,2.0,4096,0.0003,False,1.1,1024,512,1200,0.5333341360092163,0.530466228199657,0.5365553521012771,0.17236328125,0.17236328125,0.00537109375,0.00537109375,0.15061050653457642,0.3827235996723175,0.856630920586802,625.3624588023403,0.7105277180671692,0.961156964302063,0.9914663449649601,0.9563147660525374,0.9937232625529389,615.416015625,0.15024805068969727,0.823974609375,0.6615753173828125
pali,coco_karpathy,final_quarter,False,5,0.7142857142857142,18,18,18,11,2.0,4096,0.0003,False,1.25,1024,512,1200,0.5333341360092163,0.530466228199657,0.5365553521012771,0.1708984375,0.171875,0.005126953125,0.006103515625,0.15061050653457642,0.3827235996723175,0.856630920586802,625.3624588023403,0.7105277180671692,0.961156964302063,0.9914663449649601,0.9563147660525374,0.9937232625529389,615.416015625,0.15024805068969727,0.823974609375,0.6615753173828125
pali,coco_karpathy,final_quarter,False,5,0.7142857142857142,18,18,18,11,2.0,4096,0.0003,False,1.5,1024,512,1200,0.5333341360092163,0.530466228199657,0.5365553521012771,0.1669921875,0.17041015625,0.004638671875,0.008056640625,0.15061050653457642,0.3827235996723175,0.856630920586802,625.3624588023403,0.7105277180671692,0.961156964302063,0.9914663449649601,0.9563147660525374,0.9937232625529389,615.416015625,0.15024805068969727,0.823974609375,0.6615753173828125
pali,coco_karpathy,final_quarter,False,5,0.7142857142857142,18,18,18,11,2.0,4096,0.0003,True,1.1,1024,512,1200,0.6528674364089966,0.6493749756977195,0.656487350986572,1.0,1.0,0.0,0.0,0.18654733896255493,0.46632009744644165,0.056003597072767725,4055.881281983148,0.42448902130126953,0.31871598958969116,0.991945296063996,0.6359272805255072,0.9963187545560395,1943.22265625,0.47441959381103516,0.0,0.3408242166042328
pali,coco_karpathy,final_quarter,False,5,0.7142857142857142,18,18,18,11,2.0,4096,0.0003,True,1.25,1024,512,1200,0.6528674364089966,0.6493749756977195,0.656487350986572,1.0,1.0,0.0,0.0,0.18654733896255493,0.46632009744644165,0.056003597072767725,4055.881281983148,0.42448902130126953,0.31871598958969116,0.991945296063996,0.6359272805255072,0.9963187545560395,1943.22265625,0.47441959381103516,0.0,0.3408242166042328
pali,coco_karpathy,final_quarter,False,5,0.7142857142857142,18,18,18,11,2.0,4096,0.0003,True,1.5,1024,512,1200,0.6528674364089966,0.6493749756977195,0.656487350986572,1.0,1.0,0.0,0.0,0.18654733896255493,0.46632009744644165,0.056003597072767725,4055.881281983148,0.42448902130126953,0.31871598958969116,0.991945296063996,0.6359272805255072,0.9963187545560395,1943.22265625,0.47441959381103516,0.0,0.3408242166042328
pali,coco_karpathy,final_quarter,False,5,0.7142857142857142,18,18,18,11,2.0,4096,0.001,False,1.1,1024,512,1200,0.5319229364395142,0.5290103405670379,0.535115370125277,0.172119140625,0.17236328125,0.00537109375,0.005615234375,0.15023589134216309,0.3816869854927063,0.8565851277197557,625.8939954817308,0.7057284116744995,0.9490824937820435,0.9914396917517566,0.9562753487094776,0.993615088278749,615.265625,0.15021133422851562,0.82373046875,0.6548590064048767
pali,coco_karpathy,final_quarter,False,5,0.7142857142857142,18,18,18,11,2.0,4096,0.001,False,1.25,1024,512,1200,0.5319229364395142,0.5290103405670379,0.535115370125277,0.171142578125,0.172119140625,0.005126953125,0.006103515625,0.15023589134216309,0.3816869854927063,0.8565851277197557,625.8939954817308,0.7057284116744995,0.9490824937820435,0.9914396917517566,0.9562753487094776,0.993615088278749,615.265625,0.15021133422851562,0.82373046875,0.6548590064048767
pali,coco_karpathy,final_quarter,False,5,0.7142857142857142,18,18,18,11,2.0,4096,0.001,False,1.5,1024,512,1200,0.5319229364395142,0.5290103405670379,0.535115370125277,0.167236328125,0.170654296875,0.004638671875,0.008056640625,0.15023589134216309,0.3816869854927063,0.8565851277197557,625.8939954817308,0.7057284116744995,0.9490824937820435,0.9914396917517566,0.9562753487094776,0.993615088278749,615.265625,0.15021133422851562,0.82373046875,0.6548590064048767
pali,coco_karpathy,final_quarter,False,5,0.7142857142857142,18,18,18,11,2.0,4096,0.001,True,1.1,1024,512,1200,0.6453618407249451,0.6420007991720922,0.648943689299631,1.0,1.0,0.0,0.0,0.1844882071018219,0.46087366342544556,0.056402683143180095,4055.1683111138805,0.41871127486228943,0.3127296268939972,0.9918716217885634,0.6361535162443027,0.9949222963075821,1938.0234375,0.47315025329589844,0.0,0.33629730343818665
pali,coco_karpathy,final_quarter,False,5,0.7142857142857142,18,18,18,11,2.0,4096,0.001,True,1.25,1024,512,1200,0.6453618407249451,0.6420007991720922,0.648943689299631,1.0,1.0,0.0,0.0,0.1844882071018219,0.46087366342544556,0.056402683143180095,4055.1683111138805,0.41871127486228943,0.3127296268939972,0.9918716217885634,0.6361535162443027,0.9949222963075821,1938.0234375,0.47315025329589844,0.0,0.33629730343818665
pali,coco_karpathy,final_quarter,False,5,0.7142857142857142,18,18,18,11,2.0,4096,0.001,True,1.5,1024,512,1200,0.6453618407249451,0.6420007991720922,0.648943689299631,1.0,1.0,0.0,0.0,0.1844882071018219,0.46087366342544556,0.056402683143180095,4055.1683111138805,0.41871127486228943,0.3127296268939972,0.9918716217885634,0.6361535162443027,0.9949222963075821,1938.0234375,0.47315025329589844,0.0,0.33629730343818665
pali,coco_karpathy,final_quarter,False,5,0.7142857142857142,18,18,18,11,4.0,4096,0.0003,False,1.1,1024,512,1200,0.5333341360092163,0.530466228199657,0.5365553521012771,0.17236328125,0.17236328125,0.00537109375,0.00537109375,0.15061050653457642,0.3827235996723175,0.856630920586802,625.3624588023403,0.7105277180671692,0.961156964302063,0.9914663449649601,0.9563147660525374,0.9937232625529389,615.416015625,0.15024805068969727,0.823974609375,0.6615753173828125
pali,coco_karpathy,final_quarter,False,5,0.7142857142857142,18,18,18,11,4.0,4096,0.0003,False,1.25,1024,512,1200,0.5333341360092163,0.530466228199657,0.5365553521012771,0.1708984375,0.171875,0.005126953125,0.006103515625,0.15061050653457642,0.3827235996723175,0.856630920586802,625.3624588023403,0.7105277180671692,0.961156964302063,0.9914663449649601,0.9563147660525374,0.9937232625529389,615.416015625,0.15024805068969727,0.823974609375,0.6615753173828125
pali,coco_karpathy,final_quarter,False,5,0.7142857142857142,18,18,18,11,4.0,4096,0.0003,False,1.5,1024,512,1200,0.5333341360092163,0.530466228199657,0.5365553521012771,0.1669921875,0.17041015625,0.004638671875,0.008056640625,0.15061050653457642,0.3827235996723175,0.856630920586802,625.3624588023403,0.7105277180671692,0.961156964302063,0.9914663449649601,0.9563147660525374,0.9937232625529389,615.416015625,0.15024805068969727,0.823974609375,0.6615753173828125
pali,coco_karpathy,final_quarter,False,5,0.7142857142857142,18,18,18,11,4.0,4096,0.0003,True,1.1,1024,512,1200,0.6528674364089966,0.6493749756977195,0.656487350986572,1.0,1.0,0.0,0.0,0.18654733896255493,0.46632009744644165,0.056003597072767725,4055.881281983148,0.42448902130126953,0.31871598958969116,0.991945296063996,0.6359272805255072,0.9963187545560395,1943.22265625,0.47441959381103516,0.0,0.3408242166042328
pali,coco_karpathy,final_quarter,False,5,0.7142857142857142,18,18,18,11,4.0,4096,0.0003,True,1.25,1024,512,1200,0.6528674364089966,0.6493749756977195,0.656487350986572,1.0,1.0,0.0,0.0,0.18654733896255493,0.46632009744644165,0.056003597072767725,4055.881281983148,0.42448902130126953,0.31871598958969116,0.991945296063996,0.6359272805255072,0.9963187545560395,1943.22265625,0.47441959381103516,0.0,0.3408242166042328
pali,coco_karpathy,final_quarter,False,5,0.7142857142857142,18,18,18,11,4.0,4096,0.0003,True,1.5,1024,512,1200,0.6528674364089966,0.6493749756977195,0.656487350986572,1.0,1.0,0.0,0.0,0.18654733896255493,0.46632009744644165,0.056003597072767725,4055.881281983148,0.42448902130126953,0.31871598958969116,0.991945296063996,0.6359272805255072,0.9963187545560395,1943.22265625,0.47441959381103516,0.0,0.3408242166042328
pali,coco_karpathy,final_quarter,False,5,0.7142857142857142,18,18,18,11,4.0,4096,0.001,False,1.1,1024,512,1200,0.5319229364395142,0.5290103405670379,0.535115370125277,0.172119140625,0.17236328125,0.00537109375,0.005615234375,0.15023589134216309,0.3816869854927063,0.8565851277197557,625.8939954817308,0.7057284116744995,0.9490824937820435,0.9914396917517566,0.9562753487094776,0.993615088278749,615.265625,0.15021133422851562,0.82373046875,0.6548590064048767
pali,coco_karpathy,final_quarter,False,5,0.7142857142857142,18,18,18,11,4.0,4096,0.001,False,1.25,1024,512,1200,0.5319229364395142,0.5290103405670379,0.535115370125277,0.171142578125,0.172119140625,0.005126953125,0.006103515625,0.15023589134216309,0.3816869854927063,0.8565851277197557,625.8939954817308,0.7057284116744995,0.9490824937820435,0.9914396917517566,0.9562753487094776,0.993615088278749,615.265625,0.15021133422851562,0.82373046875,0.6548590064048767
pali,coco_karpathy,final_quarter,False,5,0.7142857142857142,18,18,18,11,4.0,4096,0.001,False,1.5,1024,512,1200,0.5319229364395142,0.5290103405670379,0.535115370125277,0.167236328125,0.170654296875,0.004638671875,0.008056640625,0.15023589134216309,0.3816869854927063,0.8565851277197557,625.8939954817308,0.7057284116744995,0.9490824937820435,0.9914396917517566,0.9562753487094776,0.993615088278749,615.265625,0.15021133422851562,0.82373046875,0.6548590064048767
pali,coco_karpathy,final_quarter,False,5,0.7142857142857142,18,18,18,11,4.0,4096,0.001,True,1.1,1024,512,1200,0.6453618407249451,0.6420007991720922,0.648943689299631,1.0,1.0,0.0,0.0,0.1844882071018219,0.46087366342544556,0.056402683143180095,4055.1683111138805,0.41871127486228943,0.3127296268939972,0.9918716217885634,0.6361535162443027,0.9949222963075821,1938.0234375,0.47315025329589844,0.0,0.33629730343818665
pali,coco_karpathy,final_quarter,False,5,0.7142857142857142,18,18,18,11,4.0,4096,0.001,True,1.25,1024,512,1200,0.6453618407249451,0.6420007991720922,0.648943689299631,1.0,1.0,0.0,0.0,0.1844882071018219,0.46087366342544556,0.056402683143180095,4055.1683111138805,0.41871127486228943,0.3127296268939972,0.9918716217885634,0.6361535162443027,0.9949222963075821,1938.0234375,0.47315025329589844,0.0,0.33629730343818665
pali,coco_karpathy,final_quarter,False,5,0.7142857142857142,18,18,18,11,4.0,4096,0.001,True,1.5,1024,512,1200,0.6453618407249451,0.6420007991720922,0.648943689299631,1.0,1.0,0.0,0.0,0.1844882071018219,0.46087366342544556,0.056402683143180095,4055.1683111138805,0.41871127486228943,0.3127296268939972,0.9918716217885634,0.6361535162443027,0.9949222963075821,1938.0234375,0.47315025329589844,0.0,0.33629730343818665
pali,coco_karpathy,final_quarter,False,5,0.7142857142857142,18,18,18,23,2.0,4096,0.0003,False,1.1,1024,512,1200,0.537655234336853,0.5348008502129232,0.5405690827261423,0.17431640625,0.17529296875,0.0048828125,0.005859375,0.1516638696193695,0.38599133491516113,0.853623318941937,639.3517349200599,0.7267851829528809,0.9426785707473755,0.9919726491908389,0.9565739222263859,0.9942785371374064,628.271484375,0.15338659286499023,0.82080078125,0.6622521877288818
pali,coco_karpathy,final_quarter,False,5,0.7142857142857142,18,18,18,23,2.0,4096,0.0003,False,1.25,1024,512,1200,0.537655234336853,0.5348008502129232,0.5405690827261423,0.17236328125,0.1748046875,0.00439453125,0.0068359375,0.1516638696193695,0.38599133491516113,0.853623318941937,639.3517349200599,0.7267851829528809,0.9426785707473755,0.9919726491908389,0.9565739222263859,0.9942785371374064,628.271484375,0.15338659286499023,0.82080078125,0.6622521877288818
pali,coco_karpathy,final_quarter,False,5,0.7142857142857142,18,18,18,23,2.0,4096,0.0003,False,1.5,1024,512,1200,0.537655234336853,0.5348008502129232,0.5405690827261423,0.169921875,0.174072265625,0.00390625,0.008056640625,0.1516638696193695,0.38599133491516113,0.853623318941937,639.3517349200599,0.7267851829528809,0.9426785707473755,0.9919726491908389,0.9565739222263859,0.9942785371374064,628.271484375,0.15338659286499023,0.82080078125,0.6622521877288818
pali,coco_karpathy,final_quarter,False,5,0.7142857142857142,18,18,18,23,2.0,4096,0.0003,True,1.1,1024,512,1200,0.6529306173324585,0.6493897042993921,0.6566874122130685,1.0,1.0,0.0,0.0,0.18639206886291504,0.46653857827186584,0.055843944408431476,4056.165474112723,0.4133897125720978,0.32714903354644775,0.9931308309845154,0.6372847841888803,0.9922343786461402,1944.712890625,0.47478342056274414,0.0,0.34076422452926636
pali,coco_karpathy,final_quarter,False,5,0.7142857142857142,18,18,18,23,2.0,4096,0.0003,True,1.25,1024,512,1200,0.6529306173324585,0.6493897042993921,0.6566874122130685,1.0,1.0,0.0,0.0,0.18639206886291504,0.46653857827186584,0.055843944408431476,4056.165474112723,0.4133897125720978,0.32714903354644775,0.9931308309845154,0.6372847841888803,0.9922343786461402,1944.712890625,0.47478342056274414,0.0,0.34076422452926636
pali,coco_karpathy,final_quarter,False,5,0.7142857142857142,18,18,18,23,2.0,4096,0.0003,True,1.5,1024,512,1200,0.6529306173324585,0.6493897042993921,0.6566874122130685,1.0,1.0,0.0,0.0,0.18639206886291504,0.46653857827186584,0.055843944408431476,4056.165474112723,0.4133897125720978,0.32714903354644775,0.9931308309845154,0.6372847841888803,0.9922343786461402,1944.712890625,0.47478342056274414,0.0,0.34076422452926636
pali,coco_karpathy,final_quarter,False,5,0.7142857142857142,18,18,18,23,2.0,4096,0.001,False,1.1,1024,512,1200,0.5371702909469604,0.5343536662607221,0.5400492309432593,0.17431640625,0.17529296875,0.0048828125,0.005859375,0.15150925517082214,0.3856610059738159,0.8537494512724638,638.8840666797925,0.724550187587738,0.9385533928871155,0.9918167741086641,0.9563708003921765,0.9940462897273341,627.99609375,0.1533193588256836,0.82080078125,0.661044180393219
pali,coco_karpathy,final_quarter,False,5,0.7142857142857142,18,18,18,23,2.0,4096,0.001,False,1.25,1024,512,1200,0.5371702909469604,0.5343536662607221,0.5400492309432593,0.17236328125,0.1748046875,0.00439453125,0.0068359375,0.15150925517082214,0.3856610059738159,0.8537494512724638,638.8840666797925,0.724550187587738,0.9385533928871155,0.9918167741086641,0.9563708003921765,0.9940462897273341,627.99609375,0.1533193588256836,0.82080078125,0.661044180393219
pali,coco_karpathy,final_quarter,False,5,0.7142857142857142,18,18,18,23,2.0,4096,0.001,False,1.5,1024,512,1200,0.5371702909469604,0.5343536662607221,0.5400492309432593,0.169921875,0.174072265625,0.00390625,0.008056640625,0.15150925517082214,0.3856610059738159,0.8537494512724638,638.8840666797925,0.724550187587738,0.9385533928871155,0.9918167741086641,0.9563708003921765,0.9940462897273341,627.99609375,0.1533193588256836,0.82080078125,0.661044180393219
pali,coco_karpathy,final_quarter,False,5,0.7142857142857142,18,18,18,23,2.0,4096,0.001,True,1.1,1024,512,1200,0.6459940671920776,0.6425386470160447,0.6497950993041741,1.0,1.0,0.0,0.0,0.184592142701149,0.46140193939208984,0.05529503880041915,4056.904537185114,0.4090822637081146,0.3200238347053528,0.992595271985163,0.6368310320593582,0.9942967345331025,1938.041015625,0.47315454483032227,0.0,0.3362415134906769
pali,coco_karpathy,final_quarter,False,5,0.7142857142857142,18,18,18,23,2.0,4096,0.001,True,1.25,1024,512,1200,0.6459940671920776,0.6425386470160447,0.6497950993041741,1.0,1.0,0.0,0.0,0.184592142701149,0.46140193939208984,0.05529503880041915,4056.904537185114,0.4090822637081146,0.3200238347053528,0.992595271985163,0.6368310320593582,0.9942967345331025,1938.041015625,0.47315454483032227,0.0,0.3362415134906769
pali,coco_karpathy,final_quarter,False,5,0.7142857142857142,18,18,18,23,2.0,4096,0.001,True,1.5,1024,512,1200,0.6459940671920776,0.6425386470160447,0.6497950993041741,1.0,1.0,0.0,0.0,0.184592142701149,0.46140193939208984,0.05529503880041915,4056.904537185114,0.4090822637081146,0.3200238347053528,0.992595271985163,0.6368310320593582,0.9942967345331025,1938.041015625,0.47315454483032227,0.0,0.3362415134906769
pali,coco_karpathy,final_quarter,False,5,0.7142857142857142,18,18,18,23,4.0,4096,0.0003,False,1.1,1024,512,1200,0.537655234336853,0.5348008502129232,0.5405690827261423,0.17431640625,0.17529296875,0.0048828125,0.005859375,0.1516638696193695,0.38599133491516113,0.853623318941937,639.3517349200599,0.7267851829528809,0.9426785707473755,0.9919726491908389,0.9565739222263859,0.9942785371374064,628.271484375,0.15338659286499023,0.82080078125,0.6622521877288818
pali,coco_karpathy,final_quarter,False,5,0.7142857142857142,18,18,18,23,4.0,4096,0.0003,False,1.25,1024,512,1200,0.537655234336853,0.5348008502129232,0.5405690827261423,0.17236328125,0.1748046875,0.00439453125,0.0068359375,0.1516638696193695,0.38599133491516113,0.853623318941937,639.3517349200599,0.7267851829528809,0.9426785707473755,0.9919726491908389,0.9565739222263859,0.9942785371374064,628.271484375,0.15338659286499023,0.82080078125,0.6622521877288818
pali,coco_karpathy,final_quarter,False,5,0.7142857142857142,18,18,18,23,4.0,4096,0.0003,False,1.5,1024,512,1200,0.537655234336853,0.5348008502129232,0.5405690827261423,0.169921875,0.174072265625,0.00390625,0.008056640625,0.1516638696193695,0.38599133491516113,0.853623318941937,639.3517349200599,0.7267851829528809,0.9426785707473755,0.9919726491908389,0.9565739222263859,0.9942785371374064,628.271484375,0.15338659286499023,0.82080078125,0.6622521877288818
pali,coco_karpathy,final_quarter,False,5,0.7142857142857142,18,18,18,23,4.0,4096,0.0003,True,1.1,1024,512,1200,0.6529306173324585,0.6493897042993921,0.6566874122130685,1.0,1.0,0.0,0.0,0.18639206886291504,0.46653857827186584,0.055843944408431476,4056.165474112723,0.4133897125720978,0.32714903354644775,0.9931308309845154,0.6372847841888803,0.9922343786461402,1944.712890625,0.47478342056274414,0.0,0.34076422452926636
pali,coco_karpathy,final_quarter,False,5,0.7142857142857142,18,18,18,23,4.0,4096,0.0003,True,1.25,1024,512,1200,0.6529306173324585,0.6493897042993921,0.6566874122130685,1.0,1.0,0.0,0.0,0.18639206886291504,0.46653857827186584,0.055843944408431476,4056.165474112723,0.4133897125720978,0.32714903354644775,0.9931308309845154,0.6372847841888803,0.9922343786461402,1944.712890625,0.47478342056274414,0.0,0.34076422452926636
pali,coco_karpathy,final_quarter,False,5,0.7142857142857142,18,18,18,23,4.0,4096,0.0003,True,1.5,1024,512,1200,0.6529306173324585,0.6493897042993921,0.6566874122130685,1.0,1.0,0.0,0.0,0.18639206886291504,0.46653857827186584,0.055843944408431476,4056.165474112723,0.4133897125720978,0.32714903354644775,0.9931308309845154,0.6372847841888803,0.9922343786461402,1944.712890625,0.47478342056274414,0.0,0.34076422452926636
pali,coco_karpathy,final_quarter,False,5,0.7142857142857142,18,18,18,23,4.0,4096,0.001,False,1.1,1024,512,1200,0.5371702909469604,0.5343536662607221,0.5400492309432593,0.17431640625,0.17529296875,0.0048828125,0.005859375,0.15150925517082214,0.3856610059738159,0.8537494512724638,638.8840666797925,0.724550187587738,0.9385533928871155,0.9918167741086641,0.9563708003921765,0.9940462897273341,627.99609375,0.1533193588256836,0.82080078125,0.661044180393219
pali,coco_karpathy,final_quarter,False,5,0.7142857142857142,18,18,18,23,4.0,4096,0.001,False,1.25,1024,512,1200,0.5371702909469604,0.5343536662607221,0.5400492309432593,0.17236328125,0.1748046875,0.00439453125,0.0068359375,0.15150925517082214,0.3856610059738159,0.8537494512724638,638.8840666797925,0.724550187587738,0.9385533928871155,0.9918167741086641,0.9563708003921765,0.9940462897273341,627.99609375,0.1533193588256836,0.82080078125,0.661044180393219
pali,coco_karpathy,final_quarter,False,5,0.7142857142857142,18,18,18,23,4.0,4096,0.001,False,1.5,1024,512,1200,0.5371702909469604,0.5343536662607221,0.5400492309432593,0.169921875,0.174072265625,0.00390625,0.008056640625,0.15150925517082214,0.3856610059738159,0.8537494512724638,638.8840666797925,0.724550187587738,0.9385533928871155,0.9918167741086641,0.9563708003921765,0.9940462897273341,627.99609375,0.1533193588256836,0.82080078125,0.661044180393219
pali,coco_karpathy,final_quarter,False,5,0.7142857142857142,18,18,18,23,4.0,4096,0.001,True,1.1,1024,512,1200,0.6459940671920776,0.6425386470160447,0.6497950993041741,1.0,1.0,0.0,0.0,0.184592142701149,0.46140193939208984,0.05529503880041915,4056.904537185114,0.4090822637081146,0.3200238347053528,0.992595271985163,0.6368310320593582,0.9942967345331025,1938.041015625,0.47315454483032227,0.0,0.3362415134906769
pali,coco_karpathy,final_quarter,False,5,0.7142857142857142,18,18,18,23,4.0,4096,0.001,True,1.25,1024,512,1200,0.6459940671920776,0.6425386470160447,0.6497950993041741,1.0,1.0,0.0,0.0,0.184592142701149,0.46140193939208984,0.05529503880041915,4056.904537185114,0.4090822637081146,0.3200238347053528,0.992595271985163,0.6368310320593582,0.9942967345331025,1938.041015625,0.47315454483032227,0.0,0.3362415134906769
pali,coco_karpathy,final_quarter,False,5,0.7142857142857142,18,18,18,23,4.0,4096,0.001,True,1.5,1024,512,1200,0.6459940671920776,0.6425386470160447,0.6497950993041741,1.0,1.0,0.0,0.0,0.184592142701149,0.46140193939208984,0.05529503880041915,4056.904537185114,0.4090822637081146,0.3200238347053528,0.992595271985163,0.6368310320593582,0.9942967345331025,1938.041015625,0.47315454483032227,0.0,0.3362415134906769
pali,coco_karpathy,final_quarter,False,5,0.7142857142857142,18,18,18,37,2.0,4096,0.0003,False,1.1,1024,512,1200,0.5280668139457703,0.525263385377184,0.5309738765863585,0.169677734375,0.170654296875,0.00341796875,0.00439453125,0.1491689831018448,0.3788978159427643,0.8562745537069986,624.125666330599,0.6904802918434143,0.9452395439147949,0.9914151826145442,0.9563815789027921,0.9941897023236976,613.298828125,0.14973115921020508,0.828125,0.6565899848937988
pali,coco_karpathy,final_quarter,False,5,0.7142857142857142,18,18,18,37,2.0,4096,0.0003,False,1.25,1024,512,1200,0.5280668139457703,0.525263385377184,0.5309738765863585,0.167724609375,0.170166015625,0.0029296875,0.00537109375,0.1491689831018448,0.3788978159427643,0.8562745537069986,624.125666330599,0.6904802918434143,0.9452395439147949,0.9914151826145442,0.9563815789027921,0.9941897023236976,613.298828125,0.14973115921020508,0.828125,0.6565899848937988
pali,coco_karpathy,final_quarter,False,5,0.7142857142857142,18,18,18,37,2.0,4096,0.0003,False,1.5,1024,512,1200,0.5280668139457703,0.525263385377184,0.5309738765863585,0.166259765625,0.169677734375,0.002685546875,0.006103515625,0.1491689831018448,0.3788978159427643,0.8562745537069986,624.125666330599,0.6904802918434143,0.9452395439147949,0.9914151826145442,0.9563815789027921,0.9941897023236976,613.298828125,0.14973115921020508,0.828125,0.6565899848937988
pali,coco_karpathy,final_quarter,False,5,0.7142857142857142,18,18,18,37,2.0,4096,0.0003,True,1.1,1024,512,1200,0.6532265543937683,0.649749909597449,0.6571130301221274,1.0,1.0,0.0,0.0,0.18625372648239136,0.46697282791137695,0.055406718927194114,4056.1915171392325,0.4175128638744354,0.31784072518348694,0.992685224413264,0.6370239400044133,0.9888910903312613,1944.69921875,0.4747800827026367,0.0,0.3405502736568451
pali,coco_karpathy,final_quarter,False,5,0.7142857142857142,18,18,18,37,2.0,4096,0.0003,True,1.25,1024,512,1200,0.6532265543937683,0.649749909597449,0.6571130301221274,1.0,1.0,0.0,0.0,0.18625372648239136,0.46697282791137695,0.055406718927194114,4056.1915171392325,0.4175128638744354,0.31784072518348694,0.992685224413264,0.6370239400044133,0.9888910903312613,1944.69921875,0.4747800827026367,0.0,0.3405502736568451
pali,coco_karpathy,final_quarter,False,5,0.7142857142857142,18,18,18,37,2.0,4096,0.0003,True,1.5,1024,512,1200,0.6532265543937683,0.649749909597449,0.6571130301221274,1.0,1.0,0.0,0.0,0.18625372648239136,0.46697282791137695,0.055406718927194114,4056.1915171392325,0.4175128638744354,0.31784072518348694,0.992685224413264,0.6370239400044133,0.9888910903312613,1944.69921875,0.4747800827026367,0.0,0.3405502736568451
pali,coco_karpathy,final_quarter,False,5,0.7142857142857142,18,18,18,37,2.0,4096,0.001,False,1.1,1024,512,1200,0.5276497602462769,0.5248467036537476,0.5305545485636685,0.169677734375,0.170654296875,0.00341796875,0.00439453125,0.1490405946969986,0.37860918045043945,0.8562110862511048,624.17027116313,0.687383770942688,0.9409889578819275,0.9913527634863631,0.956291654118464,0.9940596295714793,612.734375,0.14959335327148438,0.828125,0.6526355743408203
pali,coco_karpathy,final_quarter,False,5,0.7142857142857142,18,18,18,37,2.0,4096,0.001,False,1.25,1024,512,1200,0.5276497602462769,0.5248467036537476,0.5305545485636685,0.167724609375,0.170166015625,0.0029296875,0.00537109375,0.1490405946969986,0.37860918045043945,0.8562110862511048,624.17027116313,0.687383770942688,0.9409889578819275,0.9913527634863631,0.956291654118464,0.9940596295714793,612.734375,0.14959335327148438,0.828125,0.6526355743408203
pali,coco_karpathy,final_quarter,False,5,0.7142857142857142,18,18,18,37,2.0,4096,0.001,False,1.5,1024,512,1200,0.5276497602462769,0.5248467036537476,0.5305545485636685,0.166259765625,0.169677734375,0.002685546875,0.006103515625,0.1490405946969986,0.37860918045043945,0.8562110862511048,624.17027116313,0.687383770942688,0.9409889578819275,0.9913527634863631,0.956291654118464,0.9940596295714793,612.734375,0.14959335327148438,0.828125,0.6526355743408203
pali,coco_karpathy,final_quarter,False,5,0.7142857142857142,18,18,18,37,2.0,4096,0.001,True,1.1,1024,512,1200,0.6455311179161072,0.6421847592078848,0.6492765426082769,1.0,1.0,0.0,0.0,0.1843869537115097,0.46114417910575867,0.05502827940756213,4057.0910310878544,0.4130672514438629,0.3147560954093933,0.9932925820008062,0.6368264751787663,0.9939273035510466,1939.828125,0.4735908508300781,0.0,0.3358772099018097
pali,coco_karpathy,final_quarter,False,5,0.7142857142857142,18,18,18,37,2.0,4096,0.001,True,1.25,1024,512,1200,0.6455311179161072,0.6421847592078848,0.6492765426082769,1.0,1.0,0.0,0.0,0.1843869537115097,0.46114417910575867,0.05502827940756213,4057.0910310878544,0.4130672514438629,0.3147560954093933,0.9932925820008062,0.6368264751787663,0.9939273035510466,1939.828125,0.4735908508300781,0.0,0.3358772099018097
pali,coco_karpathy,final_quarter,False,5,0.7142857142857142,18,18,18,37,2.0,4096,0.001,True,1.5,1024,512,1200,0.6455311179161072,0.6421847592078848,0.6492765426082769,1.0,1.0,0.0,0.0,0.1843869537115097,0.46114417910575867,0.05502827940756213,4057.0910310878544,0.4130672514438629,0.3147560954093933,0.9932925820008062,0.6368264751787663,0.9939273035510466,1939.828125,0.4735908508300781,0.0,0.3358772099018097
pali,coco_karpathy,final_quarter,False,5,0.7142857142857142,18,18,18,37,4.0,4096,0.0003,False,1.1,1024,512,1200,0.5280668139457703,0.525263385377184,0.5309738765863585,0.169677734375,0.170654296875,0.00341796875,0.00439453125,0.1491689831018448,0.3788978159427643,0.8562745537069986,624.125666330599,0.6904802918434143,0.9452395439147949,0.9914151826145442,0.9563815789027921,0.9941897023236976,613.298828125,0.14973115921020508,0.828125,0.6565899848937988
pali,coco_karpathy,final_quarter,False,5,0.7142857142857142,18,18,18,37,4.0,4096,0.0003,False,1.25,1024,512,1200,0.5280668139457703,0.525263385377184,0.5309738765863585,0.167724609375,0.170166015625,0.0029296875,0.00537109375,0.1491689831018448,0.3788978159427643,0.8562745537069986,624.125666330599,0.6904802918434143,0.9452395439147949,0.9914151826145442,0.9563815789027921,0.9941897023236976,613.298828125,0.14973115921020508,0.828125,0.6565899848937988
pali,coco_karpathy,final_quarter,False,5,0.7142857142857142,18,18,18,37,4.0,4096,0.0003,False,1.5,1024,512,1200,0.5280668139457703,0.525263385377184,0.5309738765863585,0.166259765625,0.169677734375,0.002685546875,0.006103515625,0.1491689831018448,0.3788978159427643,0.8562745537069986,624.125666330599,0.6904802918434143,0.9452395439147949,0.9914151826145442,0.9563815789027921,0.9941897023236976,613.298828125,0.14973115921020508,0.828125,0.6565899848937988
pali,coco_karpathy,final_quarter,False,5,0.7142857142857142,18,18,18,37,4.0,4096,0.0003,True,1.1,1024,512,1200,0.6532265543937683,0.649749909597449,0.6571130301221274,1.0,1.0,0.0,0.0,0.18625372648239136,0.46697282791137695,0.055406718927194114,4056.1915171392325,0.4175128638744354,0.31784072518348694,0.992685224413264,0.6370239400044133,0.9888910903312613,1944.69921875,0.4747800827026367,0.0,0.3405502736568451
pali,coco_karpathy,final_quarter,False,5,0.7142857142857142,18,18,18,37,4.0,4096,0.0003,True,1.25,1024,512,1200,0.6532265543937683,0.649749909597449,0.6571130301221274,1.0,1.0,0.0,0.0,0.18625372648239136,0.46697282791137695,0.055406718927194114,4056.1915171392325,0.4175128638744354,0.31784072518348694,0.992685224413264,0.6370239400044133,0.9888910903312613,1944.69921875,0.4747800827026367,0.0,0.3405502736568451
pali,coco_karpathy,final_quarter,False,5,0.7142857142857142,18,18,18,37,4.0,4096,0.0003,True,1.5,1024,512,1200,0.6532265543937683,0.649749909597449,0.6571130301221274,1.0,1.0,0.0,0.0,0.18625372648239136,0.46697282791137695,0.055406718927194114,4056.1915171392325,0.4175128638744354,0.31784072518348694,0.992685224413264,0.6370239400044133,0.9888910903312613,1944.69921875,0.4747800827026367,0.0,0.3405502736568451
pali,coco_karpathy,final_quarter,False,5,0.7142857142857142,18,18,18,37,4.0,4096,0.001,False,1.1,1024,512,1200,0.5276497602462769,0.5248467036537476,0.5305545485636685,0.169677734375,0.170654296875,0.00341796875,0.00439453125,0.1490405946969986,0.37860918045043945,0.8562110862511048,624.17027116313,0.687383770942688,0.9409889578819275,0.9913527634863631,0.956291654118464,0.9940596295714793,612.734375,0.14959335327148438,0.828125,0.6526355743408203
pali,coco_karpathy,final_quarter,False,5,0.7142857142857142,18,18,18,37,4.0,4096,0.001,False,1.25,1024,512,1200,0.5276497602462769,0.5248467036537476,0.5305545485636685,0.167724609375,0.170166015625,0.0029296875,0.00537109375,0.1490405946969986,0.37860918045043945,0.8562110862511048,624.17027116313,0.687383770942688,0.9409889578819275,0.9913527634863631,0.956291654118464,0.9940596295714793,612.734375,0.14959335327148438,0.828125,0.6526355743408203
pali,coco_karpathy,final_quarter,False,5,0.7142857142857142,18,18,18,37,4.0,4096,0.001,False,1.5,1024,512,1200,0.5276497602462769,0.5248467036537476,0.5305545485636685,0.166259765625,0.169677734375,0.002685546875,0.006103515625,0.1490405946969986,0.37860918045043945,0.8562110862511048,624.17027116313,0.687383770942688,0.9409889578819275,0.9913527634863631,0.956291654118464,0.9940596295714793,612.734375,0.14959335327148438,0.828125,0.6526355743408203
pali,coco_karpathy,final_quarter,False,5,0.7142857142857142,18,18,18,37,4.0,4096,0.001,True,1.1,1024,512,1200,0.6455311179161072,0.6421847592078848,0.6492765426082769,1.0,1.0,0.0,0.0,0.1843869537115097,0.46114417910575867,0.05502827940756213,4057.0910310878544,0.4130672514438629,0.3147560954093933,0.9932925820008062,0.6368264751787663,0.9939273035510466,1939.828125,0.4735908508300781,0.0,0.3358772099018097
pali,coco_karpathy,final_quarter,False,5,0.7142857142857142,18,18,18,37,4.0,4096,0.001,True,1.25,1024,512,1200,0.6455311179161072,0.6421847592078848,0.6492765426082769,1.0,1.0,0.0,0.0,0.1843869537115097,0.46114417910575867,0.05502827940756213,4057.0910310878544,0.4130672514438629,0.3147560954093933,0.9932925820008062,0.6368264751787663,0.9939273035510466,1939.828125,0.4735908508300781,0.0,0.3358772099018097
pali,coco_karpathy,final_quarter,False,5,0.7142857142857142,18,18,18,37,4.0,4096,0.001,True,1.5,1024,512,1200,0.6455311179161072,0.6421847592078848,0.6492765426082769,1.0,1.0,0.0,0.0,0.1843869537115097,0.46114417910575867,0.05502827940756213,4057.0910310878544,0.4130672514438629,0.3147560954093933,0.9932925820008062,0.6368264751787663,0.9939273035510466,1939.828125,0.4735908508300781,0.0,0.3358772099018097
pali,coco_karpathy,final_quarter,False,6,0.8571428571428571,21,21,21,11,2.0,4096,0.0003,False,1.1,1024,512,1200,0.7204573154449463,0.7162811846792465,0.7249680922628613,0.13916015625,0.140869140625,0.00244140625,0.004150390625,0.2231438159942627,0.4973134994506836,0.8805858146651568,520.4354104783671,0.8595628142356873,1.3983676433563232,0.9895754395085511,0.9597452533789124,0.9955257259127209,506.302734375,0.12360906600952148,0.856201171875,0.8593289256095886
pali,coco_karpathy,final_quarter,False,6,0.8571428571428571,21,21,21,11,2.0,4096,0.0003,False,1.25,1024,512,1200,0.7204573154449463,0.7162811846792465,0.7249680922628613,0.13720703125,0.14013671875,0.002197265625,0.005126953125,0.2231438159942627,0.4973134994506836,0.8805858146651568,520.4354104783671,0.8595628142356873,1.3983676433563232,0.9895754395085511,0.9597452533789124,0.9955257259127209,506.302734375,0.12360906600952148,0.856201171875,0.8593289256095886
pali,coco_karpathy,final_quarter,False,6,0.8571428571428571,21,21,21,11,2.0,4096,0.0003,False,1.5,1024,512,1200,0.7204573154449463,0.7162811846792465,0.7249680922628613,0.13623046875,0.1396484375,0.002197265625,0.005615234375,0.2231438159942627,0.4973134994506836,0.8805858146651568,520.4354104783671,0.8595628142356873,1.3983676433563232,0.9895754395085511,0.9597452533789124,0.9955257259127209,506.302734375,0.12360906600952148,0.856201171875,0.8593289256095886
pali,coco_karpathy,final_quarter,False,6,0.8571428571428571,21,21,21,11,2.0,4096,0.0003,True,1.1,1024,512,1200,0.6346943378448486,0.6306285768951057,0.6388195353734772,1.0,1.0,0.0,0.0,0.19727283716201782,0.43742144107818604,0.06423169154960214,4040.764883253814,0.41402438282966614,0.31811046600341797,0.9933395928806444,0.7164291585599091,0.9926660542510451,1903.287109375,0.46466970443725586,0.0,0.32933083176612854
pali,coco_karpathy,final_quarter,False,6,0.8571428571428571,21,21,21,11,2.0,4096,0.0003,True,1.25,1024,512,1200,0.6346943378448486,0.6306285768951057,0.6388195353734772,1.0,1.0,0.0,0.0,0.19727283716201782,0.43742144107818604,0.06423169154960214,4040.764883253814,0.41402438282966614,0.31811046600341797,0.9933395928806444,0.7164291585599091,0.9926660542510451,1903.287109375,0.46466970443725586,0.0,0.32933083176612854
pali,coco_karpathy,final_quarter,False,6,0.8571428571428571,21,21,21,11,2.0,4096,0.0003,True,1.5,1024,512,1200,0.6346943378448486,0.6306285768951057,0.6388195353734772,1.0,1.0,0.0,0.0,0.19727283716201782,0.43742144107818604,0.06423169154960214,4040.764883253814,0.41402438282966614,0.31811046600341797,0.9933395928806444,0.7164291585599091,0.9926660542510451,1903.287109375,0.46466970443725586,0.0,0.32933083176612854
pali,coco_karpathy,final_quarter,False,6,0.8571428571428571,21,21,21,11,2.0,4096,0.001,False,1.1,1024,512,1200,0.7189244031906128,0.7147702018526616,0.7233633481984725,0.13916015625,0.140869140625,0.00244140625,0.004150390625,0.22260364890098572,0.49632078409194946,0.8804815944050159,520.82700678084,0.8539876937866211,1.3893800973892212,0.9893780504742244,0.9595769469284523,0.9954432119420549,505.33984375,0.12337398529052734,0.856201171875,0.8477715849876404
pali,coco_karpathy,final_quarter,False,6,0.8571428571428571,21,21,21,11,2.0,4096,0.001,False,1.25,1024,512,1200,0.7189244031906128,0.7147702018526616,0.7233633481984725,0.13720703125,0.14013671875,0.002197265625,0.005126953125,0.22260364890098572,0.49632078409194946,0.8804815944050159,520.82700678084,0.8539876937866211,1.3893800973892212,0.9893780504742244,0.9595769469284523,0.9954432119420549,505.33984375,0.12337398529052734,0.856201171875,0.8477715849876404
pali,coco_karpathy,final_quarter,False,6,0.8571428571428571,21,21,21,11,2.0,4096,0.001,False,1.5,1024,512,1200,0.7189244031906128,0.7147702018526616,0.7233633481984725,0.13623046875,0.1396484375,0.002197265625,0.005615234375,0.22260364890098572,0.49632078409194946,0.8804815944050159,520.82700678084,0.8539876937866211,1.3893800973892212,0.9893780504742244,0.9595769469284523,0.9954432119420549,505.33984375,0.12337398529052734,0.856201171875,0.8477715849876404
pali,coco_karpathy,final_quarter,False,6,0.8571428571428571,21,21,21,11,2.0,4096,0.001,True,1.1,1024,512,1200,0.6269228458404541,0.6228943067835644,0.6307823962066322,1.0,1.0,0.0,0.0,0.19491960108280182,0.43200328946113586,0.06463910777442834,4039.877934484772,0.4094303250312805,0.3138371407985687,0.9925054090319351,0.7157602646036214,0.991529891458713,1897.240234375,0.463193416595459,0.0,0.3245125710964203
pali,coco_karpathy,final_quarter,False,6,0.8571428571428571,21,21,21,11,2.0,4096,0.001,True,1.25,1024,512,1200,0.6269228458404541,0.6228943067835644,0.6307823962066322,1.0,1.0,0.0,0.0,0.19491960108280182,0.43200328946113586,0.06463910777442834,4039.877934484772,0.4094303250312805,0.3138371407985687,0.9925054090319351,0.7157602646036214,0.991529891458713,1897.240234375,0.463193416595459,0.0,0.3245125710964203
pali,coco_karpathy,final_quarter,False,6,0.8571428571428571,21,21,21,11,2.0,4096,0.001,True,1.5,1024,512,1200,0.6269228458404541,0.6228943067835644,0.6307823962066322,1.0,1.0,0.0,0.0,0.19491960108280182,0.43200328946113586,0.06463910777442834,4039.877934484772,0.4094303250312805,0.3138371407985687,0.9925054090319351,0.7157602646036214,0.991529891458713,1897.240234375,0.463193416595459,0.0,0.3245125710964203
pali,coco_karpathy,final_quarter,False,6,0.8571428571428571,21,21,21,11,4.0,4096,0.0003,False,1.1,1024,512,1200,0.7204573154449463,0.7162811846792465,0.7249680922628613,0.13916015625,0.140869140625,0.00244140625,0.004150390625,0.2231438159942627,0.4973134994506836,0.8805858146651568,520.4354104783671,0.8595628142356873,1.3983676433563232,0.9895754395085511,0.9597452533789124,0.9955257259127209,506.302734375,0.12360906600952148,0.856201171875,0.8593289256095886
pali,coco_karpathy,final_quarter,False,6,0.8571428571428571,21,21,21,11,4.0,4096,0.0003,False,1.25,1024,512,1200,0.7204573154449463,0.7162811846792465,0.7249680922628613,0.13720703125,0.14013671875,0.002197265625,0.005126953125,0.2231438159942627,0.4973134994506836,0.8805858146651568,520.4354104783671,0.8595628142356873,1.3983676433563232,0.9895754395085511,0.9597452533789124,0.9955257259127209,506.302734375,0.12360906600952148,0.856201171875,0.8593289256095886
pali,coco_karpathy,final_quarter,False,6,0.8571428571428571,21,21,21,11,4.0,4096,0.0003,False,1.5,1024,512,1200,0.7204573154449463,0.7162811846792465,0.7249680922628613,0.13623046875,0.1396484375,0.002197265625,0.005615234375,0.2231438159942627,0.4973134994506836,0.8805858146651568,520.4354104783671,0.8595628142356873,1.3983676433563232,0.9895754395085511,0.9597452533789124,0.9955257259127209,506.302734375,0.12360906600952148,0.856201171875,0.8593289256095886
pali,coco_karpathy,final_quarter,False,6,0.8571428571428571,21,21,21,11,4.0,4096,0.0003,True,1.1,1024,512,1200,0.6346943378448486,0.6306285768951057,0.6388195353734772,1.0,1.0,0.0,0.0,0.19727283716201782,0.43742144107818604,0.06423169154960214,4040.764883253814,0.41402438282966614,0.31811046600341797,0.9933395928806444,0.7164291585599091,0.9926660542510451,1903.287109375,0.46466970443725586,0.0,0.32933083176612854
pali,coco_karpathy,final_quarter,False,6,0.8571428571428571,21,21,21,11,4.0,4096,0.0003,True,1.25,1024,512,1200,0.6346943378448486,0.6306285768951057,0.6388195353734772,1.0,1.0,0.0,0.0,0.19727283716201782,0.43742144107818604,0.06423169154960214,4040.764883253814,0.41402438282966614,0.31811046600341797,0.9933395928806444,0.7164291585599091,0.9926660542510451,1903.287109375,0.46466970443725586,0.0,0.32933083176612854
pali,coco_karpathy,final_quarter,False,6,0.8571428571428571,21,21,21,11,4.0,4096,0.0003,True,1.5,1024,512,1200,0.6346943378448486,0.6306285768951057,0.6388195353734772,1.0,1.0,0.0,0.0,0.19727283716201782,0.43742144107818604,0.06423169154960214,4040.764883253814,0.41402438282966614,0.31811046600341797,0.9933395928806444,0.7164291585599091,0.9926660542510451,1903.287109375,0.46466970443725586,0.0,0.32933083176612854
pali,coco_karpathy,final_quarter,False,6,0.8571428571428571,21,21,21,11,4.0,4096,0.001,False,1.1,1024,512,1200,0.7189244031906128,0.7147702018526616,0.7233633481984725,0.13916015625,0.140869140625,0.00244140625,0.004150390625,0.22260364890098572,0.49632078409194946,0.8804815944050159,520.82700678084,0.8539876937866211,1.3893800973892212,0.9893780504742244,0.9595769469284523,0.9954432119420549,505.33984375,0.12337398529052734,0.856201171875,0.8477715849876404
pali,coco_karpathy,final_quarter,False,6,0.8571428571428571,21,21,21,11,4.0,4096,0.001,False,1.25,1024,512,1200,0.7189244031906128,0.7147702018526616,0.7233633481984725,0.13720703125,0.14013671875,0.002197265625,0.005126953125,0.22260364890098572,0.49632078409194946,0.8804815944050159,520.82700678084,0.8539876937866211,1.3893800973892212,0.9893780504742244,0.9595769469284523,0.9954432119420549,505.33984375,0.12337398529052734,0.856201171875,0.8477715849876404
pali,coco_karpathy,final_quarter,False,6,0.8571428571428571,21,21,21,11,4.0,4096,0.001,False,1.5,1024,512,1200,0.7189244031906128,0.7147702018526616,0.7233633481984725,0.13623046875,0.1396484375,0.002197265625,0.005615234375,0.22260364890098572,0.49632078409194946,0.8804815944050159,520.82700678084,0.8539876937866211,1.3893800973892212,0.9893780504742244,0.9595769469284523,0.9954432119420549,505.33984375,0.12337398529052734,0.856201171875,0.8477715849876404
pali,coco_karpathy,final_quarter,False,6,0.8571428571428571,21,21,21,11,4.0,4096,0.001,True,1.1,1024,512,1200,0.6269228458404541,0.6228943067835644,0.6307823962066322,1.0,1.0,0.0,0.0,0.19491960108280182,0.43200328946113586,0.06463910777442834,4039.877934484772,0.4094303250312805,0.3138371407985687,0.9925054090319351,0.7157602646036214,0.991529891458713,1897.240234375,0.463193416595459,0.0,0.3245125710964203
pali,coco_karpathy,final_quarter,False,6,0.8571428571428571,21,21,21,11,4.0,4096,0.001,True,1.25,1024,512,1200,0.6269228458404541,0.6228943067835644,0.6307823962066322,1.0,1.0,0.0,0.0,0.19491960108280182,0.43200328946113586,0.06463910777442834,4039.877934484772,0.4094303250312805,0.3138371407985687,0.9925054090319351,0.7157602646036214,0.991529891458713,1897.240234375,0.463193416595459,0.0,0.3245125710964203
pali,coco_karpathy,final_quarter,False,6,0.8571428571428571,21,21,21,11,4.0,4096,0.001,True,1.5,1024,512,1200,0.6269228458404541,0.6228943067835644,0.6307823962066322,1.0,1.0,0.0,0.0,0.19491960108280182,0.43200328946113586,0.06463910777442834,4039.877934484772,0.4094303250312805,0.3138371407985687,0.9925054090319351,0.7157602646036214,0.991529891458713,1897.240234375,0.463193416595459,0.0,0.3245125710964203
pali,coco_karpathy,final_quarter,False,6,0.8571428571428571,21,21,21,23,2.0,4096,0.0003,False,1.1,1024,512,1200,0.7216271758079529,0.7176893284282414,0.7261835133074783,0.142578125,0.143798828125,0.002685546875,0.00390625,0.2233690321445465,0.49825817346572876,0.879606248268065,526.5860450236427,0.8644965291023254,1.381701111793518,0.9896986684723942,0.959607931579233,0.9951948555336179,512.556640625,0.1251358985900879,0.85107421875,0.8610596060752869
pali,coco_karpathy,final_quarter,False,6,0.8571428571428571,21,21,21,23,2.0,4096,0.0003,False,1.25,1024,512,1200,0.7216271758079529,0.7176893284282414,0.7261835133074783,0.142578125,0.143798828125,0.002685546875,0.00390625,0.2233690321445465,0.49825817346572876,0.879606248268065,526.5860450236427,0.8644965291023254,1.381701111793518,0.9896986684723942,0.959607931579233,0.9951948555336179,512.556640625,0.1251358985900879,0.85107421875,0.8610596060752869
pali,coco_karpathy,final_quarter,False,6,0.8571428571428571,21,21,21,23,2.0,4096,0.0003,False,1.5,1024,512,1200,0.7216271758079529,0.7176893284282414,0.7261835133074783,0.1416015625,0.1435546875,0.00244140625,0.00439453125,0.2233690321445465,0.49825817346572876,0.879606248268065,526.5860450236427,0.8644965291023254,1.381701111793518,0.9896986684723942,0.959607931579233,0.9951948555336179,512.556640625,0.1251358985900879,0.85107421875,0.8610596060752869
pali,coco_karpathy,final_quarter,False,6,0.8571428571428571,21,21,21,23,2.0,4096,0.0003,True,1.1,1024,512,1200,0.6350499391555786,0.6311396540579153,0.6390423147706314,1.0,1.0,0.0,0.0,0.19721946120262146,0.43783047795295715,0.06418932403501566,4039.2574562247983,0.41241341829299927,0.32182011008262634,0.9941366444082967,0.7175290382867437,0.9931876458675346,1904.083984375,0.46486425399780273,0.0,0.33082181215286255
pali,coco_karpathy,final_quarter,False,6,0.8571428571428571,21,21,21,23,2.0,4096,0.0003,True,1.25,1024,512,1200,0.6350499391555786,0.6311396540579153,0.6390423147706314,1.0,1.0,0.0,0.0,0.19721946120262146,0.43783047795295715,0.06418932403501566,4039.2574562247983,0.41241341829299927,0.32182011008262634,0.9941366444082967,0.7175290382867437,0.9931876458675346,1904.083984375,0.46486425399780273,0.0,0.33082181215286255
pali,coco_karpathy,final_quarter,False,6,0.8571428571428571,21,21,21,23,2.0,4096,0.0003,True,1.5,1024,512,1200,0.6350499391555786,0.6311396540579153,0.6390423147706314,1.0,1.0,0.0,0.0,0.19721946120262146,0.43783047795295715,0.06418932403501566,4039.2574562247983,0.41241341829299927,0.32182011008262634,0.9941366444082967,0.7175290382867437,0.9931876458675346,1904.083984375,0.46486425399780273,0.0,0.33082181215286255
pali,coco_karpathy,final_quarter,False,6,0.8571428571428571,21,21,21,23,2.0,4096,0.001,False,1.1,1024,512,1200,0.7211259603500366,0.7172180717549054,0.7256054164550733,0.142578125,0.143798828125,0.002685546875,0.00390625,0.22315624356269836,0.49796968698501587,0.8796360193622692,526.4725108966644,0.860861599445343,1.3760052919387817,0.9897429266273409,0.9596645100388661,0.9954396647370695,511.998046875,0.1249995231628418,0.85107421875,0.8566478490829468
pali,coco_karpathy,final_quarter,False,6,0.8571428571428571,21,21,21,23,2.0,4096,0.001,False,1.25,1024,512,1200,0.7211259603500366,0.7172180717549054,0.7256054164550733,0.142578125,0.143798828125,0.002685546875,0.00390625,0.22315624356269836,0.49796968698501587,0.8796360193622692,526.4725108966644,0.860861599445343,1.3760052919387817,0.9897429266273409,0.9596645100388661,0.9954396647370695,511.998046875,0.1249995231628418,0.85107421875,0.8566478490829468
pali,coco_karpathy,final_quarter,False,6,0.8571428571428571,21,21,21,23,2.0,4096,0.001,False,1.5,1024,512,1200,0.7211259603500366,0.7172180717549054,0.7256054164550733,0.1416015625,0.1435546875,0.00244140625,0.00439453125,0.22315624356269836,0.49796968698501587,0.8796360193622692,526.4725108966644,0.860861599445343,1.3760052919387817,0.9897429266273409,0.9596645100388661,0.9954396647370695,511.998046875,0.1249995231628418,0.85107421875,0.8566478490829468
pali,coco_karpathy,final_quarter,False,6,0.8571428571428571,21,21,21,23,2.0,4096,0.001,True,1.1,1024,512,1200,0.6279000043869019,0.6239543723175303,0.6319724469300126,1.0,1.0,0.0,0.0,0.19500166177749634,0.43289828300476074,0.06418284071862504,4039.5139767782816,0.40835070610046387,0.312335342168808,0.9940520895763091,0.7177047362151241,0.9936117931623852,1897.125,0.463165283203125,0.0,0.3261462152004242
pali,coco_karpathy,final_quarter,False,6,0.8571428571428571,21,21,21,23,2.0,4096,0.001,True,1.25,1024,512,1200,0.6279000043869019,0.6239543723175303,0.6319724469300126,1.0,1.0,0.0,0.0,0.19500166177749634,0.43289828300476074,0.06418284071862504,4039.5139767782816,0.40835070610046387,0.312335342168808,0.9940520895763091,0.7177047362151241,0.9936117931623852,1897.125,0.463165283203125,0.0,0.3261462152004242
pali,coco_karpathy,final_quarter,False,6,0.8571428571428571,21,21,21,23,2.0,4096,0.001,True,1.5,1024,512,1200,0.6279000043869019,0.6239543723175303,0.6319724469300126,1.0,1.0,0.0,0.0,0.19500166177749634,0.43289828300476074,0.06418284071862504,4039.5139767782816,0.40835070610046387,0.312335342168808,0.9940520895763091,0.7177047362151241,0.9936117931623852,1897.125,0.463165283203125,0.0,0.3261462152004242
pali,coco_karpathy,final_quarter,False,6,0.8571428571428571,21,21,21,23,4.0,4096,0.0003,False,1.1,1024,512,1200,0.7216271758079529,0.7176893284282414,0.7261835133074783,0.142578125,0.143798828125,0.002685546875,0.00390625,0.2233690321445465,0.49825817346572876,0.879606248268065,526.5860450236427,0.8644965291023254,1.381701111793518,0.9896986684723942,0.959607931579233,0.9951948555336179,512.556640625,0.1251358985900879,0.85107421875,0.8610596060752869
pali,coco_karpathy,final_quarter,False,6,0.8571428571428571,21,21,21,23,4.0,4096,0.0003,False,1.25,1024,512,1200,0.7216271758079529,0.7176893284282414,0.7261835133074783,0.142578125,0.143798828125,0.002685546875,0.00390625,0.2233690321445465,0.49825817346572876,0.879606248268065,526.5860450236427,0.8644965291023254,1.381701111793518,0.9896986684723942,0.959607931579233,0.9951948555336179,512.556640625,0.1251358985900879,0.85107421875,0.8610596060752869
pali,coco_karpathy,final_quarter,False,6,0.8571428571428571,21,21,21,23,4.0,4096,0.0003,False,1.5,1024,512,1200,0.7216271758079529,0.7176893284282414,0.7261835133074783,0.1416015625,0.1435546875,0.00244140625,0.00439453125,0.2233690321445465,0.49825817346572876,0.879606248268065,526.5860450236427,0.8644965291023254,1.381701111793518,0.9896986684723942,0.959607931579233,0.9951948555336179,512.556640625,0.1251358985900879,0.85107421875,0.8610596060752869
pali,coco_karpathy,final_quarter,False,6,0.8571428571428571,21,21,21,23,4.0,4096,0.0003,True,1.1,1024,512,1200,0.6350499391555786,0.6311396540579153,0.6390423147706314,1.0,1.0,0.0,0.0,0.19721946120262146,0.43783047795295715,0.06418932403501566,4039.2574562247983,0.41241341829299927,0.32182011008262634,0.9941366444082967,0.7175290382867437,0.9931876458675346,1904.083984375,0.46486425399780273,0.0,0.33082181215286255
pali,coco_karpathy,final_quarter,False,6,0.8571428571428571,21,21,21,23,4.0,4096,0.0003,True,1.25,1024,512,1200,0.6350499391555786,0.6311396540579153,0.6390423147706314,1.0,1.0,0.0,0.0,0.19721946120262146,0.43783047795295715,0.06418932403501566,4039.2574562247983,0.41241341829299927,0.32182011008262634,0.9941366444082967,0.7175290382867437,0.9931876458675346,1904.083984375,0.46486425399780273,0.0,0.33082181215286255
pali,coco_karpathy,final_quarter,False,6,0.8571428571428571,21,21,21,23,4.0,4096,0.0003,True,1.5,1024,512,1200,0.6350499391555786,0.6311396540579153,0.6390423147706314,1.0,1.0,0.0,0.0,0.19721946120262146,0.43783047795295715,0.06418932403501566,4039.2574562247983,0.41241341829299927,0.32182011008262634,0.9941366444082967,0.7175290382867437,0.9931876458675346,1904.083984375,0.46486425399780273,0.0,0.33082181215286255
pali,coco_karpathy,final_quarter,False,6,0.8571428571428571,21,21,21,23,4.0,4096,0.001,False,1.1,1024,512,1200,0.7211259603500366,0.7172180717549054,0.7256054164550733,0.142578125,0.143798828125,0.002685546875,0.00390625,0.22315624356269836,0.49796968698501587,0.8796360193622692,526.4725108966644,0.860861599445343,1.3760052919387817,0.9897429266273409,0.9596645100388661,0.9954396647370695,511.998046875,0.1249995231628418,0.85107421875,0.8566478490829468
pali,coco_karpathy,final_quarter,False,6,0.8571428571428571,21,21,21,23,4.0,4096,0.001,False,1.25,1024,512,1200,0.7211259603500366,0.7172180717549054,0.7256054164550733,0.142578125,0.143798828125,0.002685546875,0.00390625,0.22315624356269836,0.49796968698501587,0.8796360193622692,526.4725108966644,0.860861599445343,1.3760052919387817,0.9897429266273409,0.9596645100388661,0.9954396647370695,511.998046875,0.1249995231628418,0.85107421875,0.8566478490829468
pali,coco_karpathy,final_quarter,False,6,0.8571428571428571,21,21,21,23,4.0,4096,0.001,False,1.5,1024,512,1200,0.7211259603500366,0.7172180717549054,0.7256054164550733,0.1416015625,0.1435546875,0.00244140625,0.00439453125,0.22315624356269836,0.49796968698501587,0.8796360193622692,526.4725108966644,0.860861599445343,1.3760052919387817,0.9897429266273409,0.9596645100388661,0.9954396647370695,511.998046875,0.1249995231628418,0.85107421875,0.8566478490829468
pali,coco_karpathy,final_quarter,False,6,0.8571428571428571,21,21,21,23,4.0,4096,0.001,True,1.1,1024,512,1200,0.6279000043869019,0.6239543723175303,0.6319724469300126,1.0,1.0,0.0,0.0,0.19500166177749634,0.43289828300476074,0.06418284071862504,4039.5139767782816,0.40835070610046387,0.312335342168808,0.9940520895763091,0.7177047362151241,0.9936117931623852,1897.125,0.463165283203125,0.0,0.3261462152004242
pali,coco_karpathy,final_quarter,False,6,0.8571428571428571,21,21,21,23,4.0,4096,0.001,True,1.25,1024,512,1200,0.6279000043869019,0.6239543723175303,0.6319724469300126,1.0,1.0,0.0,0.0,0.19500166177749634,0.43289828300476074,0.06418284071862504,4039.5139767782816,0.40835070610046387,0.312335342168808,0.9940520895763091,0.7177047362151241,0.9936117931623852,1897.125,0.463165283203125,0.0,0.3261462152004242
pali,coco_karpathy,final_quarter,False,6,0.8571428571428571,21,21,21,23,4.0,4096,0.001,True,1.5,1024,512,1200,0.6279000043869019,0.6239543723175303,0.6319724469300126,1.0,1.0,0.0,0.0,0.19500166177749634,0.43289828300476074,0.06418284071862504,4039.5139767782816,0.40835070610046387,0.312335342168808,0.9940520895763091,0.7177047362151241,0.9936117931623852,1897.125,0.463165283203125,0.0,0.3261462152004242
pali,coco_karpathy,final_quarter,False,6,0.8571428571428571,21,21,21,37,2.0,4096,0.0003,False,1.1,1024,512,1200,0.7308863997459412,0.726303649917827,0.7352212761063128,0.141357421875,0.145263671875,0.002197265625,0.006103515625,0.2267841100692749,0.504102349281311,0.8781850453039202,533.6940010938325,0.8523416519165039,1.3750678300857544,0.9901328339430608,0.9598561260431245,0.9952339403448155,519.103515625,0.12673425674438477,0.849609375,0.8592861294746399
pali,coco_karpathy,final_quarter,False,6,0.8571428571428571,21,21,21,37,2.0,4096,0.0003,False,1.25,1024,512,1200,0.7308863997459412,0.726303649917827,0.7352212761063128,0.141357421875,0.145263671875,0.002197265625,0.006103515625,0.2267841100692749,0.504102349281311,0.8781850453039202,533.6940010938325,0.8523416519165039,1.3750678300857544,0.9901328339430608,0.9598561260431245,0.9952339403448155,519.103515625,0.12673425674438477,0.849609375,0.8592861294746399
pali,coco_karpathy,final_quarter,False,6,0.8571428571428571,21,21,21,37,2.0,4096,0.0003,False,1.5,1024,512,1200,0.7308863997459412,0.726303649917827,0.7352212761063128,0.140380859375,0.144775390625,0.002197265625,0.006591796875,0.2267841100692749,0.504102349281311,0.8781850453039202,533.6940010938325,0.8523416519165039,1.3750678300857544,0.9901328339430608,0.9598561260431245,0.9952339403448155,519.103515625,0.12673425674438477,0.849609375,0.8592861294746399
pali,coco_karpathy,final_quarter,False,6,0.8571428571428571,21,21,21,37,2.0,4096,0.0003,True,1.1,1024,512,1200,0.6374003291130066,0.6334638759464724,0.6413847554358654,1.0,1.0,0.0,0.0,0.19792509078979492,0.43947523832321167,0.06351102129858806,4039.444851407198,0.4196687936782837,0.3177700936794281,0.9928685421864142,0.7171235426789546,0.9950080609541542,1907.693359375,0.4657454490661621,0.0,0.3315224051475525
pali,coco_karpathy,final_quarter,False,6,0.8571428571428571,21,21,21,37,2.0,4096,0.0003,True,1.25,1024,512,1200,0.6374003291130066,0.6334638759464724,0.6413847554358654,1.0,1.0,0.0,0.0,0.19792509078979492,0.43947523832321167,0.06351102129858806,4039.444851407198,0.4196687936782837,0.3177700936794281,0.9928685421864142,0.7171235426789546,0.9950080609541542,1907.693359375,0.4657454490661621,0.0,0.3315224051475525
pali,coco_karpathy,final_quarter,False,6,0.8571428571428571,21,21,21,37,2.0,4096,0.0003,True,1.5,1024,512,1200,0.6374003291130066,0.6334638759464724,0.6413847554358654,1.0,1.0,0.0,0.0,0.19792509078979492,0.43947523832321167,0.06351102129858806,4039.444851407198,0.4196687936782837,0.3177700936794281,0.9928685421864142,0.7171235426789546,0.9950080609541542,1907.693359375,0.4657454490661621,0.0,0.3315224051475525
pali,coco_karpathy,final_quarter,False,6,0.8571428571428571,21,21,21,37,2.0,4096,0.001,False,1.1,1024,512,1200,0.7307273149490356,0.7261488231568365,0.735127761089825,0.141357421875,0.145263671875,0.002197265625,0.006103515625,0.2267686128616333,0.5039587020874023,0.8780030150452677,534.3047301181554,0.8483756184577942,1.3760838508605957,0.9900684690084408,0.959760585806449,0.9953382526310688,519.462890625,0.12682199478149414,0.849609375,0.8587978482246399
pali,coco_karpathy,final_quarter,False,6,0.8571428571428571,21,21,21,37,2.0,4096,0.001,False,1.25,1024,512,1200,0.7307273149490356,0.7261488231568365,0.735127761089825,0.141357421875,0.145263671875,0.002197265625,0.006103515625,0.2267686128616333,0.5039587020874023,0.8780030150452677,534.3047301181554,0.8483756184577942,1.3760838508605957,0.9900684690084408,0.959760585806449,0.9953382526310688,519.462890625,0.12682199478149414,0.849609375,0.8587978482246399
pali,coco_karpathy,final_quarter,False,6,0.8571428571428571,21,21,21,37,2.0,4096,0.001,False,1.5,1024,512,1200,0.7307273149490356,0.7261488231568365,0.735127761089825,0.140380859375,0.144775390625,0.002197265625,0.006591796875,0.2267686128616333,0.5039587020874023,0.8780030150452677,534.3047301181554,0.8483756184577942,1.3760838508605957,0.9900684690084408,0.959760585806449,0.9953382526310688,519.462890625,0.12682199478149414,0.849609375,0.8587978482246399
pali,coco_karpathy,final_quarter,False,6,0.8571428571428571,21,21,21,37,2.0,4096,0.001,True,1.1,1024,512,1200,0.6288639307022095,0.625134230958065,0.632786520026275,1.0,1.0,0.0,0.0,0.19502100348472595,0.4338429570198059,0.06452000322788416,4037.4807866002884,0.4134436845779419,0.31352779269218445,0.9921042401729092,0.7164822779200619,0.9950271134936737,1897.40625,0.46323394775390625,0.0,0.3258615732192993
pali,coco_karpathy,final_quarter,False,6,0.8571428571428571,21,21,21,37,2.0,4096,0.001,True,1.25,1024,512,1200,0.6288639307022095,0.625134230958065,0.632786520026275,1.0,1.0,0.0,0.0,0.19502100348472595,0.4338429570198059,0.06452000322788416,4037.4807866002884,0.4134436845779419,0.31352779269218445,0.9921042401729092,0.7164822779200619,0.9950271134936737,1897.40625,0.46323394775390625,0.0,0.3258615732192993
pali,coco_karpathy,final_quarter,False,6,0.8571428571428571,21,21,21,37,2.0,4096,0.001,True,1.5,1024,512,1200,0.6288639307022095,0.625134230958065,0.632786520026275,1.0,1.0,0.0,0.0,0.19502100348472595,0.4338429570198059,0.06452000322788416,4037.4807866002884,0.4134436845779419,0.31352779269218445,0.9921042401729092,0.7164822779200619,0.9950271134936737,1897.40625,0.46323394775390625,0.0,0.3258615732192993
pali,coco_karpathy,final_quarter,False,6,0.8571428571428571,21,21,21,37,4.0,4096,0.0003,False,1.1,1024,512,1200,0.7308863997459412,0.726303649917827,0.7352212761063128,0.141357421875,0.145263671875,0.002197265625,0.006103515625,0.2267841100692749,0.504102349281311,0.8781850453039202,533.6940010938325,0.8523416519165039,1.3750678300857544,0.9901328339430608,0.9598561260431245,0.9952339403448155,519.103515625,0.12673425674438477,0.849609375,0.8592861294746399
pali,coco_karpathy,final_quarter,False,6,0.8571428571428571,21,21,21,37,4.0,4096,0.0003,False,1.25,1024,512,1200,0.7308863997459412,0.726303649917827,0.7352212761063128,0.141357421875,0.145263671875,0.002197265625,0.006103515625,0.2267841100692749,0.504102349281311,0.8781850453039202,533.6940010938325,0.8523416519165039,1.3750678300857544,0.9901328339430608,0.9598561260431245,0.9952339403448155,519.103515625,0.12673425674438477,0.849609375,0.8592861294746399
pali,coco_karpathy,final_quarter,False,6,0.8571428571428571,21,21,21,37,4.0,4096,0.0003,False,1.5,1024,512,1200,0.7308863997459412,0.726303649917827,0.7352212761063128,0.140380859375,0.144775390625,0.002197265625,0.006591796875,0.2267841100692749,0.504102349281311,0.8781850453039202,533.6940010938325,0.8523416519165039,1.3750678300857544,0.9901328339430608,0.9598561260431245,0.9952339403448155,519.103515625,0.12673425674438477,0.849609375,0.8592861294746399
pali,coco_karpathy,final_quarter,False,6,0.8571428571428571,21,21,21,37,4.0,4096,0.0003,True,1.1,1024,512,1200,0.6374003291130066,0.6334638759464724,0.6413847554358654,1.0,1.0,0.0,0.0,0.19792509078979492,0.43947523832321167,0.06351102129858806,4039.444851407198,0.4196687936782837,0.3177700936794281,0.9928685421864142,0.7171235426789546,0.9950080609541542,1907.693359375,0.4657454490661621,0.0,0.3315224051475525
pali,coco_karpathy,final_quarter,False,6,0.8571428571428571,21,21,21,37,4.0,4096,0.0003,True,1.25,1024,512,1200,0.6374003291130066,0.6334638759464724,0.6413847554358654,1.0,1.0,0.0,0.0,0.19792509078979492,0.43947523832321167,0.06351102129858806,4039.444851407198,0.4196687936782837,0.3177700936794281,0.9928685421864142,0.7171235426789546,0.9950080609541542,1907.693359375,0.4657454490661621,0.0,0.3315224051475525
pali,coco_karpathy,final_quarter,False,6,0.8571428571428571,21,21,21,37,4.0,4096,0.0003,True,1.5,1024,512,1200,0.6374003291130066,0.6334638759464724,0.6413847554358654,1.0,1.0,0.0,0.0,0.19792509078979492,0.43947523832321167,0.06351102129858806,4039.444851407198,0.4196687936782837,0.3177700936794281,0.9928685421864142,0.7171235426789546,0.9950080609541542,1907.693359375,0.4657454490661621,0.0,0.3315224051475525
pali,coco_karpathy,final_quarter,False,6,0.8571428571428571,21,21,21,37,4.0,4096,0.001,False,1.1,1024,512,1200,0.7307273149490356,0.7261488231568365,0.735127761089825,0.141357421875,0.145263671875,0.002197265625,0.006103515625,0.2267686128616333,0.5039587020874023,0.8780030150452677,534.3047301181554,0.8483756184577942,1.3760838508605957,0.9900684690084408,0.959760585806449,0.9953382526310688,519.462890625,0.12682199478149414,0.849609375,0.8587978482246399
pali,coco_karpathy,final_quarter,False,6,0.8571428571428571,21,21,21,37,4.0,4096,0.001,False,1.25,1024,512,1200,0.7307273149490356,0.7261488231568365,0.735127761089825,0.141357421875,0.145263671875,0.002197265625,0.006103515625,0.2267686128616333,0.5039587020874023,0.8780030150452677,534.3047301181554,0.8483756184577942,1.3760838508605957,0.9900684690084408,0.959760585806449,0.9953382526310688,519.462890625,0.12682199478149414,0.849609375,0.8587978482246399
pali,coco_karpathy,final_quarter,False,6,0.8571428571428571,21,21,21,37,4.0,4096,0.001,False,1.5,1024,512,1200,0.7307273149490356,0.7261488231568365,0.735127761089825,0.140380859375,0.144775390625,0.002197265625,0.006591796875,0.2267686128616333,0.5039587020874023,0.8780030150452677,534.3047301181554,0.8483756184577942,1.3760838508605957,0.9900684690084408,0.959760585806449,0.9953382526310688,519.462890625,0.12682199478149414,0.849609375,0.8587978482246399
pali,coco_karpathy,final_quarter,False,6,0.8571428571428571,21,21,21,37,4.0,4096,0.001,True,1.1,1024,512,1200,0.6288639307022095,0.625134230958065,0.632786520026275,1.0,1.0,0.0,0.0,0.19502100348472595,0.4338429570198059,0.06452000322788416,4037.4807866002884,0.4134436845779419,0.31352779269218445,0.9921042401729092,0.7164822779200619,0.9950271134936737,1897.40625,0.46323394775390625,0.0,0.3258615732192993
pali,coco_karpathy,final_quarter,False,6,0.8571428571428571,21,21,21,37,4.0,4096,0.001,True,1.25,1024,512,1200,0.6288639307022095,0.625134230958065,0.632786520026275,1.0,1.0,0.0,0.0,0.19502100348472595,0.4338429570198059,0.06452000322788416,4037.4807866002884,0.4134436845779419,0.31352779269218445,0.9921042401729092,0.7164822779200619,0.9950271134936737,1897.40625,0.46323394775390625,0.0,0.3258615732192993
pali,coco_karpathy,final_quarter,False,6,0.8571428571428571,21,21,21,37,4.0,4096,0.001,True,1.5,1024,512,1200,0.6288639307022095,0.625134230958065,0.632786520026275,1.0,1.0,0.0,0.0,0.19502100348472595,0.4338429570198059,0.06452000322788416,4037.4807866002884,0.4134436845779419,0.31352779269218445,0.9921042401729092,0.7164822779200619,0.9950271134936737,1897.40625,0.46323394775390625,0.0,0.3258615732192993
pali,coco_karpathy,final_quarter,False,7,1.0,25,25,25,11,2.0,4096,0.0003,False,1.1,1024,512,1200,0.1782282590866089,0.17690159408957698,0.17939946523620165,0.111328125,0.114501953125,0.000732421875,0.00390625,0.05378412455320358,0.1244441345334053,0.904374263401617,421.08602625364824,0.16660639643669128,0.6423918604850769,0.9830396628191359,0.9459103143734957,0.9911327128935706,402.1640625,0.09818458557128906,0.882080078125,0.1973075568675995
pali,coco_karpathy,final_quarter,False,7,1.0,25,25,25,11,2.0,4096,0.0003,False,1.25,1024,512,1200,0.1782282590866089,0.17690159408957698,0.17939946523620165,0.111328125,0.114501953125,0.000732421875,0.00390625,0.05378412455320358,0.1244441345334053,0.904374263401617,421.08602625364824,0.16660639643669128,0.6423918604850769,0.9830396628191359,0.9459103143734957,0.9911327128935706,402.1640625,0.09818458557128906,0.882080078125,0.1973075568675995
pali,coco_karpathy,final_quarter,False,7,1.0,25,25,25,11,2.0,4096,0.0003,False,1.5,1024,512,1200,0.1782282590866089,0.17690159408957698,0.17939946523620165,0.10888671875,0.11328125,0.000732421875,0.005126953125,0.05378412455320358,0.1244441345334053,0.904374263401617,421.08602625364824,0.16660639643669128,0.6423918604850769,0.9830396628191359,0.9459103143734957,0.9911327128935706,402.1640625,0.09818458557128906,0.882080078125,0.1973075568675995
pali,coco_karpathy,final_quarter,False,7,1.0,25,25,25,11,2.0,4096,0.0003,True,1.1,1024,512,1200,0.601134717464447,0.5973562253377167,0.6053343180188676,1.0,1.0,0.0,0.0,0.18116873502731323,0.4199659526348114,0.07154089088295044,4010.246316039544,0.43596816062927246,0.31747061014175415,0.9946157340389233,0.7742422800141572,0.9948258428330891,1890.9453125,0.4616565704345703,0.0,0.32007840275764465
pali,coco_karpathy,final_quarter,False,7,1.0,25,25,25,11,2.0,4096,0.0003,True,1.25,1024,512,1200,0.601134717464447,0.5973562253377167,0.6053343180188676,1.0,1.0,0.0,0.0,0.18116873502731323,0.4199659526348114,0.07154089088295044,4010.246316039544,0.43596816062927246,0.31747061014175415,0.9946157340389233,0.7742422800141572,0.9948258428330891,1890.9453125,0.4616565704345703,0.0,0.32007840275764465
pali,coco_karpathy,final_quarter,False,7,1.0,25,25,25,11,2.0,4096,0.0003,True,1.5,1024,512,1200,0.601134717464447,0.5973562253377167,0.6053343180188676,1.0,1.0,0.0,0.0,0.18116873502731323,0.4199659526348114,0.07154089088295044,4010.246316039544,0.43596816062927246,0.31747061014175415,0.9946157340389233,0.7742422800141572,0.9948258428330891,1890.9453125,0.4616565704345703,0.0,0.32007840275764465
pali,coco_karpathy,final_quarter,False,7,1.0,25,25,25,11,2.0,4096,0.001,False,1.1,1024,512,1200,0.17760688066482544,0.17625950619622016,0.17876106767653255,0.111328125,0.114501953125,0.000732421875,0.00390625,0.053599320352077484,0.12400755286216736,0.9045450508748537,420.57288823549334,0.16513313353061676,0.6375774145126343,0.9830457737280885,0.9457514551692205,0.9909470129283604,400.7734375,0.09784507751464844,0.882080078125,0.1953672468662262
pali,coco_karpathy,final_quarter,False,7,1.0,25,25,25,11,2.0,4096,0.001,False,1.25,1024,512,1200,0.17760688066482544,0.17625950619622016,0.17876106767653255,0.111328125,0.114501953125,0.000732421875,0.00390625,0.053599320352077484,0.12400755286216736,0.9045450508748537,420.57288823549334,0.16513313353061676,0.6375774145126343,0.9830457737280885,0.9457514551692205,0.9909470129283604,400.7734375,0.09784507751464844,0.882080078125,0.1953672468662262
pali,coco_karpathy,final_quarter,False,7,1.0,25,25,25,11,2.0,4096,0.001,False,1.5,1024,512,1200,0.17760688066482544,0.17625950619622016,0.17876106767653255,0.109375,0.113525390625,0.000732421875,0.0048828125,0.053599320352077484,0.12400755286216736,0.9045450508748537,420.57288823549334,0.16513313353061676,0.6375774145126343,0.9830457737280885,0.9457514551692205,0.9909470129283604,400.7734375,0.09784507751464844,0.882080078125,0.1953672468662262
pali,coco_karpathy,final_quarter,False,7,1.0,25,25,25,11,2.0,4096,0.001,True,1.1,1024,512,1200,0.5939289927482605,0.5900799321068917,0.5979218334934557,1.0,1.0,0.0,0.0,0.1790246218442917,0.4149043560028076,0.07018801930182705,4014.15539184247,0.426535427570343,0.3117031455039978,0.9939164967108304,0.7736188187249664,0.993748272394468,1886.072265625,0.4604668617248535,0.0,0.31556200981140137
pali,coco_karpathy,final_quarter,False,7,1.0,25,25,25,11,2.0,4096,0.001,True,1.25,1024,512,1200,0.5939289927482605,0.5900799321068917,0.5979218334934557,1.0,1.0,0.0,0.0,0.1790246218442917,0.4149043560028076,0.07018801930182705,4014.15539184247,0.426535427570343,0.3117031455039978,0.9939164967108304,0.7736188187249664,0.993748272394468,1886.072265625,0.4604668617248535,0.0,0.31556200981140137
pali,coco_karpathy,final_quarter,False,7,1.0,25,25,25,11,2.0,4096,0.001,True,1.5,1024,512,1200,0.5939289927482605,0.5900799321068917,0.5979218334934557,1.0,1.0,0.0,0.0,0.1790246218442917,0.4149043560028076,0.07018801930182705,4014.15539184247,0.426535427570343,0.3117031455039978,0.9939164967108304,0.7736188187249664,0.993748272394468,1886.072265625,0.4604668617248535,0.0,0.31556200981140137
pali,coco_karpathy,final_quarter,False,7,1.0,25,25,25,11,4.0,4096,0.0003,False,1.1,1024,512,1200,0.1782282590866089,0.17690159408957698,0.17939946523620165,0.111328125,0.114501953125,0.000732421875,0.00390625,0.05378412455320358,0.1244441345334053,0.904374263401617,421.08602625364824,0.16660639643669128,0.6423918604850769,0.9830396628191359,0.9459103143734957,0.9911327128935706,402.1640625,0.09818458557128906,0.882080078125,0.1973075568675995
pali,coco_karpathy,final_quarter,False,7,1.0,25,25,25,11,4.0,4096,0.0003,False,1.25,1024,512,1200,0.1782282590866089,0.17690159408957698,0.17939946523620165,0.111328125,0.114501953125,0.000732421875,0.00390625,0.05378412455320358,0.1244441345334053,0.904374263401617,421.08602625364824,0.16660639643669128,0.6423918604850769,0.9830396628191359,0.9459103143734957,0.9911327128935706,402.1640625,0.09818458557128906,0.882080078125,0.1973075568675995
pali,coco_karpathy,final_quarter,False,7,1.0,25,25,25,11,4.0,4096,0.0003,False,1.5,1024,512,1200,0.1782282590866089,0.17690159408957698,0.17939946523620165,0.10888671875,0.11328125,0.000732421875,0.005126953125,0.05378412455320358,0.1244441345334053,0.904374263401617,421.08602625364824,0.16660639643669128,0.6423918604850769,0.9830396628191359,0.9459103143734957,0.9911327128935706,402.1640625,0.09818458557128906,0.882080078125,0.1973075568675995
pali,coco_karpathy,final_quarter,False,7,1.0,25,25,25,11,4.0,4096,0.0003,True,1.1,1024,512,1200,0.601134717464447,0.5973562253377167,0.6053343180188676,1.0,1.0,0.0,0.0,0.18116873502731323,0.4199659526348114,0.07154089088295044,4010.246316039544,0.43596816062927246,0.31747061014175415,0.9946157340389233,0.7742422800141572,0.9948258428330891,1890.9453125,0.4616565704345703,0.0,0.32007840275764465
pali,coco_karpathy,final_quarter,False,7,1.0,25,25,25,11,4.0,4096,0.0003,True,1.25,1024,512,1200,0.601134717464447,0.5973562253377167,0.6053343180188676,1.0,1.0,0.0,0.0,0.18116873502731323,0.4199659526348114,0.07154089088295044,4010.246316039544,0.43596816062927246,0.31747061014175415,0.9946157340389233,0.7742422800141572,0.9948258428330891,1890.9453125,0.4616565704345703,0.0,0.32007840275764465
pali,coco_karpathy,final_quarter,False,7,1.0,25,25,25,11,4.0,4096,0.0003,True,1.5,1024,512,1200,0.601134717464447,0.5973562253377167,0.6053343180188676,1.0,1.0,0.0,0.0,0.18116873502731323,0.4199659526348114,0.07154089088295044,4010.246316039544,0.43596816062927246,0.31747061014175415,0.9946157340389233,0.7742422800141572,0.9948258428330891,1890.9453125,0.4616565704345703,0.0,0.32007840275764465
pali,coco_karpathy,final_quarter,False,7,1.0,25,25,25,11,4.0,4096,0.001,False,1.1,1024,512,1200,0.17760688066482544,0.17625950619622016,0.17876106767653255,0.111328125,0.114501953125,0.000732421875,0.00390625,0.053599320352077484,0.12400755286216736,0.9045450508748537,420.57288823549334,0.16513313353061676,0.6375774145126343,0.9830457737280885,0.9457514551692205,0.9909470129283604,400.7734375,0.09784507751464844,0.882080078125,0.1953672468662262
pali,coco_karpathy,final_quarter,False,7,1.0,25,25,25,11,4.0,4096,0.001,False,1.25,1024,512,1200,0.17760688066482544,0.17625950619622016,0.17876106767653255,0.111328125,0.114501953125,0.000732421875,0.00390625,0.053599320352077484,0.12400755286216736,0.9045450508748537,420.57288823549334,0.16513313353061676,0.6375774145126343,0.9830457737280885,0.9457514551692205,0.9909470129283604,400.7734375,0.09784507751464844,0.882080078125,0.1953672468662262
pali,coco_karpathy,final_quarter,False,7,1.0,25,25,25,11,4.0,4096,0.001,False,1.5,1024,512,1200,0.17760688066482544,0.17625950619622016,0.17876106767653255,0.109375,0.113525390625,0.000732421875,0.0048828125,0.053599320352077484,0.12400755286216736,0.9045450508748537,420.57288823549334,0.16513313353061676,0.6375774145126343,0.9830457737280885,0.9457514551692205,0.9909470129283604,400.7734375,0.09784507751464844,0.882080078125,0.1953672468662262
pali,coco_karpathy,final_quarter,False,7,1.0,25,25,25,11,4.0,4096,0.001,True,1.1,1024,512,1200,0.5939289927482605,0.5900799321068917,0.5979218334934557,1.0,1.0,0.0,0.0,0.1790246218442917,0.4149043560028076,0.07018801930182705,4014.15539184247,0.426535427570343,0.3117031455039978,0.9939164967108304,0.7736188187249664,0.993748272394468,1886.072265625,0.4604668617248535,0.0,0.31556200981140137
pali,coco_karpathy,final_quarter,False,7,1.0,25,25,25,11,4.0,4096,0.001,True,1.25,1024,512,1200,0.5939289927482605,0.5900799321068917,0.5979218334934557,1.0,1.0,0.0,0.0,0.1790246218442917,0.4149043560028076,0.07018801930182705,4014.15539184247,0.426535427570343,0.3117031455039978,0.9939164967108304,0.7736188187249664,0.993748272394468,1886.072265625,0.4604668617248535,0.0,0.31556200981140137
pali,coco_karpathy,final_quarter,False,7,1.0,25,25,25,11,4.0,4096,0.001,True,1.5,1024,512,1200,0.5939289927482605,0.5900799321068917,0.5979218334934557,1.0,1.0,0.0,0.0,0.1790246218442917,0.4149043560028076,0.07018801930182705,4014.15539184247,0.426535427570343,0.3117031455039978,0.9939164967108304,0.7736188187249664,0.993748272394468,1886.072265625,0.4604668617248535,0.0,0.31556200981140137
pali,coco_karpathy,final_quarter,False,7,1.0,25,25,25,23,2.0,4096,0.0003,False,1.1,1024,512,1200,0.1668435037136078,0.16557192050677258,0.16793978026616968,0.10302734375,0.103271484375,0.001953125,0.002197265625,0.05034159868955612,0.11650191247463226,0.9158326160838991,371.0652165157568,0.16266757249832153,0.64885413646698,0.9806823565226316,0.9440808877211292,0.9907011626068337,358.216796875,0.08745527267456055,0.895263671875,0.18955884873867035
pali,coco_karpathy,final_quarter,False,7,1.0,25,25,25,23,2.0,4096,0.0003,False,1.25,1024,512,1200,0.1668435037136078,0.16557192050677258,0.16793978026616968,0.10205078125,0.10302734375,0.001708984375,0.002685546875,0.05034159868955612,0.11650191247463226,0.9158326160838991,371.0652165157568,0.16266757249832153,0.64885413646698,0.9806823565226316,0.9440808877211292,0.9907011626068337,358.216796875,0.08745527267456055,0.895263671875,0.18955884873867035
pali,coco_karpathy,final_quarter,False,7,1.0,25,25,25,23,2.0,4096,0.0003,False,1.5,1024,512,1200,0.1668435037136078,0.16557192050677258,0.16793978026616968,0.1015625,0.102783203125,0.001708984375,0.0029296875,0.05034159868955612,0.11650191247463226,0.9158326160838991,371.0652165157568,0.16266757249832153,0.64885413646698,0.9806823565226316,0.9440808877211292,0.9907011626068337,358.216796875,0.08745527267456055,0.895263671875,0.18955884873867035
pali,coco_karpathy,final_quarter,False,7,1.0,25,25,25,23,2.0,4096,0.0003,True,1.1,1024,512,1200,0.598515510559082,0.5950955825290294,0.6022313204477541,1.0,1.0,0.0,0.0,0.18053747713565826,0.41797804832458496,0.07063190814296345,4013.289550790315,0.4227082133293152,0.3165285587310791,0.9947316808821359,0.7736227406097822,0.9938853590580906,1891.783203125,0.46186113357543945,0.0,0.31856825947761536
pali,coco_karpathy,final_quarter,False,7,1.0,25,25,25,23,2.0,4096,0.0003,True,1.25,1024,512,1200,0.598515510559082,0.5950955825290294,0.6022313204477541,1.0,1.0,0.0,0.0,0.18053747713565826,0.41797804832458496,0.07063190814296345,4013.289550790315,0.4227082133293152,0.3165285587310791,0.9947316808821359,0.7736227406097822,0.9938853590580906,1891.783203125,0.46186113357543945,0.0,0.31856825947761536
pali,coco_karpathy,final_quarter,False,7,1.0,25,25,25,23,2.0,4096,0.0003,True,1.5,1024,512,1200,0.598515510559082,0.5950955825290294,0.6022313204477541,1.0,1.0,0.0,0.0,0.18053747713565826,0.41797804832458496,0.07063190814296345,4013.289550790315,0.4227082133293152,0.3165285587310791,0.9947316808821359,0.7736227406097822,0.9938853590580906,1891.783203125,0.46186113357543945,0.0,0.31856825947761536
pali,coco_karpathy,final_quarter,False,7,1.0,25,25,25,23,2.0,4096,0.001,False,1.1,1024,512,1200,0.16635727882385254,0.16510417684548884,0.16744418558009783,0.10302734375,0.103271484375,0.001953125,0.002197265625,0.05019267648458481,0.11616459488868713,0.9159114051784909,370.96088395451375,0.16115297377109528,0.6383904814720154,0.9806654615765376,0.9439646971545453,0.9912889361296023,357.6953125,0.08732795715332031,0.895263671875,0.18778878450393677
pali,coco_karpathy,final_quarter,False,7,1.0,25,25,25,23,2.0,4096,0.001,False,1.25,1024,512,1200,0.16635727882385254,0.16510417684548884,0.16744418558009783,0.10205078125,0.10302734375,0.001708984375,0.002685546875,0.05019267648458481,0.11616459488868713,0.9159114051784909,370.96088395451375,0.16115297377109528,0.6383904814720154,0.9806654615765376,0.9439646971545453,0.9912889361296023,357.6953125,0.08732795715332031,0.895263671875,0.18778878450393677
pali,coco_karpathy,final_quarter,False,7,1.0,25,25,25,23,2.0,4096,0.001,False,1.5,1024,512,1200,0.16635727882385254,0.16510417684548884,0.16744418558009783,0.1015625,0.102783203125,0.001708984375,0.0029296875,0.05019267648458481,0.11616459488868713,0.9159114051784909,370.96088395451375,0.16115297377109528,0.6383904814720154,0.9806654615765376,0.9439646971545453,0.9912889361296023,357.6953125,0.08732795715332031,0.895263671875,0.18778878450393677
pali,coco_karpathy,final_quarter,False,7,1.0,25,25,25,23,2.0,4096,0.001,True,1.1,1024,512,1200,0.5927376747131348,0.5893950090030557,0.5963801781501388,1.0,1.0,0.0,0.0,0.178895503282547,0.4138421416282654,0.0688377705101102,4015.6947753861327,0.4225690960884094,0.3126313388347626,0.9940690516557935,0.7719716863005885,0.9922622643415737,1893.474609375,0.46227407455444336,0.0,0.3152359426021576
pali,coco_karpathy,final_quarter,False,7,1.0,25,25,25,23,2.0,4096,0.001,True,1.25,1024,512,1200,0.5927376747131348,0.5893950090030557,0.5963801781501388,1.0,1.0,0.0,0.0,0.178895503282547,0.4138421416282654,0.0688377705101102,4015.6947753861327,0.4225690960884094,0.3126313388347626,0.9940690516557935,0.7719716863005885,0.9922622643415737,1893.474609375,0.46227407455444336,0.0,0.3152359426021576
pali,coco_karpathy,final_quarter,False,7,1.0,25,25,25,23,2.0,4096,0.001,True,1.5,1024,512,1200,0.5927376747131348,0.5893950090030557,0.5963801781501388,1.0,1.0,0.0,0.0,0.178895503282547,0.4138421416282654,0.0688377705101102,4015.6947753861327,0.4225690960884094,0.3126313388347626,0.9940690516557935,0.7719716863005885,0.9922622643415737,1893.474609375,0.46227407455444336,0.0,0.3152359426021576
pali,coco_karpathy,final_quarter,False,7,1.0,25,25,25,23,4.0,4096,0.0003,False,1.1,1024,512,1200,0.1668435037136078,0.16557192050677258,0.16793978026616968,0.10302734375,0.103271484375,0.001953125,0.002197265625,0.05034159868955612,0.11650191247463226,0.9158326160838991,371.0652165157568,0.16266757249832153,0.64885413646698,0.9806823565226316,0.9440808877211292,0.9907011626068337,358.216796875,0.08745527267456055,0.895263671875,0.18955884873867035
pali,coco_karpathy,final_quarter,False,7,1.0,25,25,25,23,4.0,4096,0.0003,False,1.25,1024,512,1200,0.1668435037136078,0.16557192050677258,0.16793978026616968,0.10205078125,0.10302734375,0.001708984375,0.002685546875,0.05034159868955612,0.11650191247463226,0.9158326160838991,371.0652165157568,0.16266757249832153,0.64885413646698,0.9806823565226316,0.9440808877211292,0.9907011626068337,358.216796875,0.08745527267456055,0.895263671875,0.18955884873867035
pali,coco_karpathy,final_quarter,False,7,1.0,25,25,25,23,4.0,4096,0.0003,False,1.5,1024,512,1200,0.1668435037136078,0.16557192050677258,0.16793978026616968,0.1015625,0.102783203125,0.001708984375,0.0029296875,0.05034159868955612,0.11650191247463226,0.9158326160838991,371.0652165157568,0.16266757249832153,0.64885413646698,0.9806823565226316,0.9440808877211292,0.9907011626068337,358.216796875,0.08745527267456055,0.895263671875,0.18955884873867035
pali,coco_karpathy,final_quarter,False,7,1.0,25,25,25,23,4.0,4096,0.0003,True,1.1,1024,512,1200,0.598515510559082,0.5950955825290294,0.6022313204477541,1.0,1.0,0.0,0.0,0.18053747713565826,0.41797804832458496,0.07063190814296345,4013.289550790315,0.4227082133293152,0.3165285587310791,0.9947316808821359,0.7736227406097822,0.9938853590580906,1891.783203125,0.46186113357543945,0.0,0.31856825947761536
pali,coco_karpathy,final_quarter,False,7,1.0,25,25,25,23,4.0,4096,0.0003,True,1.25,1024,512,1200,0.598515510559082,0.5950955825290294,0.6022313204477541,1.0,1.0,0.0,0.0,0.18053747713565826,0.41797804832458496,0.07063190814296345,4013.289550790315,0.4227082133293152,0.3165285587310791,0.9947316808821359,0.7736227406097822,0.9938853590580906,1891.783203125,0.46186113357543945,0.0,0.31856825947761536
pali,coco_karpathy,final_quarter,False,7,1.0,25,25,25,23,4.0,4096,0.0003,True,1.5,1024,512,1200,0.598515510559082,0.5950955825290294,0.6022313204477541,1.0,1.0,0.0,0.0,0.18053747713565826,0.41797804832458496,0.07063190814296345,4013.289550790315,0.4227082133293152,0.3165285587310791,0.9947316808821359,0.7736227406097822,0.9938853590580906,1891.783203125,0.46186113357543945,0.0,0.31856825947761536
pali,coco_karpathy,final_quarter,False,7,1.0,25,25,25,23,4.0,4096,0.001,False,1.1,1024,512,1200,0.16635727882385254,0.16510417684548884,0.16744418558009783,0.10302734375,0.103271484375,0.001953125,0.002197265625,0.05019267648458481,0.11616459488868713,0.9159114051784909,370.96088395451375,0.16115297377109528,0.6383904814720154,0.9806654615765376,0.9439646971545453,0.9912889361296023,357.6953125,0.08732795715332031,0.895263671875,0.18778878450393677
pali,coco_karpathy,final_quarter,False,7,1.0,25,25,25,23,4.0,4096,0.001,False,1.25,1024,512,1200,0.16635727882385254,0.16510417684548884,0.16744418558009783,0.10205078125,0.10302734375,0.001708984375,0.002685546875,0.05019267648458481,0.11616459488868713,0.9159114051784909,370.96088395451375,0.16115297377109528,0.6383904814720154,0.9806654615765376,0.9439646971545453,0.9912889361296023,357.6953125,0.08732795715332031,0.895263671875,0.18778878450393677
pali,coco_karpathy,final_quarter,False,7,1.0,25,25,25,23,4.0,4096,0.001,False,1.5,1024,512,1200,0.16635727882385254,0.16510417684548884,0.16744418558009783,0.1015625,0.102783203125,0.001708984375,0.0029296875,0.05019267648458481,0.11616459488868713,0.9159114051784909,370.96088395451375,0.16115297377109528,0.6383904814720154,0.9806654615765376,0.9439646971545453,0.9912889361296023,357.6953125,0.08732795715332031,0.895263671875,0.18778878450393677
pali,coco_karpathy,final_quarter,False,7,1.0,25,25,25,23,4.0,4096,0.001,True,1.1,1024,512,1200,0.5927376747131348,0.5893950090030557,0.5963801781501388,1.0,1.0,0.0,0.0,0.178895503282547,0.4138421416282654,0.0688377705101102,4015.6947753861327,0.4225690960884094,0.3126313388347626,0.9940690516557935,0.7719716863005885,0.9922622643415737,1893.474609375,0.46227407455444336,0.0,0.3152359426021576
pali,coco_karpathy,final_quarter,False,7,1.0,25,25,25,23,4.0,4096,0.001,True,1.25,1024,512,1200,0.5927376747131348,0.5893950090030557,0.5963801781501388,1.0,1.0,0.0,0.0,0.178895503282547,0.4138421416282654,0.0688377705101102,4015.6947753861327,0.4225690960884094,0.3126313388347626,0.9940690516557935,0.7719716863005885,0.9922622643415737,1893.474609375,0.46227407455444336,0.0,0.3152359426021576
pali,coco_karpathy,final_quarter,False,7,1.0,25,25,25,23,4.0,4096,0.001,True,1.5,1024,512,1200,0.5927376747131348,0.5893950090030557,0.5963801781501388,1.0,1.0,0.0,0.0,0.178895503282547,0.4138421416282654,0.0688377705101102,4015.6947753861327,0.4225690960884094,0.3126313388347626,0.9940690516557935,0.7719716863005885,0.9922622643415737,1893.474609375,0.46227407455444336,0.0,0.3152359426021576
pali,coco_karpathy,final_quarter,False,7,1.0,25,25,25,37,2.0,4096,0.0003,False,1.1,1024,512,1200,0.1568249762058258,0.15567678747174796,0.1578731462075666,0.091552734375,0.093017578125,0.00146484375,0.0029296875,0.04731040075421333,0.10951458662748337,0.9235621601762826,335.9244211381896,0.1547970026731491,0.6431693434715271,0.9774531895107181,0.9417008843583933,0.991511618371613,325.380859375,0.07943868637084961,0.905029296875,0.18216422200202942
pali,coco_karpathy,final_quarter,False,7,1.0,25,25,25,37,2.0,4096,0.0003,False,1.25,1024,512,1200,0.1568249762058258,0.15567678747174796,0.1578731462075666,0.091552734375,0.093017578125,0.00146484375,0.0029296875,0.04731040075421333,0.10951458662748337,0.9235621601762826,335.9244211381896,0.1547970026731491,0.6431693434715271,0.9774531895107181,0.9417008843583933,0.991511618371613,325.380859375,0.07943868637084961,0.905029296875,0.18216422200202942
pali,coco_karpathy,final_quarter,False,7,1.0,25,25,25,37,2.0,4096,0.0003,False,1.5,1024,512,1200,0.1568249762058258,0.15567678747174796,0.1578731462075666,0.091552734375,0.093017578125,0.00146484375,0.0029296875,0.04731040075421333,0.10951458662748337,0.9235621601762826,335.9244211381896,0.1547970026731491,0.6431693434715271,0.9774531895107181,0.9417008843583933,0.991511618371613,325.380859375,0.07943868637084961,0.905029296875,0.18216422200202942
pali,coco_karpathy,final_quarter,False,7,1.0,25,25,25,37,2.0,4096,0.0003,True,1.1,1024,512,1200,0.6004564762115479,0.5965320952265756,0.6042295603605453,1.0,1.0,0.0,0.0,0.18098309636116028,0.4194733798503876,0.07226471464611972,4009.217552833226,0.44831937551498413,0.31987959146499634,0.9944442652573031,0.7743231300396242,0.9942565665401812,1884.533203125,0.46009111404418945,0.0,0.31956297159194946
pali,coco_karpathy,final_quarter,False,7,1.0,25,25,25,37,2.0,4096,0.0003,True,1.25,1024,512,1200,0.6004564762115479,0.5965320952265756,0.6042295603605453,1.0,1.0,0.0,0.0,0.18098309636116028,0.4194733798503876,0.07226471464611972,4009.217552833226,0.44831937551498413,0.31987959146499634,0.9944442652573031,0.7743231300396242,0.9942565665401812,1884.533203125,0.46009111404418945,0.0,0.31956297159194946
pali,coco_karpathy,final_quarter,False,7,1.0,25,25,25,37,2.0,4096,0.0003,True,1.5,1024,512,1200,0.6004564762115479,0.5965320952265756,0.6042295603605453,1.0,1.0,0.0,0.0,0.18098309636116028,0.4194733798503876,0.07226471464611972,4009.217552833226,0.44831937551498413,0.31987959146499634,0.9944442652573031,0.7743231300396242,0.9942565665401812,1884.533203125,0.46009111404418945,0.0,0.31956297159194946
pali,coco_karpathy,final_quarter,False,7,1.0,25,25,25,37,2.0,4096,0.001,False,1.1,1024,512,1200,0.1564195603132248,0.15527718831508536,0.15746973191526195,0.091552734375,0.093017578125,0.00146484375,0.0029296875,0.04717564582824707,0.10924391448497772,0.9236662557445764,335.80021104790956,0.1537335067987442,0.6440000534057617,0.9777173377749537,0.941996452381257,0.9915142620407609,325.140625,0.07938003540039062,0.905029296875,0.18085482716560364
pali,coco_karpathy,final_quarter,False,7,1.0,25,25,25,37,2.0,4096,0.001,False,1.25,1024,512,1200,0.1564195603132248,0.15527718831508536,0.15746973191526195,0.091552734375,0.093017578125,0.00146484375,0.0029296875,0.04717564582824707,0.10924391448497772,0.9236662557445764,335.80021104790956,0.1537335067987442,0.6440000534057617,0.9777173377749537,0.941996452381257,0.9915142620407609,325.140625,0.07938003540039062,0.905029296875,0.18085482716560364
pali,coco_karpathy,final_quarter,False,7,1.0,25,25,25,37,2.0,4096,0.001,False,1.5,1024,512,1200,0.1564195603132248,0.15527718831508536,0.15746973191526195,0.091552734375,0.093017578125,0.00146484375,0.0029296875,0.04717564582824707,0.10924391448497772,0.9236662557445764,335.80021104790956,0.1537335067987442,0.6440000534057617,0.9777173377749537,0.941996452381257,0.9915142620407609,325.140625,0.07938003540039062,0.905029296875,0.18085482716560364
pali,coco_karpathy,final_quarter,False,7,1.0,25,25,25,37,2.0,4096,0.001,True,1.1,1024,512,1200,0.5900235176086426,0.5861666669559782,0.5939756735548144,1.0,1.0,0.0,0.0,0.17788654565811157,0.4121369421482086,0.07272290954739075,4000.628523599739,0.4389360547065735,0.3145391643047333,0.9945600183846812,0.7743363608510405,0.9944316721671944,1875.369140625,0.4578537940979004,0.0,0.31262528896331787
pali,coco_karpathy,final_quarter,False,7,1.0,25,25,25,37,2.0,4096,0.001,True,1.25,1024,512,1200,0.5900235176086426,0.5861666669559782,0.5939756735548144,1.0,1.0,0.0,0.0,0.17788654565811157,0.4121369421482086,0.07272290954739075,4000.628523599739,0.4389360547065735,0.3145391643047333,0.9945600183846812,0.7743363608510405,0.9944316721671944,1875.369140625,0.4578537940979004,0.0,0.31262528896331787
pali,coco_karpathy,final_quarter,False,7,1.0,25,25,25,37,2.0,4096,0.001,True,1.5,1024,512,1200,0.5900235176086426,0.5861666669559782,0.5939756735548144,1.0,1.0,0.0,0.0,0.17788654565811157,0.4121369421482086,0.07272290954739075,4000.628523599739,0.4389360547065735,0.3145391643047333,0.9945600183846812,0.7743363608510405,0.9944316721671944,1875.369140625,0.4578537940979004,0.0,0.31262528896331787
pali,coco_karpathy,final_quarter,False,7,1.0,25,25,25,37,4.0,4096,0.0003,False,1.1,1024,512,1200,0.1568249762058258,0.15567678747174796,0.1578731462075666,0.091552734375,0.093017578125,0.00146484375,0.0029296875,0.04731040075421333,0.10951458662748337,0.9235621601762826,335.9244211381896,0.1547970026731491,0.6431693434715271,0.9774531895107181,0.9417008843583933,0.991511618371613,325.380859375,0.07943868637084961,0.905029296875,0.18216422200202942
pali,coco_karpathy,final_quarter,False,7,1.0,25,25,25,37,4.0,4096,0.0003,False,1.25,1024,512,1200,0.1568249762058258,0.15567678747174796,0.1578731462075666,0.091552734375,0.093017578125,0.00146484375,0.0029296875,0.04731040075421333,0.10951458662748337,0.9235621601762826,335.9244211381896,0.1547970026731491,0.6431693434715271,0.9774531895107181,0.9417008843583933,0.991511618371613,325.380859375,0.07943868637084961,0.905029296875,0.18216422200202942
pali,coco_karpathy,final_quarter,False,7,1.0,25,25,25,37,4.0,4096,0.0003,False,1.5,1024,512,1200,0.1568249762058258,0.15567678747174796,0.1578731462075666,0.091552734375,0.093017578125,0.00146484375,0.0029296875,0.04731040075421333,0.10951458662748337,0.9235621601762826,335.9244211381896,0.1547970026731491,0.6431693434715271,0.9774531895107181,0.9417008843583933,0.991511618371613,325.380859375,0.07943868637084961,0.905029296875,0.18216422200202942
pali,coco_karpathy,final_quarter,False,7,1.0,25,25,25,37,4.0,4096,0.0003,True,1.1,1024,512,1200,0.6004564762115479,0.5965320952265756,0.6042295603605453,1.0,1.0,0.0,0.0,0.18098309636116028,0.4194733798503876,0.07226471464611972,4009.217552833226,0.44831937551498413,0.31987959146499634,0.9944442652573031,0.7743231300396242,0.9942565665401812,1884.533203125,0.46009111404418945,0.0,0.31956297159194946
pali,coco_karpathy,final_quarter,False,7,1.0,25,25,25,37,4.0,4096,0.0003,True,1.25,1024,512,1200,0.6004564762115479,0.5965320952265756,0.6042295603605453,1.0,1.0,0.0,0.0,0.18098309636116028,0.4194733798503876,0.07226471464611972,4009.217552833226,0.44831937551498413,0.31987959146499634,0.9944442652573031,0.7743231300396242,0.9942565665401812,1884.533203125,0.46009111404418945,0.0,0.31956297159194946
pali,coco_karpathy,final_quarter,False,7,1.0,25,25,25,37,4.0,4096,0.0003,True,1.5,1024,512,1200,0.6004564762115479,0.5965320952265756,0.6042295603605453,1.0,1.0,0.0,0.0,0.18098309636116028,0.4194733798503876,0.07226471464611972,4009.217552833226,0.44831937551498413,0.31987959146499634,0.9944442652573031,0.7743231300396242,0.9942565665401812,1884.533203125,0.46009111404418945,0.0,0.31956297159194946
pali,coco_karpathy,final_quarter,False,7,1.0,25,25,25,37,4.0,4096,0.001,False,1.1,1024,512,1200,0.1564195603132248,0.15527718831508536,0.15746973191526195,0.091552734375,0.093017578125,0.00146484375,0.0029296875,0.04717564582824707,0.10924391448497772,0.9236662557445764,335.80021104790956,0.1537335067987442,0.6440000534057617,0.9777173377749537,0.941996452381257,0.9915142620407609,325.140625,0.07938003540039062,0.905029296875,0.18085482716560364
pali,coco_karpathy,final_quarter,False,7,1.0,25,25,25,37,4.0,4096,0.001,False,1.25,1024,512,1200,0.1564195603132248,0.15527718831508536,0.15746973191526195,0.091552734375,0.093017578125,0.00146484375,0.0029296875,0.04717564582824707,0.10924391448497772,0.9236662557445764,335.80021104790956,0.1537335067987442,0.6440000534057617,0.9777173377749537,0.941996452381257,0.9915142620407609,325.140625,0.07938003540039062,0.905029296875,0.18085482716560364
pali,coco_karpathy,final_quarter,False,7,1.0,25,25,25,37,4.0,4096,0.001,False,1.5,1024,512,1200,0.1564195603132248,0.15527718831508536,0.15746973191526195,0.091552734375,0.093017578125,0.00146484375,0.0029296875,0.04717564582824707,0.10924391448497772,0.9236662557445764,335.80021104790956,0.1537335067987442,0.6440000534057617,0.9777173377749537,0.941996452381257,0.9915142620407609,325.140625,0.07938003540039062,0.905029296875,0.18085482716560364
pali,coco_karpathy,final_quarter,False,7,1.0,25,25,25,37,4.0,4096,0.001,True,1.1,1024,512,1200,0.5900235176086426,0.5861666669559782,0.5939756735548144,1.0,1.0,0.0,0.0,0.17788654565811157,0.4121369421482086,0.07272290954739075,4000.628523599739,0.4389360547065735,0.3145391643047333,0.9945600183846812,0.7743363608510405,0.9944316721671944,1875.369140625,0.4578537940979004,0.0,0.31262528896331787
pali,coco_karpathy,final_quarter,False,7,1.0,25,25,25,37,4.0,4096,0.001,True,1.25,1024,512,1200,0.5900235176086426,0.5861666669559782,0.5939756735548144,1.0,1.0,0.0,0.0,0.17788654565811157,0.4121369421482086,0.07272290954739075,4000.628523599739,0.4389360547065735,0.3145391643047333,0.9945600183846812,0.7743363608510405,0.9944316721671944,1875.369140625,0.4578537940979004,0.0,0.31262528896331787
pali,coco_karpathy,final_quarter,False,7,1.0,25,25,25,37,4.0,4096,0.001,True,1.5,1024,512,1200,0.5900235176086426,0.5861666669559782,0.5939756735548144,1.0,1.0,0.0,0.0,0.17788654565811157,0.4121369421482086,0.07272290954739075,4000.628523599739,0.4389360547065735,0.3145391643047333,0.9945600183846812,0.7743363608510405,0.9944316721671944,1875.369140625,0.4578537940979004,0.0,0.31262528896331787
