family,dataset,pooling,audit,layer_idx,depth_fraction,llm_layer_number,vlm_layer_number,layer_number,seed,width_factor,d_sae,l1,normalize,dom_margin,train_examples,eval_examples,sae_steps,MFI,MFI_ci_low,MFI_ci_high,FMP,image_driven_frac,text_driven_frac,both_driven_frac,mean_text_delta,mean_image_delta,matched_gini,matched_eff_dim,image_only_mean_activation,llm_mean_activation,vlm_train_rec_r2,vlm_eval_rec_r2,llm_train_rec_r2,vlm_eval_l0,vlm_eval_active_frac,vlm_eval_dead_frac,vlm_eval_z_abs_mean
smol,flickr30k,final_quarter,False,0,0.0,0,0,0,11,2.0,4096,0.0003,False,1.1,1024,512,1200,0.051968835294246674,0.05124798557690156,0.05269609554034105,0.088623046875,0.08837890625,0.0009765625,0.000732421875,0.002316485159099102,0.0496523454785347,0.9352001314637316,285.8879058266624,0.13815341889858246,0.10689952224493027,0.9937219149212821,0.9911387063233389,0.9991805510989169,308.23046875,0.07525157928466797,0.91064453125,0.13305862247943878
smol,flickr30k,final_quarter,False,0,0.0,0,0,0,11,2.0,4096,0.0003,False,1.25,1024,512,1200,0.051968835294246674,0.05124798557690156,0.05269609554034105,0.087158203125,0.087646484375,0.0009765625,0.00146484375,0.002316485159099102,0.0496523454785347,0.9352001314637316,285.8879058266624,0.13815341889858246,0.10689952224493027,0.9937219149212821,0.9911387063233389,0.9991805510989169,308.23046875,0.07525157928466797,0.91064453125,0.13305862247943878
smol,flickr30k,final_quarter,False,0,0.0,0,0,0,11,2.0,4096,0.0003,False,1.5,1024,512,1200,0.051968835294246674,0.05124798557690156,0.05269609554034105,0.086669921875,0.08740234375,0.0009765625,0.001708984375,0.002316485159099102,0.0496523454785347,0.9352001314637316,285.8879058266624,0.13815341889858246,0.10689952224493027,0.9937219149212821,0.9911387063233389,0.9991805510989169,308.23046875,0.07525157928466797,0.91064453125,0.13305862247943878
smol,flickr30k,final_quarter,False,0,0.0,0,0,0,11,2.0,4096,0.0003,True,1.1,1024,512,1200,0.4720768332481384,0.4667561527472571,0.4770129736090894,1.0,1.0,0.0,0.0,0.023464646190404892,0.4486122131347656,0.08806696186536189,3929.937025840107,0.3131133019924164,0.32654646039009094,0.9971135222204618,0.8855925565320759,0.9872599206196772,1893.75,0.46234130859375,0.0,0.30450204014778137
smol,flickr30k,final_quarter,False,0,0.0,0,0,0,11,2.0,4096,0.0003,True,1.25,1024,512,1200,0.4720768332481384,0.4667561527472571,0.4770129736090894,1.0,1.0,0.0,0.0,0.023464646190404892,0.4486122131347656,0.08806696186536189,3929.937025840107,0.3131133019924164,0.32654646039009094,0.9971135222204618,0.8855925565320759,0.9872599206196772,1893.75,0.46234130859375,0.0,0.30450204014778137
smol,flickr30k,final_quarter,False,0,0.0,0,0,0,11,2.0,4096,0.0003,True,1.5,1024,512,1200,0.4720768332481384,0.4667561527472571,0.4770129736090894,1.0,1.0,0.0,0.0,0.023464646190404892,0.4486122131347656,0.08806696186536189,3929.937025840107,0.3131133019924164,0.32654646039009094,0.9971135222204618,0.8855925565320759,0.9872599206196772,1893.75,0.46234130859375,0.0,0.30450204014778137
smol,flickr30k,final_quarter,False,0,0.0,0,0,0,11,2.0,4096,0.001,False,1.1,1024,512,1200,0.05157221853733063,0.05086186679645834,0.05227735961025246,0.088623046875,0.088134765625,0.0009765625,0.00048828125,0.0022553622256964445,0.04931686073541641,0.9361770803206397,281.0825667025253,0.13387034833431244,0.09464935213327408,0.9937287565132994,0.9911454805469007,0.996266048394114,304.60546875,0.07436656951904297,0.9111328125,0.1289386749267578
smol,flickr30k,final_quarter,False,0,0.0,0,0,0,11,2.0,4096,0.001,False,1.25,1024,512,1200,0.05157221853733063,0.05086186679645834,0.05227735961025246,0.087158203125,0.08740234375,0.0009765625,0.001220703125,0.0022553622256964445,0.04931686073541641,0.9361770803206397,281.0825667025253,0.13387034833431244,0.09464935213327408,0.9937287565132994,0.9911454805469007,0.996266048394114,304.60546875,0.07436656951904297,0.9111328125,0.1289386749267578
smol,flickr30k,final_quarter,False,0,0.0,0,0,0,11,2.0,4096,0.001,False,1.5,1024,512,1200,0.05157221853733063,0.05086186679645834,0.05227735961025246,0.086669921875,0.087158203125,0.0009765625,0.00146484375,0.0022553622256964445,0.04931686073541641,0.9361770803206397,281.0825667025253,0.13387034833431244,0.09464935213327408,0.9937287565132994,0.9911454805469007,0.996266048394114,304.60546875,0.07436656951904297,0.9111328125,0.1289386749267578
smol,flickr30k,final_quarter,False,0,0.0,0,0,0,11,2.0,4096,0.001,True,1.1,1024,512,1200,0.4622326195240021,0.4571518593598739,0.4671738864344661,1.0,1.0,0.0,0.0,0.02298182249069214,0.43925076723098755,0.0892660954478196,3935.1468393455007,0.30574071407318115,0.321021169424057,0.9964934885472302,0.8856634476890674,0.9885695075046825,1880.724609375,0.45916128158569336,0.0,0.2973406910896301
smol,flickr30k,final_quarter,False,0,0.0,0,0,0,11,2.0,4096,0.001,True,1.25,1024,512,1200,0.4622326195240021,0.4571518593598739,0.4671738864344661,1.0,1.0,0.0,0.0,0.02298182249069214,0.43925076723098755,0.0892660954478196,3935.1468393455007,0.30574071407318115,0.321021169424057,0.9964934885472302,0.8856634476890674,0.9885695075046825,1880.724609375,0.45916128158569336,0.0,0.2973406910896301
smol,flickr30k,final_quarter,False,0,0.0,0,0,0,11,2.0,4096,0.001,True,1.5,1024,512,1200,0.4622326195240021,0.4571518593598739,0.4671738864344661,1.0,1.0,0.0,0.0,0.02298182249069214,0.43925076723098755,0.0892660954478196,3935.1468393455007,0.30574071407318115,0.321021169424057,0.9964934885472302,0.8856634476890674,0.9885695075046825,1880.724609375,0.45916128158569336,0.0,0.2973406910896301
smol,flickr30k,final_quarter,False,0,0.0,0,0,0,11,4.0,4096,0.0003,False,1.1,1024,512,1200,0.051968835294246674,0.05124798557690156,0.05269609554034105,0.088623046875,0.08837890625,0.0009765625,0.000732421875,0.002316485159099102,0.0496523454785347,0.9352001314637316,285.8879058266624,0.13815341889858246,0.10689952224493027,0.9937219149212821,0.9911387063233389,0.9991805510989169,308.23046875,0.07525157928466797,0.91064453125,0.13305862247943878
smol,flickr30k,final_quarter,False,0,0.0,0,0,0,11,4.0,4096,0.0003,False,1.25,1024,512,1200,0.051968835294246674,0.05124798557690156,0.05269609554034105,0.087158203125,0.087646484375,0.0009765625,0.00146484375,0.002316485159099102,0.0496523454785347,0.9352001314637316,285.8879058266624,0.13815341889858246,0.10689952224493027,0.9937219149212821,0.9911387063233389,0.9991805510989169,308.23046875,0.07525157928466797,0.91064453125,0.13305862247943878
smol,flickr30k,final_quarter,False,0,0.0,0,0,0,11,4.0,4096,0.0003,False,1.5,1024,512,1200,0.051968835294246674,0.05124798557690156,0.05269609554034105,0.086669921875,0.08740234375,0.0009765625,0.001708984375,0.002316485159099102,0.0496523454785347,0.9352001314637316,285.8879058266624,0.13815341889858246,0.10689952224493027,0.9937219149212821,0.9911387063233389,0.9991805510989169,308.23046875,0.07525157928466797,0.91064453125,0.13305862247943878
smol,flickr30k,final_quarter,False,0,0.0,0,0,0,11,4.0,4096,0.0003,True,1.1,1024,512,1200,0.4720768332481384,0.4667561527472571,0.4770129736090894,1.0,1.0,0.0,0.0,0.023464646190404892,0.4486122131347656,0.08806696186536189,3929.937025840107,0.3131133019924164,0.32654646039009094,0.9971135222204618,0.8855925565320759,0.9872599206196772,1893.75,0.46234130859375,0.0,0.30450204014778137
smol,flickr30k,final_quarter,False,0,0.0,0,0,0,11,4.0,4096,0.0003,True,1.25,1024,512,1200,0.4720768332481384,0.4667561527472571,0.4770129736090894,1.0,1.0,0.0,0.0,0.023464646190404892,0.4486122131347656,0.08806696186536189,3929.937025840107,0.3131133019924164,0.32654646039009094,0.9971135222204618,0.8855925565320759,0.9872599206196772,1893.75,0.46234130859375,0.0,0.30450204014778137
smol,flickr30k,final_quarter,False,0,0.0,0,0,0,11,4.0,4096,0.0003,True,1.5,1024,512,1200,0.4720768332481384,0.4667561527472571,0.4770129736090894,1.0,1.0,0.0,0.0,0.023464646190404892,0.4486122131347656,0.08806696186536189,3929.937025840107,0.3131133019924164,0.32654646039009094,0.9971135222204618,0.8855925565320759,0.9872599206196772,1893.75,0.46234130859375,0.0,0.30450204014778137
smol,flickr30k,final_quarter,False,0,0.0,0,0,0,11,4.0,4096,0.001,False,1.1,1024,512,1200,0.05157221853733063,0.05086186679645834,0.05227735961025246,0.088623046875,0.088134765625,0.0009765625,0.00048828125,0.0022553622256964445,0.04931686073541641,0.9361770803206397,281.0825667025253,0.13387034833431244,0.09464935213327408,0.9937287565132994,0.9911454805469007,0.996266048394114,304.60546875,0.07436656951904297,0.9111328125,0.1289386749267578
smol,flickr30k,final_quarter,False,0,0.0,0,0,0,11,4.0,4096,0.001,False,1.25,1024,512,1200,0.05157221853733063,0.05086186679645834,0.05227735961025246,0.087158203125,0.08740234375,0.0009765625,0.001220703125,0.0022553622256964445,0.04931686073541641,0.9361770803206397,281.0825667025253,0.13387034833431244,0.09464935213327408,0.9937287565132994,0.9911454805469007,0.996266048394114,304.60546875,0.07436656951904297,0.9111328125,0.1289386749267578
smol,flickr30k,final_quarter,False,0,0.0,0,0,0,11,4.0,4096,0.001,False,1.5,1024,512,1200,0.05157221853733063,0.05086186679645834,0.05227735961025246,0.086669921875,0.087158203125,0.0009765625,0.00146484375,0.0022553622256964445,0.04931686073541641,0.9361770803206397,281.0825667025253,0.13387034833431244,0.09464935213327408,0.9937287565132994,0.9911454805469007,0.996266048394114,304.60546875,0.07436656951904297,0.9111328125,0.1289386749267578
smol,flickr30k,final_quarter,False,0,0.0,0,0,0,11,4.0,4096,0.001,True,1.1,1024,512,1200,0.4622326195240021,0.4571518593598739,0.4671738864344661,1.0,1.0,0.0,0.0,0.02298182249069214,0.43925076723098755,0.0892660954478196,3935.1468393455007,0.30574071407318115,0.321021169424057,0.9964934885472302,0.8856634476890674,0.9885695075046825,1880.724609375,0.45916128158569336,0.0,0.2973406910896301
smol,flickr30k,final_quarter,False,0,0.0,0,0,0,11,4.0,4096,0.001,True,1.25,1024,512,1200,0.4622326195240021,0.4571518593598739,0.4671738864344661,1.0,1.0,0.0,0.0,0.02298182249069214,0.43925076723098755,0.0892660954478196,3935.1468393455007,0.30574071407318115,0.321021169424057,0.9964934885472302,0.8856634476890674,0.9885695075046825,1880.724609375,0.45916128158569336,0.0,0.2973406910896301
smol,flickr30k,final_quarter,False,0,0.0,0,0,0,11,4.0,4096,0.001,True,1.5,1024,512,1200,0.4622326195240021,0.4571518593598739,0.4671738864344661,1.0,1.0,0.0,0.0,0.02298182249069214,0.43925076723098755,0.0892660954478196,3935.1468393455007,0.30574071407318115,0.321021169424057,0.9964934885472302,0.8856634476890674,0.9885695075046825,1880.724609375,0.45916128158569336,0.0,0.2973406910896301
smol,flickr30k,final_quarter,False,0,0.0,0,0,0,23,2.0,4096,0.0003,False,1.1,1024,512,1200,0.0540643036365509,0.05335449125905143,0.054838016569465256,0.090576171875,0.090576171875,0.00048828125,0.00048828125,0.0024079354479908943,0.051656369119882584,0.930279591299901,305.99565392523226,0.1426626592874527,0.10884848237037659,0.9939899185282436,0.9914018785748449,0.9995980098943761,335.38671875,0.08188152313232422,0.9091796875,0.13740620017051697
smol,flickr30k,final_quarter,False,0,0.0,0,0,0,23,2.0,4096,0.0003,False,1.25,1024,512,1200,0.0540643036365509,0.05335449125905143,0.054838016569465256,0.090087890625,0.090576171875,0.000244140625,0.000732421875,0.0024079354479908943,0.051656369119882584,0.930279591299901,305.99565392523226,0.1426626592874527,0.10884848237037659,0.9939899185282436,0.9914018785748449,0.9995980098943761,335.38671875,0.08188152313232422,0.9091796875,0.13740620017051697
smol,flickr30k,final_quarter,False,0,0.0,0,0,0,23,2.0,4096,0.0003,False,1.5,1024,512,1200,0.0540643036365509,0.05335449125905143,0.054838016569465256,0.090087890625,0.090576171875,0.000244140625,0.000732421875,0.0024079354479908943,0.051656369119882584,0.930279591299901,305.99565392523226,0.1426626592874527,0.10884848237037659,0.9939899185282436,0.9914018785748449,0.9995980098943761,335.38671875,0.08188152313232422,0.9091796875,0.13740620017051697
smol,flickr30k,final_quarter,False,0,0.0,0,0,0,23,2.0,4096,0.0003,True,1.1,1024,512,1200,0.47388672828674316,0.4687982140632812,0.47953800996765494,1.0,1.0,0.0,0.0,0.023869581520557404,0.45001715421676636,0.08625976142363853,3927.9145258702724,0.3166444003582001,0.334305077791214,0.9954557793421713,0.8838657365343926,0.9876636134226777,1896.78515625,0.46308231353759766,0.0,0.30603665113449097
smol,flickr30k,final_quarter,False,0,0.0,0,0,0,23,2.0,4096,0.0003,True,1.25,1024,512,1200,0.47388672828674316,0.4687982140632812,0.47953800996765494,1.0,1.0,0.0,0.0,0.023869581520557404,0.45001715421676636,0.08625976142363853,3927.9145258702724,0.3166444003582001,0.334305077791214,0.9954557793421713,0.8838657365343926,0.9876636134226777,1896.78515625,0.46308231353759766,0.0,0.30603665113449097
smol,flickr30k,final_quarter,False,0,0.0,0,0,0,23,2.0,4096,0.0003,True,1.5,1024,512,1200,0.47388672828674316,0.4687982140632812,0.47953800996765494,1.0,1.0,0.0,0.0,0.023869581520557404,0.45001715421676636,0.08625976142363853,3927.9145258702724,0.3166444003582001,0.334305077791214,0.9954557793421713,0.8838657365343926,0.9876636134226777,1896.78515625,0.46308231353759766,0.0,0.30603665113449097
smol,flickr30k,final_quarter,False,0,0.0,0,0,0,23,2.0,4096,0.001,False,1.1,1024,512,1200,0.053871918469667435,0.053164908028520586,0.05463638871133299,0.0908203125,0.0908203125,0.00048828125,0.00048828125,0.0023447759449481964,0.05152714252471924,0.9300969083535883,305.20274324855694,0.13826031982898712,0.09782345592975616,0.9940740816272065,0.9914788662482593,0.9996756677629233,335.34375,0.08187103271484375,0.908935546875,0.1331714391708374
smol,flickr30k,final_quarter,False,0,0.0,0,0,0,23,2.0,4096,0.001,False,1.25,1024,512,1200,0.053871918469667435,0.053164908028520586,0.05463638871133299,0.09033203125,0.0908203125,0.000244140625,0.000732421875,0.0023447759449481964,0.05152714252471924,0.9300969083535883,305.20274324855694,0.13826031982898712,0.09782345592975616,0.9940740816272065,0.9914788662482593,0.9996756677629233,335.34375,0.08187103271484375,0.908935546875,0.1331714391708374
smol,flickr30k,final_quarter,False,0,0.0,0,0,0,23,2.0,4096,0.001,False,1.5,1024,512,1200,0.053871918469667435,0.053164908028520586,0.05463638871133299,0.09033203125,0.0908203125,0.000244140625,0.000732421875,0.0023447759449481964,0.05152714252471924,0.9300969083535883,305.20274324855694,0.13826031982898712,0.09782345592975616,0.9940740816272065,0.9914788662482593,0.9996756677629233,335.34375,0.08187103271484375,0.908935546875,0.1331714391708374
smol,flickr30k,final_quarter,False,0,0.0,0,0,0,23,2.0,4096,0.001,True,1.1,1024,512,1200,0.4668562412261963,0.4617371029424248,0.47245398219238266,1.0,1.0,0.0,0.0,0.023641519248485565,0.4432147145271301,0.0913734417461286,3881.753423688213,0.3103877305984497,0.3283986747264862,0.9947530303673822,0.8840343061039768,0.9921817606339871,1884.607421875,0.46010923385620117,0.0,0.3006313741207123
smol,flickr30k,final_quarter,False,0,0.0,0,0,0,23,2.0,4096,0.001,True,1.25,1024,512,1200,0.4668562412261963,0.4617371029424248,0.47245398219238266,1.0,1.0,0.0,0.0,0.023641519248485565,0.4432147145271301,0.0913734417461286,3881.753423688213,0.3103877305984497,0.3283986747264862,0.9947530303673822,0.8840343061039768,0.9921817606339871,1884.607421875,0.46010923385620117,0.0,0.3006313741207123
smol,flickr30k,final_quarter,False,0,0.0,0,0,0,23,2.0,4096,0.001,True,1.5,1024,512,1200,0.4668562412261963,0.4617371029424248,0.47245398219238266,1.0,1.0,0.0,0.0,0.023641519248485565,0.4432147145271301,0.0913734417461286,3881.753423688213,0.3103877305984497,0.3283986747264862,0.9947530303673822,0.8840343061039768,0.9921817606339871,1884.607421875,0.46010923385620117,0.0,0.3006313741207123
smol,flickr30k,final_quarter,False,0,0.0,0,0,0,23,4.0,4096,0.0003,False,1.1,1024,512,1200,0.0540643036365509,0.05335449125905143,0.054838016569465256,0.090576171875,0.090576171875,0.00048828125,0.00048828125,0.0024079354479908943,0.051656369119882584,0.930279591299901,305.99565392523226,0.1426626592874527,0.10884848237037659,0.9939899185282436,0.9914018785748449,0.9995980098943761,335.38671875,0.08188152313232422,0.9091796875,0.13740620017051697
smol,flickr30k,final_quarter,False,0,0.0,0,0,0,23,4.0,4096,0.0003,False,1.25,1024,512,1200,0.0540643036365509,0.05335449125905143,0.054838016569465256,0.090087890625,0.090576171875,0.000244140625,0.000732421875,0.0024079354479908943,0.051656369119882584,0.930279591299901,305.99565392523226,0.1426626592874527,0.10884848237037659,0.9939899185282436,0.9914018785748449,0.9995980098943761,335.38671875,0.08188152313232422,0.9091796875,0.13740620017051697
smol,flickr30k,final_quarter,False,0,0.0,0,0,0,23,4.0,4096,0.0003,False,1.5,1024,512,1200,0.0540643036365509,0.05335449125905143,0.054838016569465256,0.090087890625,0.090576171875,0.000244140625,0.000732421875,0.0024079354479908943,0.051656369119882584,0.930279591299901,305.99565392523226,0.1426626592874527,0.10884848237037659,0.9939899185282436,0.9914018785748449,0.9995980098943761,335.38671875,0.08188152313232422,0.9091796875,0.13740620017051697
smol,flickr30k,final_quarter,False,0,0.0,0,0,0,23,4.0,4096,0.0003,True,1.1,1024,512,1200,0.47388672828674316,0.4687982140632812,0.47953800996765494,1.0,1.0,0.0,0.0,0.023869581520557404,0.45001715421676636,0.08625976142363853,3927.9145258702724,0.3166444003582001,0.334305077791214,0.9954557793421713,0.8838657365343926,0.9876636134226777,1896.78515625,0.46308231353759766,0.0,0.30603665113449097
smol,flickr30k,final_quarter,False,0,0.0,0,0,0,23,4.0,4096,0.0003,True,1.25,1024,512,1200,0.47388672828674316,0.4687982140632812,0.47953800996765494,1.0,1.0,0.0,0.0,0.023869581520557404,0.45001715421676636,0.08625976142363853,3927.9145258702724,0.3166444003582001,0.334305077791214,0.9954557793421713,0.8838657365343926,0.9876636134226777,1896.78515625,0.46308231353759766,0.0,0.30603665113449097
smol,flickr30k,final_quarter,False,0,0.0,0,0,0,23,4.0,4096,0.0003,True,1.5,1024,512,1200,0.47388672828674316,0.4687982140632812,0.47953800996765494,1.0,1.0,0.0,0.0,0.023869581520557404,0.45001715421676636,0.08625976142363853,3927.9145258702724,0.3166444003582001,0.334305077791214,0.9954557793421713,0.8838657365343926,0.9876636134226777,1896.78515625,0.46308231353759766,0.0,0.30603665113449097
smol,flickr30k,final_quarter,False,0,0.0,0,0,0,23,4.0,4096,0.001,False,1.1,1024,512,1200,0.053871918469667435,0.053164908028520586,0.05463638871133299,0.0908203125,0.0908203125,0.00048828125,0.00048828125,0.0023447759449481964,0.05152714252471924,0.9300969083535883,305.20274324855694,0.13826031982898712,0.09782345592975616,0.9940740816272065,0.9914788662482593,0.9996756677629233,335.34375,0.08187103271484375,0.908935546875,0.1331714391708374
smol,flickr30k,final_quarter,False,0,0.0,0,0,0,23,4.0,4096,0.001,False,1.25,1024,512,1200,0.053871918469667435,0.053164908028520586,0.05463638871133299,0.09033203125,0.0908203125,0.000244140625,0.000732421875,0.0023447759449481964,0.05152714252471924,0.9300969083535883,305.20274324855694,0.13826031982898712,0.09782345592975616,0.9940740816272065,0.9914788662482593,0.9996756677629233,335.34375,0.08187103271484375,0.908935546875,0.1331714391708374
smol,flickr30k,final_quarter,False,0,0.0,0,0,0,23,4.0,4096,0.001,False,1.5,1024,512,1200,0.053871918469667435,0.053164908028520586,0.05463638871133299,0.09033203125,0.0908203125,0.000244140625,0.000732421875,0.0023447759449481964,0.05152714252471924,0.9300969083535883,305.20274324855694,0.13826031982898712,0.09782345592975616,0.9940740816272065,0.9914788662482593,0.9996756677629233,335.34375,0.08187103271484375,0.908935546875,0.1331714391708374
smol,flickr30k,final_quarter,False,0,0.0,0,0,0,23,4.0,4096,0.001,True,1.1,1024,512,1200,0.4668562412261963,0.4617371029424248,0.47245398219238266,1.0,1.0,0.0,0.0,0.023641519248485565,0.4432147145271301,0.0913734417461286,3881.753423688213,0.3103877305984497,0.3283986747264862,0.9947530303673822,0.8840343061039768,0.9921817606339871,1884.607421875,0.46010923385620117,0.0,0.3006313741207123
smol,flickr30k,final_quarter,False,0,0.0,0,0,0,23,4.0,4096,0.001,True,1.25,1024,512,1200,0.4668562412261963,0.4617371029424248,0.47245398219238266,1.0,1.0,0.0,0.0,0.023641519248485565,0.4432147145271301,0.0913734417461286,3881.753423688213,0.3103877305984497,0.3283986747264862,0.9947530303673822,0.8840343061039768,0.9921817606339871,1884.607421875,0.46010923385620117,0.0,0.3006313741207123
smol,flickr30k,final_quarter,False,0,0.0,0,0,0,23,4.0,4096,0.001,True,1.5,1024,512,1200,0.4668562412261963,0.4617371029424248,0.47245398219238266,1.0,1.0,0.0,0.0,0.023641519248485565,0.4432147145271301,0.0913734417461286,3881.753423688213,0.3103877305984497,0.3283986747264862,0.9947530303673822,0.8840343061039768,0.9921817606339871,1884.607421875,0.46010923385620117,0.0,0.3006313741207123
smol,flickr30k,final_quarter,False,0,0.0,0,0,0,37,2.0,4096,0.0003,False,1.1,1024,512,1200,0.05132050812244415,0.05062926408427302,0.05201702493359335,0.085205078125,0.084716796875,0.000732421875,0.000244140625,0.0022778590209782124,0.04904264956712723,0.9380438021669719,269.9912747643061,0.1354142129421234,0.10566893219947815,0.9936439806816787,0.9910745784144805,0.9995040059640901,298.0,0.07275390625,0.9150390625,0.13042469322681427
smol,flickr30k,final_quarter,False,0,0.0,0,0,0,37,2.0,4096,0.0003,False,1.25,1024,512,1200,0.05132050812244415,0.05062926408427302,0.05201702493359335,0.083740234375,0.084228515625,0.00048828125,0.0009765625,0.0022778590209782124,0.04904264956712723,0.9380438021669719,269.9912747643061,0.1354142129421234,0.10566893219947815,0.9936439806816787,0.9910745784144805,0.9995040059640901,298.0,0.07275390625,0.9150390625,0.13042469322681427
smol,flickr30k,final_quarter,False,0,0.0,0,0,0,37,2.0,4096,0.0003,False,1.5,1024,512,1200,0.05132050812244415,0.05062926408427302,0.05201702493359335,0.083251953125,0.083984375,0.00048828125,0.001220703125,0.0022778590209782124,0.04904264956712723,0.9380438021669719,269.9912747643061,0.1354142129421234,0.10566893219947815,0.9936439806816787,0.9910745784144805,0.9995040059640901,298.0,0.07275390625,0.9150390625,0.13042469322681427
smol,flickr30k,final_quarter,False,0,0.0,0,0,0,37,2.0,4096,0.0003,True,1.1,1024,512,1200,0.4700496196746826,0.4650109039459494,0.4751114565355238,1.0,1.0,0.0,0.0,0.023606013506650925,0.4464435577392578,0.09075883770537871,3910.3845295487167,0.311017781496048,0.3209384083747864,0.9961422523626063,0.8842357386896116,0.9910073266218129,1887.2421875,0.4607524871826172,0.0,0.3027661442756653
smol,flickr30k,final_quarter,False,0,0.0,0,0,0,37,2.0,4096,0.0003,True,1.25,1024,512,1200,0.4700496196746826,0.4650109039459494,0.4751114565355238,1.0,1.0,0.0,0.0,0.023606013506650925,0.4464435577392578,0.09075883770537871,3910.3845295487167,0.311017781496048,0.3209384083747864,0.9961422523626063,0.8842357386896116,0.9910073266218129,1887.2421875,0.4607524871826172,0.0,0.3027661442756653
smol,flickr30k,final_quarter,False,0,0.0,0,0,0,37,2.0,4096,0.0003,True,1.5,1024,512,1200,0.4700496196746826,0.4650109039459494,0.4751114565355238,1.0,1.0,0.0,0.0,0.023606013506650925,0.4464435577392578,0.09075883770537871,3910.3845295487167,0.311017781496048,0.3209384083747864,0.9961422523626063,0.8842357386896116,0.9910073266218129,1887.2421875,0.4607524871826172,0.0,0.3027661442756653
smol,flickr30k,final_quarter,False,0,0.0,0,0,0,37,2.0,4096,0.001,False,1.1,1024,512,1200,0.05110307037830353,0.050414841933343266,0.05179476967314258,0.084716796875,0.084228515625,0.000732421875,0.000244140625,0.00223896699026227,0.048864103853702545,0.9373937977890959,271.5490004777151,0.13295318186283112,0.0936092957854271,0.9937940511844258,0.9912179038132254,0.9994828171480176,298.337890625,0.07283639907836914,0.91552734375,0.12805494666099548
smol,flickr30k,final_quarter,False,0,0.0,0,0,0,37,2.0,4096,0.001,False,1.25,1024,512,1200,0.05110307037830353,0.050414841933343266,0.05179476967314258,0.083251953125,0.083740234375,0.00048828125,0.0009765625,0.00223896699026227,0.048864103853702545,0.9373937977890959,271.5490004777151,0.13295318186283112,0.0936092957854271,0.9937940511844258,0.9912179038132254,0.9994828171480176,298.337890625,0.07283639907836914,0.91552734375,0.12805494666099548
smol,flickr30k,final_quarter,False,0,0.0,0,0,0,37,2.0,4096,0.001,False,1.5,1024,512,1200,0.05110307037830353,0.050414841933343266,0.05179476967314258,0.082763671875,0.08349609375,0.00048828125,0.001220703125,0.00223896699026227,0.048864103853702545,0.9373937977890959,271.5490004777151,0.13295318186283112,0.0936092957854271,0.9937940511844258,0.9912179038132254,0.9994828171480176,298.337890625,0.07283639907836914,0.91552734375,0.12805494666099548
smol,flickr30k,final_quarter,False,0,0.0,0,0,0,37,2.0,4096,0.001,True,1.1,1024,512,1200,0.46317359805107117,0.45819456155004445,0.4682421692283242,1.0,1.0,0.0,0.0,0.023512564599514008,0.43966102600097656,0.09326119648459286,3897.2907592322613,0.3057662546634674,0.320207417011261,0.9954000242332578,0.8842770888290714,0.9955848242329655,1880.5703125,0.4591236114501953,0.0,0.2977021634578705
smol,flickr30k,final_quarter,False,0,0.0,0,0,0,37,2.0,4096,0.001,True,1.25,1024,512,1200,0.46317359805107117,0.45819456155004445,0.4682421692283242,1.0,1.0,0.0,0.0,0.023512564599514008,0.43966102600097656,0.09326119648459286,3897.2907592322613,0.3057662546634674,0.320207417011261,0.9954000242332578,0.8842770888290714,0.9955848242329655,1880.5703125,0.4591236114501953,0.0,0.2977021634578705
smol,flickr30k,final_quarter,False,0,0.0,0,0,0,37,2.0,4096,0.001,True,1.5,1024,512,1200,0.46317359805107117,0.45819456155004445,0.4682421692283242,1.0,1.0,0.0,0.0,0.023512564599514008,0.43966102600097656,0.09326119648459286,3897.2907592322613,0.3057662546634674,0.320207417011261,0.9954000242332578,0.8842770888290714,0.9955848242329655,1880.5703125,0.4591236114501953,0.0,0.2977021634578705
smol,flickr30k,final_quarter,False,0,0.0,0,0,0,37,4.0,4096,0.0003,False,1.1,1024,512,1200,0.05132050812244415,0.05062926408427302,0.05201702493359335,0.085205078125,0.084716796875,0.000732421875,0.000244140625,0.0022778590209782124,0.04904264956712723,0.9380438021669719,269.9912747643061,0.1354142129421234,0.10566893219947815,0.9936439806816787,0.9910745784144805,0.9995040059640901,298.0,0.07275390625,0.9150390625,0.13042469322681427
smol,flickr30k,final_quarter,False,0,0.0,0,0,0,37,4.0,4096,0.0003,False,1.25,1024,512,1200,0.05132050812244415,0.05062926408427302,0.05201702493359335,0.083740234375,0.084228515625,0.00048828125,0.0009765625,0.0022778590209782124,0.04904264956712723,0.9380438021669719,269.9912747643061,0.1354142129421234,0.10566893219947815,0.9936439806816787,0.9910745784144805,0.9995040059640901,298.0,0.07275390625,0.9150390625,0.13042469322681427
smol,flickr30k,final_quarter,False,0,0.0,0,0,0,37,4.0,4096,0.0003,False,1.5,1024,512,1200,0.05132050812244415,0.05062926408427302,0.05201702493359335,0.083251953125,0.083984375,0.00048828125,0.001220703125,0.0022778590209782124,0.04904264956712723,0.9380438021669719,269.9912747643061,0.1354142129421234,0.10566893219947815,0.9936439806816787,0.9910745784144805,0.9995040059640901,298.0,0.07275390625,0.9150390625,0.13042469322681427
smol,flickr30k,final_quarter,False,0,0.0,0,0,0,37,4.0,4096,0.0003,True,1.1,1024,512,1200,0.4700496196746826,0.4650109039459494,0.4751114565355238,1.0,1.0,0.0,0.0,0.023606013506650925,0.4464435577392578,0.09075883770537871,3910.3845295487167,0.311017781496048,0.3209384083747864,0.9961422523626063,0.8842357386896116,0.9910073266218129,1887.2421875,0.4607524871826172,0.0,0.3027661442756653
smol,flickr30k,final_quarter,False,0,0.0,0,0,0,37,4.0,4096,0.0003,True,1.25,1024,512,1200,0.4700496196746826,0.4650109039459494,0.4751114565355238,1.0,1.0,0.0,0.0,0.023606013506650925,0.4464435577392578,0.09075883770537871,3910.3845295487167,0.311017781496048,0.3209384083747864,0.9961422523626063,0.8842357386896116,0.9910073266218129,1887.2421875,0.4607524871826172,0.0,0.3027661442756653
smol,flickr30k,final_quarter,False,0,0.0,0,0,0,37,4.0,4096,0.0003,True,1.5,1024,512,1200,0.4700496196746826,0.4650109039459494,0.4751114565355238,1.0,1.0,0.0,0.0,0.023606013506650925,0.4464435577392578,0.09075883770537871,3910.3845295487167,0.311017781496048,0.3209384083747864,0.9961422523626063,0.8842357386896116,0.9910073266218129,1887.2421875,0.4607524871826172,0.0,0.3027661442756653
smol,flickr30k,final_quarter,False,0,0.0,0,0,0,37,4.0,4096,0.001,False,1.1,1024,512,1200,0.05110307037830353,0.050414841933343266,0.05179476967314258,0.084716796875,0.084228515625,0.000732421875,0.000244140625,0.00223896699026227,0.048864103853702545,0.9373937977890959,271.5490004777151,0.13295318186283112,0.0936092957854271,0.9937940511844258,0.9912179038132254,0.9994828171480176,298.337890625,0.07283639907836914,0.91552734375,0.12805494666099548
smol,flickr30k,final_quarter,False,0,0.0,0,0,0,37,4.0,4096,0.001,False,1.25,1024,512,1200,0.05110307037830353,0.050414841933343266,0.05179476967314258,0.083251953125,0.083740234375,0.00048828125,0.0009765625,0.00223896699026227,0.048864103853702545,0.9373937977890959,271.5490004777151,0.13295318186283112,0.0936092957854271,0.9937940511844258,0.9912179038132254,0.9994828171480176,298.337890625,0.07283639907836914,0.91552734375,0.12805494666099548
smol,flickr30k,final_quarter,False,0,0.0,0,0,0,37,4.0,4096,0.001,False,1.5,1024,512,1200,0.05110307037830353,0.050414841933343266,0.05179476967314258,0.082763671875,0.08349609375,0.00048828125,0.001220703125,0.00223896699026227,0.048864103853702545,0.9373937977890959,271.5490004777151,0.13295318186283112,0.0936092957854271,0.9937940511844258,0.9912179038132254,0.9994828171480176,298.337890625,0.07283639907836914,0.91552734375,0.12805494666099548
smol,flickr30k,final_quarter,False,0,0.0,0,0,0,37,4.0,4096,0.001,True,1.1,1024,512,1200,0.46317359805107117,0.45819456155004445,0.4682421692283242,1.0,1.0,0.0,0.0,0.023512564599514008,0.43966102600097656,0.09326119648459286,3897.2907592322613,0.3057662546634674,0.320207417011261,0.9954000242332578,0.8842770888290714,0.9955848242329655,1880.5703125,0.4591236114501953,0.0,0.2977021634578705
smol,flickr30k,final_quarter,False,0,0.0,0,0,0,37,4.0,4096,0.001,True,1.25,1024,512,1200,0.46317359805107117,0.45819456155004445,0.4682421692283242,1.0,1.0,0.0,0.0,0.023512564599514008,0.43966102600097656,0.09326119648459286,3897.2907592322613,0.3057662546634674,0.320207417011261,0.9954000242332578,0.8842770888290714,0.9955848242329655,1880.5703125,0.4591236114501953,0.0,0.2977021634578705
smol,flickr30k,final_quarter,False,0,0.0,0,0,0,37,4.0,4096,0.001,True,1.5,1024,512,1200,0.46317359805107117,0.45819456155004445,0.4682421692283242,1.0,1.0,0.0,0.0,0.023512564599514008,0.43966102600097656,0.09326119648459286,3897.2907592322613,0.3057662546634674,0.320207417011261,0.9954000242332578,0.8842770888290714,0.9955848242329655,1880.5703125,0.4591236114501953,0.0,0.2977021634578705
smol,flickr30k,final_quarter,False,1,0.14285714285714285,3,3,3,11,2.0,4096,0.0003,False,1.1,1024,512,1200,0.08698882162570953,0.0856868467575623,0.08819564868663292,0.112548828125,0.112548828125,0.000732421875,0.000732421875,0.003947264049202204,0.08304155617952347,0.914890148698615,376.55641144111723,0.24327172338962555,1.7171647548675537,0.9961814200158223,0.9945309747978558,0.9994706530558036,419.89453125,0.10251331329345703,0.886962890625,0.2364472597837448
smol,flickr30k,final_quarter,False,1,0.14285714285714285,3,3,3,11,2.0,4096,0.0003,False,1.25,1024,512,1200,0.08698882162570953,0.0856868467575623,0.08819564868663292,0.112548828125,0.112548828125,0.000732421875,0.000732421875,0.003947264049202204,0.08304155617952347,0.914890148698615,376.55641144111723,0.24327172338962555,1.7171647548675537,0.9961814200158223,0.9945309747978558,0.9994706530558036,419.89453125,0.10251331329345703,0.886962890625,0.2364472597837448
smol,flickr30k,final_quarter,False,1,0.14285714285714285,3,3,3,11,2.0,4096,0.0003,False,1.5,1024,512,1200,0.08698882162570953,0.0856868467575623,0.08819564868663292,0.112548828125,0.112548828125,0.000732421875,0.000732421875,0.003947264049202204,0.08304155617952347,0.914890148698615,376.55641144111723,0.24327172338962555,1.7171647548675537,0.9961814200158223,0.9945309747978558,0.9994706530558036,419.89453125,0.10251331329345703,0.886962890625,0.2364472597837448
smol,flickr30k,final_quarter,False,1,0.14285714285714285,3,3,3,11,2.0,4096,0.0003,True,1.1,1024,512,1200,0.46960341930389404,0.46425772250950104,0.47435631145635854,1.0,1.0,0.0,0.0,0.02727324888110161,0.44233018159866333,0.09018971140782807,3906.215920709315,0.30883684754371643,0.3231560289859772,0.9929131452708506,0.8813977953701758,0.9960493590254091,1889.61328125,0.4613313674926758,0.0,0.3014121651649475
smol,flickr30k,final_quarter,False,1,0.14285714285714285,3,3,3,11,2.0,4096,0.0003,True,1.25,1024,512,1200,0.46960341930389404,0.46425772250950104,0.47435631145635854,1.0,1.0,0.0,0.0,0.02727324888110161,0.44233018159866333,0.09018971140782807,3906.215920709315,0.30883684754371643,0.3231560289859772,0.9929131452708506,0.8813977953701758,0.9960493590254091,1889.61328125,0.4613313674926758,0.0,0.3014121651649475
smol,flickr30k,final_quarter,False,1,0.14285714285714285,3,3,3,11,2.0,4096,0.0003,True,1.5,1024,512,1200,0.46960341930389404,0.46425772250950104,0.47435631145635854,1.0,1.0,0.0,0.0,0.02727324888110161,0.44233018159866333,0.09018971140782807,3906.215920709315,0.30883684754371643,0.3231560289859772,0.9929131452708506,0.8813977953701758,0.9960493590254091,1889.61328125,0.4613313674926758,0.0,0.3014121651649475
smol,flickr30k,final_quarter,False,1,0.14285714285714285,3,3,3,11,2.0,4096,0.001,False,1.1,1024,512,1200,0.0869571641087532,0.08565599326193478,0.0881718364867993,0.112548828125,0.112548828125,0.000732421875,0.000732421875,0.003971548285335302,0.08298561722040176,0.9148082234442829,376.2450806934563,0.2457866668701172,1.7105956077575684,0.9936624247656587,0.9919782531209548,0.9994959117150776,420.25390625,0.1026010513305664,0.886962890625,0.23885390162467957
smol,flickr30k,final_quarter,False,1,0.14285714285714285,3,3,3,11,2.0,4096,0.001,False,1.25,1024,512,1200,0.0869571641087532,0.08565599326193478,0.0881718364867993,0.112548828125,0.112548828125,0.000732421875,0.000732421875,0.003971548285335302,0.08298561722040176,0.9148082234442829,376.2450806934563,0.2457866668701172,1.7105956077575684,0.9936624247656587,0.9919782531209548,0.9994959117150776,420.25390625,0.1026010513305664,0.886962890625,0.23885390162467957
smol,flickr30k,final_quarter,False,1,0.14285714285714285,3,3,3,11,2.0,4096,0.001,False,1.5,1024,512,1200,0.0869571641087532,0.08565599326193478,0.0881718364867993,0.112548828125,0.112548828125,0.000732421875,0.000732421875,0.003971548285335302,0.08298561722040176,0.9148082234442829,376.2450806934563,0.2457866668701172,1.7105956077575684,0.9936624247656587,0.9919782531209548,0.9994959117150776,420.25390625,0.1026010513305664,0.886962890625,0.23885390162467957
smol,flickr30k,final_quarter,False,1,0.14285714285714285,3,3,3,11,2.0,4096,0.001,True,1.1,1024,512,1200,0.45895323157310486,0.45377300101536094,0.4635746025000117,1.0,1.0,0.0,0.0,0.026778653264045715,0.43217459321022034,0.08813835453559048,3924.6604745471786,0.3005748689174652,0.32239535450935364,0.9948567484697779,0.8837231528993266,0.9981509189442359,1878.9296875,0.4587230682373047,0.0,0.2935764491558075
smol,flickr30k,final_quarter,False,1,0.14285714285714285,3,3,3,11,2.0,4096,0.001,True,1.25,1024,512,1200,0.45895323157310486,0.45377300101536094,0.4635746025000117,1.0,1.0,0.0,0.0,0.026778653264045715,0.43217459321022034,0.08813835453559048,3924.6604745471786,0.3005748689174652,0.32239535450935364,0.9948567484697779,0.8837231528993266,0.9981509189442359,1878.9296875,0.4587230682373047,0.0,0.2935764491558075
smol,flickr30k,final_quarter,False,1,0.14285714285714285,3,3,3,11,2.0,4096,0.001,True,1.5,1024,512,1200,0.45895323157310486,0.45377300101536094,0.4635746025000117,1.0,1.0,0.0,0.0,0.026778653264045715,0.43217459321022034,0.08813835453559048,3924.6604745471786,0.3005748689174652,0.32239535450935364,0.9948567484697779,0.8837231528993266,0.9981509189442359,1878.9296875,0.4587230682373047,0.0,0.2935764491558075
smol,flickr30k,final_quarter,False,1,0.14285714285714285,3,3,3,11,4.0,4096,0.0003,False,1.1,1024,512,1200,0.08698882162570953,0.0856868467575623,0.08819564868663292,0.112548828125,0.112548828125,0.000732421875,0.000732421875,0.003947264049202204,0.08304155617952347,0.914890148698615,376.55641144111723,0.24327172338962555,1.7171647548675537,0.9961814200158223,0.9945309747978558,0.9994706530558036,419.89453125,0.10251331329345703,0.886962890625,0.2364472597837448
smol,flickr30k,final_quarter,False,1,0.14285714285714285,3,3,3,11,4.0,4096,0.0003,False,1.25,1024,512,1200,0.08698882162570953,0.0856868467575623,0.08819564868663292,0.112548828125,0.112548828125,0.000732421875,0.000732421875,0.003947264049202204,0.08304155617952347,0.914890148698615,376.55641144111723,0.24327172338962555,1.7171647548675537,0.9961814200158223,0.9945309747978558,0.9994706530558036,419.89453125,0.10251331329345703,0.886962890625,0.2364472597837448
smol,flickr30k,final_quarter,False,1,0.14285714285714285,3,3,3,11,4.0,4096,0.0003,False,1.5,1024,512,1200,0.08698882162570953,0.0856868467575623,0.08819564868663292,0.112548828125,0.112548828125,0.000732421875,0.000732421875,0.003947264049202204,0.08304155617952347,0.914890148698615,376.55641144111723,0.24327172338962555,1.7171647548675537,0.9961814200158223,0.9945309747978558,0.9994706530558036,419.89453125,0.10251331329345703,0.886962890625,0.2364472597837448
smol,flickr30k,final_quarter,False,1,0.14285714285714285,3,3,3,11,4.0,4096,0.0003,True,1.1,1024,512,1200,0.46960341930389404,0.46425772250950104,0.47435631145635854,1.0,1.0,0.0,0.0,0.02727324888110161,0.44233018159866333,0.09018971140782807,3906.215920709315,0.30883684754371643,0.3231560289859772,0.9929131452708506,0.8813977953701758,0.9960493590254091,1889.61328125,0.4613313674926758,0.0,0.3014121651649475
smol,flickr30k,final_quarter,False,1,0.14285714285714285,3,3,3,11,4.0,4096,0.0003,True,1.25,1024,512,1200,0.46960341930389404,0.46425772250950104,0.47435631145635854,1.0,1.0,0.0,0.0,0.02727324888110161,0.44233018159866333,0.09018971140782807,3906.215920709315,0.30883684754371643,0.3231560289859772,0.9929131452708506,0.8813977953701758,0.9960493590254091,1889.61328125,0.4613313674926758,0.0,0.3014121651649475
smol,flickr30k,final_quarter,False,1,0.14285714285714285,3,3,3,11,4.0,4096,0.0003,True,1.5,1024,512,1200,0.46960341930389404,0.46425772250950104,0.47435631145635854,1.0,1.0,0.0,0.0,0.02727324888110161,0.44233018159866333,0.09018971140782807,3906.215920709315,0.30883684754371643,0.3231560289859772,0.9929131452708506,0.8813977953701758,0.9960493590254091,1889.61328125,0.4613313674926758,0.0,0.3014121651649475
smol,flickr30k,final_quarter,False,1,0.14285714285714285,3,3,3,11,4.0,4096,0.001,False,1.1,1024,512,1200,0.0869571641087532,0.08565599326193478,0.0881718364867993,0.112548828125,0.112548828125,0.000732421875,0.000732421875,0.003971548285335302,0.08298561722040176,0.9148082234442829,376.2450806934563,0.2457866668701172,1.7105956077575684,0.9936624247656587,0.9919782531209548,0.9994959117150776,420.25390625,0.1026010513305664,0.886962890625,0.23885390162467957
smol,flickr30k,final_quarter,False,1,0.14285714285714285,3,3,3,11,4.0,4096,0.001,False,1.25,1024,512,1200,0.0869571641087532,0.08565599326193478,0.0881718364867993,0.112548828125,0.112548828125,0.000732421875,0.000732421875,0.003971548285335302,0.08298561722040176,0.9148082234442829,376.2450806934563,0.2457866668701172,1.7105956077575684,0.9936624247656587,0.9919782531209548,0.9994959117150776,420.25390625,0.1026010513305664,0.886962890625,0.23885390162467957
smol,flickr30k,final_quarter,False,1,0.14285714285714285,3,3,3,11,4.0,4096,0.001,False,1.5,1024,512,1200,0.0869571641087532,0.08565599326193478,0.0881718364867993,0.112548828125,0.112548828125,0.000732421875,0.000732421875,0.003971548285335302,0.08298561722040176,0.9148082234442829,376.2450806934563,0.2457866668701172,1.7105956077575684,0.9936624247656587,0.9919782531209548,0.9994959117150776,420.25390625,0.1026010513305664,0.886962890625,0.23885390162467957
smol,flickr30k,final_quarter,False,1,0.14285714285714285,3,3,3,11,4.0,4096,0.001,True,1.1,1024,512,1200,0.45895323157310486,0.45377300101536094,0.4635746025000117,1.0,1.0,0.0,0.0,0.026778653264045715,0.43217459321022034,0.08813835453559048,3924.6604745471786,0.3005748689174652,0.32239535450935364,0.9948567484697779,0.8837231528993266,0.9981509189442359,1878.9296875,0.4587230682373047,0.0,0.2935764491558075
smol,flickr30k,final_quarter,False,1,0.14285714285714285,3,3,3,11,4.0,4096,0.001,True,1.25,1024,512,1200,0.45895323157310486,0.45377300101536094,0.4635746025000117,1.0,1.0,0.0,0.0,0.026778653264045715,0.43217459321022034,0.08813835453559048,3924.6604745471786,0.3005748689174652,0.32239535450935364,0.9948567484697779,0.8837231528993266,0.9981509189442359,1878.9296875,0.4587230682373047,0.0,0.2935764491558075
smol,flickr30k,final_quarter,False,1,0.14285714285714285,3,3,3,11,4.0,4096,0.001,True,1.5,1024,512,1200,0.45895323157310486,0.45377300101536094,0.4635746025000117,1.0,1.0,0.0,0.0,0.026778653264045715,0.43217459321022034,0.08813835453559048,3924.6604745471786,0.3005748689174652,0.32239535450935364,0.9948567484697779,0.8837231528993266,0.9981509189442359,1878.9296875,0.4587230682373047,0.0,0.2935764491558075
smol,flickr30k,final_quarter,False,1,0.14285714285714285,3,3,3,23,2.0,4096,0.0003,False,1.1,1024,512,1200,0.08531874418258667,0.08412352558552812,0.08653814372446504,0.1044921875,0.1044921875,0.000244140625,0.000244140625,0.003869276260957122,0.0814494639635086,0.9201746932909548,353.97714778123225,0.24058933556079865,1.7356905937194824,0.9961798598671194,0.9945143657726058,0.9995041932632202,395.22265625,0.09648990631103516,0.895263671875,0.23377114534378052
smol,flickr30k,final_quarter,False,1,0.14285714285714285,3,3,3,23,2.0,4096,0.0003,False,1.25,1024,512,1200,0.08531874418258667,0.08412352558552812,0.08653814372446504,0.1044921875,0.1044921875,0.000244140625,0.000244140625,0.003869276260957122,0.0814494639635086,0.9201746932909548,353.97714778123225,0.24058933556079865,1.7356905937194824,0.9961798598671194,0.9945143657726058,0.9995041932632202,395.22265625,0.09648990631103516,0.895263671875,0.23377114534378052
smol,flickr30k,final_quarter,False,1,0.14285714285714285,3,3,3,23,2.0,4096,0.0003,False,1.5,1024,512,1200,0.08531874418258667,0.08412352558552812,0.08653814372446504,0.10400390625,0.104248046875,0.000244140625,0.00048828125,0.003869276260957122,0.0814494639635086,0.9201746932909548,353.97714778123225,0.24058933556079865,1.7356905937194824,0.9961798598671194,0.9945143657726058,0.9995041932632202,395.22265625,0.09648990631103516,0.895263671875,0.23377114534378052
smol,flickr30k,final_quarter,False,1,0.14285714285714285,3,3,3,23,2.0,4096,0.0003,True,1.1,1024,512,1200,0.46933338046073914,0.46432652896037324,0.47379143801081225,1.0,1.0,0.0,0.0,0.027280092239379883,0.44205331802368164,0.08954143130197072,3919.395551974344,0.308986097574234,0.33116209506988525,0.9955070426277366,0.8844855478110951,0.9920183129169777,1889.794921875,0.46137571334838867,0.0,0.30141565203666687
smol,flickr30k,final_quarter,False,1,0.14285714285714285,3,3,3,23,2.0,4096,0.0003,True,1.25,1024,512,1200,0.46933338046073914,0.46432652896037324,0.47379143801081225,1.0,1.0,0.0,0.0,0.027280092239379883,0.44205331802368164,0.08954143130197072,3919.395551974344,0.308986097574234,0.33116209506988525,0.9955070426277366,0.8844855478110951,0.9920183129169777,1889.794921875,0.46137571334838867,0.0,0.30141565203666687
smol,flickr30k,final_quarter,False,1,0.14285714285714285,3,3,3,23,2.0,4096,0.0003,True,1.5,1024,512,1200,0.46933338046073914,0.46432652896037324,0.47379143801081225,1.0,1.0,0.0,0.0,0.027280092239379883,0.44205331802368164,0.08954143130197072,3919.395551974344,0.308986097574234,0.33116209506988525,0.9955070426277366,0.8844855478110951,0.9920183129169777,1889.794921875,0.46137571334838867,0.0,0.30141565203666687
smol,flickr30k,final_quarter,False,1,0.14285714285714285,3,3,3,23,2.0,4096,0.001,False,1.1,1024,512,1200,0.08499506115913391,0.08381185127873322,0.08621562160005851,0.1044921875,0.1044921875,0.000244140625,0.000244140625,0.0038199014961719513,0.08117515593767166,0.9206051711655833,351.42371558898,0.23529964685440063,1.7138187885284424,0.9961533857884658,0.9944874330180379,0.9995319232213203,394.23046875,0.09624767303466797,0.895263671875,0.2286519557237625
smol,flickr30k,final_quarter,False,1,0.14285714285714285,3,3,3,23,2.0,4096,0.001,False,1.25,1024,512,1200,0.08499506115913391,0.08381185127873322,0.08621562160005851,0.1044921875,0.1044921875,0.000244140625,0.000244140625,0.0038199014961719513,0.08117515593767166,0.9206051711655833,351.42371558898,0.23529964685440063,1.7138187885284424,0.9961533857884658,0.9944874330180379,0.9995319232213203,394.23046875,0.09624767303466797,0.895263671875,0.2286519557237625
smol,flickr30k,final_quarter,False,1,0.14285714285714285,3,3,3,23,2.0,4096,0.001,False,1.5,1024,512,1200,0.08499506115913391,0.08381185127873322,0.08621562160005851,0.10400390625,0.104248046875,0.000244140625,0.00048828125,0.0038199014961719513,0.08117515593767166,0.9206051711655833,351.42371558898,0.23529964685440063,1.7138187885284424,0.9961533857884658,0.9944874330180379,0.9995319232213203,394.23046875,0.09624767303466797,0.895263671875,0.2286519557237625
smol,flickr30k,final_quarter,False,1,0.14285714285714285,3,3,3,23,2.0,4096,0.001,True,1.1,1024,512,1200,0.46000438928604126,0.4552970359203755,0.46436883710703114,1.0,1.0,0.0,0.0,0.026913225650787354,0.4330911636352539,0.0903132607538363,3932.2905181077626,0.30170580744743347,0.3259003162384033,0.9956231361666134,0.8847998056839829,0.9929548337949008,1879.11328125,0.4587678909301758,0.0,0.2946189045906067
smol,flickr30k,final_quarter,False,1,0.14285714285714285,3,3,3,23,2.0,4096,0.001,True,1.25,1024,512,1200,0.46000438928604126,0.4552970359203755,0.46436883710703114,1.0,1.0,0.0,0.0,0.026913225650787354,0.4330911636352539,0.0903132607538363,3932.2905181077626,0.30170580744743347,0.3259003162384033,0.9956231361666134,0.8847998056839829,0.9929548337949008,1879.11328125,0.4587678909301758,0.0,0.2946189045906067
smol,flickr30k,final_quarter,False,1,0.14285714285714285,3,3,3,23,2.0,4096,0.001,True,1.5,1024,512,1200,0.46000438928604126,0.4552970359203755,0.46436883710703114,1.0,1.0,0.0,0.0,0.026913225650787354,0.4330911636352539,0.0903132607538363,3932.2905181077626,0.30170580744743347,0.3259003162384033,0.9956231361666134,0.8847998056839829,0.9929548337949008,1879.11328125,0.4587678909301758,0.0,0.2946189045906067
smol,flickr30k,final_quarter,False,1,0.14285714285714285,3,3,3,23,4.0,4096,0.0003,False,1.1,1024,512,1200,0.08531874418258667,0.08412352558552812,0.08653814372446504,0.1044921875,0.1044921875,0.000244140625,0.000244140625,0.003869276260957122,0.0814494639635086,0.9201746932909548,353.97714778123225,0.24058933556079865,1.7356905937194824,0.9961798598671194,0.9945143657726058,0.9995041932632202,395.22265625,0.09648990631103516,0.895263671875,0.23377114534378052
smol,flickr30k,final_quarter,False,1,0.14285714285714285,3,3,3,23,4.0,4096,0.0003,False,1.25,1024,512,1200,0.08531874418258667,0.08412352558552812,0.08653814372446504,0.1044921875,0.1044921875,0.000244140625,0.000244140625,0.003869276260957122,0.0814494639635086,0.9201746932909548,353.97714778123225,0.24058933556079865,1.7356905937194824,0.9961798598671194,0.9945143657726058,0.9995041932632202,395.22265625,0.09648990631103516,0.895263671875,0.23377114534378052
smol,flickr30k,final_quarter,False,1,0.14285714285714285,3,3,3,23,4.0,4096,0.0003,False,1.5,1024,512,1200,0.08531874418258667,0.08412352558552812,0.08653814372446504,0.10400390625,0.104248046875,0.000244140625,0.00048828125,0.003869276260957122,0.0814494639635086,0.9201746932909548,353.97714778123225,0.24058933556079865,1.7356905937194824,0.9961798598671194,0.9945143657726058,0.9995041932632202,395.22265625,0.09648990631103516,0.895263671875,0.23377114534378052
smol,flickr30k,final_quarter,False,1,0.14285714285714285,3,3,3,23,4.0,4096,0.0003,True,1.1,1024,512,1200,0.46933338046073914,0.46432652896037324,0.47379143801081225,1.0,1.0,0.0,0.0,0.027280092239379883,0.44205331802368164,0.08954143130197072,3919.395551974344,0.308986097574234,0.33116209506988525,0.9955070426277366,0.8844855478110951,0.9920183129169777,1889.794921875,0.46137571334838867,0.0,0.30141565203666687
smol,flickr30k,final_quarter,False,1,0.14285714285714285,3,3,3,23,4.0,4096,0.0003,True,1.25,1024,512,1200,0.46933338046073914,0.46432652896037324,0.47379143801081225,1.0,1.0,0.0,0.0,0.027280092239379883,0.44205331802368164,0.08954143130197072,3919.395551974344,0.308986097574234,0.33116209506988525,0.9955070426277366,0.8844855478110951,0.9920183129169777,1889.794921875,0.46137571334838867,0.0,0.30141565203666687
smol,flickr30k,final_quarter,False,1,0.14285714285714285,3,3,3,23,4.0,4096,0.0003,True,1.5,1024,512,1200,0.46933338046073914,0.46432652896037324,0.47379143801081225,1.0,1.0,0.0,0.0,0.027280092239379883,0.44205331802368164,0.08954143130197072,3919.395551974344,0.308986097574234,0.33116209506988525,0.9955070426277366,0.8844855478110951,0.9920183129169777,1889.794921875,0.46137571334838867,0.0,0.30141565203666687
smol,flickr30k,final_quarter,False,1,0.14285714285714285,3,3,3,23,4.0,4096,0.001,False,1.1,1024,512,1200,0.08499506115913391,0.08381185127873322,0.08621562160005851,0.1044921875,0.1044921875,0.000244140625,0.000244140625,0.0038199014961719513,0.08117515593767166,0.9206051711655833,351.42371558898,0.23529964685440063,1.7138187885284424,0.9961533857884658,0.9944874330180379,0.9995319232213203,394.23046875,0.09624767303466797,0.895263671875,0.2286519557237625
smol,flickr30k,final_quarter,False,1,0.14285714285714285,3,3,3,23,4.0,4096,0.001,False,1.25,1024,512,1200,0.08499506115913391,0.08381185127873322,0.08621562160005851,0.1044921875,0.1044921875,0.000244140625,0.000244140625,0.0038199014961719513,0.08117515593767166,0.9206051711655833,351.42371558898,0.23529964685440063,1.7138187885284424,0.9961533857884658,0.9944874330180379,0.9995319232213203,394.23046875,0.09624767303466797,0.895263671875,0.2286519557237625
smol,flickr30k,final_quarter,False,1,0.14285714285714285,3,3,3,23,4.0,4096,0.001,False,1.5,1024,512,1200,0.08499506115913391,0.08381185127873322,0.08621562160005851,0.10400390625,0.104248046875,0.000244140625,0.00048828125,0.0038199014961719513,0.08117515593767166,0.9206051711655833,351.42371558898,0.23529964685440063,1.7138187885284424,0.9961533857884658,0.9944874330180379,0.9995319232213203,394.23046875,0.09624767303466797,0.895263671875,0.2286519557237625
smol,flickr30k,final_quarter,False,1,0.14285714285714285,3,3,3,23,4.0,4096,0.001,True,1.1,1024,512,1200,0.46000438928604126,0.4552970359203755,0.46436883710703114,1.0,1.0,0.0,0.0,0.026913225650787354,0.4330911636352539,0.0903132607538363,3932.2905181077626,0.30170580744743347,0.3259003162384033,0.9956231361666134,0.8847998056839829,0.9929548337949008,1879.11328125,0.4587678909301758,0.0,0.2946189045906067
smol,flickr30k,final_quarter,False,1,0.14285714285714285,3,3,3,23,4.0,4096,0.001,True,1.25,1024,512,1200,0.46000438928604126,0.4552970359203755,0.46436883710703114,1.0,1.0,0.0,0.0,0.026913225650787354,0.4330911636352539,0.0903132607538363,3932.2905181077626,0.30170580744743347,0.3259003162384033,0.9956231361666134,0.8847998056839829,0.9929548337949008,1879.11328125,0.4587678909301758,0.0,0.2946189045906067
smol,flickr30k,final_quarter,False,1,0.14285714285714285,3,3,3,23,4.0,4096,0.001,True,1.5,1024,512,1200,0.46000438928604126,0.4552970359203755,0.46436883710703114,1.0,1.0,0.0,0.0,0.026913225650787354,0.4330911636352539,0.0903132607538363,3932.2905181077626,0.30170580744743347,0.3259003162384033,0.9956231361666134,0.8847998056839829,0.9929548337949008,1879.11328125,0.4587678909301758,0.0,0.2946189045906067
smol,flickr30k,final_quarter,False,1,0.14285714285714285,3,3,3,37,2.0,4096,0.0003,False,1.1,1024,512,1200,0.08556246757507324,0.08437206074559071,0.08671983747426566,0.10546875,0.10595703125,0.000244140625,0.000732421875,0.0038647749461233616,0.08169768750667572,0.9188582332793226,356.7977623513174,0.23783369362354279,1.7194395065307617,0.9960954339183302,0.9944287486333651,0.9994596702160341,400.78515625,0.09784793853759766,0.893310546875,0.23108555376529694
smol,flickr30k,final_quarter,False,1,0.14285714285714285,3,3,3,37,2.0,4096,0.0003,False,1.25,1024,512,1200,0.08556246757507324,0.08437206074559071,0.08671983747426566,0.10546875,0.10595703125,0.000244140625,0.000732421875,0.0038647749461233616,0.08169768750667572,0.9188582332793226,356.7977623513174,0.23783369362354279,1.7194395065307617,0.9960954339183302,0.9944287486333651,0.9994596702160341,400.78515625,0.09784793853759766,0.893310546875,0.23108555376529694
smol,flickr30k,final_quarter,False,1,0.14285714285714285,3,3,3,37,2.0,4096,0.0003,False,1.5,1024,512,1200,0.08556246757507324,0.08437206074559071,0.08671983747426566,0.10498046875,0.105712890625,0.000244140625,0.0009765625,0.0038647749461233616,0.08169768750667572,0.9188582332793226,356.7977623513174,0.23783369362354279,1.7194395065307617,0.9960954339183302,0.9944287486333651,0.9994596702160341,400.78515625,0.09784793853759766,0.893310546875,0.23108555376529694
smol,flickr30k,final_quarter,False,1,0.14285714285714285,3,3,3,37,2.0,4096,0.0003,True,1.1,1024,512,1200,0.4696654677391052,0.4647904034005478,0.4743291445687646,1.0,1.0,0.0,0.0,0.027190247550606728,0.44247525930404663,0.09676705555198029,3858.5543745255172,0.30757787823677063,0.3269762098789215,0.9935269732043174,0.8830574887398358,0.9919690634453602,1884.41796875,0.46006298065185547,0.0,0.3014538586139679
smol,flickr30k,final_quarter,False,1,0.14285714285714285,3,3,3,37,2.0,4096,0.0003,True,1.25,1024,512,1200,0.4696654677391052,0.4647904034005478,0.4743291445687646,1.0,1.0,0.0,0.0,0.027190247550606728,0.44247525930404663,0.09676705555198029,3858.5543745255172,0.30757787823677063,0.3269762098789215,0.9935269732043174,0.8830574887398358,0.9919690634453602,1884.41796875,0.46006298065185547,0.0,0.3014538586139679
smol,flickr30k,final_quarter,False,1,0.14285714285714285,3,3,3,37,2.0,4096,0.0003,True,1.5,1024,512,1200,0.4696654677391052,0.4647904034005478,0.4743291445687646,1.0,1.0,0.0,0.0,0.027190247550606728,0.44247525930404663,0.09676705555198029,3858.5543745255172,0.30757787823677063,0.3269762098789215,0.9935269732043174,0.8830574887398358,0.9919690634453602,1884.41796875,0.46006298065185547,0.0,0.3014538586139679
smol,flickr30k,final_quarter,False,1,0.14285714285714285,3,3,3,37,2.0,4096,0.001,False,1.1,1024,512,1200,0.08540070056915283,0.08421519376151991,0.08653814967274229,0.105224609375,0.10546875,0.000244140625,0.00048828125,0.003779767779633403,0.08162092417478561,0.9191376656682776,354.58105195890505,0.23007583618164062,1.7129591703414917,0.9955835524674576,0.9939213392023432,0.9994060848593301,398.6015625,0.09731483459472656,0.89404296875,0.22361807525157928
smol,flickr30k,final_quarter,False,1,0.14285714285714285,3,3,3,37,2.0,4096,0.001,False,1.25,1024,512,1200,0.08540070056915283,0.08421519376151991,0.08653814967274229,0.105224609375,0.10546875,0.000244140625,0.00048828125,0.003779767779633403,0.08162092417478561,0.9191376656682776,354.58105195890505,0.23007583618164062,1.7129591703414917,0.9955835524674576,0.9939213392023432,0.9994060848593301,398.6015625,0.09731483459472656,0.89404296875,0.22361807525157928
smol,flickr30k,final_quarter,False,1,0.14285714285714285,3,3,3,37,2.0,4096,0.001,False,1.5,1024,512,1200,0.08540070056915283,0.08421519376151991,0.08653814967274229,0.104736328125,0.105224609375,0.000244140625,0.000732421875,0.003779767779633403,0.08162092417478561,0.9191376656682776,354.58105195890505,0.23007583618164062,1.7129591703414917,0.9955835524674576,0.9939213392023432,0.9994060848593301,398.6015625,0.09731483459472656,0.89404296875,0.22361807525157928
smol,flickr30k,final_quarter,False,1,0.14285714285714285,3,3,3,37,2.0,4096,0.001,True,1.1,1024,512,1200,0.46267062425613403,0.4579347910548677,0.46691285632696233,1.0,1.0,0.0,0.0,0.026997894048690796,0.4356727600097656,0.09377625398293442,3871.8429882228215,0.3031710982322693,0.323258638381958,0.9957885156868492,0.8845692908867243,0.9903598906745087,1880.748046875,0.4591670036315918,0.0,0.296438604593277
smol,flickr30k,final_quarter,False,1,0.14285714285714285,3,3,3,37,2.0,4096,0.001,True,1.25,1024,512,1200,0.46267062425613403,0.4579347910548677,0.46691285632696233,1.0,1.0,0.0,0.0,0.026997894048690796,0.4356727600097656,0.09377625398293442,3871.8429882228215,0.3031710982322693,0.323258638381958,0.9957885156868492,0.8845692908867243,0.9903598906745087,1880.748046875,0.4591670036315918,0.0,0.296438604593277
smol,flickr30k,final_quarter,False,1,0.14285714285714285,3,3,3,37,2.0,4096,0.001,True,1.5,1024,512,1200,0.46267062425613403,0.4579347910548677,0.46691285632696233,1.0,1.0,0.0,0.0,0.026997894048690796,0.4356727600097656,0.09377625398293442,3871.8429882228215,0.3031710982322693,0.323258638381958,0.9957885156868492,0.8845692908867243,0.9903598906745087,1880.748046875,0.4591670036315918,0.0,0.296438604593277
smol,flickr30k,final_quarter,False,1,0.14285714285714285,3,3,3,37,4.0,4096,0.0003,False,1.1,1024,512,1200,0.08556246757507324,0.08437206074559071,0.08671983747426566,0.10546875,0.10595703125,0.000244140625,0.000732421875,0.0038647749461233616,0.08169768750667572,0.9188582332793226,356.7977623513174,0.23783369362354279,1.7194395065307617,0.9960954339183302,0.9944287486333651,0.9994596702160341,400.78515625,0.09784793853759766,0.893310546875,0.23108555376529694
smol,flickr30k,final_quarter,False,1,0.14285714285714285,3,3,3,37,4.0,4096,0.0003,False,1.25,1024,512,1200,0.08556246757507324,0.08437206074559071,0.08671983747426566,0.10546875,0.10595703125,0.000244140625,0.000732421875,0.0038647749461233616,0.08169768750667572,0.9188582332793226,356.7977623513174,0.23783369362354279,1.7194395065307617,0.9960954339183302,0.9944287486333651,0.9994596702160341,400.78515625,0.09784793853759766,0.893310546875,0.23108555376529694
smol,flickr30k,final_quarter,False,1,0.14285714285714285,3,3,3,37,4.0,4096,0.0003,False,1.5,1024,512,1200,0.08556246757507324,0.08437206074559071,0.08671983747426566,0.10498046875,0.105712890625,0.000244140625,0.0009765625,0.0038647749461233616,0.08169768750667572,0.9188582332793226,356.7977623513174,0.23783369362354279,1.7194395065307617,0.9960954339183302,0.9944287486333651,0.9994596702160341,400.78515625,0.09784793853759766,0.893310546875,0.23108555376529694
smol,flickr30k,final_quarter,False,1,0.14285714285714285,3,3,3,37,4.0,4096,0.0003,True,1.1,1024,512,1200,0.4696654677391052,0.4647904034005478,0.4743291445687646,1.0,1.0,0.0,0.0,0.027190247550606728,0.44247525930404663,0.09676705555198029,3858.5543745255172,0.30757787823677063,0.3269762098789215,0.9935269732043174,0.8830574887398358,0.9919690634453602,1884.41796875,0.46006298065185547,0.0,0.3014538586139679
smol,flickr30k,final_quarter,False,1,0.14285714285714285,3,3,3,37,4.0,4096,0.0003,True,1.25,1024,512,1200,0.4696654677391052,0.4647904034005478,0.4743291445687646,1.0,1.0,0.0,0.0,0.027190247550606728,0.44247525930404663,0.09676705555198029,3858.5543745255172,0.30757787823677063,0.3269762098789215,0.9935269732043174,0.8830574887398358,0.9919690634453602,1884.41796875,0.46006298065185547,0.0,0.3014538586139679
smol,flickr30k,final_quarter,False,1,0.14285714285714285,3,3,3,37,4.0,4096,0.0003,True,1.5,1024,512,1200,0.4696654677391052,0.4647904034005478,0.4743291445687646,1.0,1.0,0.0,0.0,0.027190247550606728,0.44247525930404663,0.09676705555198029,3858.5543745255172,0.30757787823677063,0.3269762098789215,0.9935269732043174,0.8830574887398358,0.9919690634453602,1884.41796875,0.46006298065185547,0.0,0.3014538586139679
smol,flickr30k,final_quarter,False,1,0.14285714285714285,3,3,3,37,4.0,4096,0.001,False,1.1,1024,512,1200,0.08540070056915283,0.08421519376151991,0.08653814967274229,0.105224609375,0.10546875,0.000244140625,0.00048828125,0.003779767779633403,0.08162092417478561,0.9191376656682776,354.58105195890505,0.23007583618164062,1.7129591703414917,0.9955835524674576,0.9939213392023432,0.9994060848593301,398.6015625,0.09731483459472656,0.89404296875,0.22361807525157928
smol,flickr30k,final_quarter,False,1,0.14285714285714285,3,3,3,37,4.0,4096,0.001,False,1.25,1024,512,1200,0.08540070056915283,0.08421519376151991,0.08653814967274229,0.105224609375,0.10546875,0.000244140625,0.00048828125,0.003779767779633403,0.08162092417478561,0.9191376656682776,354.58105195890505,0.23007583618164062,1.7129591703414917,0.9955835524674576,0.9939213392023432,0.9994060848593301,398.6015625,0.09731483459472656,0.89404296875,0.22361807525157928
smol,flickr30k,final_quarter,False,1,0.14285714285714285,3,3,3,37,4.0,4096,0.001,False,1.5,1024,512,1200,0.08540070056915283,0.08421519376151991,0.08653814967274229,0.104736328125,0.105224609375,0.000244140625,0.000732421875,0.003779767779633403,0.08162092417478561,0.9191376656682776,354.58105195890505,0.23007583618164062,1.7129591703414917,0.9955835524674576,0.9939213392023432,0.9994060848593301,398.6015625,0.09731483459472656,0.89404296875,0.22361807525157928
smol,flickr30k,final_quarter,False,1,0.14285714285714285,3,3,3,37,4.0,4096,0.001,True,1.1,1024,512,1200,0.46267062425613403,0.4579347910548677,0.46691285632696233,1.0,1.0,0.0,0.0,0.026997894048690796,0.4356727600097656,0.09377625398293442,3871.8429882228215,0.3031710982322693,0.323258638381958,0.9957885156868492,0.8845692908867243,0.9903598906745087,1880.748046875,0.4591670036315918,0.0,0.296438604593277
smol,flickr30k,final_quarter,False,1,0.14285714285714285,3,3,3,37,4.0,4096,0.001,True,1.25,1024,512,1200,0.46267062425613403,0.4579347910548677,0.46691285632696233,1.0,1.0,0.0,0.0,0.026997894048690796,0.4356727600097656,0.09377625398293442,3871.8429882228215,0.3031710982322693,0.323258638381958,0.9957885156868492,0.8845692908867243,0.9903598906745087,1880.748046875,0.4591670036315918,0.0,0.296438604593277
smol,flickr30k,final_quarter,False,1,0.14285714285714285,3,3,3,37,4.0,4096,0.001,True,1.5,1024,512,1200,0.46267062425613403,0.4579347910548677,0.46691285632696233,1.0,1.0,0.0,0.0,0.026997894048690796,0.4356727600097656,0.09377625398293442,3871.8429882228215,0.3031710982322693,0.323258638381958,0.9957885156868492,0.8845692908867243,0.9903598906745087,1880.748046875,0.4591670036315918,0.0,0.296438604593277
smol,flickr30k,final_quarter,False,2,0.2857142857142857,7,7,7,11,2.0,4096,0.0003,False,1.1,1024,512,1200,0.10803946852684021,0.10650677277444628,0.10946974551752646,0.10888671875,0.109130859375,0.000732421875,0.0009765625,0.005897856317460537,0.1021416038274765,0.918737236307036,358.8711355212898,0.2520391643047333,0.5110958814620972,0.9951169598072954,0.9929557527217234,0.9983593901083622,391.607421875,0.09560728073120117,0.8896484375,0.24893289804458618
smol,flickr30k,final_quarter,False,2,0.2857142857142857,7,7,7,11,2.0,4096,0.0003,False,1.25,1024,512,1200,0.10803946852684021,0.10650677277444628,0.10946974551752646,0.1083984375,0.10888671875,0.000732421875,0.001220703125,0.005897856317460537,0.1021416038274765,0.918737236307036,358.8711355212898,0.2520391643047333,0.5110958814620972,0.9951169598072954,0.9929557527217234,0.9983593901083622,391.607421875,0.09560728073120117,0.8896484375,0.24893289804458618
smol,flickr30k,final_quarter,False,2,0.2857142857142857,7,7,7,11,2.0,4096,0.0003,False,1.5,1024,512,1200,0.10803946852684021,0.10650677277444628,0.10946974551752646,0.107421875,0.108642578125,0.00048828125,0.001708984375,0.005897856317460537,0.1021416038274765,0.918737236307036,358.8711355212898,0.2520391643047333,0.5110958814620972,0.9951169598072954,0.9929557527217234,0.9983593901083622,391.607421875,0.09560728073120117,0.8896484375,0.24893289804458618
smol,flickr30k,final_quarter,False,2,0.2857142857142857,7,7,7,11,2.0,4096,0.0003,True,1.1,1024,512,1200,0.47651898860931396,0.4723280280493782,0.4809728312509833,1.0,1.0,0.0,0.0,0.03721112385392189,0.4393078684806824,0.08960401105676355,3911.171273523279,0.3102370798587799,0.3298117220401764,0.9965560315218434,0.8762169164508092,0.9931347385956524,1899.251953125,0.4636845588684082,0.0,0.3027907609939575
smol,flickr30k,final_quarter,False,2,0.2857142857142857,7,7,7,11,2.0,4096,0.0003,True,1.25,1024,512,1200,0.47651898860931396,0.4723280280493782,0.4809728312509833,1.0,1.0,0.0,0.0,0.03721112385392189,0.4393078684806824,0.08960401105676355,3911.171273523279,0.3102370798587799,0.3298117220401764,0.9965560315218434,0.8762169164508092,0.9931347385956524,1899.251953125,0.4636845588684082,0.0,0.3027907609939575
smol,flickr30k,final_quarter,False,2,0.2857142857142857,7,7,7,11,2.0,4096,0.0003,True,1.5,1024,512,1200,0.47651898860931396,0.4723280280493782,0.4809728312509833,1.0,1.0,0.0,0.0,0.03721112385392189,0.4393078684806824,0.08960401105676355,3911.171273523279,0.3102370798587799,0.3298117220401764,0.9965560315218434,0.8762169164508092,0.9931347385956524,1899.251953125,0.4636845588684082,0.0,0.3027907609939575
smol,flickr30k,final_quarter,False,2,0.2857142857142857,7,7,7,11,2.0,4096,0.001,False,1.1,1024,512,1200,0.10762424767017365,0.10611096861048282,0.10904815610792866,0.1083984375,0.10888671875,0.000732421875,0.001220703125,0.005884781014174223,0.10173946619033813,0.9189268579307973,357.15939044786796,0.24668154120445251,0.5058297514915466,0.9955773557043199,0.9934466749201316,0.9987760160775349,391.890625,0.09567642211914062,0.8896484375,0.24364113807678223
smol,flickr30k,final_quarter,False,2,0.2857142857142857,7,7,7,11,2.0,4096,0.001,False,1.25,1024,512,1200,0.10762424767017365,0.10611096861048282,0.10904815610792866,0.10791015625,0.108642578125,0.000732421875,0.00146484375,0.005884781014174223,0.10173946619033813,0.9189268579307973,357.15939044786796,0.24668154120445251,0.5058297514915466,0.9955773557043199,0.9934466749201316,0.9987760160775349,391.890625,0.09567642211914062,0.8896484375,0.24364113807678223
smol,flickr30k,final_quarter,False,2,0.2857142857142857,7,7,7,11,2.0,4096,0.001,False,1.5,1024,512,1200,0.10762424767017365,0.10611096861048282,0.10904815610792866,0.10693359375,0.1083984375,0.00048828125,0.001953125,0.005884781014174223,0.10173946619033813,0.9189268579307973,357.15939044786796,0.24668154120445251,0.5058297514915466,0.9955773557043199,0.9934466749201316,0.9987760160775349,391.890625,0.09567642211914062,0.8896484375,0.24364113807678223
smol,flickr30k,final_quarter,False,2,0.2857142857142857,7,7,7,11,2.0,4096,0.001,True,1.1,1024,512,1200,0.47031182050704956,0.46607096542138604,0.47499647011864,1.0,1.0,0.0,0.0,0.03664933890104294,0.433662474155426,0.09096086749592237,3909.1272027363257,0.30433815717697144,0.3264993727207184,0.9937950561914614,0.8741871576567254,0.9924948835287609,1890.654296875,0.46158552169799805,0.0,0.29813820123672485
smol,flickr30k,final_quarter,False,2,0.2857142857142857,7,7,7,11,2.0,4096,0.001,True,1.25,1024,512,1200,0.47031182050704956,0.46607096542138604,0.47499647011864,1.0,1.0,0.0,0.0,0.03664933890104294,0.433662474155426,0.09096086749592237,3909.1272027363257,0.30433815717697144,0.3264993727207184,0.9937950561914614,0.8741871576567254,0.9924948835287609,1890.654296875,0.46158552169799805,0.0,0.29813820123672485
smol,flickr30k,final_quarter,False,2,0.2857142857142857,7,7,7,11,2.0,4096,0.001,True,1.5,1024,512,1200,0.47031182050704956,0.46607096542138604,0.47499647011864,1.0,1.0,0.0,0.0,0.03664933890104294,0.433662474155426,0.09096086749592237,3909.1272027363257,0.30433815717697144,0.3264993727207184,0.9937950561914614,0.8741871576567254,0.9924948835287609,1890.654296875,0.46158552169799805,0.0,0.29813820123672485
smol,flickr30k,final_quarter,False,2,0.2857142857142857,7,7,7,11,4.0,4096,0.0003,False,1.1,1024,512,1200,0.10803946852684021,0.10650677277444628,0.10946974551752646,0.10888671875,0.109130859375,0.000732421875,0.0009765625,0.005897856317460537,0.1021416038274765,0.918737236307036,358.8711355212898,0.2520391643047333,0.5110958814620972,0.9951169598072954,0.9929557527217234,0.9983593901083622,391.607421875,0.09560728073120117,0.8896484375,0.24893289804458618
smol,flickr30k,final_quarter,False,2,0.2857142857142857,7,7,7,11,4.0,4096,0.0003,False,1.25,1024,512,1200,0.10803946852684021,0.10650677277444628,0.10946974551752646,0.1083984375,0.10888671875,0.000732421875,0.001220703125,0.005897856317460537,0.1021416038274765,0.918737236307036,358.8711355212898,0.2520391643047333,0.5110958814620972,0.9951169598072954,0.9929557527217234,0.9983593901083622,391.607421875,0.09560728073120117,0.8896484375,0.24893289804458618
smol,flickr30k,final_quarter,False,2,0.2857142857142857,7,7,7,11,4.0,4096,0.0003,False,1.5,1024,512,1200,0.10803946852684021,0.10650677277444628,0.10946974551752646,0.107421875,0.108642578125,0.00048828125,0.001708984375,0.005897856317460537,0.1021416038274765,0.918737236307036,358.8711355212898,0.2520391643047333,0.5110958814620972,0.9951169598072954,0.9929557527217234,0.9983593901083622,391.607421875,0.09560728073120117,0.8896484375,0.24893289804458618
smol,flickr30k,final_quarter,False,2,0.2857142857142857,7,7,7,11,4.0,4096,0.0003,True,1.1,1024,512,1200,0.47651898860931396,0.4723280280493782,0.4809728312509833,1.0,1.0,0.0,0.0,0.03721112385392189,0.4393078684806824,0.08960401105676355,3911.171273523279,0.3102370798587799,0.3298117220401764,0.9965560315218434,0.8762169164508092,0.9931347385956524,1899.251953125,0.4636845588684082,0.0,0.3027907609939575
smol,flickr30k,final_quarter,False,2,0.2857142857142857,7,7,7,11,4.0,4096,0.0003,True,1.25,1024,512,1200,0.47651898860931396,0.4723280280493782,0.4809728312509833,1.0,1.0,0.0,0.0,0.03721112385392189,0.4393078684806824,0.08960401105676355,3911.171273523279,0.3102370798587799,0.3298117220401764,0.9965560315218434,0.8762169164508092,0.9931347385956524,1899.251953125,0.4636845588684082,0.0,0.3027907609939575
smol,flickr30k,final_quarter,False,2,0.2857142857142857,7,7,7,11,4.0,4096,0.0003,True,1.5,1024,512,1200,0.47651898860931396,0.4723280280493782,0.4809728312509833,1.0,1.0,0.0,0.0,0.03721112385392189,0.4393078684806824,0.08960401105676355,3911.171273523279,0.3102370798587799,0.3298117220401764,0.9965560315218434,0.8762169164508092,0.9931347385956524,1899.251953125,0.4636845588684082,0.0,0.3027907609939575
smol,flickr30k,final_quarter,False,2,0.2857142857142857,7,7,7,11,4.0,4096,0.001,False,1.1,1024,512,1200,0.10762424767017365,0.10611096861048282,0.10904815610792866,0.1083984375,0.10888671875,0.000732421875,0.001220703125,0.005884781014174223,0.10173946619033813,0.9189268579307973,357.15939044786796,0.24668154120445251,0.5058297514915466,0.9955773557043199,0.9934466749201316,0.9987760160775349,391.890625,0.09567642211914062,0.8896484375,0.24364113807678223
smol,flickr30k,final_quarter,False,2,0.2857142857142857,7,7,7,11,4.0,4096,0.001,False,1.25,1024,512,1200,0.10762424767017365,0.10611096861048282,0.10904815610792866,0.10791015625,0.108642578125,0.000732421875,0.00146484375,0.005884781014174223,0.10173946619033813,0.9189268579307973,357.15939044786796,0.24668154120445251,0.5058297514915466,0.9955773557043199,0.9934466749201316,0.9987760160775349,391.890625,0.09567642211914062,0.8896484375,0.24364113807678223
smol,flickr30k,final_quarter,False,2,0.2857142857142857,7,7,7,11,4.0,4096,0.001,False,1.5,1024,512,1200,0.10762424767017365,0.10611096861048282,0.10904815610792866,0.10693359375,0.1083984375,0.00048828125,0.001953125,0.005884781014174223,0.10173946619033813,0.9189268579307973,357.15939044786796,0.24668154120445251,0.5058297514915466,0.9955773557043199,0.9934466749201316,0.9987760160775349,391.890625,0.09567642211914062,0.8896484375,0.24364113807678223
smol,flickr30k,final_quarter,False,2,0.2857142857142857,7,7,7,11,4.0,4096,0.001,True,1.1,1024,512,1200,0.47031182050704956,0.46607096542138604,0.47499647011864,1.0,1.0,0.0,0.0,0.03664933890104294,0.433662474155426,0.09096086749592237,3909.1272027363257,0.30433815717697144,0.3264993727207184,0.9937950561914614,0.8741871576567254,0.9924948835287609,1890.654296875,0.46158552169799805,0.0,0.29813820123672485
smol,flickr30k,final_quarter,False,2,0.2857142857142857,7,7,7,11,4.0,4096,0.001,True,1.25,1024,512,1200,0.47031182050704956,0.46607096542138604,0.47499647011864,1.0,1.0,0.0,0.0,0.03664933890104294,0.433662474155426,0.09096086749592237,3909.1272027363257,0.30433815717697144,0.3264993727207184,0.9937950561914614,0.8741871576567254,0.9924948835287609,1890.654296875,0.46158552169799805,0.0,0.29813820123672485
smol,flickr30k,final_quarter,False,2,0.2857142857142857,7,7,7,11,4.0,4096,0.001,True,1.5,1024,512,1200,0.47031182050704956,0.46607096542138604,0.47499647011864,1.0,1.0,0.0,0.0,0.03664933890104294,0.433662474155426,0.09096086749592237,3909.1272027363257,0.30433815717697144,0.3264993727207184,0.9937950561914614,0.8741871576567254,0.9924948835287609,1890.654296875,0.46158552169799805,0.0,0.29813820123672485
smol,flickr30k,final_quarter,False,2,0.2857142857142857,7,7,7,23,2.0,4096,0.0003,False,1.1,1024,512,1200,0.1104917898774147,0.10882309902954149,0.11226647946496086,0.114501953125,0.1142578125,0.0009765625,0.000732421875,0.0061533632688224316,0.10433842241764069,0.9135482490818315,375.0846666662406,0.25448429584503174,0.513032078742981,0.9957950019173141,0.9936508607028074,0.9986530410654245,420.169921875,0.10258054733276367,0.88525390625,0.25150349736213684
smol,flickr30k,final_quarter,False,2,0.2857142857142857,7,7,7,23,2.0,4096,0.0003,False,1.25,1024,512,1200,0.1104917898774147,0.10882309902954149,0.11226647946496086,0.113525390625,0.11376953125,0.0009765625,0.001220703125,0.0061533632688224316,0.10433842241764069,0.9135482490818315,375.0846666662406,0.25448429584503174,0.513032078742981,0.9957950019173141,0.9936508607028074,0.9986530410654245,420.169921875,0.10258054733276367,0.88525390625,0.25150349736213684
smol,flickr30k,final_quarter,False,2,0.2857142857142857,7,7,7,23,2.0,4096,0.0003,False,1.5,1024,512,1200,0.1104917898774147,0.10882309902954149,0.11226647946496086,0.113037109375,0.113525390625,0.0009765625,0.00146484375,0.0061533632688224316,0.10433842241764069,0.9135482490818315,375.0846666662406,0.25448429584503174,0.513032078742981,0.9957950019173141,0.9936508607028074,0.9986530410654245,420.169921875,0.10258054733276367,0.88525390625,0.25150349736213684
smol,flickr30k,final_quarter,False,2,0.2857142857142857,7,7,7,23,2.0,4096,0.0003,True,1.1,1024,512,1200,0.4704282581806183,0.4656888946876279,0.4754803654679563,1.0,1.0,0.0,0.0,0.036765631288290024,0.43366262316703796,0.09426438301230142,3877.4462991002465,0.30349525809288025,0.3286953866481781,0.9974633791876885,0.877301245629478,0.9865137812054813,1886.41015625,0.46054935455322266,0.0,0.2977791428565979
smol,flickr30k,final_quarter,False,2,0.2857142857142857,7,7,7,23,2.0,4096,0.0003,True,1.25,1024,512,1200,0.4704282581806183,0.4656888946876279,0.4754803654679563,1.0,1.0,0.0,0.0,0.036765631288290024,0.43366262316703796,0.09426438301230142,3877.4462991002465,0.30349525809288025,0.3286953866481781,0.9974633791876885,0.877301245629478,0.9865137812054813,1886.41015625,0.46054935455322266,0.0,0.2977791428565979
smol,flickr30k,final_quarter,False,2,0.2857142857142857,7,7,7,23,2.0,4096,0.0003,True,1.5,1024,512,1200,0.4704282581806183,0.4656888946876279,0.4754803654679563,1.0,1.0,0.0,0.0,0.036765631288290024,0.43366262316703796,0.09426438301230142,3877.4462991002465,0.30349525809288025,0.3286953866481781,0.9974633791876885,0.877301245629478,0.9865137812054813,1886.41015625,0.46054935455322266,0.0,0.2977791428565979
smol,flickr30k,final_quarter,False,2,0.2857142857142857,7,7,7,23,2.0,4096,0.001,False,1.1,1024,512,1200,0.11018717288970947,0.10853055061525083,0.11195265912647301,0.114501953125,0.1142578125,0.0009765625,0.000732421875,0.006134167313575745,0.10405300557613373,0.9138620290022642,372.62173998089315,0.2512626051902771,0.5060626864433289,0.9958000142695329,0.9936508960633053,0.9987644343635265,419.869140625,0.10250711441040039,0.88525390625,0.24836353957653046
smol,flickr30k,final_quarter,False,2,0.2857142857142857,7,7,7,23,2.0,4096,0.001,False,1.25,1024,512,1200,0.11018717288970947,0.10853055061525083,0.11195265912647301,0.113525390625,0.11376953125,0.0009765625,0.001220703125,0.006134167313575745,0.10405300557613373,0.9138620290022642,372.62173998089315,0.2512626051902771,0.5060626864433289,0.9958000142695329,0.9936508960633053,0.9987644343635265,419.869140625,0.10250711441040039,0.88525390625,0.24836353957653046
smol,flickr30k,final_quarter,False,2,0.2857142857142857,7,7,7,23,2.0,4096,0.001,False,1.5,1024,512,1200,0.11018717288970947,0.10853055061525083,0.11195265912647301,0.113037109375,0.113525390625,0.0009765625,0.00146484375,0.006134167313575745,0.10405300557613373,0.9138620290022642,372.62173998089315,0.2512626051902771,0.5060626864433289,0.9958000142695329,0.9936508960633053,0.9987644343635265,419.869140625,0.10250711441040039,0.88525390625,0.24836353957653046
smol,flickr30k,final_quarter,False,2,0.2857142857142857,7,7,7,23,2.0,4096,0.001,True,1.1,1024,512,1200,0.46793636679649353,0.4631976819160627,0.47293467025156133,1.0,1.0,0.0,0.0,0.036513783037662506,0.4314225912094116,0.09735847829856314,3875.9029538432883,0.30211400985717773,0.32515156269073486,0.9951463666096573,0.8749845910120494,0.9895324075986498,1882.40625,0.45957183837890625,0.0,0.29595428705215454
smol,flickr30k,final_quarter,False,2,0.2857142857142857,7,7,7,23,2.0,4096,0.001,True,1.25,1024,512,1200,0.46793636679649353,0.4631976819160627,0.47293467025156133,1.0,1.0,0.0,0.0,0.036513783037662506,0.4314225912094116,0.09735847829856314,3875.9029538432883,0.30211400985717773,0.32515156269073486,0.9951463666096573,0.8749845910120494,0.9895324075986498,1882.40625,0.45957183837890625,0.0,0.29595428705215454
smol,flickr30k,final_quarter,False,2,0.2857142857142857,7,7,7,23,2.0,4096,0.001,True,1.5,1024,512,1200,0.46793636679649353,0.4631976819160627,0.47293467025156133,1.0,1.0,0.0,0.0,0.036513783037662506,0.4314225912094116,0.09735847829856314,3875.9029538432883,0.30211400985717773,0.32515156269073486,0.9951463666096573,0.8749845910120494,0.9895324075986498,1882.40625,0.45957183837890625,0.0,0.29595428705215454
smol,flickr30k,final_quarter,False,2,0.2857142857142857,7,7,7,23,4.0,4096,0.0003,False,1.1,1024,512,1200,0.1104917898774147,0.10882309902954149,0.11226647946496086,0.114501953125,0.1142578125,0.0009765625,0.000732421875,0.0061533632688224316,0.10433842241764069,0.9135482490818315,375.0846666662406,0.25448429584503174,0.513032078742981,0.9957950019173141,0.9936508607028074,0.9986530410654245,420.169921875,0.10258054733276367,0.88525390625,0.25150349736213684
smol,flickr30k,final_quarter,False,2,0.2857142857142857,7,7,7,23,4.0,4096,0.0003,False,1.25,1024,512,1200,0.1104917898774147,0.10882309902954149,0.11226647946496086,0.113525390625,0.11376953125,0.0009765625,0.001220703125,0.0061533632688224316,0.10433842241764069,0.9135482490818315,375.0846666662406,0.25448429584503174,0.513032078742981,0.9957950019173141,0.9936508607028074,0.9986530410654245,420.169921875,0.10258054733276367,0.88525390625,0.25150349736213684
smol,flickr30k,final_quarter,False,2,0.2857142857142857,7,7,7,23,4.0,4096,0.0003,False,1.5,1024,512,1200,0.1104917898774147,0.10882309902954149,0.11226647946496086,0.113037109375,0.113525390625,0.0009765625,0.00146484375,0.0061533632688224316,0.10433842241764069,0.9135482490818315,375.0846666662406,0.25448429584503174,0.513032078742981,0.9957950019173141,0.9936508607028074,0.9986530410654245,420.169921875,0.10258054733276367,0.88525390625,0.25150349736213684
smol,flickr30k,final_quarter,False,2,0.2857142857142857,7,7,7,23,4.0,4096,0.0003,True,1.1,1024,512,1200,0.4704282581806183,0.4656888946876279,0.4754803654679563,1.0,1.0,0.0,0.0,0.036765631288290024,0.43366262316703796,0.09426438301230142,3877.4462991002465,0.30349525809288025,0.3286953866481781,0.9974633791876885,0.877301245629478,0.9865137812054813,1886.41015625,0.46054935455322266,0.0,0.2977791428565979
smol,flickr30k,final_quarter,False,2,0.2857142857142857,7,7,7,23,4.0,4096,0.0003,True,1.25,1024,512,1200,0.4704282581806183,0.4656888946876279,0.4754803654679563,1.0,1.0,0.0,0.0,0.036765631288290024,0.43366262316703796,0.09426438301230142,3877.4462991002465,0.30349525809288025,0.3286953866481781,0.9974633791876885,0.877301245629478,0.9865137812054813,1886.41015625,0.46054935455322266,0.0,0.2977791428565979
smol,flickr30k,final_quarter,False,2,0.2857142857142857,7,7,7,23,4.0,4096,0.0003,True,1.5,1024,512,1200,0.4704282581806183,0.4656888946876279,0.4754803654679563,1.0,1.0,0.0,0.0,0.036765631288290024,0.43366262316703796,0.09426438301230142,3877.4462991002465,0.30349525809288025,0.3286953866481781,0.9974633791876885,0.877301245629478,0.9865137812054813,1886.41015625,0.46054935455322266,0.0,0.2977791428565979
smol,flickr30k,final_quarter,False,2,0.2857142857142857,7,7,7,23,4.0,4096,0.001,False,1.1,1024,512,1200,0.11018717288970947,0.10853055061525083,0.11195265912647301,0.114501953125,0.1142578125,0.0009765625,0.000732421875,0.006134167313575745,0.10405300557613373,0.9138620290022642,372.62173998089315,0.2512626051902771,0.5060626864433289,0.9958000142695329,0.9936508960633053,0.9987644343635265,419.869140625,0.10250711441040039,0.88525390625,0.24836353957653046
smol,flickr30k,final_quarter,False,2,0.2857142857142857,7,7,7,23,4.0,4096,0.001,False,1.25,1024,512,1200,0.11018717288970947,0.10853055061525083,0.11195265912647301,0.113525390625,0.11376953125,0.0009765625,0.001220703125,0.006134167313575745,0.10405300557613373,0.9138620290022642,372.62173998089315,0.2512626051902771,0.5060626864433289,0.9958000142695329,0.9936508960633053,0.9987644343635265,419.869140625,0.10250711441040039,0.88525390625,0.24836353957653046
smol,flickr30k,final_quarter,False,2,0.2857142857142857,7,7,7,23,4.0,4096,0.001,False,1.5,1024,512,1200,0.11018717288970947,0.10853055061525083,0.11195265912647301,0.113037109375,0.113525390625,0.0009765625,0.00146484375,0.006134167313575745,0.10405300557613373,0.9138620290022642,372.62173998089315,0.2512626051902771,0.5060626864433289,0.9958000142695329,0.9936508960633053,0.9987644343635265,419.869140625,0.10250711441040039,0.88525390625,0.24836353957653046
smol,flickr30k,final_quarter,False,2,0.2857142857142857,7,7,7,23,4.0,4096,0.001,True,1.1,1024,512,1200,0.46793636679649353,0.4631976819160627,0.47293467025156133,1.0,1.0,0.0,0.0,0.036513783037662506,0.4314225912094116,0.09735847829856314,3875.9029538432883,0.30211400985717773,0.32515156269073486,0.9951463666096573,0.8749845910120494,0.9895324075986498,1882.40625,0.45957183837890625,0.0,0.29595428705215454
smol,flickr30k,final_quarter,False,2,0.2857142857142857,7,7,7,23,4.0,4096,0.001,True,1.25,1024,512,1200,0.46793636679649353,0.4631976819160627,0.47293467025156133,1.0,1.0,0.0,0.0,0.036513783037662506,0.4314225912094116,0.09735847829856314,3875.9029538432883,0.30211400985717773,0.32515156269073486,0.9951463666096573,0.8749845910120494,0.9895324075986498,1882.40625,0.45957183837890625,0.0,0.29595428705215454
smol,flickr30k,final_quarter,False,2,0.2857142857142857,7,7,7,23,4.0,4096,0.001,True,1.5,1024,512,1200,0.46793636679649353,0.4631976819160627,0.47293467025156133,1.0,1.0,0.0,0.0,0.036513783037662506,0.4314225912094116,0.09735847829856314,3875.9029538432883,0.30211400985717773,0.32515156269073486,0.9951463666096573,0.8749845910120494,0.9895324075986498,1882.40625,0.45957183837890625,0.0,0.29595428705215454
smol,flickr30k,final_quarter,False,2,0.2857142857142857,7,7,7,37,2.0,4096,0.0003,False,1.1,1024,512,1200,0.10829205811023712,0.10681978089996846,0.10986275679970277,0.111083984375,0.11181640625,0.000732421875,0.00146484375,0.00593137089163065,0.10236068069934845,0.9168445058227128,360.5009724893045,0.24581146240234375,0.5173184275627136,0.9955799077924924,0.9934767207971641,0.9987703825478489,396.55078125,0.09681415557861328,0.88720703125,0.24291417002677917
smol,flickr30k,final_quarter,False,2,0.2857142857142857,7,7,7,37,2.0,4096,0.0003,False,1.25,1024,512,1200,0.10829205811023712,0.10681978089996846,0.10986275679970277,0.110595703125,0.111572265625,0.000732421875,0.001708984375,0.00593137089163065,0.10236068069934845,0.9168445058227128,360.5009724893045,0.24581146240234375,0.5173184275627136,0.9955799077924924,0.9934767207971641,0.9987703825478489,396.55078125,0.09681415557861328,0.88720703125,0.24291417002677917
smol,flickr30k,final_quarter,False,2,0.2857142857142857,7,7,7,37,2.0,4096,0.0003,False,1.5,1024,512,1200,0.10829205811023712,0.10681978089996846,0.10986275679970277,0.110107421875,0.111572265625,0.00048828125,0.001953125,0.00593137089163065,0.10236068069934845,0.9168445058227128,360.5009724893045,0.24581146240234375,0.5173184275627136,0.9955799077924924,0.9934767207971641,0.9987703825478489,396.55078125,0.09681415557861328,0.88720703125,0.24291417002677917
smol,flickr30k,final_quarter,False,2,0.2857142857142857,7,7,7,37,2.0,4096,0.0003,True,1.1,1024,512,1200,0.47958803176879883,0.47524590279499535,0.4844587427287479,1.0,1.0,0.0,0.0,0.03700769692659378,0.44258034229278564,0.09523255296342585,3846.5299994761394,0.3102145791053772,0.3312312364578247,0.9916874798758581,0.8725558166904874,0.9906457711357921,1899.595703125,0.46376848220825195,0.0,0.30499473214149475
smol,flickr30k,final_quarter,False,2,0.2857142857142857,7,7,7,37,2.0,4096,0.0003,True,1.25,1024,512,1200,0.47958803176879883,0.47524590279499535,0.4844587427287479,1.0,1.0,0.0,0.0,0.03700769692659378,0.44258034229278564,0.09523255296342585,3846.5299994761394,0.3102145791053772,0.3312312364578247,0.9916874798758581,0.8725558166904874,0.9906457711357921,1899.595703125,0.46376848220825195,0.0,0.30499473214149475
smol,flickr30k,final_quarter,False,2,0.2857142857142857,7,7,7,37,2.0,4096,0.0003,True,1.5,1024,512,1200,0.47958803176879883,0.47524590279499535,0.4844587427287479,1.0,1.0,0.0,0.0,0.03700769692659378,0.44258034229278564,0.09523255296342585,3846.5299994761394,0.3102145791053772,0.3312312364578247,0.9916874798758581,0.8725558166904874,0.9906457711357921,1899.595703125,0.46376848220825195,0.0,0.30499473214149475
smol,flickr30k,final_quarter,False,2,0.2857142857142857,7,7,7,37,2.0,4096,0.001,False,1.1,1024,512,1200,0.10807427763938904,0.10660404715272306,0.10963742231215293,0.111083984375,0.11181640625,0.000732421875,0.00146484375,0.0059144701808691025,0.10215981304645538,0.9174642984558916,357.59199702056884,0.24250443279743195,0.5102450251579285,0.9955521896683707,0.9934509808361905,0.9987854263889935,396.259765625,0.09674310684204102,0.88720703125,0.23974905908107758
smol,flickr30k,final_quarter,False,2,0.2857142857142857,7,7,7,37,2.0,4096,0.001,False,1.25,1024,512,1200,0.10807427763938904,0.10660404715272306,0.10963742231215293,0.110595703125,0.111572265625,0.000732421875,0.001708984375,0.0059144701808691025,0.10215981304645538,0.9174642984558916,357.59199702056884,0.24250443279743195,0.5102450251579285,0.9955521896683707,0.9934509808361905,0.9987854263889935,396.259765625,0.09674310684204102,0.88720703125,0.23974905908107758
smol,flickr30k,final_quarter,False,2,0.2857142857142857,7,7,7,37,2.0,4096,0.001,False,1.5,1024,512,1200,0.10807427763938904,0.10660404715272306,0.10963742231215293,0.110107421875,0.111572265625,0.00048828125,0.001953125,0.0059144701808691025,0.10215981304645538,0.9174642984558916,357.59199702056884,0.24250443279743195,0.5102450251579285,0.9955521896683707,0.9934509808361905,0.9987854263889935,396.259765625,0.09674310684204102,0.88720703125,0.23974905908107758
smol,flickr30k,final_quarter,False,2,0.2857142857142857,7,7,7,37,2.0,4096,0.001,True,1.1,1024,512,1200,0.4678304195404053,0.46364286617172185,0.4726178655269905,1.0,1.0,0.0,0.0,0.0365227647125721,0.43130767345428467,0.08875400499136571,3928.46399876184,0.3010476529598236,0.32474419474601746,0.9932682519857783,0.8737524113536875,0.9919015620719716,1889.25,0.46124267578125,0.0,0.29631364345550537
smol,flickr30k,final_quarter,False,2,0.2857142857142857,7,7,7,37,2.0,4096,0.001,True,1.25,1024,512,1200,0.4678304195404053,0.46364286617172185,0.4726178655269905,1.0,1.0,0.0,0.0,0.0365227647125721,0.43130767345428467,0.08875400499136571,3928.46399876184,0.3010476529598236,0.32474419474601746,0.9932682519857783,0.8737524113536875,0.9919015620719716,1889.25,0.46124267578125,0.0,0.29631364345550537
smol,flickr30k,final_quarter,False,2,0.2857142857142857,7,7,7,37,2.0,4096,0.001,True,1.5,1024,512,1200,0.4678304195404053,0.46364286617172185,0.4726178655269905,1.0,1.0,0.0,0.0,0.0365227647125721,0.43130767345428467,0.08875400499136571,3928.46399876184,0.3010476529598236,0.32474419474601746,0.9932682519857783,0.8737524113536875,0.9919015620719716,1889.25,0.46124267578125,0.0,0.29631364345550537
smol,flickr30k,final_quarter,False,2,0.2857142857142857,7,7,7,37,4.0,4096,0.0003,False,1.1,1024,512,1200,0.10829205811023712,0.10681978089996846,0.10986275679970277,0.111083984375,0.11181640625,0.000732421875,0.00146484375,0.00593137089163065,0.10236068069934845,0.9168445058227128,360.5009724893045,0.24581146240234375,0.5173184275627136,0.9955799077924924,0.9934767207971641,0.9987703825478489,396.55078125,0.09681415557861328,0.88720703125,0.24291417002677917
smol,flickr30k,final_quarter,False,2,0.2857142857142857,7,7,7,37,4.0,4096,0.0003,False,1.25,1024,512,1200,0.10829205811023712,0.10681978089996846,0.10986275679970277,0.110595703125,0.111572265625,0.000732421875,0.001708984375,0.00593137089163065,0.10236068069934845,0.9168445058227128,360.5009724893045,0.24581146240234375,0.5173184275627136,0.9955799077924924,0.9934767207971641,0.9987703825478489,396.55078125,0.09681415557861328,0.88720703125,0.24291417002677917
smol,flickr30k,final_quarter,False,2,0.2857142857142857,7,7,7,37,4.0,4096,0.0003,False,1.5,1024,512,1200,0.10829205811023712,0.10681978089996846,0.10986275679970277,0.110107421875,0.111572265625,0.00048828125,0.001953125,0.00593137089163065,0.10236068069934845,0.9168445058227128,360.5009724893045,0.24581146240234375,0.5173184275627136,0.9955799077924924,0.9934767207971641,0.9987703825478489,396.55078125,0.09681415557861328,0.88720703125,0.24291417002677917
smol,flickr30k,final_quarter,False,2,0.2857142857142857,7,7,7,37,4.0,4096,0.0003,True,1.1,1024,512,1200,0.47958803176879883,0.47524590279499535,0.4844587427287479,1.0,1.0,0.0,0.0,0.03700769692659378,0.44258034229278564,0.09523255296342585,3846.5299994761394,0.3102145791053772,0.3312312364578247,0.9916874798758581,0.8725558166904874,0.9906457711357921,1899.595703125,0.46376848220825195,0.0,0.30499473214149475
smol,flickr30k,final_quarter,False,2,0.2857142857142857,7,7,7,37,4.0,4096,0.0003,True,1.25,1024,512,1200,0.47958803176879883,0.47524590279499535,0.4844587427287479,1.0,1.0,0.0,0.0,0.03700769692659378,0.44258034229278564,0.09523255296342585,3846.5299994761394,0.3102145791053772,0.3312312364578247,0.9916874798758581,0.8725558166904874,0.9906457711357921,1899.595703125,0.46376848220825195,0.0,0.30499473214149475
smol,flickr30k,final_quarter,False,2,0.2857142857142857,7,7,7,37,4.0,4096,0.0003,True,1.5,1024,512,1200,0.47958803176879883,0.47524590279499535,0.4844587427287479,1.0,1.0,0.0,0.0,0.03700769692659378,0.44258034229278564,0.09523255296342585,3846.5299994761394,0.3102145791053772,0.3312312364578247,0.9916874798758581,0.8725558166904874,0.9906457711357921,1899.595703125,0.46376848220825195,0.0,0.30499473214149475
smol,flickr30k,final_quarter,False,2,0.2857142857142857,7,7,7,37,4.0,4096,0.001,False,1.1,1024,512,1200,0.10807427763938904,0.10660404715272306,0.10963742231215293,0.111083984375,0.11181640625,0.000732421875,0.00146484375,0.0059144701808691025,0.10215981304645538,0.9174642984558916,357.59199702056884,0.24250443279743195,0.5102450251579285,0.9955521896683707,0.9934509808361905,0.9987854263889935,396.259765625,0.09674310684204102,0.88720703125,0.23974905908107758
smol,flickr30k,final_quarter,False,2,0.2857142857142857,7,7,7,37,4.0,4096,0.001,False,1.25,1024,512,1200,0.10807427763938904,0.10660404715272306,0.10963742231215293,0.110595703125,0.111572265625,0.000732421875,0.001708984375,0.0059144701808691025,0.10215981304645538,0.9174642984558916,357.59199702056884,0.24250443279743195,0.5102450251579285,0.9955521896683707,0.9934509808361905,0.9987854263889935,396.259765625,0.09674310684204102,0.88720703125,0.23974905908107758
smol,flickr30k,final_quarter,False,2,0.2857142857142857,7,7,7,37,4.0,4096,0.001,False,1.5,1024,512,1200,0.10807427763938904,0.10660404715272306,0.10963742231215293,0.110107421875,0.111572265625,0.00048828125,0.001953125,0.0059144701808691025,0.10215981304645538,0.9174642984558916,357.59199702056884,0.24250443279743195,0.5102450251579285,0.9955521896683707,0.9934509808361905,0.9987854263889935,396.259765625,0.09674310684204102,0.88720703125,0.23974905908107758
smol,flickr30k,final_quarter,False,2,0.2857142857142857,7,7,7,37,4.0,4096,0.001,True,1.1,1024,512,1200,0.4678304195404053,0.46364286617172185,0.4726178655269905,1.0,1.0,0.0,0.0,0.0365227647125721,0.43130767345428467,0.08875400499136571,3928.46399876184,0.3010476529598236,0.32474419474601746,0.9932682519857783,0.8737524113536875,0.9919015620719716,1889.25,0.46124267578125,0.0,0.29631364345550537
smol,flickr30k,final_quarter,False,2,0.2857142857142857,7,7,7,37,4.0,4096,0.001,True,1.25,1024,512,1200,0.4678304195404053,0.46364286617172185,0.4726178655269905,1.0,1.0,0.0,0.0,0.0365227647125721,0.43130767345428467,0.08875400499136571,3928.46399876184,0.3010476529598236,0.32474419474601746,0.9932682519857783,0.8737524113536875,0.9919015620719716,1889.25,0.46124267578125,0.0,0.29631364345550537
smol,flickr30k,final_quarter,False,2,0.2857142857142857,7,7,7,37,4.0,4096,0.001,True,1.5,1024,512,1200,0.4678304195404053,0.46364286617172185,0.4726178655269905,1.0,1.0,0.0,0.0,0.0365227647125721,0.43130767345428467,0.08875400499136571,3928.46399876184,0.3010476529598236,0.32474419474601746,0.9932682519857783,0.8737524113536875,0.9919015620719716,1889.25,0.46124267578125,0.0,0.29631364345550537
smol,flickr30k,final_quarter,False,3,0.42857142857142855,10,10,10,11,2.0,4096,0.0003,False,1.1,1024,512,1200,0.11493527144193649,0.11330426397908014,0.11650039335363545,0.106689453125,0.106201171875,0.00146484375,0.0009765625,0.008507389575242996,0.1064278855919838,0.9157771205796568,369.03017264824894,0.23578475415706635,0.6541540026664734,0.9950746406592436,0.9924843343369107,0.9962802853019398,392.837890625,0.09590768814086914,0.893310546875,0.23412863910198212
smol,flickr30k,final_quarter,False,3,0.42857142857142855,10,10,10,11,2.0,4096,0.0003,False,1.25,1024,512,1200,0.11493527144193649,0.11330426397908014,0.11650039335363545,0.105224609375,0.105712890625,0.001220703125,0.001708984375,0.008507389575242996,0.1064278855919838,0.9157771205796568,369.03017264824894,0.23578475415706635,0.6541540026664734,0.9950746406592436,0.9924843343369107,0.9962802853019398,392.837890625,0.09590768814086914,0.893310546875,0.23412863910198212
smol,flickr30k,final_quarter,False,3,0.42857142857142855,10,10,10,11,2.0,4096,0.0003,False,1.5,1024,512,1200,0.11493527144193649,0.11330426397908014,0.11650039335363545,0.104248046875,0.10546875,0.0009765625,0.002197265625,0.008507389575242996,0.1064278855919838,0.9157771205796568,369.03017264824894,0.23578475415706635,0.6541540026664734,0.9950746406592436,0.9924843343369107,0.9962802853019398,392.837890625,0.09590768814086914,0.893310546875,0.23412863910198212
smol,flickr30k,final_quarter,False,3,0.42857142857142855,10,10,10,11,2.0,4096,0.0003,True,1.1,1024,512,1200,0.4882950782775879,0.4841329047500039,0.4926324844112969,1.0,1.0,0.0,0.0,0.046253904700279236,0.44204115867614746,0.08092675170417085,3967.040921432147,0.3134342432022095,0.3296321928501129,0.996558805606273,0.867372142746996,0.9899030962947413,1900.712890625,0.46404123306274414,0.0,0.30648067593574524
smol,flickr30k,final_quarter,False,3,0.42857142857142855,10,10,10,11,2.0,4096,0.0003,True,1.25,1024,512,1200,0.4882950782775879,0.4841329047500039,0.4926324844112969,1.0,1.0,0.0,0.0,0.046253904700279236,0.44204115867614746,0.08092675170417085,3967.040921432147,0.3134342432022095,0.3296321928501129,0.996558805606273,0.867372142746996,0.9899030962947413,1900.712890625,0.46404123306274414,0.0,0.30648067593574524
smol,flickr30k,final_quarter,False,3,0.42857142857142855,10,10,10,11,2.0,4096,0.0003,True,1.5,1024,512,1200,0.4882950782775879,0.4841329047500039,0.4926324844112969,1.0,1.0,0.0,0.0,0.046253904700279236,0.44204115867614746,0.08092675170417085,3967.040921432147,0.3134342432022095,0.3296321928501129,0.996558805606273,0.867372142746996,0.9899030962947413,1900.712890625,0.46404123306274414,0.0,0.30648067593574524
smol,flickr30k,final_quarter,False,3,0.42857142857142855,10,10,10,11,2.0,4096,0.001,False,1.1,1024,512,1200,0.11497579514980316,0.11333473811246222,0.11654482976882719,0.10595703125,0.10546875,0.00146484375,0.0009765625,0.008512935601174831,0.10646285861730576,0.9160953301806616,367.97555752234564,0.24048909544944763,0.6579986810684204,0.9936586840582247,0.9910192040387941,0.9968070525093686,392.162109375,0.09574270248413086,0.89404296875,0.2386765331029892
smol,flickr30k,final_quarter,False,3,0.42857142857142855,10,10,10,11,2.0,4096,0.001,False,1.25,1024,512,1200,0.11497579514980316,0.11333473811246222,0.11654482976882719,0.1044921875,0.10498046875,0.001220703125,0.001708984375,0.008512935601174831,0.10646285861730576,0.9160953301806616,367.97555752234564,0.24048909544944763,0.6579986810684204,0.9936586840582247,0.9910192040387941,0.9968070525093686,392.162109375,0.09574270248413086,0.89404296875,0.2386765331029892
smol,flickr30k,final_quarter,False,3,0.42857142857142855,10,10,10,11,2.0,4096,0.001,False,1.5,1024,512,1200,0.11497579514980316,0.11333473811246222,0.11654482976882719,0.103515625,0.104736328125,0.0009765625,0.002197265625,0.008512935601174831,0.10646285861730576,0.9160953301806616,367.97555752234564,0.24048909544944763,0.6579986810684204,0.9936586840582247,0.9910192040387941,0.9968070525093686,392.162109375,0.09574270248413086,0.89404296875,0.2386765331029892
smol,flickr30k,final_quarter,False,3,0.42857142857142855,10,10,10,11,2.0,4096,0.001,True,1.1,1024,512,1200,0.48266759514808655,0.4783957251449465,0.48699340831371957,1.0,1.0,0.0,0.0,0.04567380249500275,0.436993807554245,0.08301557971070823,3961.9057972176906,0.3093169629573822,0.323233425617218,0.9947471668615804,0.8663192083731531,0.9894997752528985,1891.505859375,0.4617934226989746,0.0,0.302182137966156
smol,flickr30k,final_quarter,False,3,0.42857142857142855,10,10,10,11,2.0,4096,0.001,True,1.25,1024,512,1200,0.48266759514808655,0.4783957251449465,0.48699340831371957,1.0,1.0,0.0,0.0,0.04567380249500275,0.436993807554245,0.08301557971070823,3961.9057972176906,0.3093169629573822,0.323233425617218,0.9947471668615804,0.8663192083731531,0.9894997752528985,1891.505859375,0.4617934226989746,0.0,0.302182137966156
smol,flickr30k,final_quarter,False,3,0.42857142857142855,10,10,10,11,2.0,4096,0.001,True,1.5,1024,512,1200,0.48266759514808655,0.4783957251449465,0.48699340831371957,1.0,1.0,0.0,0.0,0.04567380249500275,0.436993807554245,0.08301557971070823,3961.9057972176906,0.3093169629573822,0.323233425617218,0.9947471668615804,0.8663192083731531,0.9894997752528985,1891.505859375,0.4617934226989746,0.0,0.302182137966156
smol,flickr30k,final_quarter,False,3,0.42857142857142855,10,10,10,11,4.0,4096,0.0003,False,1.1,1024,512,1200,0.11493527144193649,0.11330426397908014,0.11650039335363545,0.106689453125,0.106201171875,0.00146484375,0.0009765625,0.008507389575242996,0.1064278855919838,0.9157771205796568,369.03017264824894,0.23578475415706635,0.6541540026664734,0.9950746406592436,0.9924843343369107,0.9962802853019398,392.837890625,0.09590768814086914,0.893310546875,0.23412863910198212
smol,flickr30k,final_quarter,False,3,0.42857142857142855,10,10,10,11,4.0,4096,0.0003,False,1.25,1024,512,1200,0.11493527144193649,0.11330426397908014,0.11650039335363545,0.105224609375,0.105712890625,0.001220703125,0.001708984375,0.008507389575242996,0.1064278855919838,0.9157771205796568,369.03017264824894,0.23578475415706635,0.6541540026664734,0.9950746406592436,0.9924843343369107,0.9962802853019398,392.837890625,0.09590768814086914,0.893310546875,0.23412863910198212
smol,flickr30k,final_quarter,False,3,0.42857142857142855,10,10,10,11,4.0,4096,0.0003,False,1.5,1024,512,1200,0.11493527144193649,0.11330426397908014,0.11650039335363545,0.104248046875,0.10546875,0.0009765625,0.002197265625,0.008507389575242996,0.1064278855919838,0.9157771205796568,369.03017264824894,0.23578475415706635,0.6541540026664734,0.9950746406592436,0.9924843343369107,0.9962802853019398,392.837890625,0.09590768814086914,0.893310546875,0.23412863910198212
smol,flickr30k,final_quarter,False,3,0.42857142857142855,10,10,10,11,4.0,4096,0.0003,True,1.1,1024,512,1200,0.4882950782775879,0.4841329047500039,0.4926324844112969,1.0,1.0,0.0,0.0,0.046253904700279236,0.44204115867614746,0.08092675170417085,3967.040921432147,0.3134342432022095,0.3296321928501129,0.996558805606273,0.867372142746996,0.9899030962947413,1900.712890625,0.46404123306274414,0.0,0.30648067593574524
smol,flickr30k,final_quarter,False,3,0.42857142857142855,10,10,10,11,4.0,4096,0.0003,True,1.25,1024,512,1200,0.4882950782775879,0.4841329047500039,0.4926324844112969,1.0,1.0,0.0,0.0,0.046253904700279236,0.44204115867614746,0.08092675170417085,3967.040921432147,0.3134342432022095,0.3296321928501129,0.996558805606273,0.867372142746996,0.9899030962947413,1900.712890625,0.46404123306274414,0.0,0.30648067593574524
smol,flickr30k,final_quarter,False,3,0.42857142857142855,10,10,10,11,4.0,4096,0.0003,True,1.5,1024,512,1200,0.4882950782775879,0.4841329047500039,0.4926324844112969,1.0,1.0,0.0,0.0,0.046253904700279236,0.44204115867614746,0.08092675170417085,3967.040921432147,0.3134342432022095,0.3296321928501129,0.996558805606273,0.867372142746996,0.9899030962947413,1900.712890625,0.46404123306274414,0.0,0.30648067593574524
smol,flickr30k,final_quarter,False,3,0.42857142857142855,10,10,10,11,4.0,4096,0.001,False,1.1,1024,512,1200,0.11497579514980316,0.11333473811246222,0.11654482976882719,0.10595703125,0.10546875,0.00146484375,0.0009765625,0.008512935601174831,0.10646285861730576,0.9160953301806616,367.97555752234564,0.24048909544944763,0.6579986810684204,0.9936586840582247,0.9910192040387941,0.9968070525093686,392.162109375,0.09574270248413086,0.89404296875,0.2386765331029892
smol,flickr30k,final_quarter,False,3,0.42857142857142855,10,10,10,11,4.0,4096,0.001,False,1.25,1024,512,1200,0.11497579514980316,0.11333473811246222,0.11654482976882719,0.1044921875,0.10498046875,0.001220703125,0.001708984375,0.008512935601174831,0.10646285861730576,0.9160953301806616,367.97555752234564,0.24048909544944763,0.6579986810684204,0.9936586840582247,0.9910192040387941,0.9968070525093686,392.162109375,0.09574270248413086,0.89404296875,0.2386765331029892
smol,flickr30k,final_quarter,False,3,0.42857142857142855,10,10,10,11,4.0,4096,0.001,False,1.5,1024,512,1200,0.11497579514980316,0.11333473811246222,0.11654482976882719,0.103515625,0.104736328125,0.0009765625,0.002197265625,0.008512935601174831,0.10646285861730576,0.9160953301806616,367.97555752234564,0.24048909544944763,0.6579986810684204,0.9936586840582247,0.9910192040387941,0.9968070525093686,392.162109375,0.09574270248413086,0.89404296875,0.2386765331029892
smol,flickr30k,final_quarter,False,3,0.42857142857142855,10,10,10,11,4.0,4096,0.001,True,1.1,1024,512,1200,0.48266759514808655,0.4783957251449465,0.48699340831371957,1.0,1.0,0.0,0.0,0.04567380249500275,0.436993807554245,0.08301557971070823,3961.9057972176906,0.3093169629573822,0.323233425617218,0.9947471668615804,0.8663192083731531,0.9894997752528985,1891.505859375,0.4617934226989746,0.0,0.302182137966156
smol,flickr30k,final_quarter,False,3,0.42857142857142855,10,10,10,11,4.0,4096,0.001,True,1.25,1024,512,1200,0.48266759514808655,0.4783957251449465,0.48699340831371957,1.0,1.0,0.0,0.0,0.04567380249500275,0.436993807554245,0.08301557971070823,3961.9057972176906,0.3093169629573822,0.323233425617218,0.9947471668615804,0.8663192083731531,0.9894997752528985,1891.505859375,0.4617934226989746,0.0,0.302182137966156
smol,flickr30k,final_quarter,False,3,0.42857142857142855,10,10,10,11,4.0,4096,0.001,True,1.5,1024,512,1200,0.48266759514808655,0.4783957251449465,0.48699340831371957,1.0,1.0,0.0,0.0,0.04567380249500275,0.436993807554245,0.08301557971070823,3961.9057972176906,0.3093169629573822,0.323233425617218,0.9947471668615804,0.8663192083731531,0.9894997752528985,1891.505859375,0.4617934226989746,0.0,0.302182137966156
smol,flickr30k,final_quarter,False,3,0.42857142857142855,10,10,10,23,2.0,4096,0.0003,False,1.1,1024,512,1200,0.11696445941925049,0.11526509130198974,0.11848515853598655,0.106201171875,0.105224609375,0.001220703125,0.000244140625,0.008524982258677483,0.10843947529792786,0.915964195636503,371.90964147087743,0.24093560874462128,0.6567810773849487,0.9947774746717706,0.9921850449219505,0.9973705129127575,392.634765625,0.09585809707641602,0.89453125,0.23920667171478271
smol,flickr30k,final_quarter,False,3,0.42857142857142855,10,10,10,23,2.0,4096,0.0003,False,1.25,1024,512,1200,0.11696445941925049,0.11526509130198974,0.11848515853598655,0.106201171875,0.105224609375,0.001220703125,0.000244140625,0.008524982258677483,0.10843947529792786,0.915964195636503,371.90964147087743,0.24093560874462128,0.6567810773849487,0.9947774746717706,0.9921850449219505,0.9973705129127575,392.634765625,0.09585809707641602,0.89453125,0.23920667171478271
smol,flickr30k,final_quarter,False,3,0.42857142857142855,10,10,10,23,2.0,4096,0.0003,False,1.5,1024,512,1200,0.11696445941925049,0.11526509130198974,0.11848515853598655,0.105224609375,0.10498046875,0.0009765625,0.000732421875,0.008524982258677483,0.10843947529792786,0.915964195636503,371.90964147087743,0.24093560874462128,0.6567810773849487,0.9947774746717706,0.9921850449219505,0.9973705129127575,392.634765625,0.09585809707641602,0.89453125,0.23920667171478271
smol,flickr30k,final_quarter,False,3,0.42857142857142855,10,10,10,23,2.0,4096,0.0003,True,1.1,1024,512,1200,0.4883788228034973,0.4838331833758275,0.4924595075077377,1.0,1.0,0.0,0.0,0.046240150928497314,0.442138671875,0.0830675540143701,3959.7014646322014,0.3110855519771576,0.32685762643814087,0.9956293537742837,0.866519663960654,0.9929006320300133,1897.708984375,0.46330785751342773,0.0,0.30634167790412903
smol,flickr30k,final_quarter,False,3,0.42857142857142855,10,10,10,23,2.0,4096,0.0003,True,1.25,1024,512,1200,0.4883788228034973,0.4838331833758275,0.4924595075077377,1.0,1.0,0.0,0.0,0.046240150928497314,0.442138671875,0.0830675540143701,3959.7014646322014,0.3110855519771576,0.32685762643814087,0.9956293537742837,0.866519663960654,0.9929006320300133,1897.708984375,0.46330785751342773,0.0,0.30634167790412903
smol,flickr30k,final_quarter,False,3,0.42857142857142855,10,10,10,23,2.0,4096,0.0003,True,1.5,1024,512,1200,0.4883788228034973,0.4838331833758275,0.4924595075077377,1.0,1.0,0.0,0.0,0.046240150928497314,0.442138671875,0.0830675540143701,3959.7014646322014,0.3110855519771576,0.32685762643814087,0.9956293537742837,0.866519663960654,0.9929006320300133,1897.708984375,0.46330785751342773,0.0,0.30634167790412903
smol,flickr30k,final_quarter,False,3,0.42857142857142855,10,10,10,23,2.0,4096,0.001,False,1.1,1024,512,1200,0.1161327064037323,0.11445997049013386,0.11763567307898484,0.106201171875,0.105224609375,0.001220703125,0.000244140625,0.008430087938904762,0.10770260542631149,0.915237250390374,373.658348082529,0.22155199944972992,0.6518161296844482,0.9918356599896466,0.9892967537561805,0.9973854987219607,390.875,0.095428466796875,0.89453125,0.2202495038509369
smol,flickr30k,final_quarter,False,3,0.42857142857142855,10,10,10,23,2.0,4096,0.001,False,1.25,1024,512,1200,0.1161327064037323,0.11445997049013386,0.11763567307898484,0.106201171875,0.105224609375,0.001220703125,0.000244140625,0.008430087938904762,0.10770260542631149,0.915237250390374,373.658348082529,0.22155199944972992,0.6518161296844482,0.9918356599896466,0.9892967537561805,0.9973854987219607,390.875,0.095428466796875,0.89453125,0.2202495038509369
smol,flickr30k,final_quarter,False,3,0.42857142857142855,10,10,10,23,2.0,4096,0.001,False,1.5,1024,512,1200,0.1161327064037323,0.11445997049013386,0.11763567307898484,0.105224609375,0.10498046875,0.0009765625,0.000732421875,0.008430087938904762,0.10770260542631149,0.915237250390374,373.658348082529,0.22155199944972992,0.6518161296844482,0.9918356599896466,0.9892967537561805,0.9973854987219607,390.875,0.095428466796875,0.89453125,0.2202495038509369
smol,flickr30k,final_quarter,False,3,0.42857142857142855,10,10,10,23,2.0,4096,0.001,True,1.1,1024,512,1200,0.48215097188949585,0.47757218030310467,0.48619491861318237,1.0,1.0,0.0,0.0,0.04579301178455353,0.43635794520378113,0.08387203941271801,3945.1815463758985,0.3066784739494324,0.3226313292980194,0.9950448552931692,0.8667555411850656,0.9944235107123179,1889.966796875,0.46141767501831055,0.0,0.3016688823699951
smol,flickr30k,final_quarter,False,3,0.42857142857142855,10,10,10,23,2.0,4096,0.001,True,1.25,1024,512,1200,0.48215097188949585,0.47757218030310467,0.48619491861318237,1.0,1.0,0.0,0.0,0.04579301178455353,0.43635794520378113,0.08387203941271801,3945.1815463758985,0.3066784739494324,0.3226313292980194,0.9950448552931692,0.8667555411850656,0.9944235107123179,1889.966796875,0.46141767501831055,0.0,0.3016688823699951
smol,flickr30k,final_quarter,False,3,0.42857142857142855,10,10,10,23,2.0,4096,0.001,True,1.5,1024,512,1200,0.48215097188949585,0.47757218030310467,0.48619491861318237,1.0,1.0,0.0,0.0,0.04579301178455353,0.43635794520378113,0.08387203941271801,3945.1815463758985,0.3066784739494324,0.3226313292980194,0.9950448552931692,0.8667555411850656,0.9944235107123179,1889.966796875,0.46141767501831055,0.0,0.3016688823699951
smol,flickr30k,final_quarter,False,3,0.42857142857142855,10,10,10,23,4.0,4096,0.0003,False,1.1,1024,512,1200,0.11696445941925049,0.11526509130198974,0.11848515853598655,0.106201171875,0.105224609375,0.001220703125,0.000244140625,0.008524982258677483,0.10843947529792786,0.915964195636503,371.90964147087743,0.24093560874462128,0.6567810773849487,0.9947774746717706,0.9921850449219505,0.9973705129127575,392.634765625,0.09585809707641602,0.89453125,0.23920667171478271
smol,flickr30k,final_quarter,False,3,0.42857142857142855,10,10,10,23,4.0,4096,0.0003,False,1.25,1024,512,1200,0.11696445941925049,0.11526509130198974,0.11848515853598655,0.106201171875,0.105224609375,0.001220703125,0.000244140625,0.008524982258677483,0.10843947529792786,0.915964195636503,371.90964147087743,0.24093560874462128,0.6567810773849487,0.9947774746717706,0.9921850449219505,0.9973705129127575,392.634765625,0.09585809707641602,0.89453125,0.23920667171478271
smol,flickr30k,final_quarter,False,3,0.42857142857142855,10,10,10,23,4.0,4096,0.0003,False,1.5,1024,512,1200,0.11696445941925049,0.11526509130198974,0.11848515853598655,0.105224609375,0.10498046875,0.0009765625,0.000732421875,0.008524982258677483,0.10843947529792786,0.915964195636503,371.90964147087743,0.24093560874462128,0.6567810773849487,0.9947774746717706,0.9921850449219505,0.9973705129127575,392.634765625,0.09585809707641602,0.89453125,0.23920667171478271
smol,flickr30k,final_quarter,False,3,0.42857142857142855,10,10,10,23,4.0,4096,0.0003,True,1.1,1024,512,1200,0.4883788228034973,0.4838331833758275,0.4924595075077377,1.0,1.0,0.0,0.0,0.046240150928497314,0.442138671875,0.0830675540143701,3959.7014646322014,0.3110855519771576,0.32685762643814087,0.9956293537742837,0.866519663960654,0.9929006320300133,1897.708984375,0.46330785751342773,0.0,0.30634167790412903
smol,flickr30k,final_quarter,False,3,0.42857142857142855,10,10,10,23,4.0,4096,0.0003,True,1.25,1024,512,1200,0.4883788228034973,0.4838331833758275,0.4924595075077377,1.0,1.0,0.0,0.0,0.046240150928497314,0.442138671875,0.0830675540143701,3959.7014646322014,0.3110855519771576,0.32685762643814087,0.9956293537742837,0.866519663960654,0.9929006320300133,1897.708984375,0.46330785751342773,0.0,0.30634167790412903
smol,flickr30k,final_quarter,False,3,0.42857142857142855,10,10,10,23,4.0,4096,0.0003,True,1.5,1024,512,1200,0.4883788228034973,0.4838331833758275,0.4924595075077377,1.0,1.0,0.0,0.0,0.046240150928497314,0.442138671875,0.0830675540143701,3959.7014646322014,0.3110855519771576,0.32685762643814087,0.9956293537742837,0.866519663960654,0.9929006320300133,1897.708984375,0.46330785751342773,0.0,0.30634167790412903
smol,flickr30k,final_quarter,False,3,0.42857142857142855,10,10,10,23,4.0,4096,0.001,False,1.1,1024,512,1200,0.1161327064037323,0.11445997049013386,0.11763567307898484,0.106201171875,0.105224609375,0.001220703125,0.000244140625,0.008430087938904762,0.10770260542631149,0.915237250390374,373.658348082529,0.22155199944972992,0.6518161296844482,0.9918356599896466,0.9892967537561805,0.9973854987219607,390.875,0.095428466796875,0.89453125,0.2202495038509369
smol,flickr30k,final_quarter,False,3,0.42857142857142855,10,10,10,23,4.0,4096,0.001,False,1.25,1024,512,1200,0.1161327064037323,0.11445997049013386,0.11763567307898484,0.106201171875,0.105224609375,0.001220703125,0.000244140625,0.008430087938904762,0.10770260542631149,0.915237250390374,373.658348082529,0.22155199944972992,0.6518161296844482,0.9918356599896466,0.9892967537561805,0.9973854987219607,390.875,0.095428466796875,0.89453125,0.2202495038509369
smol,flickr30k,final_quarter,False,3,0.42857142857142855,10,10,10,23,4.0,4096,0.001,False,1.5,1024,512,1200,0.1161327064037323,0.11445997049013386,0.11763567307898484,0.105224609375,0.10498046875,0.0009765625,0.000732421875,0.008430087938904762,0.10770260542631149,0.915237250390374,373.658348082529,0.22155199944972992,0.6518161296844482,0.9918356599896466,0.9892967537561805,0.9973854987219607,390.875,0.095428466796875,0.89453125,0.2202495038509369
smol,flickr30k,final_quarter,False,3,0.42857142857142855,10,10,10,23,4.0,4096,0.001,True,1.1,1024,512,1200,0.48215097188949585,0.47757218030310467,0.48619491861318237,1.0,1.0,0.0,0.0,0.04579301178455353,0.43635794520378113,0.08387203941271801,3945.1815463758985,0.3066784739494324,0.3226313292980194,0.9950448552931692,0.8667555411850656,0.9944235107123179,1889.966796875,0.46141767501831055,0.0,0.3016688823699951
smol,flickr30k,final_quarter,False,3,0.42857142857142855,10,10,10,23,4.0,4096,0.001,True,1.25,1024,512,1200,0.48215097188949585,0.47757218030310467,0.48619491861318237,1.0,1.0,0.0,0.0,0.04579301178455353,0.43635794520378113,0.08387203941271801,3945.1815463758985,0.3066784739494324,0.3226313292980194,0.9950448552931692,0.8667555411850656,0.9944235107123179,1889.966796875,0.46141767501831055,0.0,0.3016688823699951
smol,flickr30k,final_quarter,False,3,0.42857142857142855,10,10,10,23,4.0,4096,0.001,True,1.5,1024,512,1200,0.48215097188949585,0.47757218030310467,0.48619491861318237,1.0,1.0,0.0,0.0,0.04579301178455353,0.43635794520378113,0.08387203941271801,3945.1815463758985,0.3066784739494324,0.3226313292980194,0.9950448552931692,0.8667555411850656,0.9944235107123179,1889.966796875,0.46141767501831055,0.0,0.3016688823699951
smol,flickr30k,final_quarter,False,3,0.42857142857142855,10,10,10,37,2.0,4096,0.0003,False,1.1,1024,512,1200,0.11830280721187592,0.11665626668836922,0.11982650806639868,0.108642578125,0.108642578125,0.00048828125,0.00048828125,0.008677300065755844,0.10962551087141037,0.9145010192229741,378.18538956725655,0.24226588010787964,0.6556801795959473,0.9949115199494233,0.9923061988591148,0.9970957015118961,409.650390625,0.10001230239868164,0.890869140625,0.24056170880794525
smol,flickr30k,final_quarter,False,3,0.42857142857142855,10,10,10,37,2.0,4096,0.0003,False,1.25,1024,512,1200,0.11830280721187592,0.11665626668836922,0.11982650806639868,0.108154296875,0.108642578125,0.000244140625,0.000732421875,0.008677300065755844,0.10962551087141037,0.9145010192229741,378.18538956725655,0.24226588010787964,0.6556801795959473,0.9949115199494233,0.9923061988591148,0.9970957015118961,409.650390625,0.10001230239868164,0.890869140625,0.24056170880794525
smol,flickr30k,final_quarter,False,3,0.42857142857142855,10,10,10,37,2.0,4096,0.0003,False,1.5,1024,512,1200,0.11830280721187592,0.11665626668836922,0.11982650806639868,0.108154296875,0.108642578125,0.000244140625,0.000732421875,0.008677300065755844,0.10962551087141037,0.9145010192229741,378.18538956725655,0.24226588010787964,0.6556801795959473,0.9949115199494233,0.9923061988591148,0.9970957015118961,409.650390625,0.10001230239868164,0.890869140625,0.24056170880794525
smol,flickr30k,final_quarter,False,3,0.42857142857142855,10,10,10,37,2.0,4096,0.0003,True,1.1,1024,512,1200,0.48891061544418335,0.4843382422957802,0.49319058200781,1.0,1.0,0.0,0.0,0.04646129906177521,0.44244933128356934,0.08450463984715186,3944.4195072335724,0.31430190801620483,0.33208248019218445,0.9968567573709836,0.8676011162477663,0.9937188053020265,1896.4765625,0.46300697326660156,0.0,0.30646806955337524
smol,flickr30k,final_quarter,False,3,0.42857142857142855,10,10,10,37,2.0,4096,0.0003,True,1.25,1024,512,1200,0.48891061544418335,0.4843382422957802,0.49319058200781,1.0,1.0,0.0,0.0,0.04646129906177521,0.44244933128356934,0.08450463984715186,3944.4195072335724,0.31430190801620483,0.33208248019218445,0.9968567573709836,0.8676011162477663,0.9937188053020265,1896.4765625,0.46300697326660156,0.0,0.30646806955337524
smol,flickr30k,final_quarter,False,3,0.42857142857142855,10,10,10,37,2.0,4096,0.0003,True,1.5,1024,512,1200,0.48891061544418335,0.4843382422957802,0.49319058200781,1.0,1.0,0.0,0.0,0.04646129906177521,0.44244933128356934,0.08450463984715186,3944.4195072335724,0.31430190801620483,0.33208248019218445,0.9968567573709836,0.8676011162477663,0.9937188053020265,1896.4765625,0.46300697326660156,0.0,0.30646806955337524
smol,flickr30k,final_quarter,False,3,0.42857142857142855,10,10,10,37,2.0,4096,0.001,False,1.1,1024,512,1200,0.11733558773994446,0.11565419835751527,0.11877288311734446,0.10888671875,0.10888671875,0.00048828125,0.00048828125,0.00865260511636734,0.10868298262357712,0.9137769505538859,379.3502478246721,0.23829400539398193,0.6487324237823486,0.995027883871853,0.9924156083308794,0.9970866506177406,411.794921875,0.10053586959838867,0.890625,0.23672497272491455
smol,flickr30k,final_quarter,False,3,0.42857142857142855,10,10,10,37,2.0,4096,0.001,False,1.25,1024,512,1200,0.11733558773994446,0.11565419835751527,0.11877288311734446,0.1083984375,0.10888671875,0.000244140625,0.000732421875,0.00865260511636734,0.10868298262357712,0.9137769505538859,379.3502478246721,0.23829400539398193,0.6487324237823486,0.995027883871853,0.9924156083308794,0.9970866506177406,411.794921875,0.10053586959838867,0.890625,0.23672497272491455
smol,flickr30k,final_quarter,False,3,0.42857142857142855,10,10,10,37,2.0,4096,0.001,False,1.5,1024,512,1200,0.11733558773994446,0.11565419835751527,0.11877288311734446,0.1083984375,0.10888671875,0.000244140625,0.000732421875,0.00865260511636734,0.10868298262357712,0.9137769505538859,379.3502478246721,0.23829400539398193,0.6487324237823486,0.995027883871853,0.9924156083308794,0.9970866506177406,411.794921875,0.10053586959838867,0.890625,0.23672497272491455
smol,flickr30k,final_quarter,False,3,0.42857142857142855,10,10,10,37,2.0,4096,0.001,True,1.1,1024,512,1200,0.48212024569511414,0.47769923254236346,0.4862325570284156,1.0,1.0,0.0,0.0,0.045773252844810486,0.43634697794914246,0.08725707910327128,3925.7935986176835,0.30948367714881897,0.324893981218338,0.997047421028565,0.8683854753812171,0.9936791257765816,1887.20703125,0.46074390411376953,0.0,0.3014094829559326
smol,flickr30k,final_quarter,False,3,0.42857142857142855,10,10,10,37,2.0,4096,0.001,True,1.25,1024,512,1200,0.48212024569511414,0.47769923254236346,0.4862325570284156,1.0,1.0,0.0,0.0,0.045773252844810486,0.43634697794914246,0.08725707910327128,3925.7935986176835,0.30948367714881897,0.324893981218338,0.997047421028565,0.8683854753812171,0.9936791257765816,1887.20703125,0.46074390411376953,0.0,0.3014094829559326
smol,flickr30k,final_quarter,False,3,0.42857142857142855,10,10,10,37,2.0,4096,0.001,True,1.5,1024,512,1200,0.48212024569511414,0.47769923254236346,0.4862325570284156,1.0,1.0,0.0,0.0,0.045773252844810486,0.43634697794914246,0.08725707910327128,3925.7935986176835,0.30948367714881897,0.324893981218338,0.997047421028565,0.8683854753812171,0.9936791257765816,1887.20703125,0.46074390411376953,0.0,0.3014094829559326
smol,flickr30k,final_quarter,False,3,0.42857142857142855,10,10,10,37,4.0,4096,0.0003,False,1.1,1024,512,1200,0.11830280721187592,0.11665626668836922,0.11982650806639868,0.108642578125,0.108642578125,0.00048828125,0.00048828125,0.008677300065755844,0.10962551087141037,0.9145010192229741,378.18538956725655,0.24226588010787964,0.6556801795959473,0.9949115199494233,0.9923061988591148,0.9970957015118961,409.650390625,0.10001230239868164,0.890869140625,0.24056170880794525
smol,flickr30k,final_quarter,False,3,0.42857142857142855,10,10,10,37,4.0,4096,0.0003,False,1.25,1024,512,1200,0.11830280721187592,0.11665626668836922,0.11982650806639868,0.108154296875,0.108642578125,0.000244140625,0.000732421875,0.008677300065755844,0.10962551087141037,0.9145010192229741,378.18538956725655,0.24226588010787964,0.6556801795959473,0.9949115199494233,0.9923061988591148,0.9970957015118961,409.650390625,0.10001230239868164,0.890869140625,0.24056170880794525
smol,flickr30k,final_quarter,False,3,0.42857142857142855,10,10,10,37,4.0,4096,0.0003,False,1.5,1024,512,1200,0.11830280721187592,0.11665626668836922,0.11982650806639868,0.108154296875,0.108642578125,0.000244140625,0.000732421875,0.008677300065755844,0.10962551087141037,0.9145010192229741,378.18538956725655,0.24226588010787964,0.6556801795959473,0.9949115199494233,0.9923061988591148,0.9970957015118961,409.650390625,0.10001230239868164,0.890869140625,0.24056170880794525
smol,flickr30k,final_quarter,False,3,0.42857142857142855,10,10,10,37,4.0,4096,0.0003,True,1.1,1024,512,1200,0.48891061544418335,0.4843382422957802,0.49319058200781,1.0,1.0,0.0,0.0,0.04646129906177521,0.44244933128356934,0.08450463984715186,3944.4195072335724,0.31430190801620483,0.33208248019218445,0.9968567573709836,0.8676011162477663,0.9937188053020265,1896.4765625,0.46300697326660156,0.0,0.30646806955337524
smol,flickr30k,final_quarter,False,3,0.42857142857142855,10,10,10,37,4.0,4096,0.0003,True,1.25,1024,512,1200,0.48891061544418335,0.4843382422957802,0.49319058200781,1.0,1.0,0.0,0.0,0.04646129906177521,0.44244933128356934,0.08450463984715186,3944.4195072335724,0.31430190801620483,0.33208248019218445,0.9968567573709836,0.8676011162477663,0.9937188053020265,1896.4765625,0.46300697326660156,0.0,0.30646806955337524
smol,flickr30k,final_quarter,False,3,0.42857142857142855,10,10,10,37,4.0,4096,0.0003,True,1.5,1024,512,1200,0.48891061544418335,0.4843382422957802,0.49319058200781,1.0,1.0,0.0,0.0,0.04646129906177521,0.44244933128356934,0.08450463984715186,3944.4195072335724,0.31430190801620483,0.33208248019218445,0.9968567573709836,0.8676011162477663,0.9937188053020265,1896.4765625,0.46300697326660156,0.0,0.30646806955337524
smol,flickr30k,final_quarter,False,3,0.42857142857142855,10,10,10,37,4.0,4096,0.001,False,1.1,1024,512,1200,0.11733558773994446,0.11565419835751527,0.11877288311734446,0.10888671875,0.10888671875,0.00048828125,0.00048828125,0.00865260511636734,0.10868298262357712,0.9137769505538859,379.3502478246721,0.23829400539398193,0.6487324237823486,0.995027883871853,0.9924156083308794,0.9970866506177406,411.794921875,0.10053586959838867,0.890625,0.23672497272491455
smol,flickr30k,final_quarter,False,3,0.42857142857142855,10,10,10,37,4.0,4096,0.001,False,1.25,1024,512,1200,0.11733558773994446,0.11565419835751527,0.11877288311734446,0.1083984375,0.10888671875,0.000244140625,0.000732421875,0.00865260511636734,0.10868298262357712,0.9137769505538859,379.3502478246721,0.23829400539398193,0.6487324237823486,0.995027883871853,0.9924156083308794,0.9970866506177406,411.794921875,0.10053586959838867,0.890625,0.23672497272491455
smol,flickr30k,final_quarter,False,3,0.42857142857142855,10,10,10,37,4.0,4096,0.001,False,1.5,1024,512,1200,0.11733558773994446,0.11565419835751527,0.11877288311734446,0.1083984375,0.10888671875,0.000244140625,0.000732421875,0.00865260511636734,0.10868298262357712,0.9137769505538859,379.3502478246721,0.23829400539398193,0.6487324237823486,0.995027883871853,0.9924156083308794,0.9970866506177406,411.794921875,0.10053586959838867,0.890625,0.23672497272491455
smol,flickr30k,final_quarter,False,3,0.42857142857142855,10,10,10,37,4.0,4096,0.001,True,1.1,1024,512,1200,0.48212024569511414,0.47769923254236346,0.4862325570284156,1.0,1.0,0.0,0.0,0.045773252844810486,0.43634697794914246,0.08725707910327128,3925.7935986176835,0.30948367714881897,0.324893981218338,0.997047421028565,0.8683854753812171,0.9936791257765816,1887.20703125,0.46074390411376953,0.0,0.3014094829559326
smol,flickr30k,final_quarter,False,3,0.42857142857142855,10,10,10,37,4.0,4096,0.001,True,1.25,1024,512,1200,0.48212024569511414,0.47769923254236346,0.4862325570284156,1.0,1.0,0.0,0.0,0.045773252844810486,0.43634697794914246,0.08725707910327128,3925.7935986176835,0.30948367714881897,0.324893981218338,0.997047421028565,0.8683854753812171,0.9936791257765816,1887.20703125,0.46074390411376953,0.0,0.3014094829559326
smol,flickr30k,final_quarter,False,3,0.42857142857142855,10,10,10,37,4.0,4096,0.001,True,1.5,1024,512,1200,0.48212024569511414,0.47769923254236346,0.4862325570284156,1.0,1.0,0.0,0.0,0.045773252844810486,0.43634697794914246,0.08725707910327128,3925.7935986176835,0.30948367714881897,0.324893981218338,0.997047421028565,0.8683854753812171,0.9936791257765816,1887.20703125,0.46074390411376953,0.0,0.3014094829559326
smol,flickr30k,final_quarter,False,4,0.5714285714285714,13,13,13,11,2.0,4096,0.0003,False,1.1,1024,512,1200,0.1367601752281189,0.13475991047016578,0.13856594671633501,0.1083984375,0.1083984375,0.00146484375,0.00146484375,0.011439772322773933,0.1253204196691513,0.9166730931509612,364.995729095023,0.2954062223434448,0.8682400584220886,0.9952178510908751,0.9928270327832988,0.9962790327076246,400.0234375,0.09766197204589844,0.889892578125,0.29507607221603394
smol,flickr30k,final_quarter,False,4,0.5714285714285714,13,13,13,11,2.0,4096,0.0003,False,1.25,1024,512,1200,0.1367601752281189,0.13475991047016578,0.13856594671633501,0.1083984375,0.1083984375,0.00146484375,0.00146484375,0.011439772322773933,0.1253204196691513,0.9166730931509612,364.995729095023,0.2954062223434448,0.8682400584220886,0.9952178510908751,0.9928270327832988,0.9962790327076246,400.0234375,0.09766197204589844,0.889892578125,0.29507607221603394
smol,flickr30k,final_quarter,False,4,0.5714285714285714,13,13,13,11,2.0,4096,0.0003,False,1.5,1024,512,1200,0.1367601752281189,0.13475991047016578,0.13856594671633501,0.1064453125,0.107666015625,0.001220703125,0.00244140625,0.011439772322773933,0.1253204196691513,0.9166730931509612,364.995729095023,0.2954062223434448,0.8682400584220886,0.9952178510908751,0.9928270327832988,0.9962790327076246,400.0234375,0.09766197204589844,0.889892578125,0.29507607221603394
smol,flickr30k,final_quarter,False,4,0.5714285714285714,13,13,13,11,2.0,4096,0.0003,True,1.1,1024,512,1200,0.4928451180458069,0.48844016879593255,0.49689665616315326,1.0,1.0,0.0,0.0,0.05359162390232086,0.43925347924232483,0.08154637579594166,3967.0713741825484,0.3094470500946045,0.32911330461502075,0.9970060417007687,0.8557287985224731,0.9947185338360012,1894.013671875,0.4624056816101074,0.0,0.3042847514152527
smol,flickr30k,final_quarter,False,4,0.5714285714285714,13,13,13,11,2.0,4096,0.0003,True,1.25,1024,512,1200,0.4928451180458069,0.48844016879593255,0.49689665616315326,1.0,1.0,0.0,0.0,0.05359162390232086,0.43925347924232483,0.08154637579594166,3967.0713741825484,0.3094470500946045,0.32911330461502075,0.9970060417007687,0.8557287985224731,0.9947185338360012,1894.013671875,0.4624056816101074,0.0,0.3042847514152527
smol,flickr30k,final_quarter,False,4,0.5714285714285714,13,13,13,11,2.0,4096,0.0003,True,1.5,1024,512,1200,0.4928451180458069,0.48844016879593255,0.49689665616315326,1.0,1.0,0.0,0.0,0.05359162390232086,0.43925347924232483,0.08154637579594166,3967.0713741825484,0.3094470500946045,0.32911330461502075,0.9970060417007687,0.8557287985224731,0.9947185338360012,1894.013671875,0.4624056816101074,0.0,0.3042847514152527
smol,flickr30k,final_quarter,False,4,0.5714285714285714,13,13,13,11,2.0,4096,0.001,False,1.1,1024,512,1200,0.1364145427942276,0.1344464578123734,0.13821402025496354,0.108642578125,0.108642578125,0.00146484375,0.00146484375,0.01139809936285019,0.125016450881958,0.9159182651249699,367.3590142418211,0.28755083680152893,0.8611494898796082,0.9952463449139898,0.9928549626933443,0.9961776570048186,400.697265625,0.09782648086547852,0.8896484375,0.2873416543006897
smol,flickr30k,final_quarter,False,4,0.5714285714285714,13,13,13,11,2.0,4096,0.001,False,1.25,1024,512,1200,0.1364145427942276,0.1344464578123734,0.13821402025496354,0.108642578125,0.108642578125,0.00146484375,0.00146484375,0.01139809936285019,0.125016450881958,0.9159182651249699,367.3590142418211,0.28755083680152893,0.8611494898796082,0.9952463449139898,0.9928549626933443,0.9961776570048186,400.697265625,0.09782648086547852,0.8896484375,0.2873416543006897
smol,flickr30k,final_quarter,False,4,0.5714285714285714,13,13,13,11,2.0,4096,0.001,False,1.5,1024,512,1200,0.1364145427942276,0.1344464578123734,0.13821402025496354,0.106689453125,0.10791015625,0.001220703125,0.00244140625,0.01139809936285019,0.125016450881958,0.9159182651249699,367.3590142418211,0.28755083680152893,0.8611494898796082,0.9952463449139898,0.9928549626933443,0.9961776570048186,400.697265625,0.09782648086547852,0.8896484375,0.2873416543006897
smol,flickr30k,final_quarter,False,4,0.5714285714285714,13,13,13,11,2.0,4096,0.001,True,1.1,1024,512,1200,0.48537376523017883,0.48109295243630185,0.48947022136562734,1.0,1.0,0.0,0.0,0.052992671728134155,0.4323810935020447,0.08261779498536935,3970.480871007315,0.3041561543941498,0.3237425982952118,0.9950359928489888,0.8542811495558238,0.9925130070187028,1885.677734375,0.4603705406188965,0.0,0.2987479269504547
smol,flickr30k,final_quarter,False,4,0.5714285714285714,13,13,13,11,2.0,4096,0.001,True,1.25,1024,512,1200,0.48537376523017883,0.48109295243630185,0.48947022136562734,1.0,1.0,0.0,0.0,0.052992671728134155,0.4323810935020447,0.08261779498536935,3970.480871007315,0.3041561543941498,0.3237425982952118,0.9950359928489888,0.8542811495558238,0.9925130070187028,1885.677734375,0.4603705406188965,0.0,0.2987479269504547
smol,flickr30k,final_quarter,False,4,0.5714285714285714,13,13,13,11,2.0,4096,0.001,True,1.5,1024,512,1200,0.48537376523017883,0.48109295243630185,0.48947022136562734,1.0,1.0,0.0,0.0,0.052992671728134155,0.4323810935020447,0.08261779498536935,3970.480871007315,0.3041561543941498,0.3237425982952118,0.9950359928489888,0.8542811495558238,0.9925130070187028,1885.677734375,0.4603705406188965,0.0,0.2987479269504547
smol,flickr30k,final_quarter,False,4,0.5714285714285714,13,13,13,11,4.0,4096,0.0003,False,1.1,1024,512,1200,0.1367601752281189,0.13475991047016578,0.13856594671633501,0.1083984375,0.1083984375,0.00146484375,0.00146484375,0.011439772322773933,0.1253204196691513,0.9166730931509612,364.995729095023,0.2954062223434448,0.8682400584220886,0.9952178510908751,0.9928270327832988,0.9962790327076246,400.0234375,0.09766197204589844,0.889892578125,0.29507607221603394
smol,flickr30k,final_quarter,False,4,0.5714285714285714,13,13,13,11,4.0,4096,0.0003,False,1.25,1024,512,1200,0.1367601752281189,0.13475991047016578,0.13856594671633501,0.1083984375,0.1083984375,0.00146484375,0.00146484375,0.011439772322773933,0.1253204196691513,0.9166730931509612,364.995729095023,0.2954062223434448,0.8682400584220886,0.9952178510908751,0.9928270327832988,0.9962790327076246,400.0234375,0.09766197204589844,0.889892578125,0.29507607221603394
smol,flickr30k,final_quarter,False,4,0.5714285714285714,13,13,13,11,4.0,4096,0.0003,False,1.5,1024,512,1200,0.1367601752281189,0.13475991047016578,0.13856594671633501,0.1064453125,0.107666015625,0.001220703125,0.00244140625,0.011439772322773933,0.1253204196691513,0.9166730931509612,364.995729095023,0.2954062223434448,0.8682400584220886,0.9952178510908751,0.9928270327832988,0.9962790327076246,400.0234375,0.09766197204589844,0.889892578125,0.29507607221603394
smol,flickr30k,final_quarter,False,4,0.5714285714285714,13,13,13,11,4.0,4096,0.0003,True,1.1,1024,512,1200,0.4928451180458069,0.48844016879593255,0.49689665616315326,1.0,1.0,0.0,0.0,0.05359162390232086,0.43925347924232483,0.08154637579594166,3967.0713741825484,0.3094470500946045,0.32911330461502075,0.9970060417007687,0.8557287985224731,0.9947185338360012,1894.013671875,0.4624056816101074,0.0,0.3042847514152527
smol,flickr30k,final_quarter,False,4,0.5714285714285714,13,13,13,11,4.0,4096,0.0003,True,1.25,1024,512,1200,0.4928451180458069,0.48844016879593255,0.49689665616315326,1.0,1.0,0.0,0.0,0.05359162390232086,0.43925347924232483,0.08154637579594166,3967.0713741825484,0.3094470500946045,0.32911330461502075,0.9970060417007687,0.8557287985224731,0.9947185338360012,1894.013671875,0.4624056816101074,0.0,0.3042847514152527
smol,flickr30k,final_quarter,False,4,0.5714285714285714,13,13,13,11,4.0,4096,0.0003,True,1.5,1024,512,1200,0.4928451180458069,0.48844016879593255,0.49689665616315326,1.0,1.0,0.0,0.0,0.05359162390232086,0.43925347924232483,0.08154637579594166,3967.0713741825484,0.3094470500946045,0.32911330461502075,0.9970060417007687,0.8557287985224731,0.9947185338360012,1894.013671875,0.4624056816101074,0.0,0.3042847514152527
smol,flickr30k,final_quarter,False,4,0.5714285714285714,13,13,13,11,4.0,4096,0.001,False,1.1,1024,512,1200,0.1364145427942276,0.1344464578123734,0.13821402025496354,0.108642578125,0.108642578125,0.00146484375,0.00146484375,0.01139809936285019,0.125016450881958,0.9159182651249699,367.3590142418211,0.28755083680152893,0.8611494898796082,0.9952463449139898,0.9928549626933443,0.9961776570048186,400.697265625,0.09782648086547852,0.8896484375,0.2873416543006897
smol,flickr30k,final_quarter,False,4,0.5714285714285714,13,13,13,11,4.0,4096,0.001,False,1.25,1024,512,1200,0.1364145427942276,0.1344464578123734,0.13821402025496354,0.108642578125,0.108642578125,0.00146484375,0.00146484375,0.01139809936285019,0.125016450881958,0.9159182651249699,367.3590142418211,0.28755083680152893,0.8611494898796082,0.9952463449139898,0.9928549626933443,0.9961776570048186,400.697265625,0.09782648086547852,0.8896484375,0.2873416543006897
smol,flickr30k,final_quarter,False,4,0.5714285714285714,13,13,13,11,4.0,4096,0.001,False,1.5,1024,512,1200,0.1364145427942276,0.1344464578123734,0.13821402025496354,0.106689453125,0.10791015625,0.001220703125,0.00244140625,0.01139809936285019,0.125016450881958,0.9159182651249699,367.3590142418211,0.28755083680152893,0.8611494898796082,0.9952463449139898,0.9928549626933443,0.9961776570048186,400.697265625,0.09782648086547852,0.8896484375,0.2873416543006897
smol,flickr30k,final_quarter,False,4,0.5714285714285714,13,13,13,11,4.0,4096,0.001,True,1.1,1024,512,1200,0.48537376523017883,0.48109295243630185,0.48947022136562734,1.0,1.0,0.0,0.0,0.052992671728134155,0.4323810935020447,0.08261779498536935,3970.480871007315,0.3041561543941498,0.3237425982952118,0.9950359928489888,0.8542811495558238,0.9925130070187028,1885.677734375,0.4603705406188965,0.0,0.2987479269504547
smol,flickr30k,final_quarter,False,4,0.5714285714285714,13,13,13,11,4.0,4096,0.001,True,1.25,1024,512,1200,0.48537376523017883,0.48109295243630185,0.48947022136562734,1.0,1.0,0.0,0.0,0.052992671728134155,0.4323810935020447,0.08261779498536935,3970.480871007315,0.3041561543941498,0.3237425982952118,0.9950359928489888,0.8542811495558238,0.9925130070187028,1885.677734375,0.4603705406188965,0.0,0.2987479269504547
smol,flickr30k,final_quarter,False,4,0.5714285714285714,13,13,13,11,4.0,4096,0.001,True,1.5,1024,512,1200,0.48537376523017883,0.48109295243630185,0.48947022136562734,1.0,1.0,0.0,0.0,0.052992671728134155,0.4323810935020447,0.08261779498536935,3970.480871007315,0.3041561543941498,0.3237425982952118,0.9950359928489888,0.8542811495558238,0.9925130070187028,1885.677734375,0.4603705406188965,0.0,0.2987479269504547
smol,flickr30k,final_quarter,False,4,0.5714285714285714,13,13,13,23,2.0,4096,0.0003,False,1.1,1024,512,1200,0.13652460277080536,0.1347239665359666,0.1383138242697896,0.105712890625,0.106201171875,0.001220703125,0.001708984375,0.01140390895307064,0.12512069940567017,0.9185994323665453,357.09184948221906,0.28583890199661255,0.8523128628730774,0.9949064619008479,0.99253333688063,0.9962175096895988,397.86328125,0.09713459014892578,0.891845703125,0.28580814599990845
smol,flickr30k,final_quarter,False,4,0.5714285714285714,13,13,13,23,2.0,4096,0.0003,False,1.25,1024,512,1200,0.13652460277080536,0.1347239665359666,0.1383138242697896,0.105712890625,0.106201171875,0.001220703125,0.001708984375,0.01140390895307064,0.12512069940567017,0.9185994323665453,357.09184948221906,0.28583890199661255,0.8523128628730774,0.9949064619008479,0.99253333688063,0.9962175096895988,397.86328125,0.09713459014892578,0.891845703125,0.28580814599990845
smol,flickr30k,final_quarter,False,4,0.5714285714285714,13,13,13,23,2.0,4096,0.0003,False,1.5,1024,512,1200,0.13652460277080536,0.1347239665359666,0.1383138242697896,0.104736328125,0.105712890625,0.001220703125,0.002197265625,0.01140390895307064,0.12512069940567017,0.9185994323665453,357.09184948221906,0.28583890199661255,0.8523128628730774,0.9949064619008479,0.99253333688063,0.9962175096895988,397.86328125,0.09713459014892578,0.891845703125,0.28580814599990845
smol,flickr30k,final_quarter,False,4,0.5714285714285714,13,13,13,23,2.0,4096,0.0003,True,1.1,1024,512,1200,0.49931013584136963,0.4952246283821296,0.5031894232583,1.0,1.0,0.0,0.0,0.05424235016107559,0.44506776332855225,0.08225273507914396,3962.590773734869,0.31467536091804504,0.33293136954307556,0.9983802895717971,0.8555869075150122,0.9943943357930572,1901.57421875,0.4642515182495117,0.0,0.30842071771621704
smol,flickr30k,final_quarter,False,4,0.5714285714285714,13,13,13,23,2.0,4096,0.0003,True,1.25,1024,512,1200,0.49931013584136963,0.4952246283821296,0.5031894232583,1.0,1.0,0.0,0.0,0.05424235016107559,0.44506776332855225,0.08225273507914396,3962.590773734869,0.31467536091804504,0.33293136954307556,0.9983802895717971,0.8555869075150122,0.9943943357930572,1901.57421875,0.4642515182495117,0.0,0.30842071771621704
smol,flickr30k,final_quarter,False,4,0.5714285714285714,13,13,13,23,2.0,4096,0.0003,True,1.5,1024,512,1200,0.49931013584136963,0.4952246283821296,0.5031894232583,1.0,1.0,0.0,0.0,0.05424235016107559,0.44506776332855225,0.08225273507914396,3962.590773734869,0.31467536091804504,0.33293136954307556,0.9983802895717971,0.8555869075150122,0.9943943357930572,1901.57421875,0.4642515182495117,0.0,0.30842071771621704
smol,flickr30k,final_quarter,False,4,0.5714285714285714,13,13,13,23,2.0,4096,0.001,False,1.1,1024,512,1200,0.1370256543159485,0.13523965633648913,0.13884475583181483,0.10546875,0.10595703125,0.001220703125,0.001708984375,0.011408545076847076,0.125617116689682,0.9175342513482586,360.93486930243773,0.2885969877243042,0.8501793146133423,0.9953276070970669,0.9929264486379443,0.9962635062826427,397.005859375,0.09692525863647461,0.89208984375,0.28832799196243286
smol,flickr30k,final_quarter,False,4,0.5714285714285714,13,13,13,23,2.0,4096,0.001,False,1.25,1024,512,1200,0.1370256543159485,0.13523965633648913,0.13884475583181483,0.10546875,0.10595703125,0.001220703125,0.001708984375,0.011408545076847076,0.125617116689682,0.9175342513482586,360.93486930243773,0.2885969877243042,0.8501793146133423,0.9953276070970669,0.9929264486379443,0.9962635062826427,397.005859375,0.09692525863647461,0.89208984375,0.28832799196243286
smol,flickr30k,final_quarter,False,4,0.5714285714285714,13,13,13,23,2.0,4096,0.001,False,1.5,1024,512,1200,0.1370256543159485,0.13523965633648913,0.13884475583181483,0.1044921875,0.10546875,0.001220703125,0.002197265625,0.011408545076847076,0.125617116689682,0.9175342513482586,360.93486930243773,0.2885969877243042,0.8501793146133423,0.9953276070970669,0.9929264486379443,0.9962635062826427,397.005859375,0.09692525863647461,0.89208984375,0.28832799196243286
smol,flickr30k,final_quarter,False,4,0.5714285714285714,13,13,13,23,2.0,4096,0.001,True,1.1,1024,512,1200,0.49091506004333496,0.486809395509772,0.4948679033754161,1.0,1.0,0.0,0.0,0.05367957800626755,0.4372354745864868,0.08279915797284623,3960.3199925067024,0.3085714876651764,0.3268998861312866,0.9985420176312543,0.8561137338745096,0.9938250933916775,1894.265625,0.4624671936035156,0.0,0.30244675278663635
smol,flickr30k,final_quarter,False,4,0.5714285714285714,13,13,13,23,2.0,4096,0.001,True,1.25,1024,512,1200,0.49091506004333496,0.486809395509772,0.4948679033754161,1.0,1.0,0.0,0.0,0.05367957800626755,0.4372354745864868,0.08279915797284623,3960.3199925067024,0.3085714876651764,0.3268998861312866,0.9985420176312543,0.8561137338745096,0.9938250933916775,1894.265625,0.4624671936035156,0.0,0.30244675278663635
smol,flickr30k,final_quarter,False,4,0.5714285714285714,13,13,13,23,2.0,4096,0.001,True,1.5,1024,512,1200,0.49091506004333496,0.486809395509772,0.4948679033754161,1.0,1.0,0.0,0.0,0.05367957800626755,0.4372354745864868,0.08279915797284623,3960.3199925067024,0.3085714876651764,0.3268998861312866,0.9985420176312543,0.8561137338745096,0.9938250933916775,1894.265625,0.4624671936035156,0.0,0.30244675278663635
smol,flickr30k,final_quarter,False,4,0.5714285714285714,13,13,13,23,4.0,4096,0.0003,False,1.1,1024,512,1200,0.13652460277080536,0.1347239665359666,0.1383138242697896,0.105712890625,0.106201171875,0.001220703125,0.001708984375,0.01140390895307064,0.12512069940567017,0.9185994323665453,357.09184948221906,0.28583890199661255,0.8523128628730774,0.9949064619008479,0.99253333688063,0.9962175096895988,397.86328125,0.09713459014892578,0.891845703125,0.28580814599990845
smol,flickr30k,final_quarter,False,4,0.5714285714285714,13,13,13,23,4.0,4096,0.0003,False,1.25,1024,512,1200,0.13652460277080536,0.1347239665359666,0.1383138242697896,0.105712890625,0.106201171875,0.001220703125,0.001708984375,0.01140390895307064,0.12512069940567017,0.9185994323665453,357.09184948221906,0.28583890199661255,0.8523128628730774,0.9949064619008479,0.99253333688063,0.9962175096895988,397.86328125,0.09713459014892578,0.891845703125,0.28580814599990845
smol,flickr30k,final_quarter,False,4,0.5714285714285714,13,13,13,23,4.0,4096,0.0003,False,1.5,1024,512,1200,0.13652460277080536,0.1347239665359666,0.1383138242697896,0.104736328125,0.105712890625,0.001220703125,0.002197265625,0.01140390895307064,0.12512069940567017,0.9185994323665453,357.09184948221906,0.28583890199661255,0.8523128628730774,0.9949064619008479,0.99253333688063,0.9962175096895988,397.86328125,0.09713459014892578,0.891845703125,0.28580814599990845
smol,flickr30k,final_quarter,False,4,0.5714285714285714,13,13,13,23,4.0,4096,0.0003,True,1.1,1024,512,1200,0.49931013584136963,0.4952246283821296,0.5031894232583,1.0,1.0,0.0,0.0,0.05424235016107559,0.44506776332855225,0.08225273507914396,3962.590773734869,0.31467536091804504,0.33293136954307556,0.9983802895717971,0.8555869075150122,0.9943943357930572,1901.57421875,0.4642515182495117,0.0,0.30842071771621704
smol,flickr30k,final_quarter,False,4,0.5714285714285714,13,13,13,23,4.0,4096,0.0003,True,1.25,1024,512,1200,0.49931013584136963,0.4952246283821296,0.5031894232583,1.0,1.0,0.0,0.0,0.05424235016107559,0.44506776332855225,0.08225273507914396,3962.590773734869,0.31467536091804504,0.33293136954307556,0.9983802895717971,0.8555869075150122,0.9943943357930572,1901.57421875,0.4642515182495117,0.0,0.30842071771621704
smol,flickr30k,final_quarter,False,4,0.5714285714285714,13,13,13,23,4.0,4096,0.0003,True,1.5,1024,512,1200,0.49931013584136963,0.4952246283821296,0.5031894232583,1.0,1.0,0.0,0.0,0.05424235016107559,0.44506776332855225,0.08225273507914396,3962.590773734869,0.31467536091804504,0.33293136954307556,0.9983802895717971,0.8555869075150122,0.9943943357930572,1901.57421875,0.4642515182495117,0.0,0.30842071771621704
smol,flickr30k,final_quarter,False,4,0.5714285714285714,13,13,13,23,4.0,4096,0.001,False,1.1,1024,512,1200,0.1370256543159485,0.13523965633648913,0.13884475583181483,0.10546875,0.10595703125,0.001220703125,0.001708984375,0.011408545076847076,0.125617116689682,0.9175342513482586,360.93486930243773,0.2885969877243042,0.8501793146133423,0.9953276070970669,0.9929264486379443,0.9962635062826427,397.005859375,0.09692525863647461,0.89208984375,0.28832799196243286
smol,flickr30k,final_quarter,False,4,0.5714285714285714,13,13,13,23,4.0,4096,0.001,False,1.25,1024,512,1200,0.1370256543159485,0.13523965633648913,0.13884475583181483,0.10546875,0.10595703125,0.001220703125,0.001708984375,0.011408545076847076,0.125617116689682,0.9175342513482586,360.93486930243773,0.2885969877243042,0.8501793146133423,0.9953276070970669,0.9929264486379443,0.9962635062826427,397.005859375,0.09692525863647461,0.89208984375,0.28832799196243286
smol,flickr30k,final_quarter,False,4,0.5714285714285714,13,13,13,23,4.0,4096,0.001,False,1.5,1024,512,1200,0.1370256543159485,0.13523965633648913,0.13884475583181483,0.1044921875,0.10546875,0.001220703125,0.002197265625,0.011408545076847076,0.125617116689682,0.9175342513482586,360.93486930243773,0.2885969877243042,0.8501793146133423,0.9953276070970669,0.9929264486379443,0.9962635062826427,397.005859375,0.09692525863647461,0.89208984375,0.28832799196243286
smol,flickr30k,final_quarter,False,4,0.5714285714285714,13,13,13,23,4.0,4096,0.001,True,1.1,1024,512,1200,0.49091506004333496,0.486809395509772,0.4948679033754161,1.0,1.0,0.0,0.0,0.05367957800626755,0.4372354745864868,0.08279915797284623,3960.3199925067024,0.3085714876651764,0.3268998861312866,0.9985420176312543,0.8561137338745096,0.9938250933916775,1894.265625,0.4624671936035156,0.0,0.30244675278663635
smol,flickr30k,final_quarter,False,4,0.5714285714285714,13,13,13,23,4.0,4096,0.001,True,1.25,1024,512,1200,0.49091506004333496,0.486809395509772,0.4948679033754161,1.0,1.0,0.0,0.0,0.05367957800626755,0.4372354745864868,0.08279915797284623,3960.3199925067024,0.3085714876651764,0.3268998861312866,0.9985420176312543,0.8561137338745096,0.9938250933916775,1894.265625,0.4624671936035156,0.0,0.30244675278663635
smol,flickr30k,final_quarter,False,4,0.5714285714285714,13,13,13,23,4.0,4096,0.001,True,1.5,1024,512,1200,0.49091506004333496,0.486809395509772,0.4948679033754161,1.0,1.0,0.0,0.0,0.05367957800626755,0.4372354745864868,0.08279915797284623,3960.3199925067024,0.3085714876651764,0.3268998861312866,0.9985420176312543,0.8561137338745096,0.9938250933916775,1894.265625,0.4624671936035156,0.0,0.30244675278663635
smol,flickr30k,final_quarter,False,4,0.5714285714285714,13,13,13,37,2.0,4096,0.0003,False,1.1,1024,512,1200,0.13256752490997314,0.1308624546029023,0.13456039477678133,0.09814453125,0.098876953125,0.0009765625,0.001708984375,0.011025067418813705,0.12154245376586914,0.9221164519524637,344.1842306465606,0.27980539202690125,0.8502277731895447,0.9950729991087471,0.9926915010158817,0.9961142979508492,368.716796875,0.09001874923706055,0.900390625,0.2794247269630432
smol,flickr30k,final_quarter,False,4,0.5714285714285714,13,13,13,37,2.0,4096,0.0003,False,1.25,1024,512,1200,0.13256752490997314,0.1308624546029023,0.13456039477678133,0.09765625,0.0986328125,0.0009765625,0.001953125,0.011025067418813705,0.12154245376586914,0.9221164519524637,344.1842306465606,0.27980539202690125,0.8502277731895447,0.9950729991087471,0.9926915010158817,0.9961142979508492,368.716796875,0.09001874923706055,0.900390625,0.2794247269630432
smol,flickr30k,final_quarter,False,4,0.5714285714285714,13,13,13,37,2.0,4096,0.0003,False,1.5,1024,512,1200,0.13256752490997314,0.1308624546029023,0.13456039477678133,0.09716796875,0.098388671875,0.0009765625,0.002197265625,0.011025067418813705,0.12154245376586914,0.9221164519524637,344.1842306465606,0.27980539202690125,0.8502277731895447,0.9950729991087471,0.9926915010158817,0.9961142979508492,368.716796875,0.09001874923706055,0.900390625,0.2794247269630432
smol,flickr30k,final_quarter,False,4,0.5714285714285714,13,13,13,37,2.0,4096,0.0003,True,1.1,1024,512,1200,0.49167728424072266,0.4877096296288073,0.4959751638409216,1.0,1.0,0.0,0.0,0.053631871938705444,0.4380453824996948,0.0846359229072544,3941.0242364796914,0.3105752468109131,0.33102846145629883,0.9922676472567548,0.8510886746078217,0.9940547266677642,1887.193359375,0.4607405662536621,0.0,0.30310940742492676
smol,flickr30k,final_quarter,False,4,0.5714285714285714,13,13,13,37,2.0,4096,0.0003,True,1.25,1024,512,1200,0.49167728424072266,0.4877096296288073,0.4959751638409216,1.0,1.0,0.0,0.0,0.053631871938705444,0.4380453824996948,0.0846359229072544,3941.0242364796914,0.3105752468109131,0.33102846145629883,0.9922676472567548,0.8510886746078217,0.9940547266677642,1887.193359375,0.4607405662536621,0.0,0.30310940742492676
smol,flickr30k,final_quarter,False,4,0.5714285714285714,13,13,13,37,2.0,4096,0.0003,True,1.5,1024,512,1200,0.49167728424072266,0.4877096296288073,0.4959751638409216,1.0,1.0,0.0,0.0,0.053631871938705444,0.4380453824996948,0.0846359229072544,3941.0242364796914,0.3105752468109131,0.33102846145629883,0.9922676472567548,0.8510886746078217,0.9940547266677642,1887.193359375,0.4607405662536621,0.0,0.30310940742492676
smol,flickr30k,final_quarter,False,4,0.5714285714285714,13,13,13,37,2.0,4096,0.001,False,1.1,1024,512,1200,0.13255321979522705,0.1308329639628937,0.13454203763503755,0.09814453125,0.098876953125,0.0009765625,0.001708984375,0.011029641143977642,0.12152357399463654,0.9227040074348464,342.201129705821,0.28019994497299194,0.8420199751853943,0.9950805891006425,0.9926991995147233,0.9961081179544231,368.431640625,0.08994913101196289,0.900390625,0.27959975600242615
smol,flickr30k,final_quarter,False,4,0.5714285714285714,13,13,13,37,2.0,4096,0.001,False,1.25,1024,512,1200,0.13255321979522705,0.1308329639628937,0.13454203763503755,0.09765625,0.0986328125,0.0009765625,0.001953125,0.011029641143977642,0.12152357399463654,0.9227040074348464,342.201129705821,0.28019994497299194,0.8420199751853943,0.9950805891006425,0.9926991995147233,0.9961081179544231,368.431640625,0.08994913101196289,0.900390625,0.27959975600242615
smol,flickr30k,final_quarter,False,4,0.5714285714285714,13,13,13,37,2.0,4096,0.001,False,1.5,1024,512,1200,0.13255321979522705,0.1308329639628937,0.13454203763503755,0.09716796875,0.098388671875,0.0009765625,0.002197265625,0.011029641143977642,0.12152357399463654,0.9227040074348464,342.201129705821,0.28019994497299194,0.8420199751853943,0.9950805891006425,0.9926991995147233,0.9961081179544231,368.431640625,0.08994913101196289,0.900390625,0.27959975600242615
smol,flickr30k,final_quarter,False,4,0.5714285714285714,13,13,13,37,2.0,4096,0.001,True,1.1,1024,512,1200,0.48661553859710693,0.48276229616749333,0.49074309510178865,1.0,1.0,0.0,0.0,0.05313323810696602,0.4334823191165924,0.08604771526709452,3936.11640917054,0.3066929876804352,0.32509392499923706,0.9916698644109331,0.8507464258186078,0.9937934493336313,1880.6484375,0.45914268493652344,0.0,0.2992834150791168
smol,flickr30k,final_quarter,False,4,0.5714285714285714,13,13,13,37,2.0,4096,0.001,True,1.25,1024,512,1200,0.48661553859710693,0.48276229616749333,0.49074309510178865,1.0,1.0,0.0,0.0,0.05313323810696602,0.4334823191165924,0.08604771526709452,3936.11640917054,0.3066929876804352,0.32509392499923706,0.9916698644109331,0.8507464258186078,0.9937934493336313,1880.6484375,0.45914268493652344,0.0,0.2992834150791168
smol,flickr30k,final_quarter,False,4,0.5714285714285714,13,13,13,37,2.0,4096,0.001,True,1.5,1024,512,1200,0.48661553859710693,0.48276229616749333,0.49074309510178865,1.0,1.0,0.0,0.0,0.05313323810696602,0.4334823191165924,0.08604771526709452,3936.11640917054,0.3066929876804352,0.32509392499923706,0.9916698644109331,0.8507464258186078,0.9937934493336313,1880.6484375,0.45914268493652344,0.0,0.2992834150791168
smol,flickr30k,final_quarter,False,4,0.5714285714285714,13,13,13,37,4.0,4096,0.0003,False,1.1,1024,512,1200,0.13256752490997314,0.1308624546029023,0.13456039477678133,0.09814453125,0.098876953125,0.0009765625,0.001708984375,0.011025067418813705,0.12154245376586914,0.9221164519524637,344.1842306465606,0.27980539202690125,0.8502277731895447,0.9950729991087471,0.9926915010158817,0.9961142979508492,368.716796875,0.09001874923706055,0.900390625,0.2794247269630432
smol,flickr30k,final_quarter,False,4,0.5714285714285714,13,13,13,37,4.0,4096,0.0003,False,1.25,1024,512,1200,0.13256752490997314,0.1308624546029023,0.13456039477678133,0.09765625,0.0986328125,0.0009765625,0.001953125,0.011025067418813705,0.12154245376586914,0.9221164519524637,344.1842306465606,0.27980539202690125,0.8502277731895447,0.9950729991087471,0.9926915010158817,0.9961142979508492,368.716796875,0.09001874923706055,0.900390625,0.2794247269630432
smol,flickr30k,final_quarter,False,4,0.5714285714285714,13,13,13,37,4.0,4096,0.0003,False,1.5,1024,512,1200,0.13256752490997314,0.1308624546029023,0.13456039477678133,0.09716796875,0.098388671875,0.0009765625,0.002197265625,0.011025067418813705,0.12154245376586914,0.9221164519524637,344.1842306465606,0.27980539202690125,0.8502277731895447,0.9950729991087471,0.9926915010158817,0.9961142979508492,368.716796875,0.09001874923706055,0.900390625,0.2794247269630432
smol,flickr30k,final_quarter,False,4,0.5714285714285714,13,13,13,37,4.0,4096,0.0003,True,1.1,1024,512,1200,0.49167728424072266,0.4877096296288073,0.4959751638409216,1.0,1.0,0.0,0.0,0.053631871938705444,0.4380453824996948,0.0846359229072544,3941.0242364796914,0.3105752468109131,0.33102846145629883,0.9922676472567548,0.8510886746078217,0.9940547266677642,1887.193359375,0.4607405662536621,0.0,0.30310940742492676
smol,flickr30k,final_quarter,False,4,0.5714285714285714,13,13,13,37,4.0,4096,0.0003,True,1.25,1024,512,1200,0.49167728424072266,0.4877096296288073,0.4959751638409216,1.0,1.0,0.0,0.0,0.053631871938705444,0.4380453824996948,0.0846359229072544,3941.0242364796914,0.3105752468109131,0.33102846145629883,0.9922676472567548,0.8510886746078217,0.9940547266677642,1887.193359375,0.4607405662536621,0.0,0.30310940742492676
smol,flickr30k,final_quarter,False,4,0.5714285714285714,13,13,13,37,4.0,4096,0.0003,True,1.5,1024,512,1200,0.49167728424072266,0.4877096296288073,0.4959751638409216,1.0,1.0,0.0,0.0,0.053631871938705444,0.4380453824996948,0.0846359229072544,3941.0242364796914,0.3105752468109131,0.33102846145629883,0.9922676472567548,0.8510886746078217,0.9940547266677642,1887.193359375,0.4607405662536621,0.0,0.30310940742492676
smol,flickr30k,final_quarter,False,4,0.5714285714285714,13,13,13,37,4.0,4096,0.001,False,1.1,1024,512,1200,0.13255321979522705,0.1308329639628937,0.13454203763503755,0.09814453125,0.098876953125,0.0009765625,0.001708984375,0.011029641143977642,0.12152357399463654,0.9227040074348464,342.201129705821,0.28019994497299194,0.8420199751853943,0.9950805891006425,0.9926991995147233,0.9961081179544231,368.431640625,0.08994913101196289,0.900390625,0.27959975600242615
smol,flickr30k,final_quarter,False,4,0.5714285714285714,13,13,13,37,4.0,4096,0.001,False,1.25,1024,512,1200,0.13255321979522705,0.1308329639628937,0.13454203763503755,0.09765625,0.0986328125,0.0009765625,0.001953125,0.011029641143977642,0.12152357399463654,0.9227040074348464,342.201129705821,0.28019994497299194,0.8420199751853943,0.9950805891006425,0.9926991995147233,0.9961081179544231,368.431640625,0.08994913101196289,0.900390625,0.27959975600242615
smol,flickr30k,final_quarter,False,4,0.5714285714285714,13,13,13,37,4.0,4096,0.001,False,1.5,1024,512,1200,0.13255321979522705,0.1308329639628937,0.13454203763503755,0.09716796875,0.098388671875,0.0009765625,0.002197265625,0.011029641143977642,0.12152357399463654,0.9227040074348464,342.201129705821,0.28019994497299194,0.8420199751853943,0.9950805891006425,0.9926991995147233,0.9961081179544231,368.431640625,0.08994913101196289,0.900390625,0.27959975600242615
smol,flickr30k,final_quarter,False,4,0.5714285714285714,13,13,13,37,4.0,4096,0.001,True,1.1,1024,512,1200,0.48661553859710693,0.48276229616749333,0.49074309510178865,1.0,1.0,0.0,0.0,0.05313323810696602,0.4334823191165924,0.08604771526709452,3936.11640917054,0.3066929876804352,0.32509392499923706,0.9916698644109331,0.8507464258186078,0.9937934493336313,1880.6484375,0.45914268493652344,0.0,0.2992834150791168
smol,flickr30k,final_quarter,False,4,0.5714285714285714,13,13,13,37,4.0,4096,0.001,True,1.25,1024,512,1200,0.48661553859710693,0.48276229616749333,0.49074309510178865,1.0,1.0,0.0,0.0,0.05313323810696602,0.4334823191165924,0.08604771526709452,3936.11640917054,0.3066929876804352,0.32509392499923706,0.9916698644109331,0.8507464258186078,0.9937934493336313,1880.6484375,0.45914268493652344,0.0,0.2992834150791168
smol,flickr30k,final_quarter,False,4,0.5714285714285714,13,13,13,37,4.0,4096,0.001,True,1.5,1024,512,1200,0.48661553859710693,0.48276229616749333,0.49074309510178865,1.0,1.0,0.0,0.0,0.05313323810696602,0.4334823191165924,0.08604771526709452,3936.11640917054,0.3066929876804352,0.32509392499923706,0.9916698644109331,0.8507464258186078,0.9937934493336313,1880.6484375,0.45914268493652344,0.0,0.2992834150791168
smol,flickr30k,final_quarter,False,5,0.7142857142857142,16,16,16,11,2.0,4096,0.0003,False,1.1,1024,512,1200,0.21581149101257324,0.2128785149070609,0.21896836785308552,0.111083984375,0.11181640625,0.00048828125,0.001220703125,0.020345181226730347,0.1954663097858429,0.9128385265362045,372.22672495085357,0.5251519083976746,1.3712708950042725,0.9965419256669971,0.994881173224661,0.9958881716665096,429.365234375,0.10482549667358398,0.886962890625,0.5263997316360474
smol,flickr30k,final_quarter,False,5,0.7142857142857142,16,16,16,11,2.0,4096,0.0003,False,1.25,1024,512,1200,0.21581149101257324,0.2128785149070609,0.21896836785308552,0.110595703125,0.111572265625,0.00048828125,0.00146484375,0.020345181226730347,0.1954663097858429,0.9128385265362045,372.22672495085357,0.5251519083976746,1.3712708950042725,0.9965419256669971,0.994881173224661,0.9958881716665096,429.365234375,0.10482549667358398,0.886962890625,0.5263997316360474
smol,flickr30k,final_quarter,False,5,0.7142857142857142,16,16,16,11,2.0,4096,0.0003,False,1.5,1024,512,1200,0.21581149101257324,0.2128785149070609,0.21896836785308552,0.109619140625,0.111328125,0.000244140625,0.001953125,0.020345181226730347,0.1954663097858429,0.9128385265362045,372.22672495085357,0.5251519083976746,1.3712708950042725,0.9965419256669971,0.994881173224661,0.9958881716665096,429.365234375,0.10482549667358398,0.886962890625,0.5263997316360474
smol,flickr30k,final_quarter,False,5,0.7142857142857142,16,16,16,11,2.0,4096,0.0003,True,1.1,1024,512,1200,0.5027467012405396,0.49878755809913855,0.5072959896657266,1.0,1.0,0.0,0.0,0.05924040824174881,0.44350630044937134,0.08262098767231087,3966.9790653253117,0.31567999720573425,0.3309715688228607,0.9961166820500718,0.8627699454386681,0.9948745972957398,1896.71875,0.46306610107421875,0.0,0.3095463812351227
smol,flickr30k,final_quarter,False,5,0.7142857142857142,16,16,16,11,2.0,4096,0.0003,True,1.25,1024,512,1200,0.5027467012405396,0.49878755809913855,0.5072959896657266,1.0,1.0,0.0,0.0,0.05924040824174881,0.44350630044937134,0.08262098767231087,3966.9790653253117,0.31567999720573425,0.3309715688228607,0.9961166820500718,0.8627699454386681,0.9948745972957398,1896.71875,0.46306610107421875,0.0,0.3095463812351227
smol,flickr30k,final_quarter,False,5,0.7142857142857142,16,16,16,11,2.0,4096,0.0003,True,1.5,1024,512,1200,0.5027467012405396,0.49878755809913855,0.5072959896657266,1.0,1.0,0.0,0.0,0.05924040824174881,0.44350630044937134,0.08262098767231087,3966.9790653253117,0.31567999720573425,0.3309715688228607,0.9961166820500718,0.8627699454386681,0.9948745972957398,1896.71875,0.46306610107421875,0.0,0.3095463812351227
smol,flickr30k,final_quarter,False,5,0.7142857142857142,16,16,16,11,2.0,4096,0.001,False,1.1,1024,512,1200,0.2157079130411148,0.21277627716044661,0.21885411013572592,0.111083984375,0.11181640625,0.00048828125,0.001220703125,0.02034609019756317,0.19536182284355164,0.9128734764644122,372.8249047361549,0.5216269493103027,1.3623679876327515,0.9965376674581915,0.9948777537225917,0.9954918881669405,429.275390625,0.10480356216430664,0.886962890625,0.5229579210281372
smol,flickr30k,final_quarter,False,5,0.7142857142857142,16,16,16,11,2.0,4096,0.001,False,1.25,1024,512,1200,0.2157079130411148,0.21277627716044661,0.21885411013572592,0.110595703125,0.111572265625,0.00048828125,0.00146484375,0.02034609019756317,0.19536182284355164,0.9128734764644122,372.8249047361549,0.5216269493103027,1.3623679876327515,0.9965376674581915,0.9948777537225917,0.9954918881669405,429.275390625,0.10480356216430664,0.886962890625,0.5229579210281372
smol,flickr30k,final_quarter,False,5,0.7142857142857142,16,16,16,11,2.0,4096,0.001,False,1.5,1024,512,1200,0.2157079130411148,0.21277627716044661,0.21885411013572592,0.109619140625,0.111328125,0.000244140625,0.001953125,0.02034609019756317,0.19536182284355164,0.9128734764644122,372.8249047361549,0.5216269493103027,1.3623679876327515,0.9965376674581915,0.9948777537225917,0.9954918881669405,429.275390625,0.10480356216430664,0.886962890625,0.5229579210281372
smol,flickr30k,final_quarter,False,5,0.7142857142857142,16,16,16,11,2.0,4096,0.001,True,1.1,1024,512,1200,0.4912486672401428,0.48732174361502983,0.4956217282495345,1.0,1.0,0.0,0.0,0.05842670053243637,0.43282198905944824,0.08281848364610246,3960.954014315037,0.3075512647628784,0.32374340295791626,0.9981687125172806,0.8648541734452124,0.9952965333905586,1885.681640625,0.4603714942932129,0.0,0.30150580406188965
smol,flickr30k,final_quarter,False,5,0.7142857142857142,16,16,16,11,2.0,4096,0.001,True,1.25,1024,512,1200,0.4912486672401428,0.48732174361502983,0.4956217282495345,1.0,1.0,0.0,0.0,0.05842670053243637,0.43282198905944824,0.08281848364610246,3960.954014315037,0.3075512647628784,0.32374340295791626,0.9981687125172806,0.8648541734452124,0.9952965333905586,1885.681640625,0.4603714942932129,0.0,0.30150580406188965
smol,flickr30k,final_quarter,False,5,0.7142857142857142,16,16,16,11,2.0,4096,0.001,True,1.5,1024,512,1200,0.4912486672401428,0.48732174361502983,0.4956217282495345,1.0,1.0,0.0,0.0,0.05842670053243637,0.43282198905944824,0.08281848364610246,3960.954014315037,0.3075512647628784,0.32374340295791626,0.9981687125172806,0.8648541734452124,0.9952965333905586,1885.681640625,0.4603714942932129,0.0,0.30150580406188965
smol,flickr30k,final_quarter,False,5,0.7142857142857142,16,16,16,11,4.0,4096,0.0003,False,1.1,1024,512,1200,0.21581149101257324,0.2128785149070609,0.21896836785308552,0.111083984375,0.11181640625,0.00048828125,0.001220703125,0.020345181226730347,0.1954663097858429,0.9128385265362045,372.22672495085357,0.5251519083976746,1.3712708950042725,0.9965419256669971,0.994881173224661,0.9958881716665096,429.365234375,0.10482549667358398,0.886962890625,0.5263997316360474
smol,flickr30k,final_quarter,False,5,0.7142857142857142,16,16,16,11,4.0,4096,0.0003,False,1.25,1024,512,1200,0.21581149101257324,0.2128785149070609,0.21896836785308552,0.110595703125,0.111572265625,0.00048828125,0.00146484375,0.020345181226730347,0.1954663097858429,0.9128385265362045,372.22672495085357,0.5251519083976746,1.3712708950042725,0.9965419256669971,0.994881173224661,0.9958881716665096,429.365234375,0.10482549667358398,0.886962890625,0.5263997316360474
smol,flickr30k,final_quarter,False,5,0.7142857142857142,16,16,16,11,4.0,4096,0.0003,False,1.5,1024,512,1200,0.21581149101257324,0.2128785149070609,0.21896836785308552,0.109619140625,0.111328125,0.000244140625,0.001953125,0.020345181226730347,0.1954663097858429,0.9128385265362045,372.22672495085357,0.5251519083976746,1.3712708950042725,0.9965419256669971,0.994881173224661,0.9958881716665096,429.365234375,0.10482549667358398,0.886962890625,0.5263997316360474
smol,flickr30k,final_quarter,False,5,0.7142857142857142,16,16,16,11,4.0,4096,0.0003,True,1.1,1024,512,1200,0.5027467012405396,0.49878755809913855,0.5072959896657266,1.0,1.0,0.0,0.0,0.05924040824174881,0.44350630044937134,0.08262098767231087,3966.9790653253117,0.31567999720573425,0.3309715688228607,0.9961166820500718,0.8627699454386681,0.9948745972957398,1896.71875,0.46306610107421875,0.0,0.3095463812351227
smol,flickr30k,final_quarter,False,5,0.7142857142857142,16,16,16,11,4.0,4096,0.0003,True,1.25,1024,512,1200,0.5027467012405396,0.49878755809913855,0.5072959896657266,1.0,1.0,0.0,0.0,0.05924040824174881,0.44350630044937134,0.08262098767231087,3966.9790653253117,0.31567999720573425,0.3309715688228607,0.9961166820500718,0.8627699454386681,0.9948745972957398,1896.71875,0.46306610107421875,0.0,0.3095463812351227
smol,flickr30k,final_quarter,False,5,0.7142857142857142,16,16,16,11,4.0,4096,0.0003,True,1.5,1024,512,1200,0.5027467012405396,0.49878755809913855,0.5072959896657266,1.0,1.0,0.0,0.0,0.05924040824174881,0.44350630044937134,0.08262098767231087,3966.9790653253117,0.31567999720573425,0.3309715688228607,0.9961166820500718,0.8627699454386681,0.9948745972957398,1896.71875,0.46306610107421875,0.0,0.3095463812351227
smol,flickr30k,final_quarter,False,5,0.7142857142857142,16,16,16,11,4.0,4096,0.001,False,1.1,1024,512,1200,0.2157079130411148,0.21277627716044661,0.21885411013572592,0.111083984375,0.11181640625,0.00048828125,0.001220703125,0.02034609019756317,0.19536182284355164,0.9128734764644122,372.8249047361549,0.5216269493103027,1.3623679876327515,0.9965376674581915,0.9948777537225917,0.9954918881669405,429.275390625,0.10480356216430664,0.886962890625,0.5229579210281372
smol,flickr30k,final_quarter,False,5,0.7142857142857142,16,16,16,11,4.0,4096,0.001,False,1.25,1024,512,1200,0.2157079130411148,0.21277627716044661,0.21885411013572592,0.110595703125,0.111572265625,0.00048828125,0.00146484375,0.02034609019756317,0.19536182284355164,0.9128734764644122,372.8249047361549,0.5216269493103027,1.3623679876327515,0.9965376674581915,0.9948777537225917,0.9954918881669405,429.275390625,0.10480356216430664,0.886962890625,0.5229579210281372
smol,flickr30k,final_quarter,False,5,0.7142857142857142,16,16,16,11,4.0,4096,0.001,False,1.5,1024,512,1200,0.2157079130411148,0.21277627716044661,0.21885411013572592,0.109619140625,0.111328125,0.000244140625,0.001953125,0.02034609019756317,0.19536182284355164,0.9128734764644122,372.8249047361549,0.5216269493103027,1.3623679876327515,0.9965376674581915,0.9948777537225917,0.9954918881669405,429.275390625,0.10480356216430664,0.886962890625,0.5229579210281372
smol,flickr30k,final_quarter,False,5,0.7142857142857142,16,16,16,11,4.0,4096,0.001,True,1.1,1024,512,1200,0.4912486672401428,0.48732174361502983,0.4956217282495345,1.0,1.0,0.0,0.0,0.05842670053243637,0.43282198905944824,0.08281848364610246,3960.954014315037,0.3075512647628784,0.32374340295791626,0.9981687125172806,0.8648541734452124,0.9952965333905586,1885.681640625,0.4603714942932129,0.0,0.30150580406188965
smol,flickr30k,final_quarter,False,5,0.7142857142857142,16,16,16,11,4.0,4096,0.001,True,1.25,1024,512,1200,0.4912486672401428,0.48732174361502983,0.4956217282495345,1.0,1.0,0.0,0.0,0.05842670053243637,0.43282198905944824,0.08281848364610246,3960.954014315037,0.3075512647628784,0.32374340295791626,0.9981687125172806,0.8648541734452124,0.9952965333905586,1885.681640625,0.4603714942932129,0.0,0.30150580406188965
smol,flickr30k,final_quarter,False,5,0.7142857142857142,16,16,16,11,4.0,4096,0.001,True,1.5,1024,512,1200,0.4912486672401428,0.48732174361502983,0.4956217282495345,1.0,1.0,0.0,0.0,0.05842670053243637,0.43282198905944824,0.08281848364610246,3960.954014315037,0.3075512647628784,0.32374340295791626,0.9981687125172806,0.8648541734452124,0.9952965333905586,1885.681640625,0.4603714942932129,0.0,0.30150580406188965
smol,flickr30k,final_quarter,False,5,0.7142857142857142,16,16,16,23,2.0,4096,0.0003,False,1.1,1024,512,1200,0.21497806906700134,0.21211509543500143,0.2178691821907705,0.1162109375,0.11572265625,0.001953125,0.00146484375,0.020294521003961563,0.19468355178833008,0.9130577654361864,382.3880881057598,0.5255107283592224,1.3718901872634888,0.9965150745929868,0.9948545379712379,0.9955944858066619,429.712890625,0.10491037368774414,0.882568359375,0.5275001525878906
smol,flickr30k,final_quarter,False,5,0.7142857142857142,16,16,16,23,2.0,4096,0.0003,False,1.25,1024,512,1200,0.21497806906700134,0.21211509543500143,0.2178691821907705,0.115234375,0.115234375,0.001953125,0.001953125,0.020294521003961563,0.19468355178833008,0.9130577654361864,382.3880881057598,0.5255107283592224,1.3718901872634888,0.9965150745929868,0.9948545379712379,0.9955944858066619,429.712890625,0.10491037368774414,0.882568359375,0.5275001525878906
smol,flickr30k,final_quarter,False,5,0.7142857142857142,16,16,16,23,2.0,4096,0.0003,False,1.5,1024,512,1200,0.21497806906700134,0.21211509543500143,0.2178691821907705,0.1142578125,0.11474609375,0.001953125,0.00244140625,0.020294521003961563,0.19468355178833008,0.9130577654361864,382.3880881057598,0.5255107283592224,1.3718901872634888,0.9965150745929868,0.9948545379712379,0.9955944858066619,429.712890625,0.10491037368774414,0.882568359375,0.5275001525878906
smol,flickr30k,final_quarter,False,5,0.7142857142857142,16,16,16,23,2.0,4096,0.0003,True,1.1,1024,512,1200,0.5025633573532104,0.4983984693986713,0.5069170526505331,1.0,1.0,0.0,0.0,0.05939073860645294,0.4431726336479187,0.08379675554405265,3954.7500810728343,0.3147960305213928,0.32939931750297546,0.9960634299703975,0.8634033218014989,0.9961098004285617,1894.154296875,0.46244001388549805,0.0,0.30922284722328186
smol,flickr30k,final_quarter,False,5,0.7142857142857142,16,16,16,23,2.0,4096,0.0003,True,1.25,1024,512,1200,0.5025633573532104,0.4983984693986713,0.5069170526505331,1.0,1.0,0.0,0.0,0.05939073860645294,0.4431726336479187,0.08379675554405265,3954.7500810728343,0.3147960305213928,0.32939931750297546,0.9960634299703975,0.8634033218014989,0.9961098004285617,1894.154296875,0.46244001388549805,0.0,0.30922284722328186
smol,flickr30k,final_quarter,False,5,0.7142857142857142,16,16,16,23,2.0,4096,0.0003,True,1.5,1024,512,1200,0.5025633573532104,0.4983984693986713,0.5069170526505331,1.0,1.0,0.0,0.0,0.05939073860645294,0.4431726336479187,0.08379675554405265,3954.7500810728343,0.3147960305213928,0.32939931750297546,0.9960634299703975,0.8634033218014989,0.9961098004285617,1894.154296875,0.46244001388549805,0.0,0.30922284722328186
smol,flickr30k,final_quarter,False,5,0.7142857142857142,16,16,16,23,2.0,4096,0.001,False,1.1,1024,512,1200,0.2145153284072876,0.21165225886143163,0.21739930477851885,0.1162109375,0.11572265625,0.001953125,0.00146484375,0.020279068499803543,0.19423627853393555,0.9130292880789523,382.2659636066347,0.5210921764373779,1.3659473657608032,0.9965198698556643,0.9948592175961974,0.995579524219106,429.73828125,0.10491657257080078,0.882568359375,0.523129403591156
smol,flickr30k,final_quarter,False,5,0.7142857142857142,16,16,16,23,2.0,4096,0.001,False,1.25,1024,512,1200,0.2145153284072876,0.21165225886143163,0.21739930477851885,0.115234375,0.115234375,0.001953125,0.001953125,0.020279068499803543,0.19423627853393555,0.9130292880789523,382.2659636066347,0.5210921764373779,1.3659473657608032,0.9965198698556643,0.9948592175961974,0.995579524219106,429.73828125,0.10491657257080078,0.882568359375,0.523129403591156
smol,flickr30k,final_quarter,False,5,0.7142857142857142,16,16,16,23,2.0,4096,0.001,False,1.5,1024,512,1200,0.2145153284072876,0.21165225886143163,0.21739930477851885,0.1142578125,0.11474609375,0.001953125,0.00244140625,0.020279068499803543,0.19423627853393555,0.9130292880789523,382.2659636066347,0.5210921764373779,1.3659473657608032,0.9965198698556643,0.9948592175961974,0.995579524219106,429.73828125,0.10491657257080078,0.882568359375,0.523129403591156
smol,flickr30k,final_quarter,False,5,0.7142857142857142,16,16,16,23,2.0,4096,0.001,True,1.1,1024,512,1200,0.4954652786254883,0.49138219094165836,0.4997834644760587,1.0,1.0,0.0,0.0,0.058879025280475616,0.43658626079559326,0.08147152354410858,3978.999866084266,0.3099636137485504,0.3217046558856964,0.9955236336517809,0.8626634268123705,0.9958192838532395,1890.880859375,0.4616408348083496,0.0,0.3042057454586029
smol,flickr30k,final_quarter,False,5,0.7142857142857142,16,16,16,23,2.0,4096,0.001,True,1.25,1024,512,1200,0.4954652786254883,0.49138219094165836,0.4997834644760587,1.0,1.0,0.0,0.0,0.058879025280475616,0.43658626079559326,0.08147152354410858,3978.999866084266,0.3099636137485504,0.3217046558856964,0.9955236336517809,0.8626634268123705,0.9958192838532395,1890.880859375,0.4616408348083496,0.0,0.3042057454586029
smol,flickr30k,final_quarter,False,5,0.7142857142857142,16,16,16,23,2.0,4096,0.001,True,1.5,1024,512,1200,0.4954652786254883,0.49138219094165836,0.4997834644760587,1.0,1.0,0.0,0.0,0.058879025280475616,0.43658626079559326,0.08147152354410858,3978.999866084266,0.3099636137485504,0.3217046558856964,0.9955236336517809,0.8626634268123705,0.9958192838532395,1890.880859375,0.4616408348083496,0.0,0.3042057454586029
smol,flickr30k,final_quarter,False,5,0.7142857142857142,16,16,16,23,4.0,4096,0.0003,False,1.1,1024,512,1200,0.21497806906700134,0.21211509543500143,0.2178691821907705,0.1162109375,0.11572265625,0.001953125,0.00146484375,0.020294521003961563,0.19468355178833008,0.9130577654361864,382.3880881057598,0.5255107283592224,1.3718901872634888,0.9965150745929868,0.9948545379712379,0.9955944858066619,429.712890625,0.10491037368774414,0.882568359375,0.5275001525878906
smol,flickr30k,final_quarter,False,5,0.7142857142857142,16,16,16,23,4.0,4096,0.0003,False,1.25,1024,512,1200,0.21497806906700134,0.21211509543500143,0.2178691821907705,0.115234375,0.115234375,0.001953125,0.001953125,0.020294521003961563,0.19468355178833008,0.9130577654361864,382.3880881057598,0.5255107283592224,1.3718901872634888,0.9965150745929868,0.9948545379712379,0.9955944858066619,429.712890625,0.10491037368774414,0.882568359375,0.5275001525878906
smol,flickr30k,final_quarter,False,5,0.7142857142857142,16,16,16,23,4.0,4096,0.0003,False,1.5,1024,512,1200,0.21497806906700134,0.21211509543500143,0.2178691821907705,0.1142578125,0.11474609375,0.001953125,0.00244140625,0.020294521003961563,0.19468355178833008,0.9130577654361864,382.3880881057598,0.5255107283592224,1.3718901872634888,0.9965150745929868,0.9948545379712379,0.9955944858066619,429.712890625,0.10491037368774414,0.882568359375,0.5275001525878906
smol,flickr30k,final_quarter,False,5,0.7142857142857142,16,16,16,23,4.0,4096,0.0003,True,1.1,1024,512,1200,0.5025633573532104,0.4983984693986713,0.5069170526505331,1.0,1.0,0.0,0.0,0.05939073860645294,0.4431726336479187,0.08379675554405265,3954.7500810728343,0.3147960305213928,0.32939931750297546,0.9960634299703975,0.8634033218014989,0.9961098004285617,1894.154296875,0.46244001388549805,0.0,0.30922284722328186
smol,flickr30k,final_quarter,False,5,0.7142857142857142,16,16,16,23,4.0,4096,0.0003,True,1.25,1024,512,1200,0.5025633573532104,0.4983984693986713,0.5069170526505331,1.0,1.0,0.0,0.0,0.05939073860645294,0.4431726336479187,0.08379675554405265,3954.7500810728343,0.3147960305213928,0.32939931750297546,0.9960634299703975,0.8634033218014989,0.9961098004285617,1894.154296875,0.46244001388549805,0.0,0.30922284722328186
smol,flickr30k,final_quarter,False,5,0.7142857142857142,16,16,16,23,4.0,4096,0.0003,True,1.5,1024,512,1200,0.5025633573532104,0.4983984693986713,0.5069170526505331,1.0,1.0,0.0,0.0,0.05939073860645294,0.4431726336479187,0.08379675554405265,3954.7500810728343,0.3147960305213928,0.32939931750297546,0.9960634299703975,0.8634033218014989,0.9961098004285617,1894.154296875,0.46244001388549805,0.0,0.30922284722328186
smol,flickr30k,final_quarter,False,5,0.7142857142857142,16,16,16,23,4.0,4096,0.001,False,1.1,1024,512,1200,0.2145153284072876,0.21165225886143163,0.21739930477851885,0.1162109375,0.11572265625,0.001953125,0.00146484375,0.020279068499803543,0.19423627853393555,0.9130292880789523,382.2659636066347,0.5210921764373779,1.3659473657608032,0.9965198698556643,0.9948592175961974,0.995579524219106,429.73828125,0.10491657257080078,0.882568359375,0.523129403591156
smol,flickr30k,final_quarter,False,5,0.7142857142857142,16,16,16,23,4.0,4096,0.001,False,1.25,1024,512,1200,0.2145153284072876,0.21165225886143163,0.21739930477851885,0.115234375,0.115234375,0.001953125,0.001953125,0.020279068499803543,0.19423627853393555,0.9130292880789523,382.2659636066347,0.5210921764373779,1.3659473657608032,0.9965198698556643,0.9948592175961974,0.995579524219106,429.73828125,0.10491657257080078,0.882568359375,0.523129403591156
smol,flickr30k,final_quarter,False,5,0.7142857142857142,16,16,16,23,4.0,4096,0.001,False,1.5,1024,512,1200,0.2145153284072876,0.21165225886143163,0.21739930477851885,0.1142578125,0.11474609375,0.001953125,0.00244140625,0.020279068499803543,0.19423627853393555,0.9130292880789523,382.2659636066347,0.5210921764373779,1.3659473657608032,0.9965198698556643,0.9948592175961974,0.995579524219106,429.73828125,0.10491657257080078,0.882568359375,0.523129403591156
smol,flickr30k,final_quarter,False,5,0.7142857142857142,16,16,16,23,4.0,4096,0.001,True,1.1,1024,512,1200,0.4954652786254883,0.49138219094165836,0.4997834644760587,1.0,1.0,0.0,0.0,0.058879025280475616,0.43658626079559326,0.08147152354410858,3978.999866084266,0.3099636137485504,0.3217046558856964,0.9955236336517809,0.8626634268123705,0.9958192838532395,1890.880859375,0.4616408348083496,0.0,0.3042057454586029
smol,flickr30k,final_quarter,False,5,0.7142857142857142,16,16,16,23,4.0,4096,0.001,True,1.25,1024,512,1200,0.4954652786254883,0.49138219094165836,0.4997834644760587,1.0,1.0,0.0,0.0,0.058879025280475616,0.43658626079559326,0.08147152354410858,3978.999866084266,0.3099636137485504,0.3217046558856964,0.9955236336517809,0.8626634268123705,0.9958192838532395,1890.880859375,0.4616408348083496,0.0,0.3042057454586029
smol,flickr30k,final_quarter,False,5,0.7142857142857142,16,16,16,23,4.0,4096,0.001,True,1.5,1024,512,1200,0.4954652786254883,0.49138219094165836,0.4997834644760587,1.0,1.0,0.0,0.0,0.058879025280475616,0.43658626079559326,0.08147152354410858,3978.999866084266,0.3099636137485504,0.3217046558856964,0.9955236336517809,0.8626634268123705,0.9958192838532395,1890.880859375,0.4616408348083496,0.0,0.3042057454586029
smol,flickr30k,final_quarter,False,5,0.7142857142857142,16,16,16,37,2.0,4096,0.0003,False,1.1,1024,512,1200,0.22049257159233093,0.21756962733416002,0.22338317663961788,0.1171875,0.11865234375,0.001708984375,0.003173828125,0.020980697125196457,0.19951185584068298,0.9092097295471,398.4376486967971,0.5268496870994568,1.377610445022583,0.9965125525776392,0.9948570504564462,0.9958193712031252,449.251953125,0.1096806526184082,0.876953125,0.5282561779022217
smol,flickr30k,final_quarter,False,5,0.7142857142857142,16,16,16,37,2.0,4096,0.0003,False,1.25,1024,512,1200,0.22049257159233093,0.21756962733416002,0.22338317663961788,0.1162109375,0.1181640625,0.001708984375,0.003662109375,0.020980697125196457,0.19951185584068298,0.9092097295471,398.4376486967971,0.5268496870994568,1.377610445022583,0.9965125525776392,0.9948570504564462,0.9958193712031252,449.251953125,0.1096806526184082,0.876953125,0.5282561779022217
smol,flickr30k,final_quarter,False,5,0.7142857142857142,16,16,16,37,2.0,4096,0.0003,False,1.5,1024,512,1200,0.22049257159233093,0.21756962733416002,0.22338317663961788,0.1142578125,0.117919921875,0.0009765625,0.004638671875,0.020980697125196457,0.19951185584068298,0.9092097295471,398.4376486967971,0.5268496870994568,1.377610445022583,0.9965125525776392,0.9948570504564462,0.9958193712031252,449.251953125,0.1096806526184082,0.876953125,0.5282561779022217
smol,flickr30k,final_quarter,False,5,0.7142857142857142,16,16,16,37,2.0,4096,0.0003,True,1.1,1024,512,1200,0.4967550039291382,0.4927148758346448,0.5005622561089694,1.0,1.0,0.0,0.0,0.058919183909893036,0.43783578276634216,0.08877024234870537,3931.772193510528,0.3094739019870758,0.3327479660511017,0.9950602992310065,0.8621473719463342,0.9930468740686835,1884.208984375,0.46001195907592773,0.0,0.30497047305107117
smol,flickr30k,final_quarter,False,5,0.7142857142857142,16,16,16,37,2.0,4096,0.0003,True,1.25,1024,512,1200,0.4967550039291382,0.4927148758346448,0.5005622561089694,1.0,1.0,0.0,0.0,0.058919183909893036,0.43783578276634216,0.08877024234870537,3931.772193510528,0.3094739019870758,0.3327479660511017,0.9950602992310065,0.8621473719463342,0.9930468740686835,1884.208984375,0.46001195907592773,0.0,0.30497047305107117
smol,flickr30k,final_quarter,False,5,0.7142857142857142,16,16,16,37,2.0,4096,0.0003,True,1.5,1024,512,1200,0.4967550039291382,0.4927148758346448,0.5005622561089694,1.0,1.0,0.0,0.0,0.058919183909893036,0.43783578276634216,0.08877024234870537,3931.772193510528,0.3094739019870758,0.3327479660511017,0.9950602992310065,0.8621473719463342,0.9930468740686835,1884.208984375,0.46001195907592773,0.0,0.30497047305107117
smol,flickr30k,final_quarter,False,5,0.7142857142857142,16,16,16,37,2.0,4096,0.001,False,1.1,1024,512,1200,0.2204526960849762,0.21752375657961237,0.22333988992249942,0.1171875,0.11865234375,0.001708984375,0.003173828125,0.02099938504397869,0.19945330917835236,0.9094079950284392,398.0321890281355,0.5340700745582581,1.3678913116455078,0.9961842672233296,0.9945256006268891,0.9958130550075492,449.208984375,0.10967016220092773,0.876953125,0.535106360912323
smol,flickr30k,final_quarter,False,5,0.7142857142857142,16,16,16,37,2.0,4096,0.001,False,1.25,1024,512,1200,0.2204526960849762,0.21752375657961237,0.22333988992249942,0.1162109375,0.1181640625,0.001708984375,0.003662109375,0.02099938504397869,0.19945330917835236,0.9094079950284392,398.0321890281355,0.5340700745582581,1.3678913116455078,0.9961842672233296,0.9945256006268891,0.9958130550075492,449.208984375,0.10967016220092773,0.876953125,0.535106360912323
smol,flickr30k,final_quarter,False,5,0.7142857142857142,16,16,16,37,2.0,4096,0.001,False,1.5,1024,512,1200,0.2204526960849762,0.21752375657961237,0.22333988992249942,0.1142578125,0.117919921875,0.0009765625,0.004638671875,0.02099938504397869,0.19945330917835236,0.9094079950284392,398.0321890281355,0.5340700745582581,1.3678913116455078,0.9961842672233296,0.9945256006268891,0.9958130550075492,449.208984375,0.10967016220092773,0.876953125,0.535106360912323
smol,flickr30k,final_quarter,False,5,0.7142857142857142,16,16,16,37,2.0,4096,0.001,True,1.1,1024,512,1200,0.49434274435043335,0.4902229551662458,0.498324268849683,1.0,1.0,0.0,0.0,0.05861821398139,0.43572452664375305,0.08867238179210965,3944.9009868068038,0.30658620595932007,0.32559752464294434,0.9942846133009143,0.861886563935762,0.9915020114724235,1881.9140625,0.45945167541503906,0.0,0.30314841866493225
smol,flickr30k,final_quarter,False,5,0.7142857142857142,16,16,16,37,2.0,4096,0.001,True,1.25,1024,512,1200,0.49434274435043335,0.4902229551662458,0.498324268849683,1.0,1.0,0.0,0.0,0.05861821398139,0.43572452664375305,0.08867238179210965,3944.9009868068038,0.30658620595932007,0.32559752464294434,0.9942846133009143,0.861886563935762,0.9915020114724235,1881.9140625,0.45945167541503906,0.0,0.30314841866493225
smol,flickr30k,final_quarter,False,5,0.7142857142857142,16,16,16,37,2.0,4096,0.001,True,1.5,1024,512,1200,0.49434274435043335,0.4902229551662458,0.498324268849683,1.0,1.0,0.0,0.0,0.05861821398139,0.43572452664375305,0.08867238179210965,3944.9009868068038,0.30658620595932007,0.32559752464294434,0.9942846133009143,0.861886563935762,0.9915020114724235,1881.9140625,0.45945167541503906,0.0,0.30314841866493225
smol,flickr30k,final_quarter,False,5,0.7142857142857142,16,16,16,37,4.0,4096,0.0003,False,1.1,1024,512,1200,0.22049257159233093,0.21756962733416002,0.22338317663961788,0.1171875,0.11865234375,0.001708984375,0.003173828125,0.020980697125196457,0.19951185584068298,0.9092097295471,398.4376486967971,0.5268496870994568,1.377610445022583,0.9965125525776392,0.9948570504564462,0.9958193712031252,449.251953125,0.1096806526184082,0.876953125,0.5282561779022217
smol,flickr30k,final_quarter,False,5,0.7142857142857142,16,16,16,37,4.0,4096,0.0003,False,1.25,1024,512,1200,0.22049257159233093,0.21756962733416002,0.22338317663961788,0.1162109375,0.1181640625,0.001708984375,0.003662109375,0.020980697125196457,0.19951185584068298,0.9092097295471,398.4376486967971,0.5268496870994568,1.377610445022583,0.9965125525776392,0.9948570504564462,0.9958193712031252,449.251953125,0.1096806526184082,0.876953125,0.5282561779022217
smol,flickr30k,final_quarter,False,5,0.7142857142857142,16,16,16,37,4.0,4096,0.0003,False,1.5,1024,512,1200,0.22049257159233093,0.21756962733416002,0.22338317663961788,0.1142578125,0.117919921875,0.0009765625,0.004638671875,0.020980697125196457,0.19951185584068298,0.9092097295471,398.4376486967971,0.5268496870994568,1.377610445022583,0.9965125525776392,0.9948570504564462,0.9958193712031252,449.251953125,0.1096806526184082,0.876953125,0.5282561779022217
smol,flickr30k,final_quarter,False,5,0.7142857142857142,16,16,16,37,4.0,4096,0.0003,True,1.1,1024,512,1200,0.4967550039291382,0.4927148758346448,0.5005622561089694,1.0,1.0,0.0,0.0,0.058919183909893036,0.43783578276634216,0.08877024234870537,3931.772193510528,0.3094739019870758,0.3327479660511017,0.9950602992310065,0.8621473719463342,0.9930468740686835,1884.208984375,0.46001195907592773,0.0,0.30497047305107117
smol,flickr30k,final_quarter,False,5,0.7142857142857142,16,16,16,37,4.0,4096,0.0003,True,1.25,1024,512,1200,0.4967550039291382,0.4927148758346448,0.5005622561089694,1.0,1.0,0.0,0.0,0.058919183909893036,0.43783578276634216,0.08877024234870537,3931.772193510528,0.3094739019870758,0.3327479660511017,0.9950602992310065,0.8621473719463342,0.9930468740686835,1884.208984375,0.46001195907592773,0.0,0.30497047305107117
smol,flickr30k,final_quarter,False,5,0.7142857142857142,16,16,16,37,4.0,4096,0.0003,True,1.5,1024,512,1200,0.4967550039291382,0.4927148758346448,0.5005622561089694,1.0,1.0,0.0,0.0,0.058919183909893036,0.43783578276634216,0.08877024234870537,3931.772193510528,0.3094739019870758,0.3327479660511017,0.9950602992310065,0.8621473719463342,0.9930468740686835,1884.208984375,0.46001195907592773,0.0,0.30497047305107117
smol,flickr30k,final_quarter,False,5,0.7142857142857142,16,16,16,37,4.0,4096,0.001,False,1.1,1024,512,1200,0.2204526960849762,0.21752375657961237,0.22333988992249942,0.1171875,0.11865234375,0.001708984375,0.003173828125,0.02099938504397869,0.19945330917835236,0.9094079950284392,398.0321890281355,0.5340700745582581,1.3678913116455078,0.9961842672233296,0.9945256006268891,0.9958130550075492,449.208984375,0.10967016220092773,0.876953125,0.535106360912323
smol,flickr30k,final_quarter,False,5,0.7142857142857142,16,16,16,37,4.0,4096,0.001,False,1.25,1024,512,1200,0.2204526960849762,0.21752375657961237,0.22333988992249942,0.1162109375,0.1181640625,0.001708984375,0.003662109375,0.02099938504397869,0.19945330917835236,0.9094079950284392,398.0321890281355,0.5340700745582581,1.3678913116455078,0.9961842672233296,0.9945256006268891,0.9958130550075492,449.208984375,0.10967016220092773,0.876953125,0.535106360912323
smol,flickr30k,final_quarter,False,5,0.7142857142857142,16,16,16,37,4.0,4096,0.001,False,1.5,1024,512,1200,0.2204526960849762,0.21752375657961237,0.22333988992249942,0.1142578125,0.117919921875,0.0009765625,0.004638671875,0.02099938504397869,0.19945330917835236,0.9094079950284392,398.0321890281355,0.5340700745582581,1.3678913116455078,0.9961842672233296,0.9945256006268891,0.9958130550075492,449.208984375,0.10967016220092773,0.876953125,0.535106360912323
smol,flickr30k,final_quarter,False,5,0.7142857142857142,16,16,16,37,4.0,4096,0.001,True,1.1,1024,512,1200,0.49434274435043335,0.4902229551662458,0.498324268849683,1.0,1.0,0.0,0.0,0.05861821398139,0.43572452664375305,0.08867238179210965,3944.9009868068038,0.30658620595932007,0.32559752464294434,0.9942846133009143,0.861886563935762,0.9915020114724235,1881.9140625,0.45945167541503906,0.0,0.30314841866493225
smol,flickr30k,final_quarter,False,5,0.7142857142857142,16,16,16,37,4.0,4096,0.001,True,1.25,1024,512,1200,0.49434274435043335,0.4902229551662458,0.498324268849683,1.0,1.0,0.0,0.0,0.05861821398139,0.43572452664375305,0.08867238179210965,3944.9009868068038,0.30658620595932007,0.32559752464294434,0.9942846133009143,0.861886563935762,0.9915020114724235,1881.9140625,0.45945167541503906,0.0,0.30314841866493225
smol,flickr30k,final_quarter,False,5,0.7142857142857142,16,16,16,37,4.0,4096,0.001,True,1.5,1024,512,1200,0.49434274435043335,0.4902229551662458,0.498324268849683,1.0,1.0,0.0,0.0,0.05861821398139,0.43572452664375305,0.08867238179210965,3944.9009868068038,0.30658620595932007,0.32559752464294434,0.9942846133009143,0.861886563935762,0.9915020114724235,1881.9140625,0.45945167541503906,0.0,0.30314841866493225
smol,flickr30k,final_quarter,False,6,0.8571428571428571,20,20,20,11,2.0,4096,0.0003,False,1.1,1024,512,1200,0.665642499923706,0.6585610822672606,0.6724056344712153,0.154052734375,0.156494140625,0.000244140625,0.002685546875,0.06993037462234497,0.5957121849060059,0.8781159272847243,541.4462491498298,1.423324465751648,4.153164863586426,0.9965658005445794,0.9934468928910732,0.9970229292268948,592.408203125,0.14463090896606445,0.8408203125,1.4529433250427246
smol,flickr30k,final_quarter,False,6,0.8571428571428571,20,20,20,11,2.0,4096,0.0003,False,1.25,1024,512,1200,0.665642499923706,0.6585610822672606,0.6724056344712153,0.153076171875,0.15625,0.0,0.003173828125,0.06993037462234497,0.5957121849060059,0.8781159272847243,541.4462491498298,1.423324465751648,4.153164863586426,0.9965658005445794,0.9934468928910732,0.9970229292268948,592.408203125,0.14463090896606445,0.8408203125,1.4529433250427246
smol,flickr30k,final_quarter,False,6,0.8571428571428571,20,20,20,11,2.0,4096,0.0003,False,1.5,1024,512,1200,0.665642499923706,0.6585610822672606,0.6724056344712153,0.153076171875,0.15625,0.0,0.003173828125,0.06993037462234497,0.5957121849060059,0.8781159272847243,541.4462491498298,1.423324465751648,4.153164863586426,0.9965658005445794,0.9934468928910732,0.9970229292268948,592.408203125,0.14463090896606445,0.8408203125,1.4529433250427246
smol,flickr30k,final_quarter,False,6,0.8571428571428571,20,20,20,11,2.0,4096,0.0003,True,1.1,1024,512,1200,0.4940197467803955,0.4899499508566805,0.4980766342763673,1.0,1.0,0.0,0.0,0.05739877000451088,0.4366209805011749,0.08047396746330218,3987.633899129745,0.2985542416572571,0.3235134184360504,0.9929922328074938,0.8751031879081851,0.9951853402890313,1865.087890625,0.45534372329711914,0.0,0.3059503138065338
smol,flickr30k,final_quarter,False,6,0.8571428571428571,20,20,20,11,2.0,4096,0.0003,True,1.25,1024,512,1200,0.4940197467803955,0.4899499508566805,0.4980766342763673,1.0,1.0,0.0,0.0,0.05739877000451088,0.4366209805011749,0.08047396746330218,3987.633899129745,0.2985542416572571,0.3235134184360504,0.9929922328074938,0.8751031879081851,0.9951853402890313,1865.087890625,0.45534372329711914,0.0,0.3059503138065338
smol,flickr30k,final_quarter,False,6,0.8571428571428571,20,20,20,11,2.0,4096,0.0003,True,1.5,1024,512,1200,0.4940197467803955,0.4899499508566805,0.4980766342763673,1.0,1.0,0.0,0.0,0.05739877000451088,0.4366209805011749,0.08047396746330218,3987.633899129745,0.2985542416572571,0.3235134184360504,0.9929922328074938,0.8751031879081851,0.9951853402890313,1865.087890625,0.45534372329711914,0.0,0.3059503138065338
smol,flickr30k,final_quarter,False,6,0.8571428571428571,20,20,20,11,2.0,4096,0.001,False,1.1,1024,512,1200,0.6654247045516968,0.658343473453715,0.6722042268229416,0.154296875,0.15673828125,0.000244140625,0.002685546875,0.06991791725158691,0.5955067873001099,0.8780183322012073,541.8555611073467,1.416969895362854,4.153709411621094,0.9965753441349964,0.993452527540729,0.9970702432815544,592.53125,0.14466094970703125,0.840576171875,1.446452021598816
smol,flickr30k,final_quarter,False,6,0.8571428571428571,20,20,20,11,2.0,4096,0.001,False,1.25,1024,512,1200,0.6654247045516968,0.658343473453715,0.6722042268229416,0.1533203125,0.156494140625,0.0,0.003173828125,0.06991791725158691,0.5955067873001099,0.8780183322012073,541.8555611073467,1.416969895362854,4.153709411621094,0.9965753441349964,0.993452527540729,0.9970702432815544,592.53125,0.14466094970703125,0.840576171875,1.446452021598816
smol,flickr30k,final_quarter,False,6,0.8571428571428571,20,20,20,11,2.0,4096,0.001,False,1.5,1024,512,1200,0.6654247045516968,0.658343473453715,0.6722042268229416,0.1533203125,0.156494140625,0.0,0.003173828125,0.06991791725158691,0.5955067873001099,0.8780183322012073,541.8555611073467,1.416969895362854,4.153709411621094,0.9965753441349964,0.993452527540729,0.9970702432815544,592.53125,0.14466094970703125,0.840576171875,1.446452021598816
smol,flickr30k,final_quarter,False,6,0.8571428571428571,20,20,20,11,2.0,4096,0.001,True,1.1,1024,512,1200,0.48509180545806885,0.48089020973420704,0.4893485971944756,1.0,1.0,0.0,0.0,0.05657985433936119,0.42851191759109497,0.08427922631091034,3967.6417592248813,0.2923065423965454,0.3184122145175934,0.9926094151149005,0.8753350910979838,0.9945738548412973,1848.30859375,0.4512472152709961,0.0,0.29910188913345337
smol,flickr30k,final_quarter,False,6,0.8571428571428571,20,20,20,11,2.0,4096,0.001,True,1.25,1024,512,1200,0.48509180545806885,0.48089020973420704,0.4893485971944756,1.0,1.0,0.0,0.0,0.05657985433936119,0.42851191759109497,0.08427922631091034,3967.6417592248813,0.2923065423965454,0.3184122145175934,0.9926094151149005,0.8753350910979838,0.9945738548412973,1848.30859375,0.4512472152709961,0.0,0.29910188913345337
smol,flickr30k,final_quarter,False,6,0.8571428571428571,20,20,20,11,2.0,4096,0.001,True,1.5,1024,512,1200,0.48509180545806885,0.48089020973420704,0.4893485971944756,1.0,1.0,0.0,0.0,0.05657985433936119,0.42851191759109497,0.08427922631091034,3967.6417592248813,0.2923065423965454,0.3184122145175934,0.9926094151149005,0.8753350910979838,0.9945738548412973,1848.30859375,0.4512472152709961,0.0,0.29910188913345337
smol,flickr30k,final_quarter,False,6,0.8571428571428571,20,20,20,11,4.0,4096,0.0003,False,1.1,1024,512,1200,0.665642499923706,0.6585610822672606,0.6724056344712153,0.154052734375,0.156494140625,0.000244140625,0.002685546875,0.06993037462234497,0.5957121849060059,0.8781159272847243,541.4462491498298,1.423324465751648,4.153164863586426,0.9965658005445794,0.9934468928910732,0.9970229292268948,592.408203125,0.14463090896606445,0.8408203125,1.4529433250427246
smol,flickr30k,final_quarter,False,6,0.8571428571428571,20,20,20,11,4.0,4096,0.0003,False,1.25,1024,512,1200,0.665642499923706,0.6585610822672606,0.6724056344712153,0.153076171875,0.15625,0.0,0.003173828125,0.06993037462234497,0.5957121849060059,0.8781159272847243,541.4462491498298,1.423324465751648,4.153164863586426,0.9965658005445794,0.9934468928910732,0.9970229292268948,592.408203125,0.14463090896606445,0.8408203125,1.4529433250427246
smol,flickr30k,final_quarter,False,6,0.8571428571428571,20,20,20,11,4.0,4096,0.0003,False,1.5,1024,512,1200,0.665642499923706,0.6585610822672606,0.6724056344712153,0.153076171875,0.15625,0.0,0.003173828125,0.06993037462234497,0.5957121849060059,0.8781159272847243,541.4462491498298,1.423324465751648,4.153164863586426,0.9965658005445794,0.9934468928910732,0.9970229292268948,592.408203125,0.14463090896606445,0.8408203125,1.4529433250427246
smol,flickr30k,final_quarter,False,6,0.8571428571428571,20,20,20,11,4.0,4096,0.0003,True,1.1,1024,512,1200,0.4940197467803955,0.4899499508566805,0.4980766342763673,1.0,1.0,0.0,0.0,0.05739877000451088,0.4366209805011749,0.08047396746330218,3987.633899129745,0.2985542416572571,0.3235134184360504,0.9929922328074938,0.8751031879081851,0.9951853402890313,1865.087890625,0.45534372329711914,0.0,0.3059503138065338
smol,flickr30k,final_quarter,False,6,0.8571428571428571,20,20,20,11,4.0,4096,0.0003,True,1.25,1024,512,1200,0.4940197467803955,0.4899499508566805,0.4980766342763673,1.0,1.0,0.0,0.0,0.05739877000451088,0.4366209805011749,0.08047396746330218,3987.633899129745,0.2985542416572571,0.3235134184360504,0.9929922328074938,0.8751031879081851,0.9951853402890313,1865.087890625,0.45534372329711914,0.0,0.3059503138065338
smol,flickr30k,final_quarter,False,6,0.8571428571428571,20,20,20,11,4.0,4096,0.0003,True,1.5,1024,512,1200,0.4940197467803955,0.4899499508566805,0.4980766342763673,1.0,1.0,0.0,0.0,0.05739877000451088,0.4366209805011749,0.08047396746330218,3987.633899129745,0.2985542416572571,0.3235134184360504,0.9929922328074938,0.8751031879081851,0.9951853402890313,1865.087890625,0.45534372329711914,0.0,0.3059503138065338
smol,flickr30k,final_quarter,False,6,0.8571428571428571,20,20,20,11,4.0,4096,0.001,False,1.1,1024,512,1200,0.6654247045516968,0.658343473453715,0.6722042268229416,0.154296875,0.15673828125,0.000244140625,0.002685546875,0.06991791725158691,0.5955067873001099,0.8780183322012073,541.8555611073467,1.416969895362854,4.153709411621094,0.9965753441349964,0.993452527540729,0.9970702432815544,592.53125,0.14466094970703125,0.840576171875,1.446452021598816
smol,flickr30k,final_quarter,False,6,0.8571428571428571,20,20,20,11,4.0,4096,0.001,False,1.25,1024,512,1200,0.6654247045516968,0.658343473453715,0.6722042268229416,0.1533203125,0.156494140625,0.0,0.003173828125,0.06991791725158691,0.5955067873001099,0.8780183322012073,541.8555611073467,1.416969895362854,4.153709411621094,0.9965753441349964,0.993452527540729,0.9970702432815544,592.53125,0.14466094970703125,0.840576171875,1.446452021598816
smol,flickr30k,final_quarter,False,6,0.8571428571428571,20,20,20,11,4.0,4096,0.001,False,1.5,1024,512,1200,0.6654247045516968,0.658343473453715,0.6722042268229416,0.1533203125,0.156494140625,0.0,0.003173828125,0.06991791725158691,0.5955067873001099,0.8780183322012073,541.8555611073467,1.416969895362854,4.153709411621094,0.9965753441349964,0.993452527540729,0.9970702432815544,592.53125,0.14466094970703125,0.840576171875,1.446452021598816
smol,flickr30k,final_quarter,False,6,0.8571428571428571,20,20,20,11,4.0,4096,0.001,True,1.1,1024,512,1200,0.48509180545806885,0.48089020973420704,0.4893485971944756,1.0,1.0,0.0,0.0,0.05657985433936119,0.42851191759109497,0.08427922631091034,3967.6417592248813,0.2923065423965454,0.3184122145175934,0.9926094151149005,0.8753350910979838,0.9945738548412973,1848.30859375,0.4512472152709961,0.0,0.29910188913345337
smol,flickr30k,final_quarter,False,6,0.8571428571428571,20,20,20,11,4.0,4096,0.001,True,1.25,1024,512,1200,0.48509180545806885,0.48089020973420704,0.4893485971944756,1.0,1.0,0.0,0.0,0.05657985433936119,0.42851191759109497,0.08427922631091034,3967.6417592248813,0.2923065423965454,0.3184122145175934,0.9926094151149005,0.8753350910979838,0.9945738548412973,1848.30859375,0.4512472152709961,0.0,0.29910188913345337
smol,flickr30k,final_quarter,False,6,0.8571428571428571,20,20,20,11,4.0,4096,0.001,True,1.5,1024,512,1200,0.48509180545806885,0.48089020973420704,0.4893485971944756,1.0,1.0,0.0,0.0,0.05657985433936119,0.42851191759109497,0.08427922631091034,3967.6417592248813,0.2923065423965454,0.3184122145175934,0.9926094151149005,0.8753350910979838,0.9945738548412973,1848.30859375,0.4512472152709961,0.0,0.29910188913345337
smol,flickr30k,final_quarter,False,6,0.8571428571428571,20,20,20,23,2.0,4096,0.0003,False,1.1,1024,512,1200,0.6558665037155151,0.648256226182275,0.6633253838474047,0.150390625,0.153076171875,0.000244140625,0.0029296875,0.06896071135997772,0.5869057774543762,0.8824300751669024,523.4637141555024,1.4215532541275024,4.140310287475586,0.9964635617334757,0.993347230510725,0.9966840721479806,574.830078125,0.14033937454223633,0.844482421875,1.451967716217041
smol,flickr30k,final_quarter,False,6,0.8571428571428571,20,20,20,23,2.0,4096,0.0003,False,1.25,1024,512,1200,0.6558665037155151,0.648256226182275,0.6633253838474047,0.14990234375,0.15283203125,0.000244140625,0.003173828125,0.06896071135997772,0.5869057774543762,0.8824300751669024,523.4637141555024,1.4215532541275024,4.140310287475586,0.9964635617334757,0.993347230510725,0.9966840721479806,574.830078125,0.14033937454223633,0.844482421875,1.451967716217041
smol,flickr30k,final_quarter,False,6,0.8571428571428571,20,20,20,23,2.0,4096,0.0003,False,1.5,1024,512,1200,0.6558665037155151,0.648256226182275,0.6633253838474047,0.14990234375,0.15283203125,0.000244140625,0.003173828125,0.06896071135997772,0.5869057774543762,0.8824300751669024,523.4637141555024,1.4215532541275024,4.140310287475586,0.9964635617334757,0.993347230510725,0.9966840721479806,574.830078125,0.14033937454223633,0.844482421875,1.451967716217041
smol,flickr30k,final_quarter,False,6,0.8571428571428571,20,20,20,23,2.0,4096,0.0003,True,1.1,1024,512,1200,0.48992472887039185,0.4858261509740259,0.4939012980656116,1.0,1.0,0.0,0.0,0.05710573494434357,0.4328189790248871,0.07714318779684079,4007.175782642468,0.2956606447696686,0.3248780071735382,0.9942178241434669,0.8752670033287278,0.9933601487428017,1860.568359375,0.4542403221130371,0.0,0.30329611897468567
smol,flickr30k,final_quarter,False,6,0.8571428571428571,20,20,20,23,2.0,4096,0.0003,True,1.25,1024,512,1200,0.48992472887039185,0.4858261509740259,0.4939012980656116,1.0,1.0,0.0,0.0,0.05710573494434357,0.4328189790248871,0.07714318779684079,4007.175782642468,0.2956606447696686,0.3248780071735382,0.9942178241434669,0.8752670033287278,0.9933601487428017,1860.568359375,0.4542403221130371,0.0,0.30329611897468567
smol,flickr30k,final_quarter,False,6,0.8571428571428571,20,20,20,23,2.0,4096,0.0003,True,1.5,1024,512,1200,0.48992472887039185,0.4858261509740259,0.4939012980656116,1.0,1.0,0.0,0.0,0.05710573494434357,0.4328189790248871,0.07714318779684079,4007.175782642468,0.2956606447696686,0.3248780071735382,0.9942178241434669,0.8752670033287278,0.9933601487428017,1860.568359375,0.4542403221130371,0.0,0.30329611897468567
smol,flickr30k,final_quarter,False,6,0.8571428571428571,20,20,20,23,2.0,4096,0.001,False,1.1,1024,512,1200,0.6553908586502075,0.6477733338266262,0.6628342972937389,0.150390625,0.153076171875,0.000244140625,0.0029296875,0.06891916692256927,0.586471676826477,0.8824642453540976,523.2885557149455,1.4145736694335938,4.108200550079346,0.9965123647016121,0.9934019543046559,0.9965616616236526,574.78125,0.14032745361328125,0.844482421875,1.4448683261871338
smol,flickr30k,final_quarter,False,6,0.8571428571428571,20,20,20,23,2.0,4096,0.001,False,1.25,1024,512,1200,0.6553908586502075,0.6477733338266262,0.6628342972937389,0.14990234375,0.15283203125,0.000244140625,0.003173828125,0.06891916692256927,0.586471676826477,0.8824642453540976,523.2885557149455,1.4145736694335938,4.108200550079346,0.9965123647016121,0.9934019543046559,0.9965616616236526,574.78125,0.14032745361328125,0.844482421875,1.4448683261871338
smol,flickr30k,final_quarter,False,6,0.8571428571428571,20,20,20,23,2.0,4096,0.001,False,1.5,1024,512,1200,0.6553908586502075,0.6477733338266262,0.6628342972937389,0.14990234375,0.15283203125,0.000244140625,0.003173828125,0.06891916692256927,0.586471676826477,0.8824642453540976,523.2885557149455,1.4145736694335938,4.108200550079346,0.9965123647016121,0.9934019543046559,0.9965616616236526,574.78125,0.14032745361328125,0.844482421875,1.4448683261871338
smol,flickr30k,final_quarter,False,6,0.8571428571428571,20,20,20,23,2.0,4096,0.001,True,1.1,1024,512,1200,0.48200172185897827,0.47797538714512483,0.48584769978624537,1.0,1.0,0.0,0.0,0.056223392486572266,0.425778329372406,0.07741774651549808,4005.4503901062485,0.29017800092697144,0.3184871971607208,0.9940163723712079,0.8753216035446467,0.9937987406738165,1852.462890625,0.45226144790649414,0.0,0.2976246178150177
smol,flickr30k,final_quarter,False,6,0.8571428571428571,20,20,20,23,2.0,4096,0.001,True,1.25,1024,512,1200,0.48200172185897827,0.47797538714512483,0.48584769978624537,1.0,1.0,0.0,0.0,0.056223392486572266,0.425778329372406,0.07741774651549808,4005.4503901062485,0.29017800092697144,0.3184871971607208,0.9940163723712079,0.8753216035446467,0.9937987406738165,1852.462890625,0.45226144790649414,0.0,0.2976246178150177
smol,flickr30k,final_quarter,False,6,0.8571428571428571,20,20,20,23,2.0,4096,0.001,True,1.5,1024,512,1200,0.48200172185897827,0.47797538714512483,0.48584769978624537,1.0,1.0,0.0,0.0,0.056223392486572266,0.425778329372406,0.07741774651549808,4005.4503901062485,0.29017800092697144,0.3184871971607208,0.9940163723712079,0.8753216035446467,0.9937987406738165,1852.462890625,0.45226144790649414,0.0,0.2976246178150177
smol,flickr30k,final_quarter,False,6,0.8571428571428571,20,20,20,23,4.0,4096,0.0003,False,1.1,1024,512,1200,0.6558665037155151,0.648256226182275,0.6633253838474047,0.150390625,0.153076171875,0.000244140625,0.0029296875,0.06896071135997772,0.5869057774543762,0.8824300751669024,523.4637141555024,1.4215532541275024,4.140310287475586,0.9964635617334757,0.993347230510725,0.9966840721479806,574.830078125,0.14033937454223633,0.844482421875,1.451967716217041
smol,flickr30k,final_quarter,False,6,0.8571428571428571,20,20,20,23,4.0,4096,0.0003,False,1.25,1024,512,1200,0.6558665037155151,0.648256226182275,0.6633253838474047,0.14990234375,0.15283203125,0.000244140625,0.003173828125,0.06896071135997772,0.5869057774543762,0.8824300751669024,523.4637141555024,1.4215532541275024,4.140310287475586,0.9964635617334757,0.993347230510725,0.9966840721479806,574.830078125,0.14033937454223633,0.844482421875,1.451967716217041
smol,flickr30k,final_quarter,False,6,0.8571428571428571,20,20,20,23,4.0,4096,0.0003,False,1.5,1024,512,1200,0.6558665037155151,0.648256226182275,0.6633253838474047,0.14990234375,0.15283203125,0.000244140625,0.003173828125,0.06896071135997772,0.5869057774543762,0.8824300751669024,523.4637141555024,1.4215532541275024,4.140310287475586,0.9964635617334757,0.993347230510725,0.9966840721479806,574.830078125,0.14033937454223633,0.844482421875,1.451967716217041
smol,flickr30k,final_quarter,False,6,0.8571428571428571,20,20,20,23,4.0,4096,0.0003,True,1.1,1024,512,1200,0.48992472887039185,0.4858261509740259,0.4939012980656116,1.0,1.0,0.0,0.0,0.05710573494434357,0.4328189790248871,0.07714318779684079,4007.175782642468,0.2956606447696686,0.3248780071735382,0.9942178241434669,0.8752670033287278,0.9933601487428017,1860.568359375,0.4542403221130371,0.0,0.30329611897468567
smol,flickr30k,final_quarter,False,6,0.8571428571428571,20,20,20,23,4.0,4096,0.0003,True,1.25,1024,512,1200,0.48992472887039185,0.4858261509740259,0.4939012980656116,1.0,1.0,0.0,0.0,0.05710573494434357,0.4328189790248871,0.07714318779684079,4007.175782642468,0.2956606447696686,0.3248780071735382,0.9942178241434669,0.8752670033287278,0.9933601487428017,1860.568359375,0.4542403221130371,0.0,0.30329611897468567
smol,flickr30k,final_quarter,False,6,0.8571428571428571,20,20,20,23,4.0,4096,0.0003,True,1.5,1024,512,1200,0.48992472887039185,0.4858261509740259,0.4939012980656116,1.0,1.0,0.0,0.0,0.05710573494434357,0.4328189790248871,0.07714318779684079,4007.175782642468,0.2956606447696686,0.3248780071735382,0.9942178241434669,0.8752670033287278,0.9933601487428017,1860.568359375,0.4542403221130371,0.0,0.30329611897468567
smol,flickr30k,final_quarter,False,6,0.8571428571428571,20,20,20,23,4.0,4096,0.001,False,1.1,1024,512,1200,0.6553908586502075,0.6477733338266262,0.6628342972937389,0.150390625,0.153076171875,0.000244140625,0.0029296875,0.06891916692256927,0.586471676826477,0.8824642453540976,523.2885557149455,1.4145736694335938,4.108200550079346,0.9965123647016121,0.9934019543046559,0.9965616616236526,574.78125,0.14032745361328125,0.844482421875,1.4448683261871338
smol,flickr30k,final_quarter,False,6,0.8571428571428571,20,20,20,23,4.0,4096,0.001,False,1.25,1024,512,1200,0.6553908586502075,0.6477733338266262,0.6628342972937389,0.14990234375,0.15283203125,0.000244140625,0.003173828125,0.06891916692256927,0.586471676826477,0.8824642453540976,523.2885557149455,1.4145736694335938,4.108200550079346,0.9965123647016121,0.9934019543046559,0.9965616616236526,574.78125,0.14032745361328125,0.844482421875,1.4448683261871338
smol,flickr30k,final_quarter,False,6,0.8571428571428571,20,20,20,23,4.0,4096,0.001,False,1.5,1024,512,1200,0.6553908586502075,0.6477733338266262,0.6628342972937389,0.14990234375,0.15283203125,0.000244140625,0.003173828125,0.06891916692256927,0.586471676826477,0.8824642453540976,523.2885557149455,1.4145736694335938,4.108200550079346,0.9965123647016121,0.9934019543046559,0.9965616616236526,574.78125,0.14032745361328125,0.844482421875,1.4448683261871338
smol,flickr30k,final_quarter,False,6,0.8571428571428571,20,20,20,23,4.0,4096,0.001,True,1.1,1024,512,1200,0.48200172185897827,0.47797538714512483,0.48584769978624537,1.0,1.0,0.0,0.0,0.056223392486572266,0.425778329372406,0.07741774651549808,4005.4503901062485,0.29017800092697144,0.3184871971607208,0.9940163723712079,0.8753216035446467,0.9937987406738165,1852.462890625,0.45226144790649414,0.0,0.2976246178150177
smol,flickr30k,final_quarter,False,6,0.8571428571428571,20,20,20,23,4.0,4096,0.001,True,1.25,1024,512,1200,0.48200172185897827,0.47797538714512483,0.48584769978624537,1.0,1.0,0.0,0.0,0.056223392486572266,0.425778329372406,0.07741774651549808,4005.4503901062485,0.29017800092697144,0.3184871971607208,0.9940163723712079,0.8753216035446467,0.9937987406738165,1852.462890625,0.45226144790649414,0.0,0.2976246178150177
smol,flickr30k,final_quarter,False,6,0.8571428571428571,20,20,20,23,4.0,4096,0.001,True,1.5,1024,512,1200,0.48200172185897827,0.47797538714512483,0.48584769978624537,1.0,1.0,0.0,0.0,0.056223392486572266,0.425778329372406,0.07741774651549808,4005.4503901062485,0.29017800092697144,0.3184871971607208,0.9940163723712079,0.8753216035446467,0.9937987406738165,1852.462890625,0.45226144790649414,0.0,0.2976246178150177
smol,flickr30k,final_quarter,False,6,0.8571428571428571,20,20,20,37,2.0,4096,0.0003,False,1.1,1024,512,1200,0.6308565139770508,0.6242776716826484,0.6387201257399283,0.140869140625,0.142333984375,0.00048828125,0.001953125,0.06588436663150787,0.5649721622467041,0.8885178879747001,497.9973557655456,1.3596031665802002,4.108626365661621,0.9962176852399763,0.9931698182100828,0.9970228126484602,537.767578125,0.13129091262817383,0.856201171875,1.3891541957855225
smol,flickr30k,final_quarter,False,6,0.8571428571428571,20,20,20,37,2.0,4096,0.0003,False,1.25,1024,512,1200,0.6308565139770508,0.6242776716826484,0.6387201257399283,0.140869140625,0.142333984375,0.00048828125,0.001953125,0.06588436663150787,0.5649721622467041,0.8885178879747001,497.9973557655456,1.3596031665802002,4.108626365661621,0.9962176852399763,0.9931698182100828,0.9970228126484602,537.767578125,0.13129091262817383,0.856201171875,1.3891541957855225
smol,flickr30k,final_quarter,False,6,0.8571428571428571,20,20,20,37,2.0,4096,0.0003,False,1.5,1024,512,1200,0.6308565139770508,0.6242776716826484,0.6387201257399283,0.138427734375,0.141357421875,0.000244140625,0.003173828125,0.06588436663150787,0.5649721622467041,0.8885178879747001,497.9973557655456,1.3596031665802002,4.108626365661621,0.9962176852399763,0.9931698182100828,0.9970228126484602,537.767578125,0.13129091262817383,0.856201171875,1.3891541957855225
smol,flickr30k,final_quarter,False,6,0.8571428571428571,20,20,20,37,2.0,4096,0.0003,True,1.1,1024,512,1200,0.48625648021698,0.4823533440270694,0.49080714332085335,1.0,1.0,0.0,0.0,0.05656828731298447,0.4296882152557373,0.08015044911316328,4003.617781050172,0.29461991786956787,0.3258954882621765,0.9937213333067361,0.8753731901122844,0.9928003316745234,1855.1484375,0.45291709899902344,0.0,0.3006826937198639
smol,flickr30k,final_quarter,False,6,0.8571428571428571,20,20,20,37,2.0,4096,0.0003,True,1.25,1024,512,1200,0.48625648021698,0.4823533440270694,0.49080714332085335,1.0,1.0,0.0,0.0,0.05656828731298447,0.4296882152557373,0.08015044911316328,4003.617781050172,0.29461991786956787,0.3258954882621765,0.9937213333067361,0.8753731901122844,0.9928003316745234,1855.1484375,0.45291709899902344,0.0,0.3006826937198639
smol,flickr30k,final_quarter,False,6,0.8571428571428571,20,20,20,37,2.0,4096,0.0003,True,1.5,1024,512,1200,0.48625648021698,0.4823533440270694,0.49080714332085335,1.0,1.0,0.0,0.0,0.05656828731298447,0.4296882152557373,0.08015044911316328,4003.617781050172,0.29461991786956787,0.3258954882621765,0.9937213333067361,0.8753731901122844,0.9928003316745234,1855.1484375,0.45291709899902344,0.0,0.3006826937198639
smol,flickr30k,final_quarter,False,6,0.8571428571428571,20,20,20,37,2.0,4096,0.001,False,1.1,1024,512,1200,0.6302255392074585,0.6236556242816732,0.6380481839252752,0.140869140625,0.142333984375,0.00048828125,0.001953125,0.06585060060024261,0.5643749237060547,0.88829357063418,498.4695198718679,1.3520832061767578,4.118860721588135,0.9962704899532976,0.9932251980156055,0.9969166806552341,537.837890625,0.13130807876586914,0.856201171875,1.3814047574996948
smol,flickr30k,final_quarter,False,6,0.8571428571428571,20,20,20,37,2.0,4096,0.001,False,1.25,1024,512,1200,0.6302255392074585,0.6236556242816732,0.6380481839252752,0.140869140625,0.142333984375,0.00048828125,0.001953125,0.06585060060024261,0.5643749237060547,0.88829357063418,498.4695198718679,1.3520832061767578,4.118860721588135,0.9962704899532976,0.9932251980156055,0.9969166806552341,537.837890625,0.13130807876586914,0.856201171875,1.3814047574996948
smol,flickr30k,final_quarter,False,6,0.8571428571428571,20,20,20,37,2.0,4096,0.001,False,1.5,1024,512,1200,0.6302255392074585,0.6236556242816732,0.6380481839252752,0.138427734375,0.141357421875,0.000244140625,0.003173828125,0.06585060060024261,0.5643749237060547,0.88829357063418,498.4695198718679,1.3520832061767578,4.118860721588135,0.9962704899532976,0.9932251980156055,0.9969166806552341,537.837890625,0.13130807876586914,0.856201171875,1.3814047574996948
smol,flickr30k,final_quarter,False,6,0.8571428571428571,20,20,20,37,2.0,4096,0.001,True,1.1,1024,512,1200,0.477553129196167,0.47360734802059595,0.48215651996142694,1.0,1.0,0.0,0.0,0.055853478610515594,0.4216996431350708,0.0821050772577501,3994.591031245928,0.2889394760131836,0.31905901432037354,0.9946764245530342,0.876627842801137,0.9924472407437936,1845.26953125,0.45050525665283203,0.0,0.2944236099720001
smol,flickr30k,final_quarter,False,6,0.8571428571428571,20,20,20,37,2.0,4096,0.001,True,1.25,1024,512,1200,0.477553129196167,0.47360734802059595,0.48215651996142694,1.0,1.0,0.0,0.0,0.055853478610515594,0.4216996431350708,0.0821050772577501,3994.591031245928,0.2889394760131836,0.31905901432037354,0.9946764245530342,0.876627842801137,0.9924472407437936,1845.26953125,0.45050525665283203,0.0,0.2944236099720001
smol,flickr30k,final_quarter,False,6,0.8571428571428571,20,20,20,37,2.0,4096,0.001,True,1.5,1024,512,1200,0.477553129196167,0.47360734802059595,0.48215651996142694,1.0,1.0,0.0,0.0,0.055853478610515594,0.4216996431350708,0.0821050772577501,3994.591031245928,0.2889394760131836,0.31905901432037354,0.9946764245530342,0.876627842801137,0.9924472407437936,1845.26953125,0.45050525665283203,0.0,0.2944236099720001
smol,flickr30k,final_quarter,False,6,0.8571428571428571,20,20,20,37,4.0,4096,0.0003,False,1.1,1024,512,1200,0.6308565139770508,0.6242776716826484,0.6387201257399283,0.140869140625,0.142333984375,0.00048828125,0.001953125,0.06588436663150787,0.5649721622467041,0.8885178879747001,497.9973557655456,1.3596031665802002,4.108626365661621,0.9962176852399763,0.9931698182100828,0.9970228126484602,537.767578125,0.13129091262817383,0.856201171875,1.3891541957855225
smol,flickr30k,final_quarter,False,6,0.8571428571428571,20,20,20,37,4.0,4096,0.0003,False,1.25,1024,512,1200,0.6308565139770508,0.6242776716826484,0.6387201257399283,0.140869140625,0.142333984375,0.00048828125,0.001953125,0.06588436663150787,0.5649721622467041,0.8885178879747001,497.9973557655456,1.3596031665802002,4.108626365661621,0.9962176852399763,0.9931698182100828,0.9970228126484602,537.767578125,0.13129091262817383,0.856201171875,1.3891541957855225
smol,flickr30k,final_quarter,False,6,0.8571428571428571,20,20,20,37,4.0,4096,0.0003,False,1.5,1024,512,1200,0.6308565139770508,0.6242776716826484,0.6387201257399283,0.138427734375,0.141357421875,0.000244140625,0.003173828125,0.06588436663150787,0.5649721622467041,0.8885178879747001,497.9973557655456,1.3596031665802002,4.108626365661621,0.9962176852399763,0.9931698182100828,0.9970228126484602,537.767578125,0.13129091262817383,0.856201171875,1.3891541957855225
smol,flickr30k,final_quarter,False,6,0.8571428571428571,20,20,20,37,4.0,4096,0.0003,True,1.1,1024,512,1200,0.48625648021698,0.4823533440270694,0.49080714332085335,1.0,1.0,0.0,0.0,0.05656828731298447,0.4296882152557373,0.08015044911316328,4003.617781050172,0.29461991786956787,0.3258954882621765,0.9937213333067361,0.8753731901122844,0.9928003316745234,1855.1484375,0.45291709899902344,0.0,0.3006826937198639
smol,flickr30k,final_quarter,False,6,0.8571428571428571,20,20,20,37,4.0,4096,0.0003,True,1.25,1024,512,1200,0.48625648021698,0.4823533440270694,0.49080714332085335,1.0,1.0,0.0,0.0,0.05656828731298447,0.4296882152557373,0.08015044911316328,4003.617781050172,0.29461991786956787,0.3258954882621765,0.9937213333067361,0.8753731901122844,0.9928003316745234,1855.1484375,0.45291709899902344,0.0,0.3006826937198639
smol,flickr30k,final_quarter,False,6,0.8571428571428571,20,20,20,37,4.0,4096,0.0003,True,1.5,1024,512,1200,0.48625648021698,0.4823533440270694,0.49080714332085335,1.0,1.0,0.0,0.0,0.05656828731298447,0.4296882152557373,0.08015044911316328,4003.617781050172,0.29461991786956787,0.3258954882621765,0.9937213333067361,0.8753731901122844,0.9928003316745234,1855.1484375,0.45291709899902344,0.0,0.3006826937198639
smol,flickr30k,final_quarter,False,6,0.8571428571428571,20,20,20,37,4.0,4096,0.001,False,1.1,1024,512,1200,0.6302255392074585,0.6236556242816732,0.6380481839252752,0.140869140625,0.142333984375,0.00048828125,0.001953125,0.06585060060024261,0.5643749237060547,0.88829357063418,498.4695198718679,1.3520832061767578,4.118860721588135,0.9962704899532976,0.9932251980156055,0.9969166806552341,537.837890625,0.13130807876586914,0.856201171875,1.3814047574996948
smol,flickr30k,final_quarter,False,6,0.8571428571428571,20,20,20,37,4.0,4096,0.001,False,1.25,1024,512,1200,0.6302255392074585,0.6236556242816732,0.6380481839252752,0.140869140625,0.142333984375,0.00048828125,0.001953125,0.06585060060024261,0.5643749237060547,0.88829357063418,498.4695198718679,1.3520832061767578,4.118860721588135,0.9962704899532976,0.9932251980156055,0.9969166806552341,537.837890625,0.13130807876586914,0.856201171875,1.3814047574996948
smol,flickr30k,final_quarter,False,6,0.8571428571428571,20,20,20,37,4.0,4096,0.001,False,1.5,1024,512,1200,0.6302255392074585,0.6236556242816732,0.6380481839252752,0.138427734375,0.141357421875,0.000244140625,0.003173828125,0.06585060060024261,0.5643749237060547,0.88829357063418,498.4695198718679,1.3520832061767578,4.118860721588135,0.9962704899532976,0.9932251980156055,0.9969166806552341,537.837890625,0.13130807876586914,0.856201171875,1.3814047574996948
smol,flickr30k,final_quarter,False,6,0.8571428571428571,20,20,20,37,4.0,4096,0.001,True,1.1,1024,512,1200,0.477553129196167,0.47360734802059595,0.48215651996142694,1.0,1.0,0.0,0.0,0.055853478610515594,0.4216996431350708,0.0821050772577501,3994.591031245928,0.2889394760131836,0.31905901432037354,0.9946764245530342,0.876627842801137,0.9924472407437936,1845.26953125,0.45050525665283203,0.0,0.2944236099720001
smol,flickr30k,final_quarter,False,6,0.8571428571428571,20,20,20,37,4.0,4096,0.001,True,1.25,1024,512,1200,0.477553129196167,0.47360734802059595,0.48215651996142694,1.0,1.0,0.0,0.0,0.055853478610515594,0.4216996431350708,0.0821050772577501,3994.591031245928,0.2889394760131836,0.31905901432037354,0.9946764245530342,0.876627842801137,0.9924472407437936,1845.26953125,0.45050525665283203,0.0,0.2944236099720001
smol,flickr30k,final_quarter,False,6,0.8571428571428571,20,20,20,37,4.0,4096,0.001,True,1.5,1024,512,1200,0.477553129196167,0.47360734802059595,0.48215651996142694,1.0,1.0,0.0,0.0,0.055853478610515594,0.4216996431350708,0.0821050772577501,3994.591031245928,0.2889394760131836,0.31905901432037354,0.9946764245530342,0.876627842801137,0.9924472407437936,1845.26953125,0.45050525665283203,0.0,0.2944236099720001
smol,flickr30k,final_quarter,False,7,1.0,23,23,23,11,2.0,4096,0.0003,False,1.1,1024,512,1200,0.05281011760234833,0.05221092987485463,0.05339849733463779,0.074951171875,0.07666015625,0.000732421875,0.00244140625,0.0034461570903658867,0.04936395585536957,0.9414597591608355,258.36579749879724,0.09091690182685852,0.23989401757717133,0.9888277695719138,0.9822060065513364,0.9963989731516631,268.19140625,0.0654764175415039,0.921142578125,0.09260901808738708
smol,flickr30k,final_quarter,False,7,1.0,23,23,23,11,2.0,4096,0.0003,False,1.25,1024,512,1200,0.05281011760234833,0.05221092987485463,0.05339849733463779,0.074462890625,0.076416015625,0.000732421875,0.002685546875,0.0034461570903658867,0.04936395585536957,0.9414597591608355,258.36579749879724,0.09091690182685852,0.23989401757717133,0.9888277695719138,0.9822060065513364,0.9963989731516631,268.19140625,0.0654764175415039,0.921142578125,0.09260901808738708
smol,flickr30k,final_quarter,False,7,1.0,23,23,23,11,2.0,4096,0.0003,False,1.5,1024,512,1200,0.05281011760234833,0.05221092987485463,0.05339849733463779,0.073974609375,0.076171875,0.000732421875,0.0029296875,0.0034461570903658867,0.04936395585536957,0.9414597591608355,258.36579749879724,0.09091690182685852,0.23989401757717133,0.9888277695719138,0.9822060065513364,0.9963989731516631,268.19140625,0.0654764175415039,0.921142578125,0.09260901808738708
smol,flickr30k,final_quarter,False,7,1.0,23,23,23,11,2.0,4096,0.0003,True,1.1,1024,512,1200,0.4791550040245056,0.47461660058033883,0.4831303887665854,1.0,1.0,0.0,0.0,0.03267331421375275,0.44648170471191406,0.07688138830305216,4007.09358104211,0.30329814553260803,0.3229217529296875,0.9981321454759151,0.8618951703191565,0.9955141112088147,1875.4296875,0.4578685760498047,0.0,0.30723974108695984
smol,flickr30k,final_quarter,False,7,1.0,23,23,23,11,2.0,4096,0.0003,True,1.25,1024,512,1200,0.4791550040245056,0.47461660058033883,0.4831303887665854,1.0,1.0,0.0,0.0,0.03267331421375275,0.44648170471191406,0.07688138830305216,4007.09358104211,0.30329814553260803,0.3229217529296875,0.9981321454759151,0.8618951703191565,0.9955141112088147,1875.4296875,0.4578685760498047,0.0,0.30723974108695984
smol,flickr30k,final_quarter,False,7,1.0,23,23,23,11,2.0,4096,0.0003,True,1.5,1024,512,1200,0.4791550040245056,0.47461660058033883,0.4831303887665854,1.0,1.0,0.0,0.0,0.03267331421375275,0.44648170471191406,0.07688138830305216,4007.09358104211,0.30329814553260803,0.3229217529296875,0.9981321454759151,0.8618951703191565,0.9955141112088147,1875.4296875,0.4578685760498047,0.0,0.30723974108695984
smol,flickr30k,final_quarter,False,7,1.0,23,23,23,11,2.0,4096,0.001,False,1.1,1024,512,1200,0.052493561059236526,0.05190029055356717,0.05307862205900164,0.07470703125,0.076416015625,0.000732421875,0.00244140625,0.0034267131704837084,0.049066849052906036,0.9413569240701891,259.32042059558273,0.08862925320863724,0.23358267545700073,0.9888634242905474,0.9822051926964129,0.9965278253067704,268.064453125,0.0654454231262207,0.921142578125,0.09032218158245087
smol,flickr30k,final_quarter,False,7,1.0,23,23,23,11,2.0,4096,0.001,False,1.25,1024,512,1200,0.052493561059236526,0.05190029055356717,0.05307862205900164,0.07421875,0.076171875,0.000732421875,0.002685546875,0.0034267131704837084,0.049066849052906036,0.9413569240701891,259.32042059558273,0.08862925320863724,0.23358267545700073,0.9888634242905474,0.9822051926964129,0.9965278253067704,268.064453125,0.0654454231262207,0.921142578125,0.09032218158245087
smol,flickr30k,final_quarter,False,7,1.0,23,23,23,11,2.0,4096,0.001,False,1.5,1024,512,1200,0.052493561059236526,0.05190029055356717,0.05307862205900164,0.07373046875,0.075927734375,0.000732421875,0.0029296875,0.0034267131704837084,0.049066849052906036,0.9413569240701891,259.32042059558273,0.08862925320863724,0.23358267545700073,0.9888634242905474,0.9822051926964129,0.9965278253067704,268.064453125,0.0654454231262207,0.921142578125,0.09032218158245087
smol,flickr30k,final_quarter,False,7,1.0,23,23,23,11,2.0,4096,0.001,True,1.1,1024,512,1200,0.4679870009422302,0.4636159704910824,0.4719065155397402,1.0,1.0,0.0,0.0,0.032043397426605225,0.435943603515625,0.08069536026878171,4000.335565496437,0.29521360993385315,0.31631091237068176,0.9947766702159131,0.8598988207868746,0.9949816260038123,1858.6953125,0.4537830352783203,0.0,0.2988293468952179
smol,flickr30k,final_quarter,False,7,1.0,23,23,23,11,2.0,4096,0.001,True,1.25,1024,512,1200,0.4679870009422302,0.4636159704910824,0.4719065155397402,1.0,1.0,0.0,0.0,0.032043397426605225,0.435943603515625,0.08069536026878171,4000.335565496437,0.29521360993385315,0.31631091237068176,0.9947766702159131,0.8598988207868746,0.9949816260038123,1858.6953125,0.4537830352783203,0.0,0.2988293468952179
smol,flickr30k,final_quarter,False,7,1.0,23,23,23,11,2.0,4096,0.001,True,1.5,1024,512,1200,0.4679870009422302,0.4636159704910824,0.4719065155397402,1.0,1.0,0.0,0.0,0.032043397426605225,0.435943603515625,0.08069536026878171,4000.335565496437,0.29521360993385315,0.31631091237068176,0.9947766702159131,0.8598988207868746,0.9949816260038123,1858.6953125,0.4537830352783203,0.0,0.2988293468952179
smol,flickr30k,final_quarter,False,7,1.0,23,23,23,11,4.0,4096,0.0003,False,1.1,1024,512,1200,0.05281011760234833,0.05221092987485463,0.05339849733463779,0.074951171875,0.07666015625,0.000732421875,0.00244140625,0.0034461570903658867,0.04936395585536957,0.9414597591608355,258.36579749879724,0.09091690182685852,0.23989401757717133,0.9888277695719138,0.9822060065513364,0.9963989731516631,268.19140625,0.0654764175415039,0.921142578125,0.09260901808738708
smol,flickr30k,final_quarter,False,7,1.0,23,23,23,11,4.0,4096,0.0003,False,1.25,1024,512,1200,0.05281011760234833,0.05221092987485463,0.05339849733463779,0.074462890625,0.076416015625,0.000732421875,0.002685546875,0.0034461570903658867,0.04936395585536957,0.9414597591608355,258.36579749879724,0.09091690182685852,0.23989401757717133,0.9888277695719138,0.9822060065513364,0.9963989731516631,268.19140625,0.0654764175415039,0.921142578125,0.09260901808738708
smol,flickr30k,final_quarter,False,7,1.0,23,23,23,11,4.0,4096,0.0003,False,1.5,1024,512,1200,0.05281011760234833,0.05221092987485463,0.05339849733463779,0.073974609375,0.076171875,0.000732421875,0.0029296875,0.0034461570903658867,0.04936395585536957,0.9414597591608355,258.36579749879724,0.09091690182685852,0.23989401757717133,0.9888277695719138,0.9822060065513364,0.9963989731516631,268.19140625,0.0654764175415039,0.921142578125,0.09260901808738708
smol,flickr30k,final_quarter,False,7,1.0,23,23,23,11,4.0,4096,0.0003,True,1.1,1024,512,1200,0.4791550040245056,0.47461660058033883,0.4831303887665854,1.0,1.0,0.0,0.0,0.03267331421375275,0.44648170471191406,0.07688138830305216,4007.09358104211,0.30329814553260803,0.3229217529296875,0.9981321454759151,0.8618951703191565,0.9955141112088147,1875.4296875,0.4578685760498047,0.0,0.30723974108695984
smol,flickr30k,final_quarter,False,7,1.0,23,23,23,11,4.0,4096,0.0003,True,1.25,1024,512,1200,0.4791550040245056,0.47461660058033883,0.4831303887665854,1.0,1.0,0.0,0.0,0.03267331421375275,0.44648170471191406,0.07688138830305216,4007.09358104211,0.30329814553260803,0.3229217529296875,0.9981321454759151,0.8618951703191565,0.9955141112088147,1875.4296875,0.4578685760498047,0.0,0.30723974108695984
smol,flickr30k,final_quarter,False,7,1.0,23,23,23,11,4.0,4096,0.0003,True,1.5,1024,512,1200,0.4791550040245056,0.47461660058033883,0.4831303887665854,1.0,1.0,0.0,0.0,0.03267331421375275,0.44648170471191406,0.07688138830305216,4007.09358104211,0.30329814553260803,0.3229217529296875,0.9981321454759151,0.8618951703191565,0.9955141112088147,1875.4296875,0.4578685760498047,0.0,0.30723974108695984
smol,flickr30k,final_quarter,False,7,1.0,23,23,23,11,4.0,4096,0.001,False,1.1,1024,512,1200,0.052493561059236526,0.05190029055356717,0.05307862205900164,0.07470703125,0.076416015625,0.000732421875,0.00244140625,0.0034267131704837084,0.049066849052906036,0.9413569240701891,259.32042059558273,0.08862925320863724,0.23358267545700073,0.9888634242905474,0.9822051926964129,0.9965278253067704,268.064453125,0.0654454231262207,0.921142578125,0.09032218158245087
smol,flickr30k,final_quarter,False,7,1.0,23,23,23,11,4.0,4096,0.001,False,1.25,1024,512,1200,0.052493561059236526,0.05190029055356717,0.05307862205900164,0.07421875,0.076171875,0.000732421875,0.002685546875,0.0034267131704837084,0.049066849052906036,0.9413569240701891,259.32042059558273,0.08862925320863724,0.23358267545700073,0.9888634242905474,0.9822051926964129,0.9965278253067704,268.064453125,0.0654454231262207,0.921142578125,0.09032218158245087
smol,flickr30k,final_quarter,False,7,1.0,23,23,23,11,4.0,4096,0.001,False,1.5,1024,512,1200,0.052493561059236526,0.05190029055356717,0.05307862205900164,0.07373046875,0.075927734375,0.000732421875,0.0029296875,0.0034267131704837084,0.049066849052906036,0.9413569240701891,259.32042059558273,0.08862925320863724,0.23358267545700073,0.9888634242905474,0.9822051926964129,0.9965278253067704,268.064453125,0.0654454231262207,0.921142578125,0.09032218158245087
smol,flickr30k,final_quarter,False,7,1.0,23,23,23,11,4.0,4096,0.001,True,1.1,1024,512,1200,0.4679870009422302,0.4636159704910824,0.4719065155397402,1.0,1.0,0.0,0.0,0.032043397426605225,0.435943603515625,0.08069536026878171,4000.335565496437,0.29521360993385315,0.31631091237068176,0.9947766702159131,0.8598988207868746,0.9949816260038123,1858.6953125,0.4537830352783203,0.0,0.2988293468952179
smol,flickr30k,final_quarter,False,7,1.0,23,23,23,11,4.0,4096,0.001,True,1.25,1024,512,1200,0.4679870009422302,0.4636159704910824,0.4719065155397402,1.0,1.0,0.0,0.0,0.032043397426605225,0.435943603515625,0.08069536026878171,4000.335565496437,0.29521360993385315,0.31631091237068176,0.9947766702159131,0.8598988207868746,0.9949816260038123,1858.6953125,0.4537830352783203,0.0,0.2988293468952179
smol,flickr30k,final_quarter,False,7,1.0,23,23,23,11,4.0,4096,0.001,True,1.5,1024,512,1200,0.4679870009422302,0.4636159704910824,0.4719065155397402,1.0,1.0,0.0,0.0,0.032043397426605225,0.435943603515625,0.08069536026878171,4000.335565496437,0.29521360993385315,0.31631091237068176,0.9947766702159131,0.8598988207868746,0.9949816260038123,1858.6953125,0.4537830352783203,0.0,0.2988293468952179
smol,flickr30k,final_quarter,False,7,1.0,23,23,23,23,2.0,4096,0.0003,False,1.1,1024,512,1200,0.05351496860384941,0.052854171121725815,0.05411391235884366,0.07861328125,0.079345703125,0.0009765625,0.001708984375,0.0034738273825496435,0.050041139125823975,0.9393057813087115,267.5828363645472,0.09228873997926712,0.2393874228000641,0.9889200881554615,0.9823189555992144,0.9964792831555405,276.724609375,0.06755971908569336,0.919677734375,0.09393522888422012
smol,flickr30k,final_quarter,False,7,1.0,23,23,23,23,2.0,4096,0.0003,False,1.25,1024,512,1200,0.05351496860384941,0.052854171121725815,0.05411391235884366,0.078125,0.0791015625,0.0009765625,0.001953125,0.0034738273825496435,0.050041139125823975,0.9393057813087115,267.5828363645472,0.09228873997926712,0.2393874228000641,0.9889200881554615,0.9823189555992144,0.9964792831555405,276.724609375,0.06755971908569336,0.919677734375,0.09393522888422012
smol,flickr30k,final_quarter,False,7,1.0,23,23,23,23,2.0,4096,0.0003,False,1.5,1024,512,1200,0.05351496860384941,0.052854171121725815,0.05411391235884366,0.07763671875,0.078857421875,0.0009765625,0.002197265625,0.0034738273825496435,0.050041139125823975,0.9393057813087115,267.5828363645472,0.09228873997926712,0.2393874228000641,0.9889200881554615,0.9823189555992144,0.9964792831555405,276.724609375,0.06755971908569336,0.919677734375,0.09393522888422012
smol,flickr30k,final_quarter,False,7,1.0,23,23,23,23,2.0,4096,0.0003,True,1.1,1024,512,1200,0.48503828048706055,0.4806623053314979,0.4895966983400285,1.0,1.0,0.0,0.0,0.03291662782430649,0.45212164521217346,0.08151635058765055,3974.0090027786414,0.30860596895217896,0.323557585477829,0.9914086854311867,0.8568019452742378,0.9911409074791453,1884.66015625,0.46012210845947266,0.0,0.31139251589775085
smol,flickr30k,final_quarter,False,7,1.0,23,23,23,23,2.0,4096,0.0003,True,1.25,1024,512,1200,0.48503828048706055,0.4806623053314979,0.4895966983400285,1.0,1.0,0.0,0.0,0.03291662782430649,0.45212164521217346,0.08151635058765055,3974.0090027786414,0.30860596895217896,0.323557585477829,0.9914086854311867,0.8568019452742378,0.9911409074791453,1884.66015625,0.46012210845947266,0.0,0.31139251589775085
smol,flickr30k,final_quarter,False,7,1.0,23,23,23,23,2.0,4096,0.0003,True,1.5,1024,512,1200,0.48503828048706055,0.4806623053314979,0.4895966983400285,1.0,1.0,0.0,0.0,0.03291662782430649,0.45212164521217346,0.08151635058765055,3974.0090027786414,0.30860596895217896,0.323557585477829,0.9914086854311867,0.8568019452742378,0.9911409074791453,1884.66015625,0.46012210845947266,0.0,0.31139251589775085
smol,flickr30k,final_quarter,False,7,1.0,23,23,23,23,2.0,4096,0.001,False,1.1,1024,512,1200,0.05319454148411751,0.052532590181726846,0.0537869263194807,0.07861328125,0.079345703125,0.0009765625,0.001708984375,0.003458319464698434,0.04973622038960457,0.9396245696731677,266.45051102235453,0.0903657078742981,0.2365126609802246,0.9889488021741311,0.9823315122180344,0.9964482179325167,276.126953125,0.0674138069152832,0.919677734375,0.09196332097053528
smol,flickr30k,final_quarter,False,7,1.0,23,23,23,23,2.0,4096,0.001,False,1.25,1024,512,1200,0.05319454148411751,0.052532590181726846,0.0537869263194807,0.078125,0.0791015625,0.0009765625,0.001953125,0.003458319464698434,0.04973622038960457,0.9396245696731677,266.45051102235453,0.0903657078742981,0.2365126609802246,0.9889488021741311,0.9823315122180344,0.9964482179325167,276.126953125,0.0674138069152832,0.919677734375,0.09196332097053528
smol,flickr30k,final_quarter,False,7,1.0,23,23,23,23,2.0,4096,0.001,False,1.5,1024,512,1200,0.05319454148411751,0.052532590181726846,0.0537869263194807,0.07763671875,0.078857421875,0.0009765625,0.002197265625,0.003458319464698434,0.04973622038960457,0.9396245696731677,266.45051102235453,0.0903657078742981,0.2365126609802246,0.9889488021741311,0.9823315122180344,0.9964482179325167,276.126953125,0.0674138069152832,0.919677734375,0.09196332097053528
smol,flickr30k,final_quarter,False,7,1.0,23,23,23,23,2.0,4096,0.001,True,1.1,1024,512,1200,0.4782031178474426,0.47378581798548114,0.48258762985642534,1.0,1.0,0.0,0.0,0.032663069665431976,0.44554007053375244,0.07517553938413535,4008.9367336256973,0.3050183057785034,0.3173712491989136,0.9964750703024731,0.8602678478834891,0.9917184759288982,1890.21875,0.46147918701171875,0.0,0.3075326681137085
smol,flickr30k,final_quarter,False,7,1.0,23,23,23,23,2.0,4096,0.001,True,1.25,1024,512,1200,0.4782031178474426,0.47378581798548114,0.48258762985642534,1.0,1.0,0.0,0.0,0.032663069665431976,0.44554007053375244,0.07517553938413535,4008.9367336256973,0.3050183057785034,0.3173712491989136,0.9964750703024731,0.8602678478834891,0.9917184759288982,1890.21875,0.46147918701171875,0.0,0.3075326681137085
smol,flickr30k,final_quarter,False,7,1.0,23,23,23,23,2.0,4096,0.001,True,1.5,1024,512,1200,0.4782031178474426,0.47378581798548114,0.48258762985642534,1.0,1.0,0.0,0.0,0.032663069665431976,0.44554007053375244,0.07517553938413535,4008.9367336256973,0.3050183057785034,0.3173712491989136,0.9964750703024731,0.8602678478834891,0.9917184759288982,1890.21875,0.46147918701171875,0.0,0.3075326681137085
smol,flickr30k,final_quarter,False,7,1.0,23,23,23,23,4.0,4096,0.0003,False,1.1,1024,512,1200,0.05351496860384941,0.052854171121725815,0.05411391235884366,0.07861328125,0.079345703125,0.0009765625,0.001708984375,0.0034738273825496435,0.050041139125823975,0.9393057813087115,267.5828363645472,0.09228873997926712,0.2393874228000641,0.9889200881554615,0.9823189555992144,0.9964792831555405,276.724609375,0.06755971908569336,0.919677734375,0.09393522888422012
smol,flickr30k,final_quarter,False,7,1.0,23,23,23,23,4.0,4096,0.0003,False,1.25,1024,512,1200,0.05351496860384941,0.052854171121725815,0.05411391235884366,0.078125,0.0791015625,0.0009765625,0.001953125,0.0034738273825496435,0.050041139125823975,0.9393057813087115,267.5828363645472,0.09228873997926712,0.2393874228000641,0.9889200881554615,0.9823189555992144,0.9964792831555405,276.724609375,0.06755971908569336,0.919677734375,0.09393522888422012
smol,flickr30k,final_quarter,False,7,1.0,23,23,23,23,4.0,4096,0.0003,False,1.5,1024,512,1200,0.05351496860384941,0.052854171121725815,0.05411391235884366,0.07763671875,0.078857421875,0.0009765625,0.002197265625,0.0034738273825496435,0.050041139125823975,0.9393057813087115,267.5828363645472,0.09228873997926712,0.2393874228000641,0.9889200881554615,0.9823189555992144,0.9964792831555405,276.724609375,0.06755971908569336,0.919677734375,0.09393522888422012
smol,flickr30k,final_quarter,False,7,1.0,23,23,23,23,4.0,4096,0.0003,True,1.1,1024,512,1200,0.48503828048706055,0.4806623053314979,0.4895966983400285,1.0,1.0,0.0,0.0,0.03291662782430649,0.45212164521217346,0.08151635058765055,3974.0090027786414,0.30860596895217896,0.323557585477829,0.9914086854311867,0.8568019452742378,0.9911409074791453,1884.66015625,0.46012210845947266,0.0,0.31139251589775085
smol,flickr30k,final_quarter,False,7,1.0,23,23,23,23,4.0,4096,0.0003,True,1.25,1024,512,1200,0.48503828048706055,0.4806623053314979,0.4895966983400285,1.0,1.0,0.0,0.0,0.03291662782430649,0.45212164521217346,0.08151635058765055,3974.0090027786414,0.30860596895217896,0.323557585477829,0.9914086854311867,0.8568019452742378,0.9911409074791453,1884.66015625,0.46012210845947266,0.0,0.31139251589775085
smol,flickr30k,final_quarter,False,7,1.0,23,23,23,23,4.0,4096,0.0003,True,1.5,1024,512,1200,0.48503828048706055,0.4806623053314979,0.4895966983400285,1.0,1.0,0.0,0.0,0.03291662782430649,0.45212164521217346,0.08151635058765055,3974.0090027786414,0.30860596895217896,0.323557585477829,0.9914086854311867,0.8568019452742378,0.9911409074791453,1884.66015625,0.46012210845947266,0.0,0.31139251589775085
smol,flickr30k,final_quarter,False,7,1.0,23,23,23,23,4.0,4096,0.001,False,1.1,1024,512,1200,0.05319454148411751,0.052532590181726846,0.0537869263194807,0.07861328125,0.079345703125,0.0009765625,0.001708984375,0.003458319464698434,0.04973622038960457,0.9396245696731677,266.45051102235453,0.0903657078742981,0.2365126609802246,0.9889488021741311,0.9823315122180344,0.9964482179325167,276.126953125,0.0674138069152832,0.919677734375,0.09196332097053528
smol,flickr30k,final_quarter,False,7,1.0,23,23,23,23,4.0,4096,0.001,False,1.25,1024,512,1200,0.05319454148411751,0.052532590181726846,0.0537869263194807,0.078125,0.0791015625,0.0009765625,0.001953125,0.003458319464698434,0.04973622038960457,0.9396245696731677,266.45051102235453,0.0903657078742981,0.2365126609802246,0.9889488021741311,0.9823315122180344,0.9964482179325167,276.126953125,0.0674138069152832,0.919677734375,0.09196332097053528
smol,flickr30k,final_quarter,False,7,1.0,23,23,23,23,4.0,4096,0.001,False,1.5,1024,512,1200,0.05319454148411751,0.052532590181726846,0.0537869263194807,0.07763671875,0.078857421875,0.0009765625,0.002197265625,0.003458319464698434,0.04973622038960457,0.9396245696731677,266.45051102235453,0.0903657078742981,0.2365126609802246,0.9889488021741311,0.9823315122180344,0.9964482179325167,276.126953125,0.0674138069152832,0.919677734375,0.09196332097053528
smol,flickr30k,final_quarter,False,7,1.0,23,23,23,23,4.0,4096,0.001,True,1.1,1024,512,1200,0.4782031178474426,0.47378581798548114,0.48258762985642534,1.0,1.0,0.0,0.0,0.032663069665431976,0.44554007053375244,0.07517553938413535,4008.9367336256973,0.3050183057785034,0.3173712491989136,0.9964750703024731,0.8602678478834891,0.9917184759288982,1890.21875,0.46147918701171875,0.0,0.3075326681137085
smol,flickr30k,final_quarter,False,7,1.0,23,23,23,23,4.0,4096,0.001,True,1.25,1024,512,1200,0.4782031178474426,0.47378581798548114,0.48258762985642534,1.0,1.0,0.0,0.0,0.032663069665431976,0.44554007053375244,0.07517553938413535,4008.9367336256973,0.3050183057785034,0.3173712491989136,0.9964750703024731,0.8602678478834891,0.9917184759288982,1890.21875,0.46147918701171875,0.0,0.3075326681137085
smol,flickr30k,final_quarter,False,7,1.0,23,23,23,23,4.0,4096,0.001,True,1.5,1024,512,1200,0.4782031178474426,0.47378581798548114,0.48258762985642534,1.0,1.0,0.0,0.0,0.032663069665431976,0.44554007053375244,0.07517553938413535,4008.9367336256973,0.3050183057785034,0.3173712491989136,0.9964750703024731,0.8602678478834891,0.9917184759288982,1890.21875,0.46147918701171875,0.0,0.3075326681137085
smol,flickr30k,final_quarter,False,7,1.0,23,23,23,37,2.0,4096,0.0003,False,1.1,1024,512,1200,0.05237896740436554,0.05175292133862967,0.0528895089116304,0.07568359375,0.07763671875,0.0,0.001953125,0.003439788706600666,0.04893917962908745,0.9424020392692422,248.94448229999017,0.09032241255044937,0.23926298320293427,0.9886772116173331,0.9820978498507477,0.9964514567740298,264.83203125,0.06465625762939453,0.9208984375,0.09214682877063751
smol,flickr30k,final_quarter,False,7,1.0,23,23,23,37,2.0,4096,0.0003,False,1.25,1024,512,1200,0.05237896740436554,0.05175292133862967,0.0528895089116304,0.07421875,0.076904296875,0.0,0.002685546875,0.003439788706600666,0.04893917962908745,0.9424020392692422,248.94448229999017,0.09032241255044937,0.23926298320293427,0.9886772116173331,0.9820978498507477,0.9964514567740298,264.83203125,0.06465625762939453,0.9208984375,0.09214682877063751
smol,flickr30k,final_quarter,False,7,1.0,23,23,23,37,2.0,4096,0.0003,False,1.5,1024,512,1200,0.05237896740436554,0.05175292133862967,0.0528895089116304,0.07275390625,0.076171875,0.0,0.00341796875,0.003439788706600666,0.04893917962908745,0.9424020392692422,248.94448229999017,0.09032241255044937,0.23926298320293427,0.9886772116173331,0.9820978498507477,0.9964514567740298,264.83203125,0.06465625762939453,0.9208984375,0.09214682877063751
smol,flickr30k,final_quarter,False,7,1.0,23,23,23,37,2.0,4096,0.0003,True,1.1,1024,512,1200,0.4801199734210968,0.47580480995529795,0.4838435531244613,1.0,1.0,0.0,0.0,0.032486602663993835,0.44763338565826416,0.07941949639254395,3991.9373399446026,0.30459198355674744,0.32290375232696533,0.9946574793758615,0.8594567572308368,0.9935890969378963,1875.107421875,0.45778989791870117,0.0,0.3078339397907257
smol,flickr30k,final_quarter,False,7,1.0,23,23,23,37,2.0,4096,0.0003,True,1.25,1024,512,1200,0.4801199734210968,0.47580480995529795,0.4838435531244613,1.0,1.0,0.0,0.0,0.032486602663993835,0.44763338565826416,0.07941949639254395,3991.9373399446026,0.30459198355674744,0.32290375232696533,0.9946574793758615,0.8594567572308368,0.9935890969378963,1875.107421875,0.45778989791870117,0.0,0.3078339397907257
smol,flickr30k,final_quarter,False,7,1.0,23,23,23,37,2.0,4096,0.0003,True,1.5,1024,512,1200,0.4801199734210968,0.47580480995529795,0.4838435531244613,1.0,1.0,0.0,0.0,0.032486602663993835,0.44763338565826416,0.07941949639254395,3991.9373399446026,0.30459198355674744,0.32290375232696533,0.9946574793758615,0.8594567572308368,0.9935890969378963,1875.107421875,0.45778989791870117,0.0,0.3078339397907257
smol,flickr30k,final_quarter,False,7,1.0,23,23,23,37,2.0,4096,0.001,False,1.1,1024,512,1200,0.05205170065164566,0.05143330842001888,0.05255336787759006,0.07568359375,0.07763671875,0.0,0.001953125,0.0034197086934000254,0.04863198846578598,0.94234259017348,249.64878138242878,0.08808743208646774,0.23479285836219788,0.9887170988600148,0.9821251896425618,0.9962042196778443,264.818359375,0.06465291976928711,0.9208984375,0.08989198505878448
smol,flickr30k,final_quarter,False,7,1.0,23,23,23,37,2.0,4096,0.001,False,1.25,1024,512,1200,0.05205170065164566,0.05143330842001888,0.05255336787759006,0.07470703125,0.0771484375,0.0,0.00244140625,0.0034197086934000254,0.04863198846578598,0.94234259017348,249.64878138242878,0.08808743208646774,0.23479285836219788,0.9887170988600148,0.9821251896425618,0.9962042196778443,264.818359375,0.06465291976928711,0.9208984375,0.08989198505878448
smol,flickr30k,final_quarter,False,7,1.0,23,23,23,37,2.0,4096,0.001,False,1.5,1024,512,1200,0.05205170065164566,0.05143330842001888,0.05255336787759006,0.07275390625,0.076171875,0.0,0.00341796875,0.0034197086934000254,0.04863198846578598,0.94234259017348,249.64878138242878,0.08808743208646774,0.23479285836219788,0.9887170988600148,0.9821251896425618,0.9962042196778443,264.818359375,0.06465291976928711,0.9208984375,0.08989198505878448
smol,flickr30k,final_quarter,False,7,1.0,23,23,23,37,2.0,4096,0.001,True,1.1,1024,512,1200,0.47274085879325867,0.468459643505048,0.47646692760608855,1.0,1.0,0.0,0.0,0.03202153742313385,0.4407193064689636,0.0789612648075948,3994.699284920993,0.29923468828201294,0.3182079493999481,0.9946493623584877,0.8596274309740557,0.9939833307395297,1868.224609375,0.45610952377319336,0.0,0.3026466965675354
smol,flickr30k,final_quarter,False,7,1.0,23,23,23,37,2.0,4096,0.001,True,1.25,1024,512,1200,0.47274085879325867,0.468459643505048,0.47646692760608855,1.0,1.0,0.0,0.0,0.03202153742313385,0.4407193064689636,0.0789612648075948,3994.699284920993,0.29923468828201294,0.3182079493999481,0.9946493623584877,0.8596274309740557,0.9939833307395297,1868.224609375,0.45610952377319336,0.0,0.3026466965675354
smol,flickr30k,final_quarter,False,7,1.0,23,23,23,37,2.0,4096,0.001,True,1.5,1024,512,1200,0.47274085879325867,0.468459643505048,0.47646692760608855,1.0,1.0,0.0,0.0,0.03202153742313385,0.4407193064689636,0.0789612648075948,3994.699284920993,0.29923468828201294,0.3182079493999481,0.9946493623584877,0.8596274309740557,0.9939833307395297,1868.224609375,0.45610952377319336,0.0,0.3026466965675354
smol,flickr30k,final_quarter,False,7,1.0,23,23,23,37,4.0,4096,0.0003,False,1.1,1024,512,1200,0.05237896740436554,0.05175292133862967,0.0528895089116304,0.07568359375,0.07763671875,0.0,0.001953125,0.003439788706600666,0.04893917962908745,0.9424020392692422,248.94448229999017,0.09032241255044937,0.23926298320293427,0.9886772116173331,0.9820978498507477,0.9964514567740298,264.83203125,0.06465625762939453,0.9208984375,0.09214682877063751
smol,flickr30k,final_quarter,False,7,1.0,23,23,23,37,4.0,4096,0.0003,False,1.25,1024,512,1200,0.05237896740436554,0.05175292133862967,0.0528895089116304,0.07421875,0.076904296875,0.0,0.002685546875,0.003439788706600666,0.04893917962908745,0.9424020392692422,248.94448229999017,0.09032241255044937,0.23926298320293427,0.9886772116173331,0.9820978498507477,0.9964514567740298,264.83203125,0.06465625762939453,0.9208984375,0.09214682877063751
smol,flickr30k,final_quarter,False,7,1.0,23,23,23,37,4.0,4096,0.0003,False,1.5,1024,512,1200,0.05237896740436554,0.05175292133862967,0.0528895089116304,0.07275390625,0.076171875,0.0,0.00341796875,0.003439788706600666,0.04893917962908745,0.9424020392692422,248.94448229999017,0.09032241255044937,0.23926298320293427,0.9886772116173331,0.9820978498507477,0.9964514567740298,264.83203125,0.06465625762939453,0.9208984375,0.09214682877063751
smol,flickr30k,final_quarter,False,7,1.0,23,23,23,37,4.0,4096,0.0003,True,1.1,1024,512,1200,0.4801199734210968,0.47580480995529795,0.4838435531244613,1.0,1.0,0.0,0.0,0.032486602663993835,0.44763338565826416,0.07941949639254395,3991.9373399446026,0.30459198355674744,0.32290375232696533,0.9946574793758615,0.8594567572308368,0.9935890969378963,1875.107421875,0.45778989791870117,0.0,0.3078339397907257
smol,flickr30k,final_quarter,False,7,1.0,23,23,23,37,4.0,4096,0.0003,True,1.25,1024,512,1200,0.4801199734210968,0.47580480995529795,0.4838435531244613,1.0,1.0,0.0,0.0,0.032486602663993835,0.44763338565826416,0.07941949639254395,3991.9373399446026,0.30459198355674744,0.32290375232696533,0.9946574793758615,0.8594567572308368,0.9935890969378963,1875.107421875,0.45778989791870117,0.0,0.3078339397907257
smol,flickr30k,final_quarter,False,7,1.0,23,23,23,37,4.0,4096,0.0003,True,1.5,1024,512,1200,0.4801199734210968,0.47580480995529795,0.4838435531244613,1.0,1.0,0.0,0.0,0.032486602663993835,0.44763338565826416,0.07941949639254395,3991.9373399446026,0.30459198355674744,0.32290375232696533,0.9946574793758615,0.8594567572308368,0.9935890969378963,1875.107421875,0.45778989791870117,0.0,0.3078339397907257
smol,flickr30k,final_quarter,False,7,1.0,23,23,23,37,4.0,4096,0.001,False,1.1,1024,512,1200,0.05205170065164566,0.05143330842001888,0.05255336787759006,0.07568359375,0.07763671875,0.0,0.001953125,0.0034197086934000254,0.04863198846578598,0.94234259017348,249.64878138242878,0.08808743208646774,0.23479285836219788,0.9887170988600148,0.9821251896425618,0.9962042196778443,264.818359375,0.06465291976928711,0.9208984375,0.08989198505878448
smol,flickr30k,final_quarter,False,7,1.0,23,23,23,37,4.0,4096,0.001,False,1.25,1024,512,1200,0.05205170065164566,0.05143330842001888,0.05255336787759006,0.07470703125,0.0771484375,0.0,0.00244140625,0.0034197086934000254,0.04863198846578598,0.94234259017348,249.64878138242878,0.08808743208646774,0.23479285836219788,0.9887170988600148,0.9821251896425618,0.9962042196778443,264.818359375,0.06465291976928711,0.9208984375,0.08989198505878448
smol,flickr30k,final_quarter,False,7,1.0,23,23,23,37,4.0,4096,0.001,False,1.5,1024,512,1200,0.05205170065164566,0.05143330842001888,0.05255336787759006,0.07275390625,0.076171875,0.0,0.00341796875,0.0034197086934000254,0.04863198846578598,0.94234259017348,249.64878138242878,0.08808743208646774,0.23479285836219788,0.9887170988600148,0.9821251896425618,0.9962042196778443,264.818359375,0.06465291976928711,0.9208984375,0.08989198505878448
smol,flickr30k,final_quarter,False,7,1.0,23,23,23,37,4.0,4096,0.001,True,1.1,1024,512,1200,0.47274085879325867,0.468459643505048,0.47646692760608855,1.0,1.0,0.0,0.0,0.03202153742313385,0.4407193064689636,0.0789612648075948,3994.699284920993,0.29923468828201294,0.3182079493999481,0.9946493623584877,0.8596274309740557,0.9939833307395297,1868.224609375,0.45610952377319336,0.0,0.3026466965675354
smol,flickr30k,final_quarter,False,7,1.0,23,23,23,37,4.0,4096,0.001,True,1.25,1024,512,1200,0.47274085879325867,0.468459643505048,0.47646692760608855,1.0,1.0,0.0,0.0,0.03202153742313385,0.4407193064689636,0.0789612648075948,3994.699284920993,0.29923468828201294,0.3182079493999481,0.9946493623584877,0.8596274309740557,0.9939833307395297,1868.224609375,0.45610952377319336,0.0,0.3026466965675354
smol,flickr30k,final_quarter,False,7,1.0,23,23,23,37,4.0,4096,0.001,True,1.5,1024,512,1200,0.47274085879325867,0.468459643505048,0.47646692760608855,1.0,1.0,0.0,0.0,0.03202153742313385,0.4407193064689636,0.0789612648075948,3994.699284920993,0.29923468828201294,0.3182079493999481,0.9946493623584877,0.8596274309740557,0.9939833307395297,1868.224609375,0.45610952377319336,0.0,0.3026466965675354
