family,dataset,pooling,audit,layer_idx,depth_fraction,llm_layer_number,vlm_layer_number,layer_number,seed,width_factor,d_sae,l1,normalize,dom_margin,train_examples,eval_examples,sae_steps,MFI,MFI_ci_low,MFI_ci_high,FMP,image_driven_frac,text_driven_frac,both_driven_frac,mean_text_delta,mean_image_delta,matched_gini,matched_eff_dim,image_only_mean_activation,llm_mean_activation,vlm_train_rec_r2,vlm_eval_rec_r2,llm_train_rec_r2,vlm_eval_l0,vlm_eval_active_frac,vlm_eval_dead_frac,vlm_eval_z_abs_mean
qwen,pixelprose,final_quarter,False,0,0.0,0,0,0,11,2.0,4096,0.0003,False,1.1,1024,512,1200,0.0288078710436821,0.028401594136357743,0.029258040747663472,0.187255859375,0.00390625,0.185546875,0.002197265625,0.026178166270256042,0.002629705471917987,0.8616043806437367,608.3271542685529,0.09699393063783646,0.04178173467516899,0.9948338401563783,0.9755514779522718,0.993937331014512,595.328125,0.14534378051757812,0.814453125,0.03884020820260048
qwen,pixelprose,final_quarter,False,0,0.0,0,0,0,11,2.0,4096,0.0003,False,1.25,1024,512,1200,0.0288078710436821,0.028401594136357743,0.029258040747663472,0.184814453125,0.00390625,0.184326171875,0.00341796875,0.026178166270256042,0.002629705471917987,0.8616043806437367,608.3271542685529,0.09699393063783646,0.04178173467516899,0.9948338401563783,0.9755514779522718,0.993937331014512,595.328125,0.14534378051757812,0.814453125,0.03884020820260048
qwen,pixelprose,final_quarter,False,0,0.0,0,0,0,11,2.0,4096,0.0003,False,1.5,1024,512,1200,0.0288078710436821,0.028401594136357743,0.029258040747663472,0.180419921875,0.003662109375,0.182373046875,0.005615234375,0.026178166270256042,0.002629705471917987,0.8616043806437367,608.3271542685529,0.09699393063783646,0.04178173467516899,0.9948338401563783,0.9755514779522718,0.993937331014512,595.328125,0.14534378051757812,0.814453125,0.03884020820260048
qwen,pixelprose,final_quarter,False,0,0.0,0,0,0,11,2.0,4096,0.0003,True,1.1,1024,512,1200,0.5603681802749634,0.5550433184325811,0.5653105435878387,1.0,0.0,1.0,0.0,0.49584922194480896,0.06451895833015442,0.0883094292985291,3991.2781708868515,0.5811511278152466,0.33212095499038696,0.9965837076241885,0.6930645422837803,0.993525303799277,2093.41015625,0.5110864639282227,0.0,0.35569271445274353
qwen,pixelprose,final_quarter,False,0,0.0,0,0,0,11,2.0,4096,0.0003,True,1.25,1024,512,1200,0.5603681802749634,0.5550433184325811,0.5653105435878387,1.0,0.0,1.0,0.0,0.49584922194480896,0.06451895833015442,0.0883094292985291,3991.2781708868515,0.5811511278152466,0.33212095499038696,0.9965837076241885,0.6930645422837803,0.993525303799277,2093.41015625,0.5110864639282227,0.0,0.35569271445274353
qwen,pixelprose,final_quarter,False,0,0.0,0,0,0,11,2.0,4096,0.0003,True,1.5,1024,512,1200,0.5603681802749634,0.5550433184325811,0.5653105435878387,1.0,0.0,1.0,0.0,0.49584922194480896,0.06451895833015442,0.0883094292985291,3991.2781708868515,0.5811511278152466,0.33212095499038696,0.9965837076241885,0.6930645422837803,0.993525303799277,2093.41015625,0.5110864639282227,0.0,0.35569271445274353
qwen,pixelprose,final_quarter,False,0,0.0,0,0,0,11,2.0,4096,0.001,False,1.1,1024,512,1200,0.028150249272584915,0.02776370820492957,0.028588105322978664,0.187255859375,0.003662109375,0.185791015625,0.002197265625,0.02557116374373436,0.00257908646017313,0.8618259041676971,608.0070548176634,0.09460671246051788,0.039805516600608826,0.9946357659576343,0.9748787051018907,0.9951741334053945,590.173828125,0.14408540725708008,0.814697265625,0.03660878911614418
qwen,pixelprose,final_quarter,False,0,0.0,0,0,0,11,2.0,4096,0.001,False,1.25,1024,512,1200,0.028150249272584915,0.02776370820492957,0.028588105322978664,0.183837890625,0.00341796875,0.184326171875,0.00390625,0.02557116374373436,0.00257908646017313,0.8618259041676971,608.0070548176634,0.09460671246051788,0.039805516600608826,0.9946357659576343,0.9748787051018907,0.9951741334053945,590.173828125,0.14408540725708008,0.814697265625,0.03660878911614418
qwen,pixelprose,final_quarter,False,0,0.0,0,0,0,11,2.0,4096,0.001,False,1.5,1024,512,1200,0.028150249272584915,0.02776370820492957,0.028588105322978664,0.180908203125,0.00341796875,0.182861328125,0.00537109375,0.02557116374373436,0.00257908646017313,0.8618259041676971,608.0070548176634,0.09460671246051788,0.039805516600608826,0.9946357659576343,0.9748787051018907,0.9951741334053945,590.173828125,0.14408540725708008,0.814697265625,0.03660878911614418
qwen,pixelprose,final_quarter,False,0,0.0,0,0,0,11,2.0,4096,0.001,True,1.1,1024,512,1200,0.5559694766998291,0.5505415026113042,0.5612472583423369,1.0,0.0,1.0,0.0,0.49141234159469604,0.06455715745687485,0.09493714675410146,3974.6496315569766,0.6476078629493713,0.33606648445129395,0.9990027769841846,0.6951885988463924,0.9932155191519906,2087.232421875,0.5095782279968262,0.0,0.35202300548553467
qwen,pixelprose,final_quarter,False,0,0.0,0,0,0,11,2.0,4096,0.001,True,1.25,1024,512,1200,0.5559694766998291,0.5505415026113042,0.5612472583423369,1.0,0.0,1.0,0.0,0.49141234159469604,0.06455715745687485,0.09493714675410146,3974.6496315569766,0.6476078629493713,0.33606648445129395,0.9990027769841846,0.6951885988463924,0.9932155191519906,2087.232421875,0.5095782279968262,0.0,0.35202300548553467
qwen,pixelprose,final_quarter,False,0,0.0,0,0,0,11,2.0,4096,0.001,True,1.5,1024,512,1200,0.5559694766998291,0.5505415026113042,0.5612472583423369,1.0,0.0,1.0,0.0,0.49141234159469604,0.06455715745687485,0.09493714675410146,3974.6496315569766,0.6476078629493713,0.33606648445129395,0.9990027769841846,0.6951885988463924,0.9932155191519906,2087.232421875,0.5095782279968262,0.0,0.35202300548553467
qwen,pixelprose,final_quarter,False,0,0.0,0,0,0,11,4.0,4096,0.0003,False,1.1,1024,512,1200,0.0288078710436821,0.028401594136357743,0.029258040747663472,0.187255859375,0.00390625,0.185546875,0.002197265625,0.026178166270256042,0.002629705471917987,0.8616043806437367,608.3271542685529,0.09699393063783646,0.04178173467516899,0.9948338401563783,0.9755514779522718,0.993937331014512,595.328125,0.14534378051757812,0.814453125,0.03884020820260048
qwen,pixelprose,final_quarter,False,0,0.0,0,0,0,11,4.0,4096,0.0003,False,1.25,1024,512,1200,0.0288078710436821,0.028401594136357743,0.029258040747663472,0.184814453125,0.00390625,0.184326171875,0.00341796875,0.026178166270256042,0.002629705471917987,0.8616043806437367,608.3271542685529,0.09699393063783646,0.04178173467516899,0.9948338401563783,0.9755514779522718,0.993937331014512,595.328125,0.14534378051757812,0.814453125,0.03884020820260048
qwen,pixelprose,final_quarter,False,0,0.0,0,0,0,11,4.0,4096,0.0003,False,1.5,1024,512,1200,0.0288078710436821,0.028401594136357743,0.029258040747663472,0.180419921875,0.003662109375,0.182373046875,0.005615234375,0.026178166270256042,0.002629705471917987,0.8616043806437367,608.3271542685529,0.09699393063783646,0.04178173467516899,0.9948338401563783,0.9755514779522718,0.993937331014512,595.328125,0.14534378051757812,0.814453125,0.03884020820260048
qwen,pixelprose,final_quarter,False,0,0.0,0,0,0,11,4.0,4096,0.0003,True,1.1,1024,512,1200,0.5603681802749634,0.5550433184325811,0.5653105435878387,1.0,0.0,1.0,0.0,0.49584922194480896,0.06451895833015442,0.0883094292985291,3991.2781708868515,0.5811511278152466,0.33212095499038696,0.9965837076241885,0.6930645422837803,0.993525303799277,2093.41015625,0.5110864639282227,0.0,0.35569271445274353
qwen,pixelprose,final_quarter,False,0,0.0,0,0,0,11,4.0,4096,0.0003,True,1.25,1024,512,1200,0.5603681802749634,0.5550433184325811,0.5653105435878387,1.0,0.0,1.0,0.0,0.49584922194480896,0.06451895833015442,0.0883094292985291,3991.2781708868515,0.5811511278152466,0.33212095499038696,0.9965837076241885,0.6930645422837803,0.993525303799277,2093.41015625,0.5110864639282227,0.0,0.35569271445274353
qwen,pixelprose,final_quarter,False,0,0.0,0,0,0,11,4.0,4096,0.0003,True,1.5,1024,512,1200,0.5603681802749634,0.5550433184325811,0.5653105435878387,1.0,0.0,1.0,0.0,0.49584922194480896,0.06451895833015442,0.0883094292985291,3991.2781708868515,0.5811511278152466,0.33212095499038696,0.9965837076241885,0.6930645422837803,0.993525303799277,2093.41015625,0.5110864639282227,0.0,0.35569271445274353
qwen,pixelprose,final_quarter,False,0,0.0,0,0,0,11,4.0,4096,0.001,False,1.1,1024,512,1200,0.028150249272584915,0.02776370820492957,0.028588105322978664,0.187255859375,0.003662109375,0.185791015625,0.002197265625,0.02557116374373436,0.00257908646017313,0.8618259041676971,608.0070548176634,0.09460671246051788,0.039805516600608826,0.9946357659576343,0.9748787051018907,0.9951741334053945,590.173828125,0.14408540725708008,0.814697265625,0.03660878911614418
qwen,pixelprose,final_quarter,False,0,0.0,0,0,0,11,4.0,4096,0.001,False,1.25,1024,512,1200,0.028150249272584915,0.02776370820492957,0.028588105322978664,0.183837890625,0.00341796875,0.184326171875,0.00390625,0.02557116374373436,0.00257908646017313,0.8618259041676971,608.0070548176634,0.09460671246051788,0.039805516600608826,0.9946357659576343,0.9748787051018907,0.9951741334053945,590.173828125,0.14408540725708008,0.814697265625,0.03660878911614418
qwen,pixelprose,final_quarter,False,0,0.0,0,0,0,11,4.0,4096,0.001,False,1.5,1024,512,1200,0.028150249272584915,0.02776370820492957,0.028588105322978664,0.180908203125,0.00341796875,0.182861328125,0.00537109375,0.02557116374373436,0.00257908646017313,0.8618259041676971,608.0070548176634,0.09460671246051788,0.039805516600608826,0.9946357659576343,0.9748787051018907,0.9951741334053945,590.173828125,0.14408540725708008,0.814697265625,0.03660878911614418
qwen,pixelprose,final_quarter,False,0,0.0,0,0,0,11,4.0,4096,0.001,True,1.1,1024,512,1200,0.5559694766998291,0.5505415026113042,0.5612472583423369,1.0,0.0,1.0,0.0,0.49141234159469604,0.06455715745687485,0.09493714675410146,3974.6496315569766,0.6476078629493713,0.33606648445129395,0.9990027769841846,0.6951885988463924,0.9932155191519906,2087.232421875,0.5095782279968262,0.0,0.35202300548553467
qwen,pixelprose,final_quarter,False,0,0.0,0,0,0,11,4.0,4096,0.001,True,1.25,1024,512,1200,0.5559694766998291,0.5505415026113042,0.5612472583423369,1.0,0.0,1.0,0.0,0.49141234159469604,0.06455715745687485,0.09493714675410146,3974.6496315569766,0.6476078629493713,0.33606648445129395,0.9990027769841846,0.6951885988463924,0.9932155191519906,2087.232421875,0.5095782279968262,0.0,0.35202300548553467
qwen,pixelprose,final_quarter,False,0,0.0,0,0,0,11,4.0,4096,0.001,True,1.5,1024,512,1200,0.5559694766998291,0.5505415026113042,0.5612472583423369,1.0,0.0,1.0,0.0,0.49141234159469604,0.06455715745687485,0.09493714675410146,3974.6496315569766,0.6476078629493713,0.33606648445129395,0.9990027769841846,0.6951885988463924,0.9932155191519906,2087.232421875,0.5095782279968262,0.0,0.35202300548553467
qwen,pixelprose,final_quarter,False,0,0.0,0,0,0,23,2.0,4096,0.0003,False,1.1,1024,512,1200,0.028773456811904907,0.02837870791345267,0.029188534997319947,0.184814453125,0.006103515625,0.184326171875,0.005615234375,0.02615036442875862,0.0026230940129607916,0.8616861747465266,607.7003729186174,0.0969512090086937,0.04311627522110939,0.994893971968406,0.9757479252086598,0.9949131521952873,593.48046875,0.14489269256591797,0.812255859375,0.03867286443710327
qwen,pixelprose,final_quarter,False,0,0.0,0,0,0,23,2.0,4096,0.0003,False,1.25,1024,512,1200,0.028773456811904907,0.02837870791345267,0.029188534997319947,0.182861328125,0.005859375,0.18359375,0.006591796875,0.02615036442875862,0.0026230940129607916,0.8616861747465266,607.7003729186174,0.0969512090086937,0.04311627522110939,0.994893971968406,0.9757479252086598,0.9949131521952873,593.48046875,0.14489269256591797,0.812255859375,0.03867286443710327
qwen,pixelprose,final_quarter,False,0,0.0,0,0,0,23,2.0,4096,0.0003,False,1.5,1024,512,1200,0.028773456811904907,0.02837870791345267,0.029188534997319947,0.180419921875,0.005615234375,0.1826171875,0.0078125,0.02615036442875862,0.0026230940129607916,0.8616861747465266,607.7003729186174,0.0969512090086937,0.04311627522110939,0.994893971968406,0.9757479252086598,0.9949131521952873,593.48046875,0.14489269256591797,0.812255859375,0.03867286443710327
qwen,pixelprose,final_quarter,False,0,0.0,0,0,0,23,2.0,4096,0.0003,True,1.1,1024,512,1200,0.5563498139381409,0.5510717593890149,0.5610958915058291,1.0,0.0,1.0,0.0,0.4920507073402405,0.06429912149906158,0.09026644955784811,3977.3747878448107,0.6111611723899841,0.32933422923088074,0.9974143612486375,0.6969645599226115,0.9979917203293569,2090.87890625,0.5104684829711914,0.0,0.3527929186820984
qwen,pixelprose,final_quarter,False,0,0.0,0,0,0,23,2.0,4096,0.0003,True,1.25,1024,512,1200,0.5563498139381409,0.5510717593890149,0.5610958915058291,1.0,0.0,1.0,0.0,0.4920507073402405,0.06429912149906158,0.09026644955784811,3977.3747878448107,0.6111611723899841,0.32933422923088074,0.9974143612486375,0.6969645599226115,0.9979917203293569,2090.87890625,0.5104684829711914,0.0,0.3527929186820984
qwen,pixelprose,final_quarter,False,0,0.0,0,0,0,23,2.0,4096,0.0003,True,1.5,1024,512,1200,0.5563498139381409,0.5510717593890149,0.5610958915058291,1.0,0.0,1.0,0.0,0.4920507073402405,0.06429912149906158,0.09026644955784811,3977.3747878448107,0.6111611723899841,0.32933422923088074,0.9974143612486375,0.6969645599226115,0.9979917203293569,2090.87890625,0.5104684829711914,0.0,0.3527929186820984
qwen,pixelprose,final_quarter,False,0,0.0,0,0,0,23,2.0,4096,0.001,False,1.1,1024,512,1200,0.027947843074798584,0.027566601804392122,0.028352347306372393,0.184814453125,0.00537109375,0.183349609375,0.00390625,0.025394709780812263,0.002553133061155677,0.8624561623971244,605.4886813905293,0.0904669538140297,0.04010048881173134,0.9949814630849553,0.9754530171170855,0.9949543913737401,585.884765625,0.14303827285766602,0.814453125,0.035904210060834885
qwen,pixelprose,final_quarter,False,0,0.0,0,0,0,23,2.0,4096,0.001,False,1.25,1024,512,1200,0.027947843074798584,0.027566601804392122,0.028352347306372393,0.184814453125,0.00537109375,0.183349609375,0.00390625,0.025394709780812263,0.002553133061155677,0.8624561623971244,605.4886813905293,0.0904669538140297,0.04010048881173134,0.9949814630849553,0.9754530171170855,0.9949543913737401,585.884765625,0.14303827285766602,0.814453125,0.035904210060834885
qwen,pixelprose,final_quarter,False,0,0.0,0,0,0,23,2.0,4096,0.001,False,1.5,1024,512,1200,0.027947843074798584,0.027566601804392122,0.028352347306372393,0.180908203125,0.0048828125,0.181884765625,0.005859375,0.025394709780812263,0.002553133061155677,0.8624561623971244,605.4886813905293,0.0904669538140297,0.04010048881173134,0.9949814630849553,0.9754530171170855,0.9949543913737401,585.884765625,0.14303827285766602,0.814453125,0.035904210060834885
qwen,pixelprose,final_quarter,False,0,0.0,0,0,0,23,2.0,4096,0.001,True,1.1,1024,512,1200,0.5405210852622986,0.534795041604957,0.5465580612450139,1.0,0.0,1.0,0.0,0.4756317138671875,0.06488939374685287,0.12823089663794734,3856.8124732459364,0.6428335905075073,0.3236329257488251,0.9985852116690378,0.6927658804759287,0.993253871441482,2036.1484375,0.49710655212402344,0.0,0.3367779850959778
qwen,pixelprose,final_quarter,False,0,0.0,0,0,0,23,2.0,4096,0.001,True,1.25,1024,512,1200,0.5405210852622986,0.534795041604957,0.5465580612450139,1.0,0.0,1.0,0.0,0.4756317138671875,0.06488939374685287,0.12823089663794734,3856.8124732459364,0.6428335905075073,0.3236329257488251,0.9985852116690378,0.6927658804759287,0.993253871441482,2036.1484375,0.49710655212402344,0.0,0.3367779850959778
qwen,pixelprose,final_quarter,False,0,0.0,0,0,0,23,2.0,4096,0.001,True,1.5,1024,512,1200,0.5405210852622986,0.534795041604957,0.5465580612450139,1.0,0.0,1.0,0.0,0.4756317138671875,0.06488939374685287,0.12823089663794734,3856.8124732459364,0.6428335905075073,0.3236329257488251,0.9985852116690378,0.6927658804759287,0.993253871441482,2036.1484375,0.49710655212402344,0.0,0.3367779850959778
qwen,pixelprose,final_quarter,False,0,0.0,0,0,0,23,4.0,4096,0.0003,False,1.1,1024,512,1200,0.028773456811904907,0.02837870791345267,0.029188534997319947,0.184814453125,0.006103515625,0.184326171875,0.005615234375,0.02615036442875862,0.0026230940129607916,0.8616861747465266,607.7003729186174,0.0969512090086937,0.04311627522110939,0.994893971968406,0.9757479252086598,0.9949131521952873,593.48046875,0.14489269256591797,0.812255859375,0.03867286443710327
qwen,pixelprose,final_quarter,False,0,0.0,0,0,0,23,4.0,4096,0.0003,False,1.25,1024,512,1200,0.028773456811904907,0.02837870791345267,0.029188534997319947,0.182861328125,0.005859375,0.18359375,0.006591796875,0.02615036442875862,0.0026230940129607916,0.8616861747465266,607.7003729186174,0.0969512090086937,0.04311627522110939,0.994893971968406,0.9757479252086598,0.9949131521952873,593.48046875,0.14489269256591797,0.812255859375,0.03867286443710327
qwen,pixelprose,final_quarter,False,0,0.0,0,0,0,23,4.0,4096,0.0003,False,1.5,1024,512,1200,0.028773456811904907,0.02837870791345267,0.029188534997319947,0.180419921875,0.005615234375,0.1826171875,0.0078125,0.02615036442875862,0.0026230940129607916,0.8616861747465266,607.7003729186174,0.0969512090086937,0.04311627522110939,0.994893971968406,0.9757479252086598,0.9949131521952873,593.48046875,0.14489269256591797,0.812255859375,0.03867286443710327
qwen,pixelprose,final_quarter,False,0,0.0,0,0,0,23,4.0,4096,0.0003,True,1.1,1024,512,1200,0.5563498139381409,0.5510717593890149,0.5610958915058291,1.0,0.0,1.0,0.0,0.4920507073402405,0.06429912149906158,0.09026644955784811,3977.3747878448107,0.6111611723899841,0.32933422923088074,0.9974143612486375,0.6969645599226115,0.9979917203293569,2090.87890625,0.5104684829711914,0.0,0.3527929186820984
qwen,pixelprose,final_quarter,False,0,0.0,0,0,0,23,4.0,4096,0.0003,True,1.25,1024,512,1200,0.5563498139381409,0.5510717593890149,0.5610958915058291,1.0,0.0,1.0,0.0,0.4920507073402405,0.06429912149906158,0.09026644955784811,3977.3747878448107,0.6111611723899841,0.32933422923088074,0.9974143612486375,0.6969645599226115,0.9979917203293569,2090.87890625,0.5104684829711914,0.0,0.3527929186820984
qwen,pixelprose,final_quarter,False,0,0.0,0,0,0,23,4.0,4096,0.0003,True,1.5,1024,512,1200,0.5563498139381409,0.5510717593890149,0.5610958915058291,1.0,0.0,1.0,0.0,0.4920507073402405,0.06429912149906158,0.09026644955784811,3977.3747878448107,0.6111611723899841,0.32933422923088074,0.9974143612486375,0.6969645599226115,0.9979917203293569,2090.87890625,0.5104684829711914,0.0,0.3527929186820984
qwen,pixelprose,final_quarter,False,0,0.0,0,0,0,23,4.0,4096,0.001,False,1.1,1024,512,1200,0.027947843074798584,0.027566601804392122,0.028352347306372393,0.184814453125,0.00537109375,0.183349609375,0.00390625,0.025394709780812263,0.002553133061155677,0.8624561623971244,605.4886813905293,0.0904669538140297,0.04010048881173134,0.9949814630849553,0.9754530171170855,0.9949543913737401,585.884765625,0.14303827285766602,0.814453125,0.035904210060834885
qwen,pixelprose,final_quarter,False,0,0.0,0,0,0,23,4.0,4096,0.001,False,1.25,1024,512,1200,0.027947843074798584,0.027566601804392122,0.028352347306372393,0.184814453125,0.00537109375,0.183349609375,0.00390625,0.025394709780812263,0.002553133061155677,0.8624561623971244,605.4886813905293,0.0904669538140297,0.04010048881173134,0.9949814630849553,0.9754530171170855,0.9949543913737401,585.884765625,0.14303827285766602,0.814453125,0.035904210060834885
qwen,pixelprose,final_quarter,False,0,0.0,0,0,0,23,4.0,4096,0.001,False,1.5,1024,512,1200,0.027947843074798584,0.027566601804392122,0.028352347306372393,0.180908203125,0.0048828125,0.181884765625,0.005859375,0.025394709780812263,0.002553133061155677,0.8624561623971244,605.4886813905293,0.0904669538140297,0.04010048881173134,0.9949814630849553,0.9754530171170855,0.9949543913737401,585.884765625,0.14303827285766602,0.814453125,0.035904210060834885
qwen,pixelprose,final_quarter,False,0,0.0,0,0,0,23,4.0,4096,0.001,True,1.1,1024,512,1200,0.5405210852622986,0.534795041604957,0.5465580612450139,1.0,0.0,1.0,0.0,0.4756317138671875,0.06488939374685287,0.12823089663794734,3856.8124732459364,0.6428335905075073,0.3236329257488251,0.9985852116690378,0.6927658804759287,0.993253871441482,2036.1484375,0.49710655212402344,0.0,0.3367779850959778
qwen,pixelprose,final_quarter,False,0,0.0,0,0,0,23,4.0,4096,0.001,True,1.25,1024,512,1200,0.5405210852622986,0.534795041604957,0.5465580612450139,1.0,0.0,1.0,0.0,0.4756317138671875,0.06488939374685287,0.12823089663794734,3856.8124732459364,0.6428335905075073,0.3236329257488251,0.9985852116690378,0.6927658804759287,0.993253871441482,2036.1484375,0.49710655212402344,0.0,0.3367779850959778
qwen,pixelprose,final_quarter,False,0,0.0,0,0,0,23,4.0,4096,0.001,True,1.5,1024,512,1200,0.5405210852622986,0.534795041604957,0.5465580612450139,1.0,0.0,1.0,0.0,0.4756317138671875,0.06488939374685287,0.12823089663794734,3856.8124732459364,0.6428335905075073,0.3236329257488251,0.9985852116690378,0.6927658804759287,0.993253871441482,2036.1484375,0.49710655212402344,0.0,0.3367779850959778
qwen,pixelprose,final_quarter,False,0,0.0,0,0,0,37,2.0,4096,0.0003,False,1.1,1024,512,1200,0.027447300031781197,0.0270507651315711,0.02793104386119012,0.16796875,0.005126953125,0.166259765625,0.00341796875,0.024968376383185387,0.0024789245799183846,0.8744560040250142,551.4574381580795,0.09547311067581177,0.04338374733924866,0.9938040815106909,0.974412593361921,0.9956509274180753,541.443359375,0.1321883201599121,0.83154296875,0.03791876137256622
qwen,pixelprose,final_quarter,False,0,0.0,0,0,0,37,2.0,4096,0.0003,False,1.25,1024,512,1200,0.027447300031781197,0.0270507651315711,0.02793104386119012,0.16748046875,0.005126953125,0.166015625,0.003662109375,0.024968376383185387,0.0024789245799183846,0.8744560040250142,551.4574381580795,0.09547311067581177,0.04338374733924866,0.9938040815106909,0.974412593361921,0.9956509274180753,541.443359375,0.1321883201599121,0.83154296875,0.03791876137256622
qwen,pixelprose,final_quarter,False,0,0.0,0,0,0,37,2.0,4096,0.0003,False,1.5,1024,512,1200,0.027447300031781197,0.0270507651315711,0.02793104386119012,0.16650390625,0.005126953125,0.16552734375,0.004150390625,0.024968376383185387,0.0024789245799183846,0.8744560040250142,551.4574381580795,0.09547311067581177,0.04338374733924866,0.9938040815106909,0.974412593361921,0.9956509274180753,541.443359375,0.1321883201599121,0.83154296875,0.03791876137256622
qwen,pixelprose,final_quarter,False,0,0.0,0,0,0,37,2.0,4096,0.0003,True,1.1,1024,512,1200,0.5579330921173096,0.5526747854499263,0.5629183957134956,1.0,0.0,1.0,0.0,0.4929347038269043,0.06499841809272766,0.08797816306938804,3988.9781734313156,0.6418206095695496,0.33716312050819397,0.9973048140753052,0.6999684985134964,0.9948016654230417,2094.619140625,0.5113816261291504,0.0,0.35347676277160645
qwen,pixelprose,final_quarter,False,0,0.0,0,0,0,37,2.0,4096,0.0003,True,1.25,1024,512,1200,0.5579330921173096,0.5526747854499263,0.5629183957134956,1.0,0.0,1.0,0.0,0.4929347038269043,0.06499841809272766,0.08797816306938804,3988.9781734313156,0.6418206095695496,0.33716312050819397,0.9973048140753052,0.6999684985134964,0.9948016654230417,2094.619140625,0.5113816261291504,0.0,0.35347676277160645
qwen,pixelprose,final_quarter,False,0,0.0,0,0,0,37,2.0,4096,0.0003,True,1.5,1024,512,1200,0.5579330921173096,0.5526747854499263,0.5629183957134956,1.0,0.0,1.0,0.0,0.4929347038269043,0.06499841809272766,0.08797816306938804,3988.9781734313156,0.6418206095695496,0.33716312050819397,0.9973048140753052,0.6999684985134964,0.9948016654230417,2094.619140625,0.5113816261291504,0.0,0.35347676277160645
qwen,pixelprose,final_quarter,False,0,0.0,0,0,0,37,2.0,4096,0.001,False,1.1,1024,512,1200,0.026450548321008682,0.02608030797982792,0.026911201742768752,0.16845703125,0.006103515625,0.165771484375,0.00341796875,0.024050574749708176,0.0023999721743166447,0.8761798127385363,545.0243806527111,0.09177161753177643,0.04048887640237808,0.9940111216370401,0.9744111501866062,0.995339465315219,530.119140625,0.1294236183166504,0.831298828125,0.03464619070291519
qwen,pixelprose,final_quarter,False,0,0.0,0,0,0,37,2.0,4096,0.001,False,1.25,1024,512,1200,0.026450548321008682,0.02608030797982792,0.026911201742768752,0.16845703125,0.006103515625,0.165771484375,0.00341796875,0.024050574749708176,0.0023999721743166447,0.8761798127385363,545.0243806527111,0.09177161753177643,0.04048887640237808,0.9940111216370401,0.9744111501866062,0.995339465315219,530.119140625,0.1294236183166504,0.831298828125,0.03464619070291519
qwen,pixelprose,final_quarter,False,0,0.0,0,0,0,37,2.0,4096,0.001,False,1.5,1024,512,1200,0.026450548321008682,0.02608030797982792,0.026911201742768752,0.16552734375,0.005859375,0.16455078125,0.0048828125,0.024050574749708176,0.0023999721743166447,0.8761798127385363,545.0243806527111,0.09177161753177643,0.04048887640237808,0.9940111216370401,0.9744111501866062,0.995339465315219,530.119140625,0.1294236183166504,0.831298828125,0.03464619070291519
qwen,pixelprose,final_quarter,False,0,0.0,0,0,0,37,2.0,4096,0.001,True,1.1,1024,512,1200,0.5515633225440979,0.5464694143258384,0.556696059058595,1.0,0.0,1.0,0.0,0.4871025085449219,0.06446079164743423,0.0868482450682127,3994.386917257602,0.6957330107688904,0.33789512515068054,0.9974412109433002,0.6986735795591399,0.9979098568018787,2086.755859375,0.5094618797302246,0.0,0.3488073945045471
qwen,pixelprose,final_quarter,False,0,0.0,0,0,0,37,2.0,4096,0.001,True,1.25,1024,512,1200,0.5515633225440979,0.5464694143258384,0.556696059058595,1.0,0.0,1.0,0.0,0.4871025085449219,0.06446079164743423,0.0868482450682127,3994.386917257602,0.6957330107688904,0.33789512515068054,0.9974412109433002,0.6986735795591399,0.9979098568018787,2086.755859375,0.5094618797302246,0.0,0.3488073945045471
qwen,pixelprose,final_quarter,False,0,0.0,0,0,0,37,2.0,4096,0.001,True,1.5,1024,512,1200,0.5515633225440979,0.5464694143258384,0.556696059058595,1.0,0.0,1.0,0.0,0.4871025085449219,0.06446079164743423,0.0868482450682127,3994.386917257602,0.6957330107688904,0.33789512515068054,0.9974412109433002,0.6986735795591399,0.9979098568018787,2086.755859375,0.5094618797302246,0.0,0.3488073945045471
qwen,pixelprose,final_quarter,False,0,0.0,0,0,0,37,4.0,4096,0.0003,False,1.1,1024,512,1200,0.027447300031781197,0.0270507651315711,0.02793104386119012,0.16796875,0.005126953125,0.166259765625,0.00341796875,0.024968376383185387,0.0024789245799183846,0.8744560040250142,551.4574381580795,0.09547311067581177,0.04338374733924866,0.9938040815106909,0.974412593361921,0.9956509274180753,541.443359375,0.1321883201599121,0.83154296875,0.03791876137256622
qwen,pixelprose,final_quarter,False,0,0.0,0,0,0,37,4.0,4096,0.0003,False,1.25,1024,512,1200,0.027447300031781197,0.0270507651315711,0.02793104386119012,0.16748046875,0.005126953125,0.166015625,0.003662109375,0.024968376383185387,0.0024789245799183846,0.8744560040250142,551.4574381580795,0.09547311067581177,0.04338374733924866,0.9938040815106909,0.974412593361921,0.9956509274180753,541.443359375,0.1321883201599121,0.83154296875,0.03791876137256622
qwen,pixelprose,final_quarter,False,0,0.0,0,0,0,37,4.0,4096,0.0003,False,1.5,1024,512,1200,0.027447300031781197,0.0270507651315711,0.02793104386119012,0.16650390625,0.005126953125,0.16552734375,0.004150390625,0.024968376383185387,0.0024789245799183846,0.8744560040250142,551.4574381580795,0.09547311067581177,0.04338374733924866,0.9938040815106909,0.974412593361921,0.9956509274180753,541.443359375,0.1321883201599121,0.83154296875,0.03791876137256622
qwen,pixelprose,final_quarter,False,0,0.0,0,0,0,37,4.0,4096,0.0003,True,1.1,1024,512,1200,0.5579330921173096,0.5526747854499263,0.5629183957134956,1.0,0.0,1.0,0.0,0.4929347038269043,0.06499841809272766,0.08797816306938804,3988.9781734313156,0.6418206095695496,0.33716312050819397,0.9973048140753052,0.6999684985134964,0.9948016654230417,2094.619140625,0.5113816261291504,0.0,0.35347676277160645
qwen,pixelprose,final_quarter,False,0,0.0,0,0,0,37,4.0,4096,0.0003,True,1.25,1024,512,1200,0.5579330921173096,0.5526747854499263,0.5629183957134956,1.0,0.0,1.0,0.0,0.4929347038269043,0.06499841809272766,0.08797816306938804,3988.9781734313156,0.6418206095695496,0.33716312050819397,0.9973048140753052,0.6999684985134964,0.9948016654230417,2094.619140625,0.5113816261291504,0.0,0.35347676277160645
qwen,pixelprose,final_quarter,False,0,0.0,0,0,0,37,4.0,4096,0.0003,True,1.5,1024,512,1200,0.5579330921173096,0.5526747854499263,0.5629183957134956,1.0,0.0,1.0,0.0,0.4929347038269043,0.06499841809272766,0.08797816306938804,3988.9781734313156,0.6418206095695496,0.33716312050819397,0.9973048140753052,0.6999684985134964,0.9948016654230417,2094.619140625,0.5113816261291504,0.0,0.35347676277160645
qwen,pixelprose,final_quarter,False,0,0.0,0,0,0,37,4.0,4096,0.001,False,1.1,1024,512,1200,0.026450548321008682,0.02608030797982792,0.026911201742768752,0.16845703125,0.006103515625,0.165771484375,0.00341796875,0.024050574749708176,0.0023999721743166447,0.8761798127385363,545.0243806527111,0.09177161753177643,0.04048887640237808,0.9940111216370401,0.9744111501866062,0.995339465315219,530.119140625,0.1294236183166504,0.831298828125,0.03464619070291519
qwen,pixelprose,final_quarter,False,0,0.0,0,0,0,37,4.0,4096,0.001,False,1.25,1024,512,1200,0.026450548321008682,0.02608030797982792,0.026911201742768752,0.16845703125,0.006103515625,0.165771484375,0.00341796875,0.024050574749708176,0.0023999721743166447,0.8761798127385363,545.0243806527111,0.09177161753177643,0.04048887640237808,0.9940111216370401,0.9744111501866062,0.995339465315219,530.119140625,0.1294236183166504,0.831298828125,0.03464619070291519
qwen,pixelprose,final_quarter,False,0,0.0,0,0,0,37,4.0,4096,0.001,False,1.5,1024,512,1200,0.026450548321008682,0.02608030797982792,0.026911201742768752,0.16552734375,0.005859375,0.16455078125,0.0048828125,0.024050574749708176,0.0023999721743166447,0.8761798127385363,545.0243806527111,0.09177161753177643,0.04048887640237808,0.9940111216370401,0.9744111501866062,0.995339465315219,530.119140625,0.1294236183166504,0.831298828125,0.03464619070291519
qwen,pixelprose,final_quarter,False,0,0.0,0,0,0,37,4.0,4096,0.001,True,1.1,1024,512,1200,0.5515633225440979,0.5464694143258384,0.556696059058595,1.0,0.0,1.0,0.0,0.4871025085449219,0.06446079164743423,0.0868482450682127,3994.386917257602,0.6957330107688904,0.33789512515068054,0.9974412109433002,0.6986735795591399,0.9979098568018787,2086.755859375,0.5094618797302246,0.0,0.3488073945045471
qwen,pixelprose,final_quarter,False,0,0.0,0,0,0,37,4.0,4096,0.001,True,1.25,1024,512,1200,0.5515633225440979,0.5464694143258384,0.556696059058595,1.0,0.0,1.0,0.0,0.4871025085449219,0.06446079164743423,0.0868482450682127,3994.386917257602,0.6957330107688904,0.33789512515068054,0.9974412109433002,0.6986735795591399,0.9979098568018787,2086.755859375,0.5094618797302246,0.0,0.3488073945045471
qwen,pixelprose,final_quarter,False,0,0.0,0,0,0,37,4.0,4096,0.001,True,1.5,1024,512,1200,0.5515633225440979,0.5464694143258384,0.556696059058595,1.0,0.0,1.0,0.0,0.4871025085449219,0.06446079164743423,0.0868482450682127,3994.386917257602,0.6957330107688904,0.33789512515068054,0.9974412109433002,0.6986735795591399,0.9979098568018787,2086.755859375,0.5094618797302246,0.0,0.3488073945045471
qwen,pixelprose,final_quarter,False,1,0.14285714285714285,5,5,5,11,2.0,4096,0.0003,False,1.1,1024,512,1200,0.0645657330751419,0.0637967914215551,0.06545075554331561,0.195068359375,0.002197265625,0.198974609375,0.006103515625,0.05326300859451294,0.011302731931209564,0.8556224600092563,639.4298412764817,0.13200825452804565,0.08430396765470505,0.9958619043562775,0.9823467018786183,0.9953126100231229,646.07421875,0.15773296356201172,0.79541015625,0.08995316177606583
qwen,pixelprose,final_quarter,False,1,0.14285714285714285,5,5,5,11,2.0,4096,0.0003,False,1.25,1024,512,1200,0.0645657330751419,0.0637967914215551,0.06545075554331561,0.193603515625,0.002197265625,0.1982421875,0.0068359375,0.05326300859451294,0.011302731931209564,0.8556224600092563,639.4298412764817,0.13200825452804565,0.08430396765470505,0.9958619043562775,0.9823467018786183,0.9953126100231229,646.07421875,0.15773296356201172,0.79541015625,0.08995316177606583
qwen,pixelprose,final_quarter,False,1,0.14285714285714285,5,5,5,11,2.0,4096,0.0003,False,1.5,1024,512,1200,0.0645657330751419,0.0637967914215551,0.06545075554331561,0.191162109375,0.001953125,0.197265625,0.008056640625,0.05326300859451294,0.011302731931209564,0.8556224600092563,639.4298412764817,0.13200825452804565,0.08430396765470505,0.9958619043562775,0.9823467018786183,0.9953126100231229,646.07421875,0.15773296356201172,0.79541015625,0.08995316177606583
qwen,pixelprose,final_quarter,False,1,0.14285714285714285,5,5,5,11,2.0,4096,0.0003,True,1.1,1024,512,1200,0.5776928067207336,0.5727910124056507,0.5828269505815115,1.0,0.0,1.0,0.0,0.46217095851898193,0.11552183330059052,0.07223501856544914,4021.5483721272863,0.4722011983394623,0.3352404236793518,0.9970980798538405,0.6960827431727756,0.9953491847809937,2008.388671875,0.4903292655944824,0.0,0.32942014932632446
qwen,pixelprose,final_quarter,False,1,0.14285714285714285,5,5,5,11,2.0,4096,0.0003,True,1.25,1024,512,1200,0.5776928067207336,0.5727910124056507,0.5828269505815115,1.0,0.0,1.0,0.0,0.46217095851898193,0.11552183330059052,0.07223501856544914,4021.5483721272863,0.4722011983394623,0.3352404236793518,0.9970980798538405,0.6960827431727756,0.9953491847809937,2008.388671875,0.4903292655944824,0.0,0.32942014932632446
qwen,pixelprose,final_quarter,False,1,0.14285714285714285,5,5,5,11,2.0,4096,0.0003,True,1.5,1024,512,1200,0.5776928067207336,0.5727910124056507,0.5828269505815115,1.0,0.0,1.0,0.0,0.46217095851898193,0.11552183330059052,0.07223501856544914,4021.5483721272863,0.4722011983394623,0.3352404236793518,0.9970980798538405,0.6960827431727756,0.9953491847809937,2008.388671875,0.4903292655944824,0.0,0.32942014932632446
qwen,pixelprose,final_quarter,False,1,0.14285714285714285,5,5,5,11,2.0,4096,0.001,False,1.1,1024,512,1200,0.0636388510465622,0.06291159219799738,0.06448510176305718,0.195068359375,0.002197265625,0.19873046875,0.005859375,0.05248429626226425,0.011154549196362495,0.8556848895569332,637.6059623121207,0.1299264132976532,0.08034387230873108,0.9958960568244342,0.982333855865624,0.9956281591321241,641.673828125,0.15665864944458008,0.795654296875,0.08575709164142609
qwen,pixelprose,final_quarter,False,1,0.14285714285714285,5,5,5,11,2.0,4096,0.001,False,1.25,1024,512,1200,0.0636388510465622,0.06291159219799738,0.06448510176305718,0.193115234375,0.002197265625,0.19775390625,0.0068359375,0.05248429626226425,0.011154549196362495,0.8556848895569332,637.6059623121207,0.1299264132976532,0.08034387230873108,0.9958960568244342,0.982333855865624,0.9956281591321241,641.673828125,0.15665864944458008,0.795654296875,0.08575709164142609
qwen,pixelprose,final_quarter,False,1,0.14285714285714285,5,5,5,11,2.0,4096,0.001,False,1.5,1024,512,1200,0.0636388510465622,0.06291159219799738,0.06448510176305718,0.190673828125,0.001953125,0.19677734375,0.008056640625,0.05248429626226425,0.011154549196362495,0.8556848895569332,637.6059623121207,0.1299264132976532,0.08034387230873108,0.9958960568244342,0.982333855865624,0.9956281591321241,641.673828125,0.15665864944458008,0.795654296875,0.08575709164142609
qwen,pixelprose,final_quarter,False,1,0.14285714285714285,5,5,5,11,2.0,4096,0.001,True,1.1,1024,512,1200,0.571612536907196,0.5667979528196156,0.5769721158823813,1.0,0.0,1.0,0.0,0.457000732421875,0.11461181938648224,0.06656101557611199,4036.143012559851,0.50544273853302,0.33238500356674194,0.9931845477280447,0.6952491092490443,0.9955350385363706,2008.916015625,0.49045801162719727,0.0,0.3254874646663666
qwen,pixelprose,final_quarter,False,1,0.14285714285714285,5,5,5,11,2.0,4096,0.001,True,1.25,1024,512,1200,0.571612536907196,0.5667979528196156,0.5769721158823813,1.0,0.0,1.0,0.0,0.457000732421875,0.11461181938648224,0.06656101557611199,4036.143012559851,0.50544273853302,0.33238500356674194,0.9931845477280447,0.6952491092490443,0.9955350385363706,2008.916015625,0.49045801162719727,0.0,0.3254874646663666
qwen,pixelprose,final_quarter,False,1,0.14285714285714285,5,5,5,11,2.0,4096,0.001,True,1.5,1024,512,1200,0.571612536907196,0.5667979528196156,0.5769721158823813,1.0,0.0,1.0,0.0,0.457000732421875,0.11461181938648224,0.06656101557611199,4036.143012559851,0.50544273853302,0.33238500356674194,0.9931845477280447,0.6952491092490443,0.9955350385363706,2008.916015625,0.49045801162719727,0.0,0.3254874646663666
qwen,pixelprose,final_quarter,False,1,0.14285714285714285,5,5,5,11,4.0,4096,0.0003,False,1.1,1024,512,1200,0.0645657330751419,0.0637967914215551,0.06545075554331561,0.195068359375,0.002197265625,0.198974609375,0.006103515625,0.05326300859451294,0.011302731931209564,0.8556224600092563,639.4298412764817,0.13200825452804565,0.08430396765470505,0.9958619043562775,0.9823467018786183,0.9953126100231229,646.07421875,0.15773296356201172,0.79541015625,0.08995316177606583
qwen,pixelprose,final_quarter,False,1,0.14285714285714285,5,5,5,11,4.0,4096,0.0003,False,1.25,1024,512,1200,0.0645657330751419,0.0637967914215551,0.06545075554331561,0.193603515625,0.002197265625,0.1982421875,0.0068359375,0.05326300859451294,0.011302731931209564,0.8556224600092563,639.4298412764817,0.13200825452804565,0.08430396765470505,0.9958619043562775,0.9823467018786183,0.9953126100231229,646.07421875,0.15773296356201172,0.79541015625,0.08995316177606583
qwen,pixelprose,final_quarter,False,1,0.14285714285714285,5,5,5,11,4.0,4096,0.0003,False,1.5,1024,512,1200,0.0645657330751419,0.0637967914215551,0.06545075554331561,0.191162109375,0.001953125,0.197265625,0.008056640625,0.05326300859451294,0.011302731931209564,0.8556224600092563,639.4298412764817,0.13200825452804565,0.08430396765470505,0.9958619043562775,0.9823467018786183,0.9953126100231229,646.07421875,0.15773296356201172,0.79541015625,0.08995316177606583
qwen,pixelprose,final_quarter,False,1,0.14285714285714285,5,5,5,11,4.0,4096,0.0003,True,1.1,1024,512,1200,0.5776928067207336,0.5727910124056507,0.5828269505815115,1.0,0.0,1.0,0.0,0.46217095851898193,0.11552183330059052,0.07223501856544914,4021.5483721272863,0.4722011983394623,0.3352404236793518,0.9970980798538405,0.6960827431727756,0.9953491847809937,2008.388671875,0.4903292655944824,0.0,0.32942014932632446
qwen,pixelprose,final_quarter,False,1,0.14285714285714285,5,5,5,11,4.0,4096,0.0003,True,1.25,1024,512,1200,0.5776928067207336,0.5727910124056507,0.5828269505815115,1.0,0.0,1.0,0.0,0.46217095851898193,0.11552183330059052,0.07223501856544914,4021.5483721272863,0.4722011983394623,0.3352404236793518,0.9970980798538405,0.6960827431727756,0.9953491847809937,2008.388671875,0.4903292655944824,0.0,0.32942014932632446
qwen,pixelprose,final_quarter,False,1,0.14285714285714285,5,5,5,11,4.0,4096,0.0003,True,1.5,1024,512,1200,0.5776928067207336,0.5727910124056507,0.5828269505815115,1.0,0.0,1.0,0.0,0.46217095851898193,0.11552183330059052,0.07223501856544914,4021.5483721272863,0.4722011983394623,0.3352404236793518,0.9970980798538405,0.6960827431727756,0.9953491847809937,2008.388671875,0.4903292655944824,0.0,0.32942014932632446
qwen,pixelprose,final_quarter,False,1,0.14285714285714285,5,5,5,11,4.0,4096,0.001,False,1.1,1024,512,1200,0.0636388510465622,0.06291159219799738,0.06448510176305718,0.195068359375,0.002197265625,0.19873046875,0.005859375,0.05248429626226425,0.011154549196362495,0.8556848895569332,637.6059623121207,0.1299264132976532,0.08034387230873108,0.9958960568244342,0.982333855865624,0.9956281591321241,641.673828125,0.15665864944458008,0.795654296875,0.08575709164142609
qwen,pixelprose,final_quarter,False,1,0.14285714285714285,5,5,5,11,4.0,4096,0.001,False,1.25,1024,512,1200,0.0636388510465622,0.06291159219799738,0.06448510176305718,0.193115234375,0.002197265625,0.19775390625,0.0068359375,0.05248429626226425,0.011154549196362495,0.8556848895569332,637.6059623121207,0.1299264132976532,0.08034387230873108,0.9958960568244342,0.982333855865624,0.9956281591321241,641.673828125,0.15665864944458008,0.795654296875,0.08575709164142609
qwen,pixelprose,final_quarter,False,1,0.14285714285714285,5,5,5,11,4.0,4096,0.001,False,1.5,1024,512,1200,0.0636388510465622,0.06291159219799738,0.06448510176305718,0.190673828125,0.001953125,0.19677734375,0.008056640625,0.05248429626226425,0.011154549196362495,0.8556848895569332,637.6059623121207,0.1299264132976532,0.08034387230873108,0.9958960568244342,0.982333855865624,0.9956281591321241,641.673828125,0.15665864944458008,0.795654296875,0.08575709164142609
qwen,pixelprose,final_quarter,False,1,0.14285714285714285,5,5,5,11,4.0,4096,0.001,True,1.1,1024,512,1200,0.571612536907196,0.5667979528196156,0.5769721158823813,1.0,0.0,1.0,0.0,0.457000732421875,0.11461181938648224,0.06656101557611199,4036.143012559851,0.50544273853302,0.33238500356674194,0.9931845477280447,0.6952491092490443,0.9955350385363706,2008.916015625,0.49045801162719727,0.0,0.3254874646663666
qwen,pixelprose,final_quarter,False,1,0.14285714285714285,5,5,5,11,4.0,4096,0.001,True,1.25,1024,512,1200,0.571612536907196,0.5667979528196156,0.5769721158823813,1.0,0.0,1.0,0.0,0.457000732421875,0.11461181938648224,0.06656101557611199,4036.143012559851,0.50544273853302,0.33238500356674194,0.9931845477280447,0.6952491092490443,0.9955350385363706,2008.916015625,0.49045801162719727,0.0,0.3254874646663666
qwen,pixelprose,final_quarter,False,1,0.14285714285714285,5,5,5,11,4.0,4096,0.001,True,1.5,1024,512,1200,0.571612536907196,0.5667979528196156,0.5769721158823813,1.0,0.0,1.0,0.0,0.457000732421875,0.11461181938648224,0.06656101557611199,4036.143012559851,0.50544273853302,0.33238500356674194,0.9931845477280447,0.6952491092490443,0.9955350385363706,2008.916015625,0.49045801162719727,0.0,0.3254874646663666
qwen,pixelprose,final_quarter,False,1,0.14285714285714285,5,5,5,23,2.0,4096,0.0003,False,1.1,1024,512,1200,0.06621652841567993,0.06537524168834352,0.06708707595662418,0.204833984375,0.00439453125,0.204833984375,0.00439453125,0.05475977808237076,0.011456751264631748,0.8510826265431611,658.5819517600783,0.13471385836601257,0.08582816272974014,0.9961659614347678,0.9825256868425624,0.9957987216262766,660.029296875,0.16113996505737305,0.79296875,0.09095518290996552
qwen,pixelprose,final_quarter,False,1,0.14285714285714285,5,5,5,23,2.0,4096,0.0003,False,1.25,1024,512,1200,0.06621652841567993,0.06537524168834352,0.06708707595662418,0.201904296875,0.00390625,0.203857421875,0.005859375,0.05475977808237076,0.011456751264631748,0.8510826265431611,658.5819517600783,0.13471385836601257,0.08582816272974014,0.9961659614347678,0.9825256868425624,0.9957987216262766,660.029296875,0.16113996505737305,0.79296875,0.09095518290996552
qwen,pixelprose,final_quarter,False,1,0.14285714285714285,5,5,5,23,2.0,4096,0.0003,False,1.5,1024,512,1200,0.06621652841567993,0.06537524168834352,0.06708707595662418,0.198486328125,0.003173828125,0.202880859375,0.007568359375,0.05475977808237076,0.011456751264631748,0.8510826265431611,658.5819517600783,0.13471385836601257,0.08582816272974014,0.9961659614347678,0.9825256868425624,0.9957987216262766,660.029296875,0.16113996505737305,0.79296875,0.09095518290996552
qwen,pixelprose,final_quarter,False,1,0.14285714285714285,5,5,5,23,2.0,4096,0.0003,True,1.1,1024,512,1200,0.5756556391716003,0.570624486169254,0.5808100221460336,1.0,0.0,1.0,0.0,0.46096712350845337,0.11468851566314697,0.0786078105179257,4007.937033793725,0.5356733798980713,0.3367733657360077,0.9902306682778352,0.6978824673953103,0.992679948445827,2010.556640625,0.4908585548400879,0.0,0.3292962312698364
qwen,pixelprose,final_quarter,False,1,0.14285714285714285,5,5,5,23,2.0,4096,0.0003,True,1.25,1024,512,1200,0.5756556391716003,0.570624486169254,0.5808100221460336,1.0,0.0,1.0,0.0,0.46096712350845337,0.11468851566314697,0.0786078105179257,4007.937033793725,0.5356733798980713,0.3367733657360077,0.9902306682778352,0.6978824673953103,0.992679948445827,2010.556640625,0.4908585548400879,0.0,0.3292962312698364
qwen,pixelprose,final_quarter,False,1,0.14285714285714285,5,5,5,23,2.0,4096,0.0003,True,1.5,1024,512,1200,0.5756556391716003,0.570624486169254,0.5808100221460336,1.0,0.0,1.0,0.0,0.46096712350845337,0.11468851566314697,0.0786078105179257,4007.937033793725,0.5356733798980713,0.3367733657360077,0.9902306682778352,0.6978824673953103,0.992679948445827,2010.556640625,0.4908585548400879,0.0,0.3292962312698364
qwen,pixelprose,final_quarter,False,1,0.14285714285714285,5,5,5,23,2.0,4096,0.001,False,1.1,1024,512,1200,0.06537540256977081,0.06453576283547591,0.06623503981991234,0.205810546875,0.00390625,0.2060546875,0.004150390625,0.05404692143201828,0.011328484863042831,0.8512799608664949,656.6146900832197,0.1320216804742813,0.08158384263515472,0.9961769499487945,0.9824950958655659,0.9960474274734658,655.966796875,0.16014814376831055,0.793212890625,0.0872010737657547
qwen,pixelprose,final_quarter,False,1,0.14285714285714285,5,5,5,23,2.0,4096,0.001,False,1.25,1024,512,1200,0.06537540256977081,0.06453576283547591,0.06623503981991234,0.202880859375,0.00341796875,0.205078125,0.005615234375,0.05404692143201828,0.011328484863042831,0.8512799608664949,656.6146900832197,0.1320216804742813,0.08158384263515472,0.9961769499487945,0.9824950958655659,0.9960474274734658,655.966796875,0.16014814376831055,0.793212890625,0.0872010737657547
qwen,pixelprose,final_quarter,False,1,0.14285714285714285,5,5,5,23,2.0,4096,0.001,False,1.5,1024,512,1200,0.06537540256977081,0.06453576283547591,0.06623503981991234,0.199462890625,0.003173828125,0.20361328125,0.00732421875,0.05404692143201828,0.011328484863042831,0.8512799608664949,656.6146900832197,0.1320216804742813,0.08158384263515472,0.9961769499487945,0.9824950958655659,0.9960474274734658,655.966796875,0.16014814376831055,0.793212890625,0.0872010737657547
qwen,pixelprose,final_quarter,False,1,0.14285714285714285,5,5,5,23,2.0,4096,0.001,True,1.1,1024,512,1200,0.5792447328567505,0.5742574062343919,0.5846400291455212,1.0,0.0,1.0,0.0,0.46332883834838867,0.11591586470603943,0.08741403394204345,3955.9516862398577,0.5702074766159058,0.32649070024490356,0.9968475019423255,0.6916701795909264,0.9939404736377401,2006.939453125,0.4899754524230957,0.0,0.3315500020980835
qwen,pixelprose,final_quarter,False,1,0.14285714285714285,5,5,5,23,2.0,4096,0.001,True,1.25,1024,512,1200,0.5792447328567505,0.5742574062343919,0.5846400291455212,1.0,0.0,1.0,0.0,0.46332883834838867,0.11591586470603943,0.08741403394204345,3955.9516862398577,0.5702074766159058,0.32649070024490356,0.9968475019423255,0.6916701795909264,0.9939404736377401,2006.939453125,0.4899754524230957,0.0,0.3315500020980835
qwen,pixelprose,final_quarter,False,1,0.14285714285714285,5,5,5,23,2.0,4096,0.001,True,1.5,1024,512,1200,0.5792447328567505,0.5742574062343919,0.5846400291455212,1.0,0.0,1.0,0.0,0.46332883834838867,0.11591586470603943,0.08741403394204345,3955.9516862398577,0.5702074766159058,0.32649070024490356,0.9968475019423255,0.6916701795909264,0.9939404736377401,2006.939453125,0.4899754524230957,0.0,0.3315500020980835
qwen,pixelprose,final_quarter,False,1,0.14285714285714285,5,5,5,23,4.0,4096,0.0003,False,1.1,1024,512,1200,0.06621652841567993,0.06537524168834352,0.06708707595662418,0.204833984375,0.00439453125,0.204833984375,0.00439453125,0.05475977808237076,0.011456751264631748,0.8510826265431611,658.5819517600783,0.13471385836601257,0.08582816272974014,0.9961659614347678,0.9825256868425624,0.9957987216262766,660.029296875,0.16113996505737305,0.79296875,0.09095518290996552
qwen,pixelprose,final_quarter,False,1,0.14285714285714285,5,5,5,23,4.0,4096,0.0003,False,1.25,1024,512,1200,0.06621652841567993,0.06537524168834352,0.06708707595662418,0.201904296875,0.00390625,0.203857421875,0.005859375,0.05475977808237076,0.011456751264631748,0.8510826265431611,658.5819517600783,0.13471385836601257,0.08582816272974014,0.9961659614347678,0.9825256868425624,0.9957987216262766,660.029296875,0.16113996505737305,0.79296875,0.09095518290996552
qwen,pixelprose,final_quarter,False,1,0.14285714285714285,5,5,5,23,4.0,4096,0.0003,False,1.5,1024,512,1200,0.06621652841567993,0.06537524168834352,0.06708707595662418,0.198486328125,0.003173828125,0.202880859375,0.007568359375,0.05475977808237076,0.011456751264631748,0.8510826265431611,658.5819517600783,0.13471385836601257,0.08582816272974014,0.9961659614347678,0.9825256868425624,0.9957987216262766,660.029296875,0.16113996505737305,0.79296875,0.09095518290996552
qwen,pixelprose,final_quarter,False,1,0.14285714285714285,5,5,5,23,4.0,4096,0.0003,True,1.1,1024,512,1200,0.5756556391716003,0.570624486169254,0.5808100221460336,1.0,0.0,1.0,0.0,0.46096712350845337,0.11468851566314697,0.0786078105179257,4007.937033793725,0.5356733798980713,0.3367733657360077,0.9902306682778352,0.6978824673953103,0.992679948445827,2010.556640625,0.4908585548400879,0.0,0.3292962312698364
qwen,pixelprose,final_quarter,False,1,0.14285714285714285,5,5,5,23,4.0,4096,0.0003,True,1.25,1024,512,1200,0.5756556391716003,0.570624486169254,0.5808100221460336,1.0,0.0,1.0,0.0,0.46096712350845337,0.11468851566314697,0.0786078105179257,4007.937033793725,0.5356733798980713,0.3367733657360077,0.9902306682778352,0.6978824673953103,0.992679948445827,2010.556640625,0.4908585548400879,0.0,0.3292962312698364
qwen,pixelprose,final_quarter,False,1,0.14285714285714285,5,5,5,23,4.0,4096,0.0003,True,1.5,1024,512,1200,0.5756556391716003,0.570624486169254,0.5808100221460336,1.0,0.0,1.0,0.0,0.46096712350845337,0.11468851566314697,0.0786078105179257,4007.937033793725,0.5356733798980713,0.3367733657360077,0.9902306682778352,0.6978824673953103,0.992679948445827,2010.556640625,0.4908585548400879,0.0,0.3292962312698364
qwen,pixelprose,final_quarter,False,1,0.14285714285714285,5,5,5,23,4.0,4096,0.001,False,1.1,1024,512,1200,0.06537540256977081,0.06453576283547591,0.06623503981991234,0.205810546875,0.00390625,0.2060546875,0.004150390625,0.05404692143201828,0.011328484863042831,0.8512799608664949,656.6146900832197,0.1320216804742813,0.08158384263515472,0.9961769499487945,0.9824950958655659,0.9960474274734658,655.966796875,0.16014814376831055,0.793212890625,0.0872010737657547
qwen,pixelprose,final_quarter,False,1,0.14285714285714285,5,5,5,23,4.0,4096,0.001,False,1.25,1024,512,1200,0.06537540256977081,0.06453576283547591,0.06623503981991234,0.202880859375,0.00341796875,0.205078125,0.005615234375,0.05404692143201828,0.011328484863042831,0.8512799608664949,656.6146900832197,0.1320216804742813,0.08158384263515472,0.9961769499487945,0.9824950958655659,0.9960474274734658,655.966796875,0.16014814376831055,0.793212890625,0.0872010737657547
qwen,pixelprose,final_quarter,False,1,0.14285714285714285,5,5,5,23,4.0,4096,0.001,False,1.5,1024,512,1200,0.06537540256977081,0.06453576283547591,0.06623503981991234,0.199462890625,0.003173828125,0.20361328125,0.00732421875,0.05404692143201828,0.011328484863042831,0.8512799608664949,656.6146900832197,0.1320216804742813,0.08158384263515472,0.9961769499487945,0.9824950958655659,0.9960474274734658,655.966796875,0.16014814376831055,0.793212890625,0.0872010737657547
qwen,pixelprose,final_quarter,False,1,0.14285714285714285,5,5,5,23,4.0,4096,0.001,True,1.1,1024,512,1200,0.5792447328567505,0.5742574062343919,0.5846400291455212,1.0,0.0,1.0,0.0,0.46332883834838867,0.11591586470603943,0.08741403394204345,3955.9516862398577,0.5702074766159058,0.32649070024490356,0.9968475019423255,0.6916701795909264,0.9939404736377401,2006.939453125,0.4899754524230957,0.0,0.3315500020980835
qwen,pixelprose,final_quarter,False,1,0.14285714285714285,5,5,5,23,4.0,4096,0.001,True,1.25,1024,512,1200,0.5792447328567505,0.5742574062343919,0.5846400291455212,1.0,0.0,1.0,0.0,0.46332883834838867,0.11591586470603943,0.08741403394204345,3955.9516862398577,0.5702074766159058,0.32649070024490356,0.9968475019423255,0.6916701795909264,0.9939404736377401,2006.939453125,0.4899754524230957,0.0,0.3315500020980835
qwen,pixelprose,final_quarter,False,1,0.14285714285714285,5,5,5,23,4.0,4096,0.001,True,1.5,1024,512,1200,0.5792447328567505,0.5742574062343919,0.5846400291455212,1.0,0.0,1.0,0.0,0.46332883834838867,0.11591586470603943,0.08741403394204345,3955.9516862398577,0.5702074766159058,0.32649070024490356,0.9968475019423255,0.6916701795909264,0.9939404736377401,2006.939453125,0.4899754524230957,0.0,0.3315500020980835
qwen,pixelprose,final_quarter,False,1,0.14285714285714285,5,5,5,37,2.0,4096,0.0003,False,1.1,1024,512,1200,0.06417685747146606,0.06340193840042048,0.06499113445624971,0.194580078125,0.002197265625,0.195556640625,0.003173828125,0.05295911058783531,0.011217748746275902,0.8565832632872515,634.1930725198093,0.13571718335151672,0.08583242446184158,0.9960265249144861,0.9825198864169582,0.9956696701296653,641.607421875,0.15664243698120117,0.802978515625,0.08877286314964294
qwen,pixelprose,final_quarter,False,1,0.14285714285714285,5,5,5,37,2.0,4096,0.0003,False,1.25,1024,512,1200,0.06417685747146606,0.06340193840042048,0.06499113445624971,0.192138671875,0.002197265625,0.1943359375,0.00439453125,0.05295911058783531,0.011217748746275902,0.8565832632872515,634.1930725198093,0.13571718335151672,0.08583242446184158,0.9960265249144861,0.9825198864169582,0.9956696701296653,641.607421875,0.15664243698120117,0.802978515625,0.08877286314964294
qwen,pixelprose,final_quarter,False,1,0.14285714285714285,5,5,5,37,2.0,4096,0.0003,False,1.5,1024,512,1200,0.06417685747146606,0.06340193840042048,0.06499113445624971,0.190673828125,0.001953125,0.19384765625,0.005126953125,0.05295911058783531,0.011217748746275902,0.8565832632872515,634.1930725198093,0.13571718335151672,0.08583242446184158,0.9960265249144861,0.9825198864169582,0.9956696701296653,641.607421875,0.15664243698120117,0.802978515625,0.08877286314964294
qwen,pixelprose,final_quarter,False,1,0.14285714285714285,5,5,5,37,2.0,4096,0.0003,True,1.1,1024,512,1200,0.610076904296875,0.6050708001916064,0.6159435601395671,1.0,0.0,1.0,0.0,0.488595575094223,0.12148134410381317,0.06647003608508707,4038.6465164515653,0.5954186320304871,0.3363104462623596,0.9971129782226711,0.6890017749840424,0.9948154950025414,2050.2578125,0.5005512237548828,0.0,0.3523949086666107
qwen,pixelprose,final_quarter,False,1,0.14285714285714285,5,5,5,37,2.0,4096,0.0003,True,1.25,1024,512,1200,0.610076904296875,0.6050708001916064,0.6159435601395671,1.0,0.0,1.0,0.0,0.488595575094223,0.12148134410381317,0.06647003608508707,4038.6465164515653,0.5954186320304871,0.3363104462623596,0.9971129782226711,0.6890017749840424,0.9948154950025414,2050.2578125,0.5005512237548828,0.0,0.3523949086666107
qwen,pixelprose,final_quarter,False,1,0.14285714285714285,5,5,5,37,2.0,4096,0.0003,True,1.5,1024,512,1200,0.610076904296875,0.6050708001916064,0.6159435601395671,1.0,0.0,1.0,0.0,0.488595575094223,0.12148134410381317,0.06647003608508707,4038.6465164515653,0.5954186320304871,0.3363104462623596,0.9971129782226711,0.6890017749840424,0.9948154950025414,2050.2578125,0.5005512237548828,0.0,0.3523949086666107
qwen,pixelprose,final_quarter,False,1,0.14285714285714285,5,5,5,37,2.0,4096,0.001,False,1.1,1024,512,1200,0.06345345824956894,0.06269952059083153,0.06426873658365366,0.1953125,0.001953125,0.19677734375,0.00341796875,0.0523499958217144,0.011103460565209389,0.8570708183750618,632.2654451901641,0.13187949359416962,0.08317000418901443,0.9958522847263341,0.9822731866253077,0.9960447688460684,637.6953125,0.1556873321533203,0.802001953125,0.08463387191295624
qwen,pixelprose,final_quarter,False,1,0.14285714285714285,5,5,5,37,2.0,4096,0.001,False,1.25,1024,512,1200,0.06345345824956894,0.06269952059083153,0.06426873658365366,0.19287109375,0.001953125,0.195556640625,0.004638671875,0.0523499958217144,0.011103460565209389,0.8570708183750618,632.2654451901641,0.13187949359416962,0.08317000418901443,0.9958522847263341,0.9822731866253077,0.9960447688460684,637.6953125,0.1556873321533203,0.802001953125,0.08463387191295624
qwen,pixelprose,final_quarter,False,1,0.14285714285714285,5,5,5,37,2.0,4096,0.001,False,1.5,1024,512,1200,0.06345345824956894,0.06269952059083153,0.06426873658365366,0.19189453125,0.001953125,0.195068359375,0.005126953125,0.0523499958217144,0.011103460565209389,0.8570708183750618,632.2654451901641,0.13187949359416962,0.08317000418901443,0.9958522847263341,0.9822731866253077,0.9960447688460684,637.6953125,0.1556873321533203,0.802001953125,0.08463387191295624
qwen,pixelprose,final_quarter,False,1,0.14285714285714285,5,5,5,37,2.0,4096,0.001,True,1.1,1024,512,1200,0.6046187877655029,0.599470045560156,0.6105983551286045,1.0,0.0,1.0,0.0,0.48398375511169434,0.1206350326538086,0.07224485927937263,4023.571100330041,0.5952109098434448,0.3374980688095093,0.9985455361198446,0.6895948951992996,0.9952805356854457,2047.875,0.499969482421875,0.0,0.34881243109703064
qwen,pixelprose,final_quarter,False,1,0.14285714285714285,5,5,5,37,2.0,4096,0.001,True,1.25,1024,512,1200,0.6046187877655029,0.599470045560156,0.6105983551286045,1.0,0.0,1.0,0.0,0.48398375511169434,0.1206350326538086,0.07224485927937263,4023.571100330041,0.5952109098434448,0.3374980688095093,0.9985455361198446,0.6895948951992996,0.9952805356854457,2047.875,0.499969482421875,0.0,0.34881243109703064
qwen,pixelprose,final_quarter,False,1,0.14285714285714285,5,5,5,37,2.0,4096,0.001,True,1.5,1024,512,1200,0.6046187877655029,0.599470045560156,0.6105983551286045,1.0,0.0,1.0,0.0,0.48398375511169434,0.1206350326538086,0.07224485927937263,4023.571100330041,0.5952109098434448,0.3374980688095093,0.9985455361198446,0.6895948951992996,0.9952805356854457,2047.875,0.499969482421875,0.0,0.34881243109703064
qwen,pixelprose,final_quarter,False,1,0.14285714285714285,5,5,5,37,4.0,4096,0.0003,False,1.1,1024,512,1200,0.06417685747146606,0.06340193840042048,0.06499113445624971,0.194580078125,0.002197265625,0.195556640625,0.003173828125,0.05295911058783531,0.011217748746275902,0.8565832632872515,634.1930725198093,0.13571718335151672,0.08583242446184158,0.9960265249144861,0.9825198864169582,0.9956696701296653,641.607421875,0.15664243698120117,0.802978515625,0.08877286314964294
qwen,pixelprose,final_quarter,False,1,0.14285714285714285,5,5,5,37,4.0,4096,0.0003,False,1.25,1024,512,1200,0.06417685747146606,0.06340193840042048,0.06499113445624971,0.192138671875,0.002197265625,0.1943359375,0.00439453125,0.05295911058783531,0.011217748746275902,0.8565832632872515,634.1930725198093,0.13571718335151672,0.08583242446184158,0.9960265249144861,0.9825198864169582,0.9956696701296653,641.607421875,0.15664243698120117,0.802978515625,0.08877286314964294
qwen,pixelprose,final_quarter,False,1,0.14285714285714285,5,5,5,37,4.0,4096,0.0003,False,1.5,1024,512,1200,0.06417685747146606,0.06340193840042048,0.06499113445624971,0.190673828125,0.001953125,0.19384765625,0.005126953125,0.05295911058783531,0.011217748746275902,0.8565832632872515,634.1930725198093,0.13571718335151672,0.08583242446184158,0.9960265249144861,0.9825198864169582,0.9956696701296653,641.607421875,0.15664243698120117,0.802978515625,0.08877286314964294
qwen,pixelprose,final_quarter,False,1,0.14285714285714285,5,5,5,37,4.0,4096,0.0003,True,1.1,1024,512,1200,0.610076904296875,0.6050708001916064,0.6159435601395671,1.0,0.0,1.0,0.0,0.488595575094223,0.12148134410381317,0.06647003608508707,4038.6465164515653,0.5954186320304871,0.3363104462623596,0.9971129782226711,0.6890017749840424,0.9948154950025414,2050.2578125,0.5005512237548828,0.0,0.3523949086666107
qwen,pixelprose,final_quarter,False,1,0.14285714285714285,5,5,5,37,4.0,4096,0.0003,True,1.25,1024,512,1200,0.610076904296875,0.6050708001916064,0.6159435601395671,1.0,0.0,1.0,0.0,0.488595575094223,0.12148134410381317,0.06647003608508707,4038.6465164515653,0.5954186320304871,0.3363104462623596,0.9971129782226711,0.6890017749840424,0.9948154950025414,2050.2578125,0.5005512237548828,0.0,0.3523949086666107
qwen,pixelprose,final_quarter,False,1,0.14285714285714285,5,5,5,37,4.0,4096,0.0003,True,1.5,1024,512,1200,0.610076904296875,0.6050708001916064,0.6159435601395671,1.0,0.0,1.0,0.0,0.488595575094223,0.12148134410381317,0.06647003608508707,4038.6465164515653,0.5954186320304871,0.3363104462623596,0.9971129782226711,0.6890017749840424,0.9948154950025414,2050.2578125,0.5005512237548828,0.0,0.3523949086666107
qwen,pixelprose,final_quarter,False,1,0.14285714285714285,5,5,5,37,4.0,4096,0.001,False,1.1,1024,512,1200,0.06345345824956894,0.06269952059083153,0.06426873658365366,0.1953125,0.001953125,0.19677734375,0.00341796875,0.0523499958217144,0.011103460565209389,0.8570708183750618,632.2654451901641,0.13187949359416962,0.08317000418901443,0.9958522847263341,0.9822731866253077,0.9960447688460684,637.6953125,0.1556873321533203,0.802001953125,0.08463387191295624
qwen,pixelprose,final_quarter,False,1,0.14285714285714285,5,5,5,37,4.0,4096,0.001,False,1.25,1024,512,1200,0.06345345824956894,0.06269952059083153,0.06426873658365366,0.19287109375,0.001953125,0.195556640625,0.004638671875,0.0523499958217144,0.011103460565209389,0.8570708183750618,632.2654451901641,0.13187949359416962,0.08317000418901443,0.9958522847263341,0.9822731866253077,0.9960447688460684,637.6953125,0.1556873321533203,0.802001953125,0.08463387191295624
qwen,pixelprose,final_quarter,False,1,0.14285714285714285,5,5,5,37,4.0,4096,0.001,False,1.5,1024,512,1200,0.06345345824956894,0.06269952059083153,0.06426873658365366,0.19189453125,0.001953125,0.195068359375,0.005126953125,0.0523499958217144,0.011103460565209389,0.8570708183750618,632.2654451901641,0.13187949359416962,0.08317000418901443,0.9958522847263341,0.9822731866253077,0.9960447688460684,637.6953125,0.1556873321533203,0.802001953125,0.08463387191295624
qwen,pixelprose,final_quarter,False,1,0.14285714285714285,5,5,5,37,4.0,4096,0.001,True,1.1,1024,512,1200,0.6046187877655029,0.599470045560156,0.6105983551286045,1.0,0.0,1.0,0.0,0.48398375511169434,0.1206350326538086,0.07224485927937263,4023.571100330041,0.5952109098434448,0.3374980688095093,0.9985455361198446,0.6895948951992996,0.9952805356854457,2047.875,0.499969482421875,0.0,0.34881243109703064
qwen,pixelprose,final_quarter,False,1,0.14285714285714285,5,5,5,37,4.0,4096,0.001,True,1.25,1024,512,1200,0.6046187877655029,0.599470045560156,0.6105983551286045,1.0,0.0,1.0,0.0,0.48398375511169434,0.1206350326538086,0.07224485927937263,4023.571100330041,0.5952109098434448,0.3374980688095093,0.9985455361198446,0.6895948951992996,0.9952805356854457,2047.875,0.499969482421875,0.0,0.34881243109703064
qwen,pixelprose,final_quarter,False,1,0.14285714285714285,5,5,5,37,4.0,4096,0.001,True,1.5,1024,512,1200,0.6046187877655029,0.599470045560156,0.6105983551286045,1.0,0.0,1.0,0.0,0.48398375511169434,0.1206350326538086,0.07224485927937263,4023.571100330041,0.5952109098434448,0.3374980688095093,0.9985455361198446,0.6895948951992996,0.9952805356854457,2047.875,0.499969482421875,0.0,0.34881243109703064
qwen,pixelprose,final_quarter,False,2,0.2857142857142857,10,10,10,11,2.0,4096,0.0003,False,1.1,1024,512,1200,0.12188928574323654,0.12070266056944093,0.12326814464613563,0.210693359375,0.00244140625,0.2119140625,0.003662109375,0.09840124845504761,0.023488039150834084,0.8428519956002429,695.8643630302188,0.18222534656524658,0.139214426279068,0.9955842685387071,0.9721764894571967,0.9965855454324541,677.31640625,0.1653604507446289,0.7861328125,0.14892743527889252
qwen,pixelprose,final_quarter,False,2,0.2857142857142857,10,10,10,11,2.0,4096,0.0003,False,1.25,1024,512,1200,0.12188928574323654,0.12070266056944093,0.12326814464613563,0.209716796875,0.00244140625,0.21142578125,0.004150390625,0.09840124845504761,0.023488039150834084,0.8428519956002429,695.8643630302188,0.18222534656524658,0.139214426279068,0.9955842685387071,0.9721764894571967,0.9965855454324541,677.31640625,0.1653604507446289,0.7861328125,0.14892743527889252
qwen,pixelprose,final_quarter,False,2,0.2857142857142857,10,10,10,11,2.0,4096,0.0003,False,1.5,1024,512,1200,0.12188928574323654,0.12070266056944093,0.12326814464613563,0.207763671875,0.00244140625,0.21044921875,0.005126953125,0.09840124845504761,0.023488039150834084,0.8428519956002429,695.8643630302188,0.18222534656524658,0.139214426279068,0.9955842685387071,0.9721764894571967,0.9965855454324541,677.31640625,0.1653604507446289,0.7861328125,0.14892743527889252
qwen,pixelprose,final_quarter,False,2,0.2857142857142857,10,10,10,11,2.0,4096,0.0003,True,1.1,1024,512,1200,0.5863089561462402,0.5816789093034458,0.5914799653823138,1.0,0.0,1.0,0.0,0.45735111832618713,0.1289578676223755,0.07284930486424875,4019.4457788494246,0.6061127781867981,0.32420793175697327,0.9941337729657318,0.6922018926093579,0.9933359758791303,1962.3203125,0.4790821075439453,0.0,0.3270335793495178
qwen,pixelprose,final_quarter,False,2,0.2857142857142857,10,10,10,11,2.0,4096,0.0003,True,1.25,1024,512,1200,0.5863089561462402,0.5816789093034458,0.5914799653823138,1.0,0.0,1.0,0.0,0.45735111832618713,0.1289578676223755,0.07284930486424875,4019.4457788494246,0.6061127781867981,0.32420793175697327,0.9941337729657318,0.6922018926093579,0.9933359758791303,1962.3203125,0.4790821075439453,0.0,0.3270335793495178
qwen,pixelprose,final_quarter,False,2,0.2857142857142857,10,10,10,11,2.0,4096,0.0003,True,1.5,1024,512,1200,0.5863089561462402,0.5816789093034458,0.5914799653823138,1.0,0.0,1.0,0.0,0.45735111832618713,0.1289578676223755,0.07284930486424875,4019.4457788494246,0.6061127781867981,0.32420793175697327,0.9941337729657318,0.6922018926093579,0.9933359758791303,1962.3203125,0.4790821075439453,0.0,0.3270335793495178
qwen,pixelprose,final_quarter,False,2,0.2857142857142857,10,10,10,11,2.0,4096,0.001,False,1.1,1024,512,1200,0.12036091089248657,0.11918932724402112,0.12170461634050297,0.2099609375,0.002685546875,0.210693359375,0.00341796875,0.09711949527263641,0.02324141561985016,0.8434755347627809,692.777046930532,0.1786883920431137,0.13518181443214417,0.9952827119717896,0.9717620915772474,0.9963792105168097,670.60546875,0.16372203826904297,0.78759765625,0.14388073980808258
qwen,pixelprose,final_quarter,False,2,0.2857142857142857,10,10,10,11,2.0,4096,0.001,False,1.25,1024,512,1200,0.12036091089248657,0.11918932724402112,0.12170461634050297,0.20849609375,0.002685546875,0.2099609375,0.004150390625,0.09711949527263641,0.02324141561985016,0.8434755347627809,692.777046930532,0.1786883920431137,0.13518181443214417,0.9952827119717896,0.9717620915772474,0.9963792105168097,670.60546875,0.16372203826904297,0.78759765625,0.14388073980808258
qwen,pixelprose,final_quarter,False,2,0.2857142857142857,10,10,10,11,2.0,4096,0.001,False,1.5,1024,512,1200,0.12036091089248657,0.11918932724402112,0.12170461634050297,0.20556640625,0.00244140625,0.208740234375,0.005615234375,0.09711949527263641,0.02324141561985016,0.8434755347627809,692.777046930532,0.1786883920431137,0.13518181443214417,0.9952827119717896,0.9717620915772474,0.9963792105168097,670.60546875,0.16372203826904297,0.78759765625,0.14388073980808258
qwen,pixelprose,final_quarter,False,2,0.2857142857142857,10,10,10,11,2.0,4096,0.001,True,1.1,1024,512,1200,0.5765072107315063,0.5719707876225584,0.5815974066383205,1.0,0.0,1.0,0.0,0.4493432343006134,0.12716391682624817,0.07319460044957342,4017.9146731236324,0.6126282215118408,0.3186522424221039,0.9957260423991937,0.6937980166744915,0.9917158975078979,1951.779296875,0.47650861740112305,0.0,0.32055455446243286
qwen,pixelprose,final_quarter,False,2,0.2857142857142857,10,10,10,11,2.0,4096,0.001,True,1.25,1024,512,1200,0.5765072107315063,0.5719707876225584,0.5815974066383205,1.0,0.0,1.0,0.0,0.4493432343006134,0.12716391682624817,0.07319460044957342,4017.9146731236324,0.6126282215118408,0.3186522424221039,0.9957260423991937,0.6937980166744915,0.9917158975078979,1951.779296875,0.47650861740112305,0.0,0.32055455446243286
qwen,pixelprose,final_quarter,False,2,0.2857142857142857,10,10,10,11,2.0,4096,0.001,True,1.5,1024,512,1200,0.5765072107315063,0.5719707876225584,0.5815974066383205,1.0,0.0,1.0,0.0,0.4493432343006134,0.12716391682624817,0.07319460044957342,4017.9146731236324,0.6126282215118408,0.3186522424221039,0.9957260423991937,0.6937980166744915,0.9917158975078979,1951.779296875,0.47650861740112305,0.0,0.32055455446243286
qwen,pixelprose,final_quarter,False,2,0.2857142857142857,10,10,10,11,4.0,4096,0.0003,False,1.1,1024,512,1200,0.12188928574323654,0.12070266056944093,0.12326814464613563,0.210693359375,0.00244140625,0.2119140625,0.003662109375,0.09840124845504761,0.023488039150834084,0.8428519956002429,695.8643630302188,0.18222534656524658,0.139214426279068,0.9955842685387071,0.9721764894571967,0.9965855454324541,677.31640625,0.1653604507446289,0.7861328125,0.14892743527889252
qwen,pixelprose,final_quarter,False,2,0.2857142857142857,10,10,10,11,4.0,4096,0.0003,False,1.25,1024,512,1200,0.12188928574323654,0.12070266056944093,0.12326814464613563,0.209716796875,0.00244140625,0.21142578125,0.004150390625,0.09840124845504761,0.023488039150834084,0.8428519956002429,695.8643630302188,0.18222534656524658,0.139214426279068,0.9955842685387071,0.9721764894571967,0.9965855454324541,677.31640625,0.1653604507446289,0.7861328125,0.14892743527889252
qwen,pixelprose,final_quarter,False,2,0.2857142857142857,10,10,10,11,4.0,4096,0.0003,False,1.5,1024,512,1200,0.12188928574323654,0.12070266056944093,0.12326814464613563,0.207763671875,0.00244140625,0.21044921875,0.005126953125,0.09840124845504761,0.023488039150834084,0.8428519956002429,695.8643630302188,0.18222534656524658,0.139214426279068,0.9955842685387071,0.9721764894571967,0.9965855454324541,677.31640625,0.1653604507446289,0.7861328125,0.14892743527889252
qwen,pixelprose,final_quarter,False,2,0.2857142857142857,10,10,10,11,4.0,4096,0.0003,True,1.1,1024,512,1200,0.5863089561462402,0.5816789093034458,0.5914799653823138,1.0,0.0,1.0,0.0,0.45735111832618713,0.1289578676223755,0.07284930486424875,4019.4457788494246,0.6061127781867981,0.32420793175697327,0.9941337729657318,0.6922018926093579,0.9933359758791303,1962.3203125,0.4790821075439453,0.0,0.3270335793495178
qwen,pixelprose,final_quarter,False,2,0.2857142857142857,10,10,10,11,4.0,4096,0.0003,True,1.25,1024,512,1200,0.5863089561462402,0.5816789093034458,0.5914799653823138,1.0,0.0,1.0,0.0,0.45735111832618713,0.1289578676223755,0.07284930486424875,4019.4457788494246,0.6061127781867981,0.32420793175697327,0.9941337729657318,0.6922018926093579,0.9933359758791303,1962.3203125,0.4790821075439453,0.0,0.3270335793495178
qwen,pixelprose,final_quarter,False,2,0.2857142857142857,10,10,10,11,4.0,4096,0.0003,True,1.5,1024,512,1200,0.5863089561462402,0.5816789093034458,0.5914799653823138,1.0,0.0,1.0,0.0,0.45735111832618713,0.1289578676223755,0.07284930486424875,4019.4457788494246,0.6061127781867981,0.32420793175697327,0.9941337729657318,0.6922018926093579,0.9933359758791303,1962.3203125,0.4790821075439453,0.0,0.3270335793495178
qwen,pixelprose,final_quarter,False,2,0.2857142857142857,10,10,10,11,4.0,4096,0.001,False,1.1,1024,512,1200,0.12036091089248657,0.11918932724402112,0.12170461634050297,0.2099609375,0.002685546875,0.210693359375,0.00341796875,0.09711949527263641,0.02324141561985016,0.8434755347627809,692.777046930532,0.1786883920431137,0.13518181443214417,0.9952827119717896,0.9717620915772474,0.9963792105168097,670.60546875,0.16372203826904297,0.78759765625,0.14388073980808258
qwen,pixelprose,final_quarter,False,2,0.2857142857142857,10,10,10,11,4.0,4096,0.001,False,1.25,1024,512,1200,0.12036091089248657,0.11918932724402112,0.12170461634050297,0.20849609375,0.002685546875,0.2099609375,0.004150390625,0.09711949527263641,0.02324141561985016,0.8434755347627809,692.777046930532,0.1786883920431137,0.13518181443214417,0.9952827119717896,0.9717620915772474,0.9963792105168097,670.60546875,0.16372203826904297,0.78759765625,0.14388073980808258
qwen,pixelprose,final_quarter,False,2,0.2857142857142857,10,10,10,11,4.0,4096,0.001,False,1.5,1024,512,1200,0.12036091089248657,0.11918932724402112,0.12170461634050297,0.20556640625,0.00244140625,0.208740234375,0.005615234375,0.09711949527263641,0.02324141561985016,0.8434755347627809,692.777046930532,0.1786883920431137,0.13518181443214417,0.9952827119717896,0.9717620915772474,0.9963792105168097,670.60546875,0.16372203826904297,0.78759765625,0.14388073980808258
qwen,pixelprose,final_quarter,False,2,0.2857142857142857,10,10,10,11,4.0,4096,0.001,True,1.1,1024,512,1200,0.5765072107315063,0.5719707876225584,0.5815974066383205,1.0,0.0,1.0,0.0,0.4493432343006134,0.12716391682624817,0.07319460044957342,4017.9146731236324,0.6126282215118408,0.3186522424221039,0.9957260423991937,0.6937980166744915,0.9917158975078979,1951.779296875,0.47650861740112305,0.0,0.32055455446243286
qwen,pixelprose,final_quarter,False,2,0.2857142857142857,10,10,10,11,4.0,4096,0.001,True,1.25,1024,512,1200,0.5765072107315063,0.5719707876225584,0.5815974066383205,1.0,0.0,1.0,0.0,0.4493432343006134,0.12716391682624817,0.07319460044957342,4017.9146731236324,0.6126282215118408,0.3186522424221039,0.9957260423991937,0.6937980166744915,0.9917158975078979,1951.779296875,0.47650861740112305,0.0,0.32055455446243286
qwen,pixelprose,final_quarter,False,2,0.2857142857142857,10,10,10,11,4.0,4096,0.001,True,1.5,1024,512,1200,0.5765072107315063,0.5719707876225584,0.5815974066383205,1.0,0.0,1.0,0.0,0.4493432343006134,0.12716391682624817,0.07319460044957342,4017.9146731236324,0.6126282215118408,0.3186522424221039,0.9957260423991937,0.6937980166744915,0.9917158975078979,1951.779296875,0.47650861740112305,0.0,0.32055455446243286
qwen,pixelprose,final_quarter,False,2,0.2857142857142857,10,10,10,23,2.0,4096,0.0003,False,1.1,1024,512,1200,0.12352880835533142,0.1223291875950963,0.12488825783038919,0.2255859375,0.002685546875,0.22607421875,0.003173828125,0.0997680127620697,0.023760788142681122,0.8382578153220717,717.9526927213237,0.1861044019460678,0.13981688022613525,0.9958361208746699,0.9721574965320472,0.9968393626551274,696.369140625,0.1700119972229004,0.7734375,0.14856049418449402
qwen,pixelprose,final_quarter,False,2,0.2857142857142857,10,10,10,23,2.0,4096,0.0003,False,1.25,1024,512,1200,0.12352880835533142,0.1223291875950963,0.12488825783038919,0.2236328125,0.002685546875,0.22509765625,0.004150390625,0.0997680127620697,0.023760788142681122,0.8382578153220717,717.9526927213237,0.1861044019460678,0.13981688022613525,0.9958361208746699,0.9721574965320472,0.9968393626551274,696.369140625,0.1700119972229004,0.7734375,0.14856049418449402
qwen,pixelprose,final_quarter,False,2,0.2857142857142857,10,10,10,23,2.0,4096,0.0003,False,1.5,1024,512,1200,0.12352880835533142,0.1223291875950963,0.12488825783038919,0.22021484375,0.002685546875,0.223388671875,0.005859375,0.0997680127620697,0.023760788142681122,0.8382578153220717,717.9526927213237,0.1861044019460678,0.13981688022613525,0.9958361208746699,0.9721574965320472,0.9968393626551274,696.369140625,0.1700119972229004,0.7734375,0.14856049418449402
qwen,pixelprose,final_quarter,False,2,0.2857142857142857,10,10,10,23,2.0,4096,0.0003,True,1.1,1024,512,1200,0.5736565589904785,0.569177714070247,0.5787899227681919,1.0,0.0,1.0,0.0,0.44745826721191406,0.12619829177856445,0.06976705629344025,4027.760184175044,0.5862481594085693,0.32521677017211914,0.9873507614874503,0.6917332701229741,0.9939631875612278,1931.146484375,0.47147130966186523,0.0,0.317005455493927
qwen,pixelprose,final_quarter,False,2,0.2857142857142857,10,10,10,23,2.0,4096,0.0003,True,1.25,1024,512,1200,0.5736565589904785,0.569177714070247,0.5787899227681919,1.0,0.0,1.0,0.0,0.44745826721191406,0.12619829177856445,0.06976705629344025,4027.760184175044,0.5862481594085693,0.32521677017211914,0.9873507614874503,0.6917332701229741,0.9939631875612278,1931.146484375,0.47147130966186523,0.0,0.317005455493927
qwen,pixelprose,final_quarter,False,2,0.2857142857142857,10,10,10,23,2.0,4096,0.0003,True,1.5,1024,512,1200,0.5736565589904785,0.569177714070247,0.5787899227681919,1.0,0.0,1.0,0.0,0.44745826721191406,0.12619829177856445,0.06976705629344025,4027.760184175044,0.5862481594085693,0.32521677017211914,0.9873507614874503,0.6917332701229741,0.9939631875612278,1931.146484375,0.47147130966186523,0.0,0.317005455493927
qwen,pixelprose,final_quarter,False,2,0.2857142857142857,10,10,10,23,2.0,4096,0.001,False,1.1,1024,512,1200,0.12278785556554794,0.12159396402348648,0.12413384169230994,0.225341796875,0.0029296875,0.225830078125,0.00341796875,0.0991472601890564,0.023640599101781845,0.8386864737766409,716.4534737961275,0.18373744189739227,0.13539926707744598,0.995758799361871,0.9718906432310849,0.9968044646378422,695.16015625,0.16971683502197266,0.773681640625,0.14690378308296204
qwen,pixelprose,final_quarter,False,2,0.2857142857142857,10,10,10,23,2.0,4096,0.001,False,1.25,1024,512,1200,0.12278785556554794,0.12159396402348648,0.12413384169230994,0.222900390625,0.0029296875,0.224609375,0.004638671875,0.0991472601890564,0.023640599101781845,0.8386864737766409,716.4534737961275,0.18373744189739227,0.13539926707744598,0.995758799361871,0.9718906432310849,0.9968044646378422,695.16015625,0.16971683502197266,0.773681640625,0.14690378308296204
qwen,pixelprose,final_quarter,False,2,0.2857142857142857,10,10,10,23,2.0,4096,0.001,False,1.5,1024,512,1200,0.12278785556554794,0.12159396402348648,0.12413384169230994,0.219482421875,0.0029296875,0.222900390625,0.00634765625,0.0991472601890564,0.023640599101781845,0.8386864737766409,716.4534737961275,0.18373744189739227,0.13539926707744598,0.995758799361871,0.9718906432310849,0.9968044646378422,695.16015625,0.16971683502197266,0.773681640625,0.14690378308296204
qwen,pixelprose,final_quarter,False,2,0.2857142857142857,10,10,10,23,2.0,4096,0.001,True,1.1,1024,512,1200,0.5705111026763916,0.566035155155987,0.5754213416526909,1.0,0.0,1.0,0.0,0.4448443055152893,0.12566688656806946,0.06782875488934534,4031.313141605917,0.5850634574890137,0.3211992681026459,0.9922405677004329,0.6959243730145913,0.9922719691830421,1933.935546875,0.4721522331237793,0.0,0.3150803744792938
qwen,pixelprose,final_quarter,False,2,0.2857142857142857,10,10,10,23,2.0,4096,0.001,True,1.25,1024,512,1200,0.5705111026763916,0.566035155155987,0.5754213416526909,1.0,0.0,1.0,0.0,0.4448443055152893,0.12566688656806946,0.06782875488934534,4031.313141605917,0.5850634574890137,0.3211992681026459,0.9922405677004329,0.6959243730145913,0.9922719691830421,1933.935546875,0.4721522331237793,0.0,0.3150803744792938
qwen,pixelprose,final_quarter,False,2,0.2857142857142857,10,10,10,23,2.0,4096,0.001,True,1.5,1024,512,1200,0.5705111026763916,0.566035155155987,0.5754213416526909,1.0,0.0,1.0,0.0,0.4448443055152893,0.12566688656806946,0.06782875488934534,4031.313141605917,0.5850634574890137,0.3211992681026459,0.9922405677004329,0.6959243730145913,0.9922719691830421,1933.935546875,0.4721522331237793,0.0,0.3150803744792938
qwen,pixelprose,final_quarter,False,2,0.2857142857142857,10,10,10,23,4.0,4096,0.0003,False,1.1,1024,512,1200,0.12352880835533142,0.1223291875950963,0.12488825783038919,0.2255859375,0.002685546875,0.22607421875,0.003173828125,0.0997680127620697,0.023760788142681122,0.8382578153220717,717.9526927213237,0.1861044019460678,0.13981688022613525,0.9958361208746699,0.9721574965320472,0.9968393626551274,696.369140625,0.1700119972229004,0.7734375,0.14856049418449402
qwen,pixelprose,final_quarter,False,2,0.2857142857142857,10,10,10,23,4.0,4096,0.0003,False,1.25,1024,512,1200,0.12352880835533142,0.1223291875950963,0.12488825783038919,0.2236328125,0.002685546875,0.22509765625,0.004150390625,0.0997680127620697,0.023760788142681122,0.8382578153220717,717.9526927213237,0.1861044019460678,0.13981688022613525,0.9958361208746699,0.9721574965320472,0.9968393626551274,696.369140625,0.1700119972229004,0.7734375,0.14856049418449402
qwen,pixelprose,final_quarter,False,2,0.2857142857142857,10,10,10,23,4.0,4096,0.0003,False,1.5,1024,512,1200,0.12352880835533142,0.1223291875950963,0.12488825783038919,0.22021484375,0.002685546875,0.223388671875,0.005859375,0.0997680127620697,0.023760788142681122,0.8382578153220717,717.9526927213237,0.1861044019460678,0.13981688022613525,0.9958361208746699,0.9721574965320472,0.9968393626551274,696.369140625,0.1700119972229004,0.7734375,0.14856049418449402
qwen,pixelprose,final_quarter,False,2,0.2857142857142857,10,10,10,23,4.0,4096,0.0003,True,1.1,1024,512,1200,0.5736565589904785,0.569177714070247,0.5787899227681919,1.0,0.0,1.0,0.0,0.44745826721191406,0.12619829177856445,0.06976705629344025,4027.760184175044,0.5862481594085693,0.32521677017211914,0.9873507614874503,0.6917332701229741,0.9939631875612278,1931.146484375,0.47147130966186523,0.0,0.317005455493927
qwen,pixelprose,final_quarter,False,2,0.2857142857142857,10,10,10,23,4.0,4096,0.0003,True,1.25,1024,512,1200,0.5736565589904785,0.569177714070247,0.5787899227681919,1.0,0.0,1.0,0.0,0.44745826721191406,0.12619829177856445,0.06976705629344025,4027.760184175044,0.5862481594085693,0.32521677017211914,0.9873507614874503,0.6917332701229741,0.9939631875612278,1931.146484375,0.47147130966186523,0.0,0.317005455493927
qwen,pixelprose,final_quarter,False,2,0.2857142857142857,10,10,10,23,4.0,4096,0.0003,True,1.5,1024,512,1200,0.5736565589904785,0.569177714070247,0.5787899227681919,1.0,0.0,1.0,0.0,0.44745826721191406,0.12619829177856445,0.06976705629344025,4027.760184175044,0.5862481594085693,0.32521677017211914,0.9873507614874503,0.6917332701229741,0.9939631875612278,1931.146484375,0.47147130966186523,0.0,0.317005455493927
qwen,pixelprose,final_quarter,False,2,0.2857142857142857,10,10,10,23,4.0,4096,0.001,False,1.1,1024,512,1200,0.12278785556554794,0.12159396402348648,0.12413384169230994,0.225341796875,0.0029296875,0.225830078125,0.00341796875,0.0991472601890564,0.023640599101781845,0.8386864737766409,716.4534737961275,0.18373744189739227,0.13539926707744598,0.995758799361871,0.9718906432310849,0.9968044646378422,695.16015625,0.16971683502197266,0.773681640625,0.14690378308296204
qwen,pixelprose,final_quarter,False,2,0.2857142857142857,10,10,10,23,4.0,4096,0.001,False,1.25,1024,512,1200,0.12278785556554794,0.12159396402348648,0.12413384169230994,0.222900390625,0.0029296875,0.224609375,0.004638671875,0.0991472601890564,0.023640599101781845,0.8386864737766409,716.4534737961275,0.18373744189739227,0.13539926707744598,0.995758799361871,0.9718906432310849,0.9968044646378422,695.16015625,0.16971683502197266,0.773681640625,0.14690378308296204
qwen,pixelprose,final_quarter,False,2,0.2857142857142857,10,10,10,23,4.0,4096,0.001,False,1.5,1024,512,1200,0.12278785556554794,0.12159396402348648,0.12413384169230994,0.219482421875,0.0029296875,0.222900390625,0.00634765625,0.0991472601890564,0.023640599101781845,0.8386864737766409,716.4534737961275,0.18373744189739227,0.13539926707744598,0.995758799361871,0.9718906432310849,0.9968044646378422,695.16015625,0.16971683502197266,0.773681640625,0.14690378308296204
qwen,pixelprose,final_quarter,False,2,0.2857142857142857,10,10,10,23,4.0,4096,0.001,True,1.1,1024,512,1200,0.5705111026763916,0.566035155155987,0.5754213416526909,1.0,0.0,1.0,0.0,0.4448443055152893,0.12566688656806946,0.06782875488934534,4031.313141605917,0.5850634574890137,0.3211992681026459,0.9922405677004329,0.6959243730145913,0.9922719691830421,1933.935546875,0.4721522331237793,0.0,0.3150803744792938
qwen,pixelprose,final_quarter,False,2,0.2857142857142857,10,10,10,23,4.0,4096,0.001,True,1.25,1024,512,1200,0.5705111026763916,0.566035155155987,0.5754213416526909,1.0,0.0,1.0,0.0,0.4448443055152893,0.12566688656806946,0.06782875488934534,4031.313141605917,0.5850634574890137,0.3211992681026459,0.9922405677004329,0.6959243730145913,0.9922719691830421,1933.935546875,0.4721522331237793,0.0,0.3150803744792938
qwen,pixelprose,final_quarter,False,2,0.2857142857142857,10,10,10,23,4.0,4096,0.001,True,1.5,1024,512,1200,0.5705111026763916,0.566035155155987,0.5754213416526909,1.0,0.0,1.0,0.0,0.4448443055152893,0.12566688656806946,0.06782875488934534,4031.313141605917,0.5850634574890137,0.3211992681026459,0.9922405677004329,0.6959243730145913,0.9922719691830421,1933.935546875,0.4721522331237793,0.0,0.3150803744792938
qwen,pixelprose,final_quarter,False,2,0.2857142857142857,10,10,10,37,2.0,4096,0.0003,False,1.1,1024,512,1200,0.12072281539440155,0.11955144480707532,0.12192462641578458,0.208984375,0.003173828125,0.20947265625,0.003662109375,0.0974176898598671,0.023305127397179604,0.8470908196699445,675.2625702308342,0.17962788045406342,0.14063914120197296,0.9955364858340873,0.9719347858881271,0.9967950413871427,655.46875,0.16002655029296875,0.7890625,0.1486315131187439
qwen,pixelprose,final_quarter,False,2,0.2857142857142857,10,10,10,37,2.0,4096,0.0003,False,1.25,1024,512,1200,0.12072281539440155,0.11955144480707532,0.12192462641578458,0.2080078125,0.003173828125,0.208984375,0.004150390625,0.0974176898598671,0.023305127397179604,0.8470908196699445,675.2625702308342,0.17962788045406342,0.14063914120197296,0.9955364858340873,0.9719347858881271,0.9967950413871427,655.46875,0.16002655029296875,0.7890625,0.1486315131187439
qwen,pixelprose,final_quarter,False,2,0.2857142857142857,10,10,10,37,2.0,4096,0.0003,False,1.5,1024,512,1200,0.12072281539440155,0.11955144480707532,0.12192462641578458,0.205078125,0.00244140625,0.208251953125,0.005615234375,0.0974176898598671,0.023305127397179604,0.8470908196699445,675.2625702308342,0.17962788045406342,0.14063914120197296,0.9955364858340873,0.9719347858881271,0.9967950413871427,655.46875,0.16002655029296875,0.7890625,0.1486315131187439
qwen,pixelprose,final_quarter,False,2,0.2857142857142857,10,10,10,37,2.0,4096,0.0003,True,1.1,1024,512,1200,0.5771819353103638,0.5725316250813194,0.5817277004854986,1.0,0.0,1.0,0.0,0.45038002729415894,0.12680192291736603,0.06370747923252912,4042.758677570309,0.6186227202415466,0.32583749294281006,0.9860303549947431,0.6938130856040807,0.9941640323165746,1949.955078125,0.47606325149536133,0.0,0.3206442892551422
qwen,pixelprose,final_quarter,False,2,0.2857142857142857,10,10,10,37,2.0,4096,0.0003,True,1.25,1024,512,1200,0.5771819353103638,0.5725316250813194,0.5817277004854986,1.0,0.0,1.0,0.0,0.45038002729415894,0.12680192291736603,0.06370747923252912,4042.758677570309,0.6186227202415466,0.32583749294281006,0.9860303549947431,0.6938130856040807,0.9941640323165746,1949.955078125,0.47606325149536133,0.0,0.3206442892551422
qwen,pixelprose,final_quarter,False,2,0.2857142857142857,10,10,10,37,2.0,4096,0.0003,True,1.5,1024,512,1200,0.5771819353103638,0.5725316250813194,0.5817277004854986,1.0,0.0,1.0,0.0,0.45038002729415894,0.12680192291736603,0.06370747923252912,4042.758677570309,0.6186227202415466,0.32583749294281006,0.9860303549947431,0.6938130856040807,0.9941640323165746,1949.955078125,0.47606325149536133,0.0,0.3206442892551422
qwen,pixelprose,final_quarter,False,2,0.2857142857142857,10,10,10,37,2.0,4096,0.001,False,1.1,1024,512,1200,0.11936396360397339,0.11821913774219865,0.12054767148983955,0.209716796875,0.00341796875,0.2099609375,0.003662109375,0.0962417721748352,0.023122183978557587,0.8467792846145521,675.3129699405882,0.17593364417552948,0.13723279535770416,0.9954708971996481,0.9719037110019189,0.9970702076194997,652.490234375,0.15929937362670898,0.788818359375,0.14409556984901428
qwen,pixelprose,final_quarter,False,2,0.2857142857142857,10,10,10,37,2.0,4096,0.001,False,1.25,1024,512,1200,0.11936396360397339,0.11821913774219865,0.12054767148983955,0.207763671875,0.0029296875,0.20947265625,0.004638671875,0.0962417721748352,0.023122183978557587,0.8467792846145521,675.3129699405882,0.17593364417552948,0.13723279535770416,0.9954708971996481,0.9719037110019189,0.9970702076194997,652.490234375,0.15929937362670898,0.788818359375,0.14409556984901428
qwen,pixelprose,final_quarter,False,2,0.2857142857142857,10,10,10,37,2.0,4096,0.001,False,1.5,1024,512,1200,0.11936396360397339,0.11821913774219865,0.12054767148983955,0.206298828125,0.00244140625,0.209228515625,0.00537109375,0.0962417721748352,0.023122183978557587,0.8467792846145521,675.3129699405882,0.17593364417552948,0.13723279535770416,0.9954708971996481,0.9719037110019189,0.9970702076194997,652.490234375,0.15929937362670898,0.788818359375,0.14409556984901428
qwen,pixelprose,final_quarter,False,2,0.2857142857142857,10,10,10,37,2.0,4096,0.001,True,1.1,1024,512,1200,0.5685787200927734,0.5638859356811736,0.5730887407640693,1.0,0.0,1.0,0.0,0.44327038526535034,0.1253083497285843,0.06469585245537973,4039.828639770155,0.6186482310295105,0.3210824131965637,0.9856171001905364,0.6956255109643659,0.9936527268171345,1937.91015625,0.47312259674072266,0.0,0.31471410393714905
qwen,pixelprose,final_quarter,False,2,0.2857142857142857,10,10,10,37,2.0,4096,0.001,True,1.25,1024,512,1200,0.5685787200927734,0.5638859356811736,0.5730887407640693,1.0,0.0,1.0,0.0,0.44327038526535034,0.1253083497285843,0.06469585245537973,4039.828639770155,0.6186482310295105,0.3210824131965637,0.9856171001905364,0.6956255109643659,0.9936527268171345,1937.91015625,0.47312259674072266,0.0,0.31471410393714905
qwen,pixelprose,final_quarter,False,2,0.2857142857142857,10,10,10,37,2.0,4096,0.001,True,1.5,1024,512,1200,0.5685787200927734,0.5638859356811736,0.5730887407640693,1.0,0.0,1.0,0.0,0.44327038526535034,0.1253083497285843,0.06469585245537973,4039.828639770155,0.6186482310295105,0.3210824131965637,0.9856171001905364,0.6956255109643659,0.9936527268171345,1937.91015625,0.47312259674072266,0.0,0.31471410393714905
qwen,pixelprose,final_quarter,False,2,0.2857142857142857,10,10,10,37,4.0,4096,0.0003,False,1.1,1024,512,1200,0.12072281539440155,0.11955144480707532,0.12192462641578458,0.208984375,0.003173828125,0.20947265625,0.003662109375,0.0974176898598671,0.023305127397179604,0.8470908196699445,675.2625702308342,0.17962788045406342,0.14063914120197296,0.9955364858340873,0.9719347858881271,0.9967950413871427,655.46875,0.16002655029296875,0.7890625,0.1486315131187439
qwen,pixelprose,final_quarter,False,2,0.2857142857142857,10,10,10,37,4.0,4096,0.0003,False,1.25,1024,512,1200,0.12072281539440155,0.11955144480707532,0.12192462641578458,0.2080078125,0.003173828125,0.208984375,0.004150390625,0.0974176898598671,0.023305127397179604,0.8470908196699445,675.2625702308342,0.17962788045406342,0.14063914120197296,0.9955364858340873,0.9719347858881271,0.9967950413871427,655.46875,0.16002655029296875,0.7890625,0.1486315131187439
qwen,pixelprose,final_quarter,False,2,0.2857142857142857,10,10,10,37,4.0,4096,0.0003,False,1.5,1024,512,1200,0.12072281539440155,0.11955144480707532,0.12192462641578458,0.205078125,0.00244140625,0.208251953125,0.005615234375,0.0974176898598671,0.023305127397179604,0.8470908196699445,675.2625702308342,0.17962788045406342,0.14063914120197296,0.9955364858340873,0.9719347858881271,0.9967950413871427,655.46875,0.16002655029296875,0.7890625,0.1486315131187439
qwen,pixelprose,final_quarter,False,2,0.2857142857142857,10,10,10,37,4.0,4096,0.0003,True,1.1,1024,512,1200,0.5771819353103638,0.5725316250813194,0.5817277004854986,1.0,0.0,1.0,0.0,0.45038002729415894,0.12680192291736603,0.06370747923252912,4042.758677570309,0.6186227202415466,0.32583749294281006,0.9860303549947431,0.6938130856040807,0.9941640323165746,1949.955078125,0.47606325149536133,0.0,0.3206442892551422
qwen,pixelprose,final_quarter,False,2,0.2857142857142857,10,10,10,37,4.0,4096,0.0003,True,1.25,1024,512,1200,0.5771819353103638,0.5725316250813194,0.5817277004854986,1.0,0.0,1.0,0.0,0.45038002729415894,0.12680192291736603,0.06370747923252912,4042.758677570309,0.6186227202415466,0.32583749294281006,0.9860303549947431,0.6938130856040807,0.9941640323165746,1949.955078125,0.47606325149536133,0.0,0.3206442892551422
qwen,pixelprose,final_quarter,False,2,0.2857142857142857,10,10,10,37,4.0,4096,0.0003,True,1.5,1024,512,1200,0.5771819353103638,0.5725316250813194,0.5817277004854986,1.0,0.0,1.0,0.0,0.45038002729415894,0.12680192291736603,0.06370747923252912,4042.758677570309,0.6186227202415466,0.32583749294281006,0.9860303549947431,0.6938130856040807,0.9941640323165746,1949.955078125,0.47606325149536133,0.0,0.3206442892551422
qwen,pixelprose,final_quarter,False,2,0.2857142857142857,10,10,10,37,4.0,4096,0.001,False,1.1,1024,512,1200,0.11936396360397339,0.11821913774219865,0.12054767148983955,0.209716796875,0.00341796875,0.2099609375,0.003662109375,0.0962417721748352,0.023122183978557587,0.8467792846145521,675.3129699405882,0.17593364417552948,0.13723279535770416,0.9954708971996481,0.9719037110019189,0.9970702076194997,652.490234375,0.15929937362670898,0.788818359375,0.14409556984901428
qwen,pixelprose,final_quarter,False,2,0.2857142857142857,10,10,10,37,4.0,4096,0.001,False,1.25,1024,512,1200,0.11936396360397339,0.11821913774219865,0.12054767148983955,0.207763671875,0.0029296875,0.20947265625,0.004638671875,0.0962417721748352,0.023122183978557587,0.8467792846145521,675.3129699405882,0.17593364417552948,0.13723279535770416,0.9954708971996481,0.9719037110019189,0.9970702076194997,652.490234375,0.15929937362670898,0.788818359375,0.14409556984901428
qwen,pixelprose,final_quarter,False,2,0.2857142857142857,10,10,10,37,4.0,4096,0.001,False,1.5,1024,512,1200,0.11936396360397339,0.11821913774219865,0.12054767148983955,0.206298828125,0.00244140625,0.209228515625,0.00537109375,0.0962417721748352,0.023122183978557587,0.8467792846145521,675.3129699405882,0.17593364417552948,0.13723279535770416,0.9954708971996481,0.9719037110019189,0.9970702076194997,652.490234375,0.15929937362670898,0.788818359375,0.14409556984901428
qwen,pixelprose,final_quarter,False,2,0.2857142857142857,10,10,10,37,4.0,4096,0.001,True,1.1,1024,512,1200,0.5685787200927734,0.5638859356811736,0.5730887407640693,1.0,0.0,1.0,0.0,0.44327038526535034,0.1253083497285843,0.06469585245537973,4039.828639770155,0.6186482310295105,0.3210824131965637,0.9856171001905364,0.6956255109643659,0.9936527268171345,1937.91015625,0.47312259674072266,0.0,0.31471410393714905
qwen,pixelprose,final_quarter,False,2,0.2857142857142857,10,10,10,37,4.0,4096,0.001,True,1.25,1024,512,1200,0.5685787200927734,0.5638859356811736,0.5730887407640693,1.0,0.0,1.0,0.0,0.44327038526535034,0.1253083497285843,0.06469585245537973,4039.828639770155,0.6186482310295105,0.3210824131965637,0.9856171001905364,0.6956255109643659,0.9936527268171345,1937.91015625,0.47312259674072266,0.0,0.31471410393714905
qwen,pixelprose,final_quarter,False,2,0.2857142857142857,10,10,10,37,4.0,4096,0.001,True,1.5,1024,512,1200,0.5685787200927734,0.5638859356811736,0.5730887407640693,1.0,0.0,1.0,0.0,0.44327038526535034,0.1253083497285843,0.06469585245537973,4039.828639770155,0.6186482310295105,0.3210824131965637,0.9856171001905364,0.6956255109643659,0.9936527268171345,1937.91015625,0.47312259674072266,0.0,0.31471410393714905
qwen,pixelprose,final_quarter,False,3,0.42857142857142855,15,15,15,11,2.0,4096,0.0003,False,1.1,1024,512,1200,0.1914927363395691,0.1895402365109476,0.19324962510436308,0.255126953125,0.00537109375,0.254150390625,0.00439453125,0.1479826271533966,0.04351012036204338,0.8162701681764508,817.8907288101937,0.2067740112543106,0.196685791015625,0.9971483084661305,0.9799263477453185,0.9974325360789945,806.4765625,0.19689369201660156,0.74365234375,0.22399109601974487
qwen,pixelprose,final_quarter,False,3,0.42857142857142855,15,15,15,11,2.0,4096,0.0003,False,1.25,1024,512,1200,0.1914927363395691,0.1895402365109476,0.19324962510436308,0.251708984375,0.005126953125,0.252685546875,0.006103515625,0.1479826271533966,0.04351012036204338,0.8162701681764508,817.8907288101937,0.2067740112543106,0.196685791015625,0.9971483084661305,0.9799263477453185,0.9974325360789945,806.4765625,0.19689369201660156,0.74365234375,0.22399109601974487
qwen,pixelprose,final_quarter,False,3,0.42857142857142855,15,15,15,11,2.0,4096,0.0003,False,1.5,1024,512,1200,0.1914927363395691,0.1895402365109476,0.19324962510436308,0.248779296875,0.0048828125,0.25146484375,0.007568359375,0.1479826271533966,0.04351012036204338,0.8162701681764508,817.8907288101937,0.2067740112543106,0.196685791015625,0.9971483084661305,0.9799263477453185,0.9974325360789945,806.4765625,0.19689369201660156,0.74365234375,0.22399109601974487
qwen,pixelprose,final_quarter,False,3,0.42857142857142855,15,15,15,11,2.0,4096,0.0003,True,1.1,1024,512,1200,0.6200401186943054,0.6151634439767804,0.6250626540771919,1.0,0.0,1.0,0.0,0.4596291780471802,0.16041097044944763,0.0639495555078583,4041.3487035894354,0.4735315144062042,0.3164593577384949,0.9957167654407649,0.722526552796354,0.9947883939778823,1939.314453125,0.4734654426574707,0.0,0.32092568278312683
qwen,pixelprose,final_quarter,False,3,0.42857142857142855,15,15,15,11,2.0,4096,0.0003,True,1.25,1024,512,1200,0.6200401186943054,0.6151634439767804,0.6250626540771919,1.0,0.0,1.0,0.0,0.4596291780471802,0.16041097044944763,0.0639495555078583,4041.3487035894354,0.4735315144062042,0.3164593577384949,0.9957167654407649,0.722526552796354,0.9947883939778823,1939.314453125,0.4734654426574707,0.0,0.32092568278312683
qwen,pixelprose,final_quarter,False,3,0.42857142857142855,15,15,15,11,2.0,4096,0.0003,True,1.5,1024,512,1200,0.6200401186943054,0.6151634439767804,0.6250626540771919,1.0,0.0,1.0,0.0,0.4596291780471802,0.16041097044944763,0.0639495555078583,4041.3487035894354,0.4735315144062042,0.3164593577384949,0.9957167654407649,0.722526552796354,0.9947883939778823,1939.314453125,0.4734654426574707,0.0,0.32092568278312683
qwen,pixelprose,final_quarter,False,3,0.42857142857142855,15,15,15,11,2.0,4096,0.001,False,1.1,1024,512,1200,0.1894579827785492,0.18756830799757154,0.19121707558224443,0.255859375,0.00537109375,0.254150390625,0.003662109375,0.14631988108158112,0.04313809052109718,0.8154530436288153,820.8192323974733,0.20196488499641418,0.1930098831653595,0.9971024705911059,0.9799334080173916,0.9972578099903002,802.583984375,0.19594335556030273,0.74462890625,0.21558398008346558
qwen,pixelprose,final_quarter,False,3,0.42857142857142855,15,15,15,11,2.0,4096,0.001,False,1.25,1024,512,1200,0.1894579827785492,0.18756830799757154,0.19121707558224443,0.25244140625,0.005126953125,0.252685546875,0.00537109375,0.14631988108158112,0.04313809052109718,0.8154530436288153,820.8192323974733,0.20196488499641418,0.1930098831653595,0.9971024705911059,0.9799334080173916,0.9972578099903002,802.583984375,0.19594335556030273,0.74462890625,0.21558398008346558
qwen,pixelprose,final_quarter,False,3,0.42857142857142855,15,15,15,11,2.0,4096,0.001,False,1.5,1024,512,1200,0.1894579827785492,0.18756830799757154,0.19121707558224443,0.24951171875,0.004638671875,0.251708984375,0.0068359375,0.14631988108158112,0.04313809052109718,0.8154530436288153,820.8192323974733,0.20196488499641418,0.1930098831653595,0.9971024705911059,0.9799334080173916,0.9972578099903002,802.583984375,0.19594335556030273,0.74462890625,0.21558398008346558
qwen,pixelprose,final_quarter,False,3,0.42857142857142855,15,15,15,11,2.0,4096,0.001,True,1.1,1024,512,1200,0.6094455718994141,0.6047603188169888,0.6143891188548878,1.0,0.0,1.0,0.0,0.4511372745037079,0.15830829739570618,0.06399259256107385,4041.2823559253334,0.46148571372032166,0.3125356137752533,0.9936510398884542,0.7204675812108459,0.996154892655588,1931.78125,0.47162628173828125,0.0,0.3145260214805603
qwen,pixelprose,final_quarter,False,3,0.42857142857142855,15,15,15,11,2.0,4096,0.001,True,1.25,1024,512,1200,0.6094455718994141,0.6047603188169888,0.6143891188548878,1.0,0.0,1.0,0.0,0.4511372745037079,0.15830829739570618,0.06399259256107385,4041.2823559253334,0.46148571372032166,0.3125356137752533,0.9936510398884542,0.7204675812108459,0.996154892655588,1931.78125,0.47162628173828125,0.0,0.3145260214805603
qwen,pixelprose,final_quarter,False,3,0.42857142857142855,15,15,15,11,2.0,4096,0.001,True,1.5,1024,512,1200,0.6094455718994141,0.6047603188169888,0.6143891188548878,1.0,0.0,1.0,0.0,0.4511372745037079,0.15830829739570618,0.06399259256107385,4041.2823559253334,0.46148571372032166,0.3125356137752533,0.9936510398884542,0.7204675812108459,0.996154892655588,1931.78125,0.47162628173828125,0.0,0.3145260214805603
qwen,pixelprose,final_quarter,False,3,0.42857142857142855,15,15,15,11,4.0,4096,0.0003,False,1.1,1024,512,1200,0.1914927363395691,0.1895402365109476,0.19324962510436308,0.255126953125,0.00537109375,0.254150390625,0.00439453125,0.1479826271533966,0.04351012036204338,0.8162701681764508,817.8907288101937,0.2067740112543106,0.196685791015625,0.9971483084661305,0.9799263477453185,0.9974325360789945,806.4765625,0.19689369201660156,0.74365234375,0.22399109601974487
qwen,pixelprose,final_quarter,False,3,0.42857142857142855,15,15,15,11,4.0,4096,0.0003,False,1.25,1024,512,1200,0.1914927363395691,0.1895402365109476,0.19324962510436308,0.251708984375,0.005126953125,0.252685546875,0.006103515625,0.1479826271533966,0.04351012036204338,0.8162701681764508,817.8907288101937,0.2067740112543106,0.196685791015625,0.9971483084661305,0.9799263477453185,0.9974325360789945,806.4765625,0.19689369201660156,0.74365234375,0.22399109601974487
qwen,pixelprose,final_quarter,False,3,0.42857142857142855,15,15,15,11,4.0,4096,0.0003,False,1.5,1024,512,1200,0.1914927363395691,0.1895402365109476,0.19324962510436308,0.248779296875,0.0048828125,0.25146484375,0.007568359375,0.1479826271533966,0.04351012036204338,0.8162701681764508,817.8907288101937,0.2067740112543106,0.196685791015625,0.9971483084661305,0.9799263477453185,0.9974325360789945,806.4765625,0.19689369201660156,0.74365234375,0.22399109601974487
qwen,pixelprose,final_quarter,False,3,0.42857142857142855,15,15,15,11,4.0,4096,0.0003,True,1.1,1024,512,1200,0.6200401186943054,0.6151634439767804,0.6250626540771919,1.0,0.0,1.0,0.0,0.4596291780471802,0.16041097044944763,0.0639495555078583,4041.3487035894354,0.4735315144062042,0.3164593577384949,0.9957167654407649,0.722526552796354,0.9947883939778823,1939.314453125,0.4734654426574707,0.0,0.32092568278312683
qwen,pixelprose,final_quarter,False,3,0.42857142857142855,15,15,15,11,4.0,4096,0.0003,True,1.25,1024,512,1200,0.6200401186943054,0.6151634439767804,0.6250626540771919,1.0,0.0,1.0,0.0,0.4596291780471802,0.16041097044944763,0.0639495555078583,4041.3487035894354,0.4735315144062042,0.3164593577384949,0.9957167654407649,0.722526552796354,0.9947883939778823,1939.314453125,0.4734654426574707,0.0,0.32092568278312683
qwen,pixelprose,final_quarter,False,3,0.42857142857142855,15,15,15,11,4.0,4096,0.0003,True,1.5,1024,512,1200,0.6200401186943054,0.6151634439767804,0.6250626540771919,1.0,0.0,1.0,0.0,0.4596291780471802,0.16041097044944763,0.0639495555078583,4041.3487035894354,0.4735315144062042,0.3164593577384949,0.9957167654407649,0.722526552796354,0.9947883939778823,1939.314453125,0.4734654426574707,0.0,0.32092568278312683
qwen,pixelprose,final_quarter,False,3,0.42857142857142855,15,15,15,11,4.0,4096,0.001,False,1.1,1024,512,1200,0.1894579827785492,0.18756830799757154,0.19121707558224443,0.255859375,0.00537109375,0.254150390625,0.003662109375,0.14631988108158112,0.04313809052109718,0.8154530436288153,820.8192323974733,0.20196488499641418,0.1930098831653595,0.9971024705911059,0.9799334080173916,0.9972578099903002,802.583984375,0.19594335556030273,0.74462890625,0.21558398008346558
qwen,pixelprose,final_quarter,False,3,0.42857142857142855,15,15,15,11,4.0,4096,0.001,False,1.25,1024,512,1200,0.1894579827785492,0.18756830799757154,0.19121707558224443,0.25244140625,0.005126953125,0.252685546875,0.00537109375,0.14631988108158112,0.04313809052109718,0.8154530436288153,820.8192323974733,0.20196488499641418,0.1930098831653595,0.9971024705911059,0.9799334080173916,0.9972578099903002,802.583984375,0.19594335556030273,0.74462890625,0.21558398008346558
qwen,pixelprose,final_quarter,False,3,0.42857142857142855,15,15,15,11,4.0,4096,0.001,False,1.5,1024,512,1200,0.1894579827785492,0.18756830799757154,0.19121707558224443,0.24951171875,0.004638671875,0.251708984375,0.0068359375,0.14631988108158112,0.04313809052109718,0.8154530436288153,820.8192323974733,0.20196488499641418,0.1930098831653595,0.9971024705911059,0.9799334080173916,0.9972578099903002,802.583984375,0.19594335556030273,0.74462890625,0.21558398008346558
qwen,pixelprose,final_quarter,False,3,0.42857142857142855,15,15,15,11,4.0,4096,0.001,True,1.1,1024,512,1200,0.6094455718994141,0.6047603188169888,0.6143891188548878,1.0,0.0,1.0,0.0,0.4511372745037079,0.15830829739570618,0.06399259256107385,4041.2823559253334,0.46148571372032166,0.3125356137752533,0.9936510398884542,0.7204675812108459,0.996154892655588,1931.78125,0.47162628173828125,0.0,0.3145260214805603
qwen,pixelprose,final_quarter,False,3,0.42857142857142855,15,15,15,11,4.0,4096,0.001,True,1.25,1024,512,1200,0.6094455718994141,0.6047603188169888,0.6143891188548878,1.0,0.0,1.0,0.0,0.4511372745037079,0.15830829739570618,0.06399259256107385,4041.2823559253334,0.46148571372032166,0.3125356137752533,0.9936510398884542,0.7204675812108459,0.996154892655588,1931.78125,0.47162628173828125,0.0,0.3145260214805603
qwen,pixelprose,final_quarter,False,3,0.42857142857142855,15,15,15,11,4.0,4096,0.001,True,1.5,1024,512,1200,0.6094455718994141,0.6047603188169888,0.6143891188548878,1.0,0.0,1.0,0.0,0.4511372745037079,0.15830829739570618,0.06399259256107385,4041.2823559253334,0.46148571372032166,0.3125356137752533,0.9936510398884542,0.7204675812108459,0.996154892655588,1931.78125,0.47162628173828125,0.0,0.3145260214805603
qwen,pixelprose,final_quarter,False,3,0.42857142857142855,15,15,15,23,2.0,4096,0.0003,False,1.1,1024,512,1200,0.18536357581615448,0.1837162820804224,0.18717937028995948,0.236328125,0.003662109375,0.238037109375,0.00537109375,0.14306849241256714,0.04229508712887764,0.8288761528644695,763.9720687428972,0.20387448370456696,0.1962549090385437,0.9967852106920595,0.9796587215551336,0.9972598252344925,754.115234375,0.18411016464233398,0.760009765625,0.21662014722824097
qwen,pixelprose,final_quarter,False,3,0.42857142857142855,15,15,15,23,2.0,4096,0.0003,False,1.25,1024,512,1200,0.18536357581615448,0.1837162820804224,0.18717937028995948,0.23388671875,0.0029296875,0.237548828125,0.006591796875,0.14306849241256714,0.04229508712887764,0.8288761528644695,763.9720687428972,0.20387448370456696,0.1962549090385437,0.9967852106920595,0.9796587215551336,0.9972598252344925,754.115234375,0.18411016464233398,0.760009765625,0.21662014722824097
qwen,pixelprose,final_quarter,False,3,0.42857142857142855,15,15,15,23,2.0,4096,0.0003,False,1.5,1024,512,1200,0.18536357581615448,0.1837162820804224,0.18717937028995948,0.23193359375,0.0029296875,0.236572265625,0.007568359375,0.14306849241256714,0.04229508712887764,0.8288761528644695,763.9720687428972,0.20387448370456696,0.1962549090385437,0.9967852106920595,0.9796587215551336,0.9972598252344925,754.115234375,0.18411016464233398,0.760009765625,0.21662014722824097
qwen,pixelprose,final_quarter,False,3,0.42857142857142855,15,15,15,23,2.0,4096,0.0003,True,1.1,1024,512,1200,0.6159104108810425,0.6110553594917292,0.6213037560504745,1.0,0.0,1.0,0.0,0.4562889039516449,0.15962150692939758,0.07153719319800679,4026.2947966190536,0.459653377532959,0.3265596330165863,0.9916320922319857,0.7183649053269163,0.9979769560855327,1930.998046875,0.4714350700378418,0.0,0.3192058205604553
qwen,pixelprose,final_quarter,False,3,0.42857142857142855,15,15,15,23,2.0,4096,0.0003,True,1.25,1024,512,1200,0.6159104108810425,0.6110553594917292,0.6213037560504745,1.0,0.0,1.0,0.0,0.4562889039516449,0.15962150692939758,0.07153719319800679,4026.2947966190536,0.459653377532959,0.3265596330165863,0.9916320922319857,0.7183649053269163,0.9979769560855327,1930.998046875,0.4714350700378418,0.0,0.3192058205604553
qwen,pixelprose,final_quarter,False,3,0.42857142857142855,15,15,15,23,2.0,4096,0.0003,True,1.5,1024,512,1200,0.6159104108810425,0.6110553594917292,0.6213037560504745,1.0,0.0,1.0,0.0,0.4562889039516449,0.15962150692939758,0.07153719319800679,4026.2947966190536,0.459653377532959,0.3265596330165863,0.9916320922319857,0.7183649053269163,0.9979769560855327,1930.998046875,0.4714350700378418,0.0,0.3192058205604553
qwen,pixelprose,final_quarter,False,3,0.42857142857142855,15,15,15,23,2.0,4096,0.001,False,1.1,1024,512,1200,0.18397510051727295,0.18232980122847947,0.18579483884313958,0.236572265625,0.004150390625,0.23779296875,0.00537109375,0.14193889498710632,0.042036205530166626,0.8288245324494309,763.3954805357067,0.2016076147556305,0.19197215139865875,0.9970011294870097,0.9797614063782576,0.9976914674627628,752.765625,0.18378067016601562,0.760009765625,0.21300406754016876
qwen,pixelprose,final_quarter,False,3,0.42857142857142855,15,15,15,23,2.0,4096,0.001,False,1.25,1024,512,1200,0.18397510051727295,0.18232980122847947,0.18579483884313958,0.234130859375,0.00341796875,0.2373046875,0.006591796875,0.14193889498710632,0.042036205530166626,0.8288245324494309,763.3954805357067,0.2016076147556305,0.19197215139865875,0.9970011294870097,0.9797614063782576,0.9976914674627628,752.765625,0.18378067016601562,0.760009765625,0.21300406754016876
qwen,pixelprose,final_quarter,False,3,0.42857142857142855,15,15,15,23,2.0,4096,0.001,False,1.5,1024,512,1200,0.18397510051727295,0.18232980122847947,0.18579483884313958,0.231689453125,0.003173828125,0.236328125,0.0078125,0.14193889498710632,0.042036205530166626,0.8288245324494309,763.3954805357067,0.2016076147556305,0.19197215139865875,0.9970011294870097,0.9797614063782576,0.9976914674627628,752.765625,0.18378067016601562,0.760009765625,0.21300406754016876
qwen,pixelprose,final_quarter,False,3,0.42857142857142855,15,15,15,23,2.0,4096,0.001,True,1.1,1024,512,1200,0.6044660806655884,0.5993139646205237,0.6092926266413997,1.0,0.0,1.0,0.0,0.44758516550064087,0.15688097476959229,0.06729460901726113,4035.776685323085,0.4672022759914398,0.31617265939712524,0.9934439214808977,0.7203202465947894,0.9967384776078382,1915.880859375,0.4677443504333496,0.0,0.31164562702178955
qwen,pixelprose,final_quarter,False,3,0.42857142857142855,15,15,15,23,2.0,4096,0.001,True,1.25,1024,512,1200,0.6044660806655884,0.5993139646205237,0.6092926266413997,1.0,0.0,1.0,0.0,0.44758516550064087,0.15688097476959229,0.06729460901726113,4035.776685323085,0.4672022759914398,0.31617265939712524,0.9934439214808977,0.7203202465947894,0.9967384776078382,1915.880859375,0.4677443504333496,0.0,0.31164562702178955
qwen,pixelprose,final_quarter,False,3,0.42857142857142855,15,15,15,23,2.0,4096,0.001,True,1.5,1024,512,1200,0.6044660806655884,0.5993139646205237,0.6092926266413997,0.99951171875,0.0,0.999755859375,0.000244140625,0.44758516550064087,0.15688097476959229,0.06729460901726113,4035.776685323085,0.4672022759914398,0.31617265939712524,0.9934439214808977,0.7203202465947894,0.9967384776078382,1915.880859375,0.4677443504333496,0.0,0.31164562702178955
qwen,pixelprose,final_quarter,False,3,0.42857142857142855,15,15,15,23,4.0,4096,0.0003,False,1.1,1024,512,1200,0.18536357581615448,0.1837162820804224,0.18717937028995948,0.236328125,0.003662109375,0.238037109375,0.00537109375,0.14306849241256714,0.04229508712887764,0.8288761528644695,763.9720687428972,0.20387448370456696,0.1962549090385437,0.9967852106920595,0.9796587215551336,0.9972598252344925,754.115234375,0.18411016464233398,0.760009765625,0.21662014722824097
qwen,pixelprose,final_quarter,False,3,0.42857142857142855,15,15,15,23,4.0,4096,0.0003,False,1.25,1024,512,1200,0.18536357581615448,0.1837162820804224,0.18717937028995948,0.23388671875,0.0029296875,0.237548828125,0.006591796875,0.14306849241256714,0.04229508712887764,0.8288761528644695,763.9720687428972,0.20387448370456696,0.1962549090385437,0.9967852106920595,0.9796587215551336,0.9972598252344925,754.115234375,0.18411016464233398,0.760009765625,0.21662014722824097
qwen,pixelprose,final_quarter,False,3,0.42857142857142855,15,15,15,23,4.0,4096,0.0003,False,1.5,1024,512,1200,0.18536357581615448,0.1837162820804224,0.18717937028995948,0.23193359375,0.0029296875,0.236572265625,0.007568359375,0.14306849241256714,0.04229508712887764,0.8288761528644695,763.9720687428972,0.20387448370456696,0.1962549090385437,0.9967852106920595,0.9796587215551336,0.9972598252344925,754.115234375,0.18411016464233398,0.760009765625,0.21662014722824097
qwen,pixelprose,final_quarter,False,3,0.42857142857142855,15,15,15,23,4.0,4096,0.0003,True,1.1,1024,512,1200,0.6159104108810425,0.6110553594917292,0.6213037560504745,1.0,0.0,1.0,0.0,0.4562889039516449,0.15962150692939758,0.07153719319800679,4026.2947966190536,0.459653377532959,0.3265596330165863,0.9916320922319857,0.7183649053269163,0.9979769560855327,1930.998046875,0.4714350700378418,0.0,0.3192058205604553
qwen,pixelprose,final_quarter,False,3,0.42857142857142855,15,15,15,23,4.0,4096,0.0003,True,1.25,1024,512,1200,0.6159104108810425,0.6110553594917292,0.6213037560504745,1.0,0.0,1.0,0.0,0.4562889039516449,0.15962150692939758,0.07153719319800679,4026.2947966190536,0.459653377532959,0.3265596330165863,0.9916320922319857,0.7183649053269163,0.9979769560855327,1930.998046875,0.4714350700378418,0.0,0.3192058205604553
qwen,pixelprose,final_quarter,False,3,0.42857142857142855,15,15,15,23,4.0,4096,0.0003,True,1.5,1024,512,1200,0.6159104108810425,0.6110553594917292,0.6213037560504745,1.0,0.0,1.0,0.0,0.4562889039516449,0.15962150692939758,0.07153719319800679,4026.2947966190536,0.459653377532959,0.3265596330165863,0.9916320922319857,0.7183649053269163,0.9979769560855327,1930.998046875,0.4714350700378418,0.0,0.3192058205604553
qwen,pixelprose,final_quarter,False,3,0.42857142857142855,15,15,15,23,4.0,4096,0.001,False,1.1,1024,512,1200,0.18397510051727295,0.18232980122847947,0.18579483884313958,0.236572265625,0.004150390625,0.23779296875,0.00537109375,0.14193889498710632,0.042036205530166626,0.8288245324494309,763.3954805357067,0.2016076147556305,0.19197215139865875,0.9970011294870097,0.9797614063782576,0.9976914674627628,752.765625,0.18378067016601562,0.760009765625,0.21300406754016876
qwen,pixelprose,final_quarter,False,3,0.42857142857142855,15,15,15,23,4.0,4096,0.001,False,1.25,1024,512,1200,0.18397510051727295,0.18232980122847947,0.18579483884313958,0.234130859375,0.00341796875,0.2373046875,0.006591796875,0.14193889498710632,0.042036205530166626,0.8288245324494309,763.3954805357067,0.2016076147556305,0.19197215139865875,0.9970011294870097,0.9797614063782576,0.9976914674627628,752.765625,0.18378067016601562,0.760009765625,0.21300406754016876
qwen,pixelprose,final_quarter,False,3,0.42857142857142855,15,15,15,23,4.0,4096,0.001,False,1.5,1024,512,1200,0.18397510051727295,0.18232980122847947,0.18579483884313958,0.231689453125,0.003173828125,0.236328125,0.0078125,0.14193889498710632,0.042036205530166626,0.8288245324494309,763.3954805357067,0.2016076147556305,0.19197215139865875,0.9970011294870097,0.9797614063782576,0.9976914674627628,752.765625,0.18378067016601562,0.760009765625,0.21300406754016876
qwen,pixelprose,final_quarter,False,3,0.42857142857142855,15,15,15,23,4.0,4096,0.001,True,1.1,1024,512,1200,0.6044660806655884,0.5993139646205237,0.6092926266413997,1.0,0.0,1.0,0.0,0.44758516550064087,0.15688097476959229,0.06729460901726113,4035.776685323085,0.4672022759914398,0.31617265939712524,0.9934439214808977,0.7203202465947894,0.9967384776078382,1915.880859375,0.4677443504333496,0.0,0.31164562702178955
qwen,pixelprose,final_quarter,False,3,0.42857142857142855,15,15,15,23,4.0,4096,0.001,True,1.25,1024,512,1200,0.6044660806655884,0.5993139646205237,0.6092926266413997,1.0,0.0,1.0,0.0,0.44758516550064087,0.15688097476959229,0.06729460901726113,4035.776685323085,0.4672022759914398,0.31617265939712524,0.9934439214808977,0.7203202465947894,0.9967384776078382,1915.880859375,0.4677443504333496,0.0,0.31164562702178955
qwen,pixelprose,final_quarter,False,3,0.42857142857142855,15,15,15,23,4.0,4096,0.001,True,1.5,1024,512,1200,0.6044660806655884,0.5993139646205237,0.6092926266413997,0.99951171875,0.0,0.999755859375,0.000244140625,0.44758516550064087,0.15688097476959229,0.06729460901726113,4035.776685323085,0.4672022759914398,0.31617265939712524,0.9934439214808977,0.7203202465947894,0.9967384776078382,1915.880859375,0.4677443504333496,0.0,0.31164562702178955
qwen,pixelprose,final_quarter,False,3,0.42857142857142855,15,15,15,37,2.0,4096,0.0003,False,1.1,1024,512,1200,0.18532568216323853,0.1834449457266601,0.18714339045764064,0.236328125,0.006103515625,0.235595703125,0.00537109375,0.14329451322555542,0.042031180113554,0.828400113407425,764.4506090905542,0.20266203582286835,0.19612161815166473,0.9969219059096369,0.9799429835756217,0.9975520054430134,752.517578125,0.18372011184692383,0.7607421875,0.21931783854961395
qwen,pixelprose,final_quarter,False,3,0.42857142857142855,15,15,15,37,2.0,4096,0.0003,False,1.25,1024,512,1200,0.18532568216323853,0.1834449457266601,0.18714339045764064,0.234375,0.005615234375,0.235107421875,0.00634765625,0.14329451322555542,0.042031180113554,0.828400113407425,764.4506090905542,0.20266203582286835,0.19612161815166473,0.9969219059096369,0.9799429835756217,0.9975520054430134,752.517578125,0.18372011184692383,0.7607421875,0.21931783854961395
qwen,pixelprose,final_quarter,False,3,0.42857142857142855,15,15,15,37,2.0,4096,0.0003,False,1.5,1024,512,1200,0.18532568216323853,0.1834449457266601,0.18714339045764064,0.2294921875,0.005126953125,0.233154296875,0.0087890625,0.14329451322555542,0.042031180113554,0.828400113407425,764.4506090905542,0.20266203582286835,0.19612161815166473,0.9969219059096369,0.9799429835756217,0.9975520054430134,752.517578125,0.18372011184692383,0.7607421875,0.21931783854961395
qwen,pixelprose,final_quarter,False,3,0.42857142857142855,15,15,15,37,2.0,4096,0.0003,True,1.1,1024,512,1200,0.6324203610420227,0.6266097445099149,0.6378623822165537,1.0,0.0,1.0,0.0,0.46905040740966797,0.16336995363235474,0.06715867823416893,4033.59320505197,0.46742892265319824,0.32429009675979614,0.9773641755500346,0.704455281920418,0.9954056413376321,1954.79296875,0.47724437713623047,0.0,0.3307841420173645
qwen,pixelprose,final_quarter,False,3,0.42857142857142855,15,15,15,37,2.0,4096,0.0003,True,1.25,1024,512,1200,0.6324203610420227,0.6266097445099149,0.6378623822165537,1.0,0.0,1.0,0.0,0.46905040740966797,0.16336995363235474,0.06715867823416893,4033.59320505197,0.46742892265319824,0.32429009675979614,0.9773641755500346,0.704455281920418,0.9954056413376321,1954.79296875,0.47724437713623047,0.0,0.3307841420173645
qwen,pixelprose,final_quarter,False,3,0.42857142857142855,15,15,15,37,2.0,4096,0.0003,True,1.5,1024,512,1200,0.6324203610420227,0.6266097445099149,0.6378623822165537,1.0,0.0,1.0,0.0,0.46905040740966797,0.16336995363235474,0.06715867823416893,4033.59320505197,0.46742892265319824,0.32429009675979614,0.9773641755500346,0.704455281920418,0.9954056413376321,1954.79296875,0.47724437713623047,0.0,0.3307841420173645
qwen,pixelprose,final_quarter,False,3,0.42857142857142855,15,15,15,37,2.0,4096,0.001,False,1.1,1024,512,1200,0.18370321393013,0.18186092364921932,0.18548682921682486,0.23681640625,0.006103515625,0.236083984375,0.00537109375,0.1419975608587265,0.0417056567966938,0.828106367314056,764.7807473996776,0.1990721970796585,0.19028791785240173,0.9969374922110205,0.979892309166512,0.997638168062602,749.666015625,0.18302392959594727,0.76025390625,0.2133825719356537
qwen,pixelprose,final_quarter,False,3,0.42857142857142855,15,15,15,37,2.0,4096,0.001,False,1.25,1024,512,1200,0.18370321393013,0.18186092364921932,0.18548682921682486,0.23486328125,0.005615234375,0.235595703125,0.00634765625,0.1419975608587265,0.0417056567966938,0.828106367314056,764.7807473996776,0.1990721970796585,0.19028791785240173,0.9969374922110205,0.979892309166512,0.997638168062602,749.666015625,0.18302392959594727,0.76025390625,0.2133825719356537
qwen,pixelprose,final_quarter,False,3,0.42857142857142855,15,15,15,37,2.0,4096,0.001,False,1.5,1024,512,1200,0.18370321393013,0.18186092364921932,0.18548682921682486,0.23046875,0.005126953125,0.23388671875,0.008544921875,0.1419975608587265,0.0417056567966938,0.828106367314056,764.7807473996776,0.1990721970796585,0.19028791785240173,0.9969374922110205,0.979892309166512,0.997638168062602,749.666015625,0.18302392959594727,0.76025390625,0.2133825719356537
qwen,pixelprose,final_quarter,False,3,0.42857142857142855,15,15,15,37,2.0,4096,0.001,True,1.1,1024,512,1200,0.6188324689865112,0.6133937960941693,0.6235721954610198,1.0,0.0,1.0,0.0,0.458244651556015,0.160587877035141,0.06551662827354117,4036.7875808498106,0.45174065232276917,0.3201197683811188,0.9854482950572379,0.7122675774369454,0.9966725877374184,1947.419921875,0.47544431686401367,0.0,0.32166802883148193
qwen,pixelprose,final_quarter,False,3,0.42857142857142855,15,15,15,37,2.0,4096,0.001,True,1.25,1024,512,1200,0.6188324689865112,0.6133937960941693,0.6235721954610198,1.0,0.0,1.0,0.0,0.458244651556015,0.160587877035141,0.06551662827354117,4036.7875808498106,0.45174065232276917,0.3201197683811188,0.9854482950572379,0.7122675774369454,0.9966725877374184,1947.419921875,0.47544431686401367,0.0,0.32166802883148193
qwen,pixelprose,final_quarter,False,3,0.42857142857142855,15,15,15,37,2.0,4096,0.001,True,1.5,1024,512,1200,0.6188324689865112,0.6133937960941693,0.6235721954610198,1.0,0.0,1.0,0.0,0.458244651556015,0.160587877035141,0.06551662827354117,4036.7875808498106,0.45174065232276917,0.3201197683811188,0.9854482950572379,0.7122675774369454,0.9966725877374184,1947.419921875,0.47544431686401367,0.0,0.32166802883148193
qwen,pixelprose,final_quarter,False,3,0.42857142857142855,15,15,15,37,4.0,4096,0.0003,False,1.1,1024,512,1200,0.18532568216323853,0.1834449457266601,0.18714339045764064,0.236328125,0.006103515625,0.235595703125,0.00537109375,0.14329451322555542,0.042031180113554,0.828400113407425,764.4506090905542,0.20266203582286835,0.19612161815166473,0.9969219059096369,0.9799429835756217,0.9975520054430134,752.517578125,0.18372011184692383,0.7607421875,0.21931783854961395
qwen,pixelprose,final_quarter,False,3,0.42857142857142855,15,15,15,37,4.0,4096,0.0003,False,1.25,1024,512,1200,0.18532568216323853,0.1834449457266601,0.18714339045764064,0.234375,0.005615234375,0.235107421875,0.00634765625,0.14329451322555542,0.042031180113554,0.828400113407425,764.4506090905542,0.20266203582286835,0.19612161815166473,0.9969219059096369,0.9799429835756217,0.9975520054430134,752.517578125,0.18372011184692383,0.7607421875,0.21931783854961395
qwen,pixelprose,final_quarter,False,3,0.42857142857142855,15,15,15,37,4.0,4096,0.0003,False,1.5,1024,512,1200,0.18532568216323853,0.1834449457266601,0.18714339045764064,0.2294921875,0.005126953125,0.233154296875,0.0087890625,0.14329451322555542,0.042031180113554,0.828400113407425,764.4506090905542,0.20266203582286835,0.19612161815166473,0.9969219059096369,0.9799429835756217,0.9975520054430134,752.517578125,0.18372011184692383,0.7607421875,0.21931783854961395
qwen,pixelprose,final_quarter,False,3,0.42857142857142855,15,15,15,37,4.0,4096,0.0003,True,1.1,1024,512,1200,0.6324203610420227,0.6266097445099149,0.6378623822165537,1.0,0.0,1.0,0.0,0.46905040740966797,0.16336995363235474,0.06715867823416893,4033.59320505197,0.46742892265319824,0.32429009675979614,0.9773641755500346,0.704455281920418,0.9954056413376321,1954.79296875,0.47724437713623047,0.0,0.3307841420173645
qwen,pixelprose,final_quarter,False,3,0.42857142857142855,15,15,15,37,4.0,4096,0.0003,True,1.25,1024,512,1200,0.6324203610420227,0.6266097445099149,0.6378623822165537,1.0,0.0,1.0,0.0,0.46905040740966797,0.16336995363235474,0.06715867823416893,4033.59320505197,0.46742892265319824,0.32429009675979614,0.9773641755500346,0.704455281920418,0.9954056413376321,1954.79296875,0.47724437713623047,0.0,0.3307841420173645
qwen,pixelprose,final_quarter,False,3,0.42857142857142855,15,15,15,37,4.0,4096,0.0003,True,1.5,1024,512,1200,0.6324203610420227,0.6266097445099149,0.6378623822165537,1.0,0.0,1.0,0.0,0.46905040740966797,0.16336995363235474,0.06715867823416893,4033.59320505197,0.46742892265319824,0.32429009675979614,0.9773641755500346,0.704455281920418,0.9954056413376321,1954.79296875,0.47724437713623047,0.0,0.3307841420173645
qwen,pixelprose,final_quarter,False,3,0.42857142857142855,15,15,15,37,4.0,4096,0.001,False,1.1,1024,512,1200,0.18370321393013,0.18186092364921932,0.18548682921682486,0.23681640625,0.006103515625,0.236083984375,0.00537109375,0.1419975608587265,0.0417056567966938,0.828106367314056,764.7807473996776,0.1990721970796585,0.19028791785240173,0.9969374922110205,0.979892309166512,0.997638168062602,749.666015625,0.18302392959594727,0.76025390625,0.2133825719356537
qwen,pixelprose,final_quarter,False,3,0.42857142857142855,15,15,15,37,4.0,4096,0.001,False,1.25,1024,512,1200,0.18370321393013,0.18186092364921932,0.18548682921682486,0.23486328125,0.005615234375,0.235595703125,0.00634765625,0.1419975608587265,0.0417056567966938,0.828106367314056,764.7807473996776,0.1990721970796585,0.19028791785240173,0.9969374922110205,0.979892309166512,0.997638168062602,749.666015625,0.18302392959594727,0.76025390625,0.2133825719356537
qwen,pixelprose,final_quarter,False,3,0.42857142857142855,15,15,15,37,4.0,4096,0.001,False,1.5,1024,512,1200,0.18370321393013,0.18186092364921932,0.18548682921682486,0.23046875,0.005126953125,0.23388671875,0.008544921875,0.1419975608587265,0.0417056567966938,0.828106367314056,764.7807473996776,0.1990721970796585,0.19028791785240173,0.9969374922110205,0.979892309166512,0.997638168062602,749.666015625,0.18302392959594727,0.76025390625,0.2133825719356537
qwen,pixelprose,final_quarter,False,3,0.42857142857142855,15,15,15,37,4.0,4096,0.001,True,1.1,1024,512,1200,0.6188324689865112,0.6133937960941693,0.6235721954610198,1.0,0.0,1.0,0.0,0.458244651556015,0.160587877035141,0.06551662827354117,4036.7875808498106,0.45174065232276917,0.3201197683811188,0.9854482950572379,0.7122675774369454,0.9966725877374184,1947.419921875,0.47544431686401367,0.0,0.32166802883148193
qwen,pixelprose,final_quarter,False,3,0.42857142857142855,15,15,15,37,4.0,4096,0.001,True,1.25,1024,512,1200,0.6188324689865112,0.6133937960941693,0.6235721954610198,1.0,0.0,1.0,0.0,0.458244651556015,0.160587877035141,0.06551662827354117,4036.7875808498106,0.45174065232276917,0.3201197683811188,0.9854482950572379,0.7122675774369454,0.9966725877374184,1947.419921875,0.47544431686401367,0.0,0.32166802883148193
qwen,pixelprose,final_quarter,False,3,0.42857142857142855,15,15,15,37,4.0,4096,0.001,True,1.5,1024,512,1200,0.6188324689865112,0.6133937960941693,0.6235721954610198,1.0,0.0,1.0,0.0,0.458244651556015,0.160587877035141,0.06551662827354117,4036.7875808498106,0.45174065232276917,0.3201197683811188,0.9854482950572379,0.7122675774369454,0.9966725877374184,1947.419921875,0.47544431686401367,0.0,0.32166802883148193
qwen,pixelprose,final_quarter,False,4,0.5714285714285714,20,20,20,11,2.0,4096,0.0003,False,1.1,1024,512,1200,0.2694706320762634,0.26702678526417,0.2716162784767221,0.233642578125,0.009033203125,0.23046875,0.005859375,0.1851532757282257,0.08431734889745712,0.8301762396443255,756.0978473623186,0.25344616174697876,0.24120594561100006,0.9965691884790271,0.9813351377613396,0.9967807571869203,746.900390625,0.18234872817993164,0.769775390625,0.2653573453426361
qwen,pixelprose,final_quarter,False,4,0.5714285714285714,20,20,20,11,2.0,4096,0.0003,False,1.25,1024,512,1200,0.2694706320762634,0.26702678526417,0.2716162784767221,0.228759765625,0.009033203125,0.22802734375,0.00830078125,0.1851532757282257,0.08431734889745712,0.8301762396443255,756.0978473623186,0.25344616174697876,0.24120594561100006,0.9965691884790271,0.9813351377613396,0.9967807571869203,746.900390625,0.18234872817993164,0.769775390625,0.2653573453426361
qwen,pixelprose,final_quarter,False,4,0.5714285714285714,20,20,20,11,2.0,4096,0.0003,False,1.5,1024,512,1200,0.2694706320762634,0.26702678526417,0.2716162784767221,0.211181640625,0.00830078125,0.219970703125,0.01708984375,0.1851532757282257,0.08431734889745712,0.8301762396443255,756.0978473623186,0.25344616174697876,0.24120594561100006,0.9965691884790271,0.9813351377613396,0.9967807571869203,746.900390625,0.18234872817993164,0.769775390625,0.2653573453426361
qwen,pixelprose,final_quarter,False,4,0.5714285714285714,20,20,20,11,2.0,4096,0.0003,True,1.1,1024,512,1200,0.7440811991691589,0.7383832018764224,0.7493620531924534,0.9990234375,0.0,0.99951171875,0.00048828125,0.484439492225647,0.2596417963504791,0.06516983228042836,4039.166001004373,0.4225357472896576,0.32279160618782043,0.9953976452243782,0.7455989043384856,0.9894344778994872,1927.5546875,0.4705944061279297,0.0,0.31812015175819397
qwen,pixelprose,final_quarter,False,4,0.5714285714285714,20,20,20,11,2.0,4096,0.0003,True,1.25,1024,512,1200,0.7440811991691589,0.7383832018764224,0.7493620531924534,0.97119140625,0.0,0.985595703125,0.014404296875,0.484439492225647,0.2596417963504791,0.06516983228042836,4039.166001004373,0.4225357472896576,0.32279160618782043,0.9953976452243782,0.7455989043384856,0.9894344778994872,1927.5546875,0.4705944061279297,0.0,0.31812015175819397
qwen,pixelprose,final_quarter,False,4,0.5714285714285714,20,20,20,11,2.0,4096,0.0003,True,1.5,1024,512,1200,0.7440811991691589,0.7383832018764224,0.7493620531924534,0.78662109375,0.0,0.893310546875,0.106689453125,0.484439492225647,0.2596417963504791,0.06516983228042836,4039.166001004373,0.4225357472896576,0.32279160618782043,0.9953976452243782,0.7455989043384856,0.9894344778994872,1927.5546875,0.4705944061279297,0.0,0.31812015175819397
qwen,pixelprose,final_quarter,False,4,0.5714285714285714,20,20,20,11,2.0,4096,0.001,False,1.1,1024,512,1200,0.2667157053947449,0.2642919921207067,0.2688236856542062,0.233642578125,0.00927734375,0.23046875,0.006103515625,0.1831752061843872,0.08354045450687408,0.8293466375094548,758.1866068879743,0.24890343844890594,0.23376579582691193,0.9963427818845587,0.9811415007906257,0.9969962252611236,743.349609375,0.18148183822631836,0.769287109375,0.25626450777053833
qwen,pixelprose,final_quarter,False,4,0.5714285714285714,20,20,20,11,2.0,4096,0.001,False,1.25,1024,512,1200,0.2667157053947449,0.2642919921207067,0.2688236856542062,0.228759765625,0.009033203125,0.228271484375,0.008544921875,0.1831752061843872,0.08354045450687408,0.8293466375094548,758.1866068879743,0.24890343844890594,0.23376579582691193,0.9963427818845587,0.9811415007906257,0.9969962252611236,743.349609375,0.18148183822631836,0.769287109375,0.25626450777053833
qwen,pixelprose,final_quarter,False,4,0.5714285714285714,20,20,20,11,2.0,4096,0.001,False,1.5,1024,512,1200,0.2667157053947449,0.2642919921207067,0.2688236856542062,0.208251953125,0.00830078125,0.21875,0.018798828125,0.1831752061843872,0.08354045450687408,0.8293466375094548,758.1866068879743,0.24890343844890594,0.23376579582691193,0.9963427818845587,0.9811415007906257,0.9969962252611236,743.349609375,0.18148183822631836,0.769287109375,0.25626450777053833
qwen,pixelprose,final_quarter,False,4,0.5714285714285714,20,20,20,11,2.0,4096,0.001,True,1.1,1024,512,1200,0.7384610176086426,0.7326146018429427,0.7435583925631363,0.9990234375,0.0,0.99951171875,0.00048828125,0.48054593801498413,0.25791504979133606,0.06556242699457569,4038.803846239738,0.41951674222946167,0.32042205333709717,0.9932486734677463,0.7439844730139679,0.9922368399073362,1925.501953125,0.4700932502746582,0.0,0.3156728744506836
qwen,pixelprose,final_quarter,False,4,0.5714285714285714,20,20,20,11,2.0,4096,0.001,True,1.25,1024,512,1200,0.7384610176086426,0.7326146018429427,0.7435583925631363,0.97021484375,0.0,0.985107421875,0.014892578125,0.48054593801498413,0.25791504979133606,0.06556242699457569,4038.803846239738,0.41951674222946167,0.32042205333709717,0.9932486734677463,0.7439844730139679,0.9922368399073362,1925.501953125,0.4700932502746582,0.0,0.3156728744506836
qwen,pixelprose,final_quarter,False,4,0.5714285714285714,20,20,20,11,2.0,4096,0.001,True,1.5,1024,512,1200,0.7384610176086426,0.7326146018429427,0.7435583925631363,0.78369140625,0.0,0.891845703125,0.108154296875,0.48054593801498413,0.25791504979133606,0.06556242699457569,4038.803846239738,0.41951674222946167,0.32042205333709717,0.9932486734677463,0.7439844730139679,0.9922368399073362,1925.501953125,0.4700932502746582,0.0,0.3156728744506836
qwen,pixelprose,final_quarter,False,4,0.5714285714285714,20,20,20,11,4.0,4096,0.0003,False,1.1,1024,512,1200,0.2694706320762634,0.26702678526417,0.2716162784767221,0.233642578125,0.009033203125,0.23046875,0.005859375,0.1851532757282257,0.08431734889745712,0.8301762396443255,756.0978473623186,0.25344616174697876,0.24120594561100006,0.9965691884790271,0.9813351377613396,0.9967807571869203,746.900390625,0.18234872817993164,0.769775390625,0.2653573453426361
qwen,pixelprose,final_quarter,False,4,0.5714285714285714,20,20,20,11,4.0,4096,0.0003,False,1.25,1024,512,1200,0.2694706320762634,0.26702678526417,0.2716162784767221,0.228759765625,0.009033203125,0.22802734375,0.00830078125,0.1851532757282257,0.08431734889745712,0.8301762396443255,756.0978473623186,0.25344616174697876,0.24120594561100006,0.9965691884790271,0.9813351377613396,0.9967807571869203,746.900390625,0.18234872817993164,0.769775390625,0.2653573453426361
qwen,pixelprose,final_quarter,False,4,0.5714285714285714,20,20,20,11,4.0,4096,0.0003,False,1.5,1024,512,1200,0.2694706320762634,0.26702678526417,0.2716162784767221,0.211181640625,0.00830078125,0.219970703125,0.01708984375,0.1851532757282257,0.08431734889745712,0.8301762396443255,756.0978473623186,0.25344616174697876,0.24120594561100006,0.9965691884790271,0.9813351377613396,0.9967807571869203,746.900390625,0.18234872817993164,0.769775390625,0.2653573453426361
qwen,pixelprose,final_quarter,False,4,0.5714285714285714,20,20,20,11,4.0,4096,0.0003,True,1.1,1024,512,1200,0.7440811991691589,0.7383832018764224,0.7493620531924534,0.9990234375,0.0,0.99951171875,0.00048828125,0.484439492225647,0.2596417963504791,0.06516983228042836,4039.166001004373,0.4225357472896576,0.32279160618782043,0.9953976452243782,0.7455989043384856,0.9894344778994872,1927.5546875,0.4705944061279297,0.0,0.31812015175819397
qwen,pixelprose,final_quarter,False,4,0.5714285714285714,20,20,20,11,4.0,4096,0.0003,True,1.25,1024,512,1200,0.7440811991691589,0.7383832018764224,0.7493620531924534,0.97119140625,0.0,0.985595703125,0.014404296875,0.484439492225647,0.2596417963504791,0.06516983228042836,4039.166001004373,0.4225357472896576,0.32279160618782043,0.9953976452243782,0.7455989043384856,0.9894344778994872,1927.5546875,0.4705944061279297,0.0,0.31812015175819397
qwen,pixelprose,final_quarter,False,4,0.5714285714285714,20,20,20,11,4.0,4096,0.0003,True,1.5,1024,512,1200,0.7440811991691589,0.7383832018764224,0.7493620531924534,0.78662109375,0.0,0.893310546875,0.106689453125,0.484439492225647,0.2596417963504791,0.06516983228042836,4039.166001004373,0.4225357472896576,0.32279160618782043,0.9953976452243782,0.7455989043384856,0.9894344778994872,1927.5546875,0.4705944061279297,0.0,0.31812015175819397
qwen,pixelprose,final_quarter,False,4,0.5714285714285714,20,20,20,11,4.0,4096,0.001,False,1.1,1024,512,1200,0.2667157053947449,0.2642919921207067,0.2688236856542062,0.233642578125,0.00927734375,0.23046875,0.006103515625,0.1831752061843872,0.08354045450687408,0.8293466375094548,758.1866068879743,0.24890343844890594,0.23376579582691193,0.9963427818845587,0.9811415007906257,0.9969962252611236,743.349609375,0.18148183822631836,0.769287109375,0.25626450777053833
qwen,pixelprose,final_quarter,False,4,0.5714285714285714,20,20,20,11,4.0,4096,0.001,False,1.25,1024,512,1200,0.2667157053947449,0.2642919921207067,0.2688236856542062,0.228759765625,0.009033203125,0.228271484375,0.008544921875,0.1831752061843872,0.08354045450687408,0.8293466375094548,758.1866068879743,0.24890343844890594,0.23376579582691193,0.9963427818845587,0.9811415007906257,0.9969962252611236,743.349609375,0.18148183822631836,0.769287109375,0.25626450777053833
qwen,pixelprose,final_quarter,False,4,0.5714285714285714,20,20,20,11,4.0,4096,0.001,False,1.5,1024,512,1200,0.2667157053947449,0.2642919921207067,0.2688236856542062,0.208251953125,0.00830078125,0.21875,0.018798828125,0.1831752061843872,0.08354045450687408,0.8293466375094548,758.1866068879743,0.24890343844890594,0.23376579582691193,0.9963427818845587,0.9811415007906257,0.9969962252611236,743.349609375,0.18148183822631836,0.769287109375,0.25626450777053833
qwen,pixelprose,final_quarter,False,4,0.5714285714285714,20,20,20,11,4.0,4096,0.001,True,1.1,1024,512,1200,0.7384610176086426,0.7326146018429427,0.7435583925631363,0.9990234375,0.0,0.99951171875,0.00048828125,0.48054593801498413,0.25791504979133606,0.06556242699457569,4038.803846239738,0.41951674222946167,0.32042205333709717,0.9932486734677463,0.7439844730139679,0.9922368399073362,1925.501953125,0.4700932502746582,0.0,0.3156728744506836
qwen,pixelprose,final_quarter,False,4,0.5714285714285714,20,20,20,11,4.0,4096,0.001,True,1.25,1024,512,1200,0.7384610176086426,0.7326146018429427,0.7435583925631363,0.97021484375,0.0,0.985107421875,0.014892578125,0.48054593801498413,0.25791504979133606,0.06556242699457569,4038.803846239738,0.41951674222946167,0.32042205333709717,0.9932486734677463,0.7439844730139679,0.9922368399073362,1925.501953125,0.4700932502746582,0.0,0.3156728744506836
qwen,pixelprose,final_quarter,False,4,0.5714285714285714,20,20,20,11,4.0,4096,0.001,True,1.5,1024,512,1200,0.7384610176086426,0.7326146018429427,0.7435583925631363,0.78369140625,0.0,0.891845703125,0.108154296875,0.48054593801498413,0.25791504979133606,0.06556242699457569,4038.803846239738,0.41951674222946167,0.32042205333709717,0.9932486734677463,0.7439844730139679,0.9922368399073362,1925.501953125,0.4700932502746582,0.0,0.3156728744506836
qwen,pixelprose,final_quarter,False,4,0.5714285714285714,20,20,20,23,2.0,4096,0.0003,False,1.1,1024,512,1200,0.25993967056274414,0.2574483965807303,0.2623159522736387,0.22216796875,0.009521484375,0.2177734375,0.005126953125,0.17904922366142273,0.0808904767036438,0.8426894049163891,699.4032527229034,0.24690081179141998,0.2435702234506607,0.9962769443366963,0.980959938479028,0.9968514914496356,688.072265625,0.16798639297485352,0.783447265625,0.25850003957748413
qwen,pixelprose,final_quarter,False,4,0.5714285714285714,20,20,20,23,2.0,4096,0.0003,False,1.25,1024,512,1200,0.25993967056274414,0.2574483965807303,0.2623159522736387,0.21728515625,0.0087890625,0.216064453125,0.007568359375,0.17904922366142273,0.0808904767036438,0.8426894049163891,699.4032527229034,0.24690081179141998,0.2435702234506607,0.9962769443366963,0.980959938479028,0.9968514914496356,688.072265625,0.16798639297485352,0.783447265625,0.25850003957748413
qwen,pixelprose,final_quarter,False,4,0.5714285714285714,20,20,20,23,2.0,4096,0.0003,False,1.5,1024,512,1200,0.25993967056274414,0.2574483965807303,0.2623159522736387,0.20166015625,0.007080078125,0.2099609375,0.015380859375,0.17904922366142273,0.0808904767036438,0.8426894049163891,699.4032527229034,0.24690081179141998,0.2435702234506607,0.9962769443366963,0.980959938479028,0.9968514914496356,688.072265625,0.16798639297485352,0.783447265625,0.25850003957748413
qwen,pixelprose,final_quarter,False,4,0.5714285714285714,20,20,20,23,2.0,4096,0.0003,True,1.1,1024,512,1200,0.7527881264686584,0.746910697457497,0.75940832637134,0.99951171875,0.0,0.999755859375,0.000244140625,0.4896036982536316,0.26318442821502686,0.07061955237986502,4021.6575719428893,0.4113237261772156,0.31983083486557007,0.9938907630489774,0.7422758670319229,0.9887403962177398,1927.830078125,0.47066164016723633,0.0,0.31943294405937195
qwen,pixelprose,final_quarter,False,4,0.5714285714285714,20,20,20,23,2.0,4096,0.0003,True,1.25,1024,512,1200,0.7527881264686584,0.746910697457497,0.75940832637134,0.9736328125,0.0,0.98681640625,0.01318359375,0.4896036982536316,0.26318442821502686,0.07061955237986502,4021.6575719428893,0.4113237261772156,0.31983083486557007,0.9938907630489774,0.7422758670319229,0.9887403962177398,1927.830078125,0.47066164016723633,0.0,0.31943294405937195
qwen,pixelprose,final_quarter,False,4,0.5714285714285714,20,20,20,23,2.0,4096,0.0003,True,1.5,1024,512,1200,0.7527881264686584,0.746910697457497,0.75940832637134,0.7763671875,0.0,0.88818359375,0.11181640625,0.4896036982536316,0.26318442821502686,0.07061955237986502,4021.6575719428893,0.4113237261772156,0.31983083486557007,0.9938907630489774,0.7422758670319229,0.9887403962177398,1927.830078125,0.47066164016723633,0.0,0.31943294405937195
qwen,pixelprose,final_quarter,False,4,0.5714285714285714,20,20,20,23,2.0,4096,0.001,False,1.1,1024,512,1200,0.25747817754745483,0.25504643324456994,0.2598034277871193,0.221923828125,0.00927734375,0.217529296875,0.0048828125,0.17725950479507446,0.08021868765354156,0.8424934273742033,699.0311162154502,0.2418442666530609,0.23833875358104706,0.9962521252589369,0.9809185575975806,0.9967962602385617,684.947265625,0.16722345352172852,0.7841796875,0.2522372901439667
qwen,pixelprose,final_quarter,False,4,0.5714285714285714,20,20,20,23,2.0,4096,0.001,False,1.25,1024,512,1200,0.25747817754745483,0.25504643324456994,0.2598034277871193,0.217041015625,0.00830078125,0.216064453125,0.00732421875,0.17725950479507446,0.08021868765354156,0.8424934273742033,699.0311162154502,0.2418442666530609,0.23833875358104706,0.9962521252589369,0.9809185575975806,0.9967962602385617,684.947265625,0.16722345352172852,0.7841796875,0.2522372901439667
qwen,pixelprose,final_quarter,False,4,0.5714285714285714,20,20,20,23,2.0,4096,0.001,False,1.5,1024,512,1200,0.25747817754745483,0.25504643324456994,0.2598034277871193,0.200927734375,0.007080078125,0.209228515625,0.015380859375,0.17725950479507446,0.08021868765354156,0.8424934273742033,699.0311162154502,0.2418442666530609,0.23833875358104706,0.9962521252589369,0.9809185575975806,0.9967962602385617,684.947265625,0.16722345352172852,0.7841796875,0.2522372901439667
qwen,pixelprose,final_quarter,False,4,0.5714285714285714,20,20,20,23,2.0,4096,0.001,True,1.1,1024,512,1200,0.7428011894226074,0.7370696099300403,0.7492555998614989,0.99951171875,0.0,0.999755859375,0.000244140625,0.4830908179283142,0.2597103714942932,0.07212222461047797,4014.7089045627613,0.40240713953971863,0.31439492106437683,0.9946719381701595,0.7429444165478101,0.9858778117321154,1921.65234375,0.46915340423583984,0.0,0.3146257996559143
qwen,pixelprose,final_quarter,False,4,0.5714285714285714,20,20,20,23,2.0,4096,0.001,True,1.25,1024,512,1200,0.7428011894226074,0.7370696099300403,0.7492555998614989,0.970703125,0.0,0.9853515625,0.0146484375,0.4830908179283142,0.2597103714942932,0.07212222461047797,4014.7089045627613,0.40240713953971863,0.31439492106437683,0.9946719381701595,0.7429444165478101,0.9858778117321154,1921.65234375,0.46915340423583984,0.0,0.3146257996559143
qwen,pixelprose,final_quarter,False,4,0.5714285714285714,20,20,20,23,2.0,4096,0.001,True,1.5,1024,512,1200,0.7428011894226074,0.7370696099300403,0.7492555998614989,0.779296875,0.0,0.8896484375,0.1103515625,0.4830908179283142,0.2597103714942932,0.07212222461047797,4014.7089045627613,0.40240713953971863,0.31439492106437683,0.9946719381701595,0.7429444165478101,0.9858778117321154,1921.65234375,0.46915340423583984,0.0,0.3146257996559143
qwen,pixelprose,final_quarter,False,4,0.5714285714285714,20,20,20,23,4.0,4096,0.0003,False,1.1,1024,512,1200,0.25993967056274414,0.2574483965807303,0.2623159522736387,0.22216796875,0.009521484375,0.2177734375,0.005126953125,0.17904922366142273,0.0808904767036438,0.8426894049163891,699.4032527229034,0.24690081179141998,0.2435702234506607,0.9962769443366963,0.980959938479028,0.9968514914496356,688.072265625,0.16798639297485352,0.783447265625,0.25850003957748413
qwen,pixelprose,final_quarter,False,4,0.5714285714285714,20,20,20,23,4.0,4096,0.0003,False,1.25,1024,512,1200,0.25993967056274414,0.2574483965807303,0.2623159522736387,0.21728515625,0.0087890625,0.216064453125,0.007568359375,0.17904922366142273,0.0808904767036438,0.8426894049163891,699.4032527229034,0.24690081179141998,0.2435702234506607,0.9962769443366963,0.980959938479028,0.9968514914496356,688.072265625,0.16798639297485352,0.783447265625,0.25850003957748413
qwen,pixelprose,final_quarter,False,4,0.5714285714285714,20,20,20,23,4.0,4096,0.0003,False,1.5,1024,512,1200,0.25993967056274414,0.2574483965807303,0.2623159522736387,0.20166015625,0.007080078125,0.2099609375,0.015380859375,0.17904922366142273,0.0808904767036438,0.8426894049163891,699.4032527229034,0.24690081179141998,0.2435702234506607,0.9962769443366963,0.980959938479028,0.9968514914496356,688.072265625,0.16798639297485352,0.783447265625,0.25850003957748413
qwen,pixelprose,final_quarter,False,4,0.5714285714285714,20,20,20,23,4.0,4096,0.0003,True,1.1,1024,512,1200,0.7527881264686584,0.746910697457497,0.75940832637134,0.99951171875,0.0,0.999755859375,0.000244140625,0.4896036982536316,0.26318442821502686,0.07061955237986502,4021.6575719428893,0.4113237261772156,0.31983083486557007,0.9938907630489774,0.7422758670319229,0.9887403962177398,1927.830078125,0.47066164016723633,0.0,0.31943294405937195
qwen,pixelprose,final_quarter,False,4,0.5714285714285714,20,20,20,23,4.0,4096,0.0003,True,1.25,1024,512,1200,0.7527881264686584,0.746910697457497,0.75940832637134,0.9736328125,0.0,0.98681640625,0.01318359375,0.4896036982536316,0.26318442821502686,0.07061955237986502,4021.6575719428893,0.4113237261772156,0.31983083486557007,0.9938907630489774,0.7422758670319229,0.9887403962177398,1927.830078125,0.47066164016723633,0.0,0.31943294405937195
qwen,pixelprose,final_quarter,False,4,0.5714285714285714,20,20,20,23,4.0,4096,0.0003,True,1.5,1024,512,1200,0.7527881264686584,0.746910697457497,0.75940832637134,0.7763671875,0.0,0.88818359375,0.11181640625,0.4896036982536316,0.26318442821502686,0.07061955237986502,4021.6575719428893,0.4113237261772156,0.31983083486557007,0.9938907630489774,0.7422758670319229,0.9887403962177398,1927.830078125,0.47066164016723633,0.0,0.31943294405937195
qwen,pixelprose,final_quarter,False,4,0.5714285714285714,20,20,20,23,4.0,4096,0.001,False,1.1,1024,512,1200,0.25747817754745483,0.25504643324456994,0.2598034277871193,0.221923828125,0.00927734375,0.217529296875,0.0048828125,0.17725950479507446,0.08021868765354156,0.8424934273742033,699.0311162154502,0.2418442666530609,0.23833875358104706,0.9962521252589369,0.9809185575975806,0.9967962602385617,684.947265625,0.16722345352172852,0.7841796875,0.2522372901439667
qwen,pixelprose,final_quarter,False,4,0.5714285714285714,20,20,20,23,4.0,4096,0.001,False,1.25,1024,512,1200,0.25747817754745483,0.25504643324456994,0.2598034277871193,0.217041015625,0.00830078125,0.216064453125,0.00732421875,0.17725950479507446,0.08021868765354156,0.8424934273742033,699.0311162154502,0.2418442666530609,0.23833875358104706,0.9962521252589369,0.9809185575975806,0.9967962602385617,684.947265625,0.16722345352172852,0.7841796875,0.2522372901439667
qwen,pixelprose,final_quarter,False,4,0.5714285714285714,20,20,20,23,4.0,4096,0.001,False,1.5,1024,512,1200,0.25747817754745483,0.25504643324456994,0.2598034277871193,0.200927734375,0.007080078125,0.209228515625,0.015380859375,0.17725950479507446,0.08021868765354156,0.8424934273742033,699.0311162154502,0.2418442666530609,0.23833875358104706,0.9962521252589369,0.9809185575975806,0.9967962602385617,684.947265625,0.16722345352172852,0.7841796875,0.2522372901439667
qwen,pixelprose,final_quarter,False,4,0.5714285714285714,20,20,20,23,4.0,4096,0.001,True,1.1,1024,512,1200,0.7428011894226074,0.7370696099300403,0.7492555998614989,0.99951171875,0.0,0.999755859375,0.000244140625,0.4830908179283142,0.2597103714942932,0.07212222461047797,4014.7089045627613,0.40240713953971863,0.31439492106437683,0.9946719381701595,0.7429444165478101,0.9858778117321154,1921.65234375,0.46915340423583984,0.0,0.3146257996559143
qwen,pixelprose,final_quarter,False,4,0.5714285714285714,20,20,20,23,4.0,4096,0.001,True,1.25,1024,512,1200,0.7428011894226074,0.7370696099300403,0.7492555998614989,0.970703125,0.0,0.9853515625,0.0146484375,0.4830908179283142,0.2597103714942932,0.07212222461047797,4014.7089045627613,0.40240713953971863,0.31439492106437683,0.9946719381701595,0.7429444165478101,0.9858778117321154,1921.65234375,0.46915340423583984,0.0,0.3146257996559143
qwen,pixelprose,final_quarter,False,4,0.5714285714285714,20,20,20,23,4.0,4096,0.001,True,1.5,1024,512,1200,0.7428011894226074,0.7370696099300403,0.7492555998614989,0.779296875,0.0,0.8896484375,0.1103515625,0.4830908179283142,0.2597103714942932,0.07212222461047797,4014.7089045627613,0.40240713953971863,0.31439492106437683,0.9946719381701595,0.7429444165478101,0.9858778117321154,1921.65234375,0.46915340423583984,0.0,0.3146257996559143
qwen,pixelprose,final_quarter,False,4,0.5714285714285714,20,20,20,37,2.0,4096,0.0003,False,1.1,1024,512,1200,0.2643771171569824,0.26233224025490925,0.26641123602676087,0.2275390625,0.0078125,0.224365234375,0.004638671875,0.18236732482910156,0.08200976252555847,0.8335407306456161,739.4013316544855,0.24840831756591797,0.24322950839996338,0.996426517869688,0.9811361651468861,0.9967232397445744,726.4296875,0.1773509979248047,0.7763671875,0.2596070170402527
qwen,pixelprose,final_quarter,False,4,0.5714285714285714,20,20,20,37,2.0,4096,0.0003,False,1.25,1024,512,1200,0.2643771171569824,0.26233224025490925,0.26641123602676087,0.224609375,0.00732421875,0.223388671875,0.006103515625,0.18236732482910156,0.08200976252555847,0.8335407306456161,739.4013316544855,0.24840831756591797,0.24322950839996338,0.996426517869688,0.9811361651468861,0.9967232397445744,726.4296875,0.1773509979248047,0.7763671875,0.2596070170402527
qwen,pixelprose,final_quarter,False,4,0.5714285714285714,20,20,20,37,2.0,4096,0.0003,False,1.5,1024,512,1200,0.2643771171569824,0.26233224025490925,0.26641123602676087,0.2080078125,0.00732421875,0.215087890625,0.014404296875,0.18236732482910156,0.08200976252555847,0.8335407306456161,739.4013316544855,0.24840831756591797,0.24322950839996338,0.996426517869688,0.9811361651468861,0.9967232397445744,726.4296875,0.1773509979248047,0.7763671875,0.2596070170402527
qwen,pixelprose,final_quarter,False,4,0.5714285714285714,20,20,20,37,2.0,4096,0.0003,True,1.1,1024,512,1200,0.7525497674942017,0.7470479104784318,0.7578525074932259,0.998046875,0.0,0.9990234375,0.0009765625,0.4904640316963196,0.26208576560020447,0.0654827261679936,4038.344925147526,0.4306516945362091,0.3252771496772766,0.9950401142400456,0.7439504252531696,0.9931162526485554,1933.79296875,0.47211742401123047,0.0,0.32152849435806274
qwen,pixelprose,final_quarter,False,4,0.5714285714285714,20,20,20,37,2.0,4096,0.0003,True,1.25,1024,512,1200,0.7525497674942017,0.7470479104784318,0.7578525074932259,0.9736328125,0.0,0.98681640625,0.01318359375,0.4904640316963196,0.26208576560020447,0.0654827261679936,4038.344925147526,0.4306516945362091,0.3252771496772766,0.9950401142400456,0.7439504252531696,0.9931162526485554,1933.79296875,0.47211742401123047,0.0,0.32152849435806274
qwen,pixelprose,final_quarter,False,4,0.5714285714285714,20,20,20,37,2.0,4096,0.0003,True,1.5,1024,512,1200,0.7525497674942017,0.7470479104784318,0.7578525074932259,0.79931640625,0.0,0.899658203125,0.100341796875,0.4904640316963196,0.26208576560020447,0.0654827261679936,4038.344925147526,0.4306516945362091,0.3252771496772766,0.9950401142400456,0.7439504252531696,0.9931162526485554,1933.79296875,0.47211742401123047,0.0,0.32152849435806274
qwen,pixelprose,final_quarter,False,4,0.5714285714285714,20,20,20,37,2.0,4096,0.001,False,1.1,1024,512,1200,0.2621247172355652,0.26012800566750227,0.2641259131392871,0.227783203125,0.0078125,0.224609375,0.004638671875,0.18069393932819366,0.08143077790737152,0.8328597407514311,741.0658849015385,0.24440661072731018,0.2396419197320938,0.9965279695871755,0.981194244912024,0.9966402696727079,724.970703125,0.17699480056762695,0.77587890625,0.2541281580924988
qwen,pixelprose,final_quarter,False,4,0.5714285714285714,20,20,20,37,2.0,4096,0.001,False,1.25,1024,512,1200,0.2621247172355652,0.26012800566750227,0.2641259131392871,0.224853515625,0.00732421875,0.2236328125,0.006103515625,0.18069393932819366,0.08143077790737152,0.8328597407514311,741.0658849015385,0.24440661072731018,0.2396419197320938,0.9965279695871755,0.981194244912024,0.9966402696727079,724.970703125,0.17699480056762695,0.77587890625,0.2541281580924988
qwen,pixelprose,final_quarter,False,4,0.5714285714285714,20,20,20,37,2.0,4096,0.001,False,1.5,1024,512,1200,0.2621247172355652,0.26012800566750227,0.2641259131392871,0.205810546875,0.007080078125,0.21435546875,0.015625,0.18069393932819366,0.08143077790737152,0.8328597407514311,741.0658849015385,0.24440661072731018,0.2396419197320938,0.9965279695871755,0.981194244912024,0.9966402696727079,724.970703125,0.17699480056762695,0.77587890625,0.2541281580924988
qwen,pixelprose,final_quarter,False,4,0.5714285714285714,20,20,20,37,2.0,4096,0.001,True,1.1,1024,512,1200,0.7413644790649414,0.7358768318750663,0.7465331025305204,0.99853515625,0.0,0.999267578125,0.000732421875,0.48295968770980835,0.25840479135513306,0.06703714930100572,4034.7251900161286,0.4277929961681366,0.3189842104911804,0.9958628755101934,0.7446069916475702,0.9941536056201381,1924.61328125,0.4698762893676758,0.0,0.31572699546813965
qwen,pixelprose,final_quarter,False,4,0.5714285714285714,20,20,20,37,2.0,4096,0.001,True,1.25,1024,512,1200,0.7413644790649414,0.7358768318750663,0.7465331025305204,0.97314453125,0.0,0.986572265625,0.013427734375,0.48295968770980835,0.25840479135513306,0.06703714930100572,4034.7251900161286,0.4277929961681366,0.3189842104911804,0.9958628755101934,0.7446069916475702,0.9941536056201381,1924.61328125,0.4698762893676758,0.0,0.31572699546813965
qwen,pixelprose,final_quarter,False,4,0.5714285714285714,20,20,20,37,2.0,4096,0.001,True,1.5,1024,512,1200,0.7413644790649414,0.7358768318750663,0.7465331025305204,0.79541015625,0.0,0.897705078125,0.102294921875,0.48295968770980835,0.25840479135513306,0.06703714930100572,4034.7251900161286,0.4277929961681366,0.3189842104911804,0.9958628755101934,0.7446069916475702,0.9941536056201381,1924.61328125,0.4698762893676758,0.0,0.31572699546813965
qwen,pixelprose,final_quarter,False,4,0.5714285714285714,20,20,20,37,4.0,4096,0.0003,False,1.1,1024,512,1200,0.2643771171569824,0.26233224025490925,0.26641123602676087,0.2275390625,0.0078125,0.224365234375,0.004638671875,0.18236732482910156,0.08200976252555847,0.8335407306456161,739.4013316544855,0.24840831756591797,0.24322950839996338,0.996426517869688,0.9811361651468861,0.9967232397445744,726.4296875,0.1773509979248047,0.7763671875,0.2596070170402527
qwen,pixelprose,final_quarter,False,4,0.5714285714285714,20,20,20,37,4.0,4096,0.0003,False,1.25,1024,512,1200,0.2643771171569824,0.26233224025490925,0.26641123602676087,0.224609375,0.00732421875,0.223388671875,0.006103515625,0.18236732482910156,0.08200976252555847,0.8335407306456161,739.4013316544855,0.24840831756591797,0.24322950839996338,0.996426517869688,0.9811361651468861,0.9967232397445744,726.4296875,0.1773509979248047,0.7763671875,0.2596070170402527
qwen,pixelprose,final_quarter,False,4,0.5714285714285714,20,20,20,37,4.0,4096,0.0003,False,1.5,1024,512,1200,0.2643771171569824,0.26233224025490925,0.26641123602676087,0.2080078125,0.00732421875,0.215087890625,0.014404296875,0.18236732482910156,0.08200976252555847,0.8335407306456161,739.4013316544855,0.24840831756591797,0.24322950839996338,0.996426517869688,0.9811361651468861,0.9967232397445744,726.4296875,0.1773509979248047,0.7763671875,0.2596070170402527
qwen,pixelprose,final_quarter,False,4,0.5714285714285714,20,20,20,37,4.0,4096,0.0003,True,1.1,1024,512,1200,0.7525497674942017,0.7470479104784318,0.7578525074932259,0.998046875,0.0,0.9990234375,0.0009765625,0.4904640316963196,0.26208576560020447,0.0654827261679936,4038.344925147526,0.4306516945362091,0.3252771496772766,0.9950401142400456,0.7439504252531696,0.9931162526485554,1933.79296875,0.47211742401123047,0.0,0.32152849435806274
qwen,pixelprose,final_quarter,False,4,0.5714285714285714,20,20,20,37,4.0,4096,0.0003,True,1.25,1024,512,1200,0.7525497674942017,0.7470479104784318,0.7578525074932259,0.9736328125,0.0,0.98681640625,0.01318359375,0.4904640316963196,0.26208576560020447,0.0654827261679936,4038.344925147526,0.4306516945362091,0.3252771496772766,0.9950401142400456,0.7439504252531696,0.9931162526485554,1933.79296875,0.47211742401123047,0.0,0.32152849435806274
qwen,pixelprose,final_quarter,False,4,0.5714285714285714,20,20,20,37,4.0,4096,0.0003,True,1.5,1024,512,1200,0.7525497674942017,0.7470479104784318,0.7578525074932259,0.79931640625,0.0,0.899658203125,0.100341796875,0.4904640316963196,0.26208576560020447,0.0654827261679936,4038.344925147526,0.4306516945362091,0.3252771496772766,0.9950401142400456,0.7439504252531696,0.9931162526485554,1933.79296875,0.47211742401123047,0.0,0.32152849435806274
qwen,pixelprose,final_quarter,False,4,0.5714285714285714,20,20,20,37,4.0,4096,0.001,False,1.1,1024,512,1200,0.2621247172355652,0.26012800566750227,0.2641259131392871,0.227783203125,0.0078125,0.224609375,0.004638671875,0.18069393932819366,0.08143077790737152,0.8328597407514311,741.0658849015385,0.24440661072731018,0.2396419197320938,0.9965279695871755,0.981194244912024,0.9966402696727079,724.970703125,0.17699480056762695,0.77587890625,0.2541281580924988
qwen,pixelprose,final_quarter,False,4,0.5714285714285714,20,20,20,37,4.0,4096,0.001,False,1.25,1024,512,1200,0.2621247172355652,0.26012800566750227,0.2641259131392871,0.224853515625,0.00732421875,0.2236328125,0.006103515625,0.18069393932819366,0.08143077790737152,0.8328597407514311,741.0658849015385,0.24440661072731018,0.2396419197320938,0.9965279695871755,0.981194244912024,0.9966402696727079,724.970703125,0.17699480056762695,0.77587890625,0.2541281580924988
qwen,pixelprose,final_quarter,False,4,0.5714285714285714,20,20,20,37,4.0,4096,0.001,False,1.5,1024,512,1200,0.2621247172355652,0.26012800566750227,0.2641259131392871,0.205810546875,0.007080078125,0.21435546875,0.015625,0.18069393932819366,0.08143077790737152,0.8328597407514311,741.0658849015385,0.24440661072731018,0.2396419197320938,0.9965279695871755,0.981194244912024,0.9966402696727079,724.970703125,0.17699480056762695,0.77587890625,0.2541281580924988
qwen,pixelprose,final_quarter,False,4,0.5714285714285714,20,20,20,37,4.0,4096,0.001,True,1.1,1024,512,1200,0.7413644790649414,0.7358768318750663,0.7465331025305204,0.99853515625,0.0,0.999267578125,0.000732421875,0.48295968770980835,0.25840479135513306,0.06703714930100572,4034.7251900161286,0.4277929961681366,0.3189842104911804,0.9958628755101934,0.7446069916475702,0.9941536056201381,1924.61328125,0.4698762893676758,0.0,0.31572699546813965
qwen,pixelprose,final_quarter,False,4,0.5714285714285714,20,20,20,37,4.0,4096,0.001,True,1.25,1024,512,1200,0.7413644790649414,0.7358768318750663,0.7465331025305204,0.97314453125,0.0,0.986572265625,0.013427734375,0.48295968770980835,0.25840479135513306,0.06703714930100572,4034.7251900161286,0.4277929961681366,0.3189842104911804,0.9958628755101934,0.7446069916475702,0.9941536056201381,1924.61328125,0.4698762893676758,0.0,0.31572699546813965
qwen,pixelprose,final_quarter,False,4,0.5714285714285714,20,20,20,37,4.0,4096,0.001,True,1.5,1024,512,1200,0.7413644790649414,0.7358768318750663,0.7465331025305204,0.79541015625,0.0,0.897705078125,0.102294921875,0.48295968770980835,0.25840479135513306,0.06703714930100572,4034.7251900161286,0.4277929961681366,0.3189842104911804,0.9958628755101934,0.7446069916475702,0.9941536056201381,1924.61328125,0.4698762893676758,0.0,0.31572699546813965
qwen,pixelprose,final_quarter,False,5,0.7142857142857142,25,25,25,11,2.0,4096,0.0003,False,1.1,1024,512,1200,0.29354041814804077,0.29122464446045343,0.29557909032446333,0.192626953125,0.00732421875,0.1904296875,0.005126953125,0.20098289847373962,0.09255751967430115,0.8580781609223221,629.5004761238407,0.28531986474990845,0.2967708706855774,0.9957738851989552,0.9838810322071975,0.9967942919149709,640.576171875,0.15639066696166992,0.81005859375,0.324011892080307
qwen,pixelprose,final_quarter,False,5,0.7142857142857142,25,25,25,11,2.0,4096,0.0003,False,1.25,1024,512,1200,0.29354041814804077,0.29122464446045343,0.29557909032446333,0.187744140625,0.00732421875,0.18798828125,0.007568359375,0.20098289847373962,0.09255751967430115,0.8580781609223221,629.5004761238407,0.28531986474990845,0.2967708706855774,0.9957738851989552,0.9838810322071975,0.9967942919149709,640.576171875,0.15639066696166992,0.81005859375,0.324011892080307
qwen,pixelprose,final_quarter,False,5,0.7142857142857142,25,25,25,11,2.0,4096,0.0003,False,1.5,1024,512,1200,0.29354041814804077,0.29122464446045343,0.29557909032446333,0.166259765625,0.006591796875,0.177978515625,0.018310546875,0.20098289847373962,0.09255751967430115,0.8580781609223221,629.5004761238407,0.28531986474990845,0.2967708706855774,0.9957738851989552,0.9838810322071975,0.9967942919149709,640.576171875,0.15639066696166992,0.81005859375,0.324011892080307
qwen,pixelprose,final_quarter,False,5,0.7142857142857142,25,25,25,11,2.0,4096,0.0003,True,1.1,1024,512,1200,0.7391533255577087,0.7336911996535491,0.7444382037763717,0.99951171875,0.0,0.999755859375,0.000244140625,0.48828059434890747,0.25087273120880127,0.07079218863347561,4025.551238857544,0.46244171261787415,0.32347139716148376,0.9943967671209675,0.7303064912334607,0.9970004018805051,1935.111328125,0.4724392890930176,0.0,0.32220667600631714
qwen,pixelprose,final_quarter,False,5,0.7142857142857142,25,25,25,11,2.0,4096,0.0003,True,1.25,1024,512,1200,0.7391533255577087,0.7336911996535491,0.7444382037763717,0.98388671875,0.0,0.991943359375,0.008056640625,0.48828059434890747,0.25087273120880127,0.07079218863347561,4025.551238857544,0.46244171261787415,0.32347139716148376,0.9943967671209675,0.7303064912334607,0.9970004018805051,1935.111328125,0.4724392890930176,0.0,0.32220667600631714
qwen,pixelprose,final_quarter,False,5,0.7142857142857142,25,25,25,11,2.0,4096,0.0003,True,1.5,1024,512,1200,0.7391533255577087,0.7336911996535491,0.7444382037763717,0.85693359375,0.0,0.928466796875,0.071533203125,0.48828059434890747,0.25087273120880127,0.07079218863347561,4025.551238857544,0.46244171261787415,0.32347139716148376,0.9943967671209675,0.7303064912334607,0.9970004018805051,1935.111328125,0.4724392890930176,0.0,0.32220667600631714
qwen,pixelprose,final_quarter,False,5,0.7142857142857142,25,25,25,11,2.0,4096,0.001,False,1.1,1024,512,1200,0.292105495929718,0.289789997562184,0.2941803226865886,0.193115234375,0.007568359375,0.190673828125,0.005126953125,0.19987234473228455,0.09223315119743347,0.8579081100209698,629.4970244239867,0.2820923626422882,0.2882213294506073,0.9958076623800796,0.9838984814643909,0.9969212703648898,639.22265625,0.15606021881103516,0.809814453125,0.318897008895874
qwen,pixelprose,final_quarter,False,5,0.7142857142857142,25,25,25,11,2.0,4096,0.001,False,1.25,1024,512,1200,0.292105495929718,0.289789997562184,0.2941803226865886,0.188232421875,0.007568359375,0.188232421875,0.007568359375,0.19987234473228455,0.09223315119743347,0.8579081100209698,629.4970244239867,0.2820923626422882,0.2882213294506073,0.9958076623800796,0.9838984814643909,0.9969212703648898,639.22265625,0.15606021881103516,0.809814453125,0.318897008895874
qwen,pixelprose,final_quarter,False,5,0.7142857142857142,25,25,25,11,2.0,4096,0.001,False,1.5,1024,512,1200,0.292105495929718,0.289789997562184,0.2941803226865886,0.166259765625,0.0068359375,0.177978515625,0.0185546875,0.19987234473228455,0.09223315119743347,0.8579081100209698,629.4970244239867,0.2820923626422882,0.2882213294506073,0.9958076623800796,0.9838984814643909,0.9969212703648898,639.22265625,0.15606021881103516,0.809814453125,0.318897008895874
qwen,pixelprose,final_quarter,False,5,0.7142857142857142,25,25,25,11,2.0,4096,0.001,True,1.1,1024,512,1200,0.7282294631004333,0.722538303033798,0.7334363171015866,0.9990234375,0.0,0.99951171875,0.00048828125,0.48037609457969666,0.2478533536195755,0.06816452211453963,4031.1193249699822,0.4573915898799896,0.318302720785141,0.9950967972445743,0.7322047787217492,0.9960571712132237,1930.123046875,0.4712214469909668,0.0,0.3170187473297119
qwen,pixelprose,final_quarter,False,5,0.7142857142857142,25,25,25,11,2.0,4096,0.001,True,1.25,1024,512,1200,0.7282294631004333,0.722538303033798,0.7334363171015866,0.98095703125,0.0,0.990478515625,0.009521484375,0.48037609457969666,0.2478533536195755,0.06816452211453963,4031.1193249699822,0.4573915898799896,0.318302720785141,0.9950967972445743,0.7322047787217492,0.9960571712132237,1930.123046875,0.4712214469909668,0.0,0.3170187473297119
qwen,pixelprose,final_quarter,False,5,0.7142857142857142,25,25,25,11,2.0,4096,0.001,True,1.5,1024,512,1200,0.7282294631004333,0.722538303033798,0.7334363171015866,0.841796875,0.0,0.9208984375,0.0791015625,0.48037609457969666,0.2478533536195755,0.06816452211453963,4031.1193249699822,0.4573915898799896,0.318302720785141,0.9950967972445743,0.7322047787217492,0.9960571712132237,1930.123046875,0.4712214469909668,0.0,0.3170187473297119
qwen,pixelprose,final_quarter,False,5,0.7142857142857142,25,25,25,11,4.0,4096,0.0003,False,1.1,1024,512,1200,0.29354041814804077,0.29122464446045343,0.29557909032446333,0.192626953125,0.00732421875,0.1904296875,0.005126953125,0.20098289847373962,0.09255751967430115,0.8580781609223221,629.5004761238407,0.28531986474990845,0.2967708706855774,0.9957738851989552,0.9838810322071975,0.9967942919149709,640.576171875,0.15639066696166992,0.81005859375,0.324011892080307
qwen,pixelprose,final_quarter,False,5,0.7142857142857142,25,25,25,11,4.0,4096,0.0003,False,1.25,1024,512,1200,0.29354041814804077,0.29122464446045343,0.29557909032446333,0.187744140625,0.00732421875,0.18798828125,0.007568359375,0.20098289847373962,0.09255751967430115,0.8580781609223221,629.5004761238407,0.28531986474990845,0.2967708706855774,0.9957738851989552,0.9838810322071975,0.9967942919149709,640.576171875,0.15639066696166992,0.81005859375,0.324011892080307
qwen,pixelprose,final_quarter,False,5,0.7142857142857142,25,25,25,11,4.0,4096,0.0003,False,1.5,1024,512,1200,0.29354041814804077,0.29122464446045343,0.29557909032446333,0.166259765625,0.006591796875,0.177978515625,0.018310546875,0.20098289847373962,0.09255751967430115,0.8580781609223221,629.5004761238407,0.28531986474990845,0.2967708706855774,0.9957738851989552,0.9838810322071975,0.9967942919149709,640.576171875,0.15639066696166992,0.81005859375,0.324011892080307
qwen,pixelprose,final_quarter,False,5,0.7142857142857142,25,25,25,11,4.0,4096,0.0003,True,1.1,1024,512,1200,0.7391533255577087,0.7336911996535491,0.7444382037763717,0.99951171875,0.0,0.999755859375,0.000244140625,0.48828059434890747,0.25087273120880127,0.07079218863347561,4025.551238857544,0.46244171261787415,0.32347139716148376,0.9943967671209675,0.7303064912334607,0.9970004018805051,1935.111328125,0.4724392890930176,0.0,0.32220667600631714
qwen,pixelprose,final_quarter,False,5,0.7142857142857142,25,25,25,11,4.0,4096,0.0003,True,1.25,1024,512,1200,0.7391533255577087,0.7336911996535491,0.7444382037763717,0.98388671875,0.0,0.991943359375,0.008056640625,0.48828059434890747,0.25087273120880127,0.07079218863347561,4025.551238857544,0.46244171261787415,0.32347139716148376,0.9943967671209675,0.7303064912334607,0.9970004018805051,1935.111328125,0.4724392890930176,0.0,0.32220667600631714
qwen,pixelprose,final_quarter,False,5,0.7142857142857142,25,25,25,11,4.0,4096,0.0003,True,1.5,1024,512,1200,0.7391533255577087,0.7336911996535491,0.7444382037763717,0.85693359375,0.0,0.928466796875,0.071533203125,0.48828059434890747,0.25087273120880127,0.07079218863347561,4025.551238857544,0.46244171261787415,0.32347139716148376,0.9943967671209675,0.7303064912334607,0.9970004018805051,1935.111328125,0.4724392890930176,0.0,0.32220667600631714
qwen,pixelprose,final_quarter,False,5,0.7142857142857142,25,25,25,11,4.0,4096,0.001,False,1.1,1024,512,1200,0.292105495929718,0.289789997562184,0.2941803226865886,0.193115234375,0.007568359375,0.190673828125,0.005126953125,0.19987234473228455,0.09223315119743347,0.8579081100209698,629.4970244239867,0.2820923626422882,0.2882213294506073,0.9958076623800796,0.9838984814643909,0.9969212703648898,639.22265625,0.15606021881103516,0.809814453125,0.318897008895874
qwen,pixelprose,final_quarter,False,5,0.7142857142857142,25,25,25,11,4.0,4096,0.001,False,1.25,1024,512,1200,0.292105495929718,0.289789997562184,0.2941803226865886,0.188232421875,0.007568359375,0.188232421875,0.007568359375,0.19987234473228455,0.09223315119743347,0.8579081100209698,629.4970244239867,0.2820923626422882,0.2882213294506073,0.9958076623800796,0.9838984814643909,0.9969212703648898,639.22265625,0.15606021881103516,0.809814453125,0.318897008895874
qwen,pixelprose,final_quarter,False,5,0.7142857142857142,25,25,25,11,4.0,4096,0.001,False,1.5,1024,512,1200,0.292105495929718,0.289789997562184,0.2941803226865886,0.166259765625,0.0068359375,0.177978515625,0.0185546875,0.19987234473228455,0.09223315119743347,0.8579081100209698,629.4970244239867,0.2820923626422882,0.2882213294506073,0.9958076623800796,0.9838984814643909,0.9969212703648898,639.22265625,0.15606021881103516,0.809814453125,0.318897008895874
qwen,pixelprose,final_quarter,False,5,0.7142857142857142,25,25,25,11,4.0,4096,0.001,True,1.1,1024,512,1200,0.7282294631004333,0.722538303033798,0.7334363171015866,0.9990234375,0.0,0.99951171875,0.00048828125,0.48037609457969666,0.2478533536195755,0.06816452211453963,4031.1193249699822,0.4573915898799896,0.318302720785141,0.9950967972445743,0.7322047787217492,0.9960571712132237,1930.123046875,0.4712214469909668,0.0,0.3170187473297119
qwen,pixelprose,final_quarter,False,5,0.7142857142857142,25,25,25,11,4.0,4096,0.001,True,1.25,1024,512,1200,0.7282294631004333,0.722538303033798,0.7334363171015866,0.98095703125,0.0,0.990478515625,0.009521484375,0.48037609457969666,0.2478533536195755,0.06816452211453963,4031.1193249699822,0.4573915898799896,0.318302720785141,0.9950967972445743,0.7322047787217492,0.9960571712132237,1930.123046875,0.4712214469909668,0.0,0.3170187473297119
qwen,pixelprose,final_quarter,False,5,0.7142857142857142,25,25,25,11,4.0,4096,0.001,True,1.5,1024,512,1200,0.7282294631004333,0.722538303033798,0.7334363171015866,0.841796875,0.0,0.9208984375,0.0791015625,0.48037609457969666,0.2478533536195755,0.06816452211453963,4031.1193249699822,0.4573915898799896,0.318302720785141,0.9950967972445743,0.7322047787217492,0.9960571712132237,1930.123046875,0.4712214469909668,0.0,0.3170187473297119
qwen,pixelprose,final_quarter,False,5,0.7142857142857142,25,25,25,23,2.0,4096,0.0003,False,1.1,1024,512,1200,0.2972939610481262,0.2951831829217554,0.29979671974215305,0.1923828125,0.00927734375,0.192138671875,0.009033203125,0.20460551977157593,0.09268847107887268,0.858446023707658,625.983635464505,0.2879127860069275,0.29309067130088806,0.9958965198437297,0.9837417152190001,0.996628632547766,641.533203125,0.15662431716918945,0.8017578125,0.3322622776031494
qwen,pixelprose,final_quarter,False,5,0.7142857142857142,25,25,25,23,2.0,4096,0.0003,False,1.25,1024,512,1200,0.2972939610481262,0.2951831829217554,0.29979671974215305,0.18359375,0.00830078125,0.188720703125,0.013427734375,0.20460551977157593,0.09268847107887268,0.858446023707658,625.983635464505,0.2879127860069275,0.29309067130088806,0.9958965198437297,0.9837417152190001,0.996628632547766,641.533203125,0.15662431716918945,0.8017578125,0.3322622776031494
qwen,pixelprose,final_quarter,False,5,0.7142857142857142,25,25,25,23,2.0,4096,0.0003,False,1.5,1024,512,1200,0.2972939610481262,0.2951831829217554,0.29979671974215305,0.17138671875,0.0078125,0.18310546875,0.01953125,0.20460551977157593,0.09268847107887268,0.858446023707658,625.983635464505,0.2879127860069275,0.29309067130088806,0.9958965198437297,0.9837417152190001,0.996628632547766,641.533203125,0.15662431716918945,0.8017578125,0.3322622776031494
qwen,pixelprose,final_quarter,False,5,0.7142857142857142,25,25,25,23,2.0,4096,0.0003,True,1.1,1024,512,1200,0.7278127670288086,0.7229560390289407,0.7333246824564412,1.0,0.0,1.0,0.0,0.48131272196769714,0.24650001525878906,0.0641490130300805,4039.6941190996745,0.4516872465610504,0.32788968086242676,0.9953767240775342,0.7347799758667581,0.9902421429630365,1935.53515625,0.47254276275634766,0.0,0.3202517330646515
qwen,pixelprose,final_quarter,False,5,0.7142857142857142,25,25,25,23,2.0,4096,0.0003,True,1.25,1024,512,1200,0.7278127670288086,0.7229560390289407,0.7333246824564412,0.98583984375,0.0,0.992919921875,0.007080078125,0.48131272196769714,0.24650001525878906,0.0641490130300805,4039.6941190996745,0.4516872465610504,0.32788968086242676,0.9953767240775342,0.7347799758667581,0.9902421429630365,1935.53515625,0.47254276275634766,0.0,0.3202517330646515
qwen,pixelprose,final_quarter,False,5,0.7142857142857142,25,25,25,23,2.0,4096,0.0003,True,1.5,1024,512,1200,0.7278127670288086,0.7229560390289407,0.7333246824564412,0.84423828125,0.0,0.922119140625,0.077880859375,0.48131272196769714,0.24650001525878906,0.0641490130300805,4039.6941190996745,0.4516872465610504,0.32788968086242676,0.9953767240775342,0.7347799758667581,0.9902421429630365,1935.53515625,0.47254276275634766,0.0,0.3202517330646515
qwen,pixelprose,final_quarter,False,5,0.7142857142857142,25,25,25,23,2.0,4096,0.001,False,1.1,1024,512,1200,0.29563117027282715,0.29353367905277994,0.29813561569826563,0.19091796875,0.009521484375,0.191162109375,0.009765625,0.203542098402977,0.09208908677101135,0.8577886285269515,628.6136042936168,0.2834371030330658,0.28301653265953064,0.9958551406371859,0.9837108148560718,0.9966922080879341,641.376953125,0.1565861701965332,0.802001953125,0.327269047498703
qwen,pixelprose,final_quarter,False,5,0.7142857142857142,25,25,25,23,2.0,4096,0.001,False,1.25,1024,512,1200,0.29563117027282715,0.29353367905277994,0.29813561569826563,0.1845703125,0.008544921875,0.18896484375,0.012939453125,0.203542098402977,0.09208908677101135,0.8577886285269515,628.6136042936168,0.2834371030330658,0.28301653265953064,0.9958551406371859,0.9837108148560718,0.9966922080879341,641.376953125,0.1565861701965332,0.802001953125,0.327269047498703
qwen,pixelprose,final_quarter,False,5,0.7142857142857142,25,25,25,23,2.0,4096,0.001,False,1.5,1024,512,1200,0.29563117027282715,0.29353367905277994,0.29813561569826563,0.1708984375,0.008056640625,0.1826171875,0.019775390625,0.203542098402977,0.09208908677101135,0.8577886285269515,628.6136042936168,0.2834371030330658,0.28301653265953064,0.9958551406371859,0.9837108148560718,0.9966922080879341,641.376953125,0.1565861701965332,0.802001953125,0.327269047498703
qwen,pixelprose,final_quarter,False,5,0.7142857142857142,25,25,25,23,2.0,4096,0.001,True,1.1,1024,512,1200,0.7210302352905273,0.7164326812606305,0.7261764967552153,1.0,0.0,1.0,0.0,0.4763866662979126,0.24464358389377594,0.06500651705683443,4035.546599326716,0.445271372795105,0.31937000155448914,0.9966296382763551,0.7356803899972356,0.9941057856986368,1930.33203125,0.47127246856689453,0.0,0.3153388202190399
qwen,pixelprose,final_quarter,False,5,0.7142857142857142,25,25,25,23,2.0,4096,0.001,True,1.25,1024,512,1200,0.7210302352905273,0.7164326812606305,0.7261764967552153,0.98486328125,0.0,0.992431640625,0.007568359375,0.4763866662979126,0.24464358389377594,0.06500651705683443,4035.546599326716,0.445271372795105,0.31937000155448914,0.9966296382763551,0.7356803899972356,0.9941057856986368,1930.33203125,0.47127246856689453,0.0,0.3153388202190399
qwen,pixelprose,final_quarter,False,5,0.7142857142857142,25,25,25,23,2.0,4096,0.001,True,1.5,1024,512,1200,0.7210302352905273,0.7164326812606305,0.7261764967552153,0.8544921875,0.0,0.92724609375,0.07275390625,0.4763866662979126,0.24464358389377594,0.06500651705683443,4035.546599326716,0.445271372795105,0.31937000155448914,0.9966296382763551,0.7356803899972356,0.9941057856986368,1930.33203125,0.47127246856689453,0.0,0.3153388202190399
qwen,pixelprose,final_quarter,False,5,0.7142857142857142,25,25,25,23,4.0,4096,0.0003,False,1.1,1024,512,1200,0.2972939610481262,0.2951831829217554,0.29979671974215305,0.1923828125,0.00927734375,0.192138671875,0.009033203125,0.20460551977157593,0.09268847107887268,0.858446023707658,625.983635464505,0.2879127860069275,0.29309067130088806,0.9958965198437297,0.9837417152190001,0.996628632547766,641.533203125,0.15662431716918945,0.8017578125,0.3322622776031494
qwen,pixelprose,final_quarter,False,5,0.7142857142857142,25,25,25,23,4.0,4096,0.0003,False,1.25,1024,512,1200,0.2972939610481262,0.2951831829217554,0.29979671974215305,0.18359375,0.00830078125,0.188720703125,0.013427734375,0.20460551977157593,0.09268847107887268,0.858446023707658,625.983635464505,0.2879127860069275,0.29309067130088806,0.9958965198437297,0.9837417152190001,0.996628632547766,641.533203125,0.15662431716918945,0.8017578125,0.3322622776031494
qwen,pixelprose,final_quarter,False,5,0.7142857142857142,25,25,25,23,4.0,4096,0.0003,False,1.5,1024,512,1200,0.2972939610481262,0.2951831829217554,0.29979671974215305,0.17138671875,0.0078125,0.18310546875,0.01953125,0.20460551977157593,0.09268847107887268,0.858446023707658,625.983635464505,0.2879127860069275,0.29309067130088806,0.9958965198437297,0.9837417152190001,0.996628632547766,641.533203125,0.15662431716918945,0.8017578125,0.3322622776031494
qwen,pixelprose,final_quarter,False,5,0.7142857142857142,25,25,25,23,4.0,4096,0.0003,True,1.1,1024,512,1200,0.7278127670288086,0.7229560390289407,0.7333246824564412,1.0,0.0,1.0,0.0,0.48131272196769714,0.24650001525878906,0.0641490130300805,4039.6941190996745,0.4516872465610504,0.32788968086242676,0.9953767240775342,0.7347799758667581,0.9902421429630365,1935.53515625,0.47254276275634766,0.0,0.3202517330646515
qwen,pixelprose,final_quarter,False,5,0.7142857142857142,25,25,25,23,4.0,4096,0.0003,True,1.25,1024,512,1200,0.7278127670288086,0.7229560390289407,0.7333246824564412,0.98583984375,0.0,0.992919921875,0.007080078125,0.48131272196769714,0.24650001525878906,0.0641490130300805,4039.6941190996745,0.4516872465610504,0.32788968086242676,0.9953767240775342,0.7347799758667581,0.9902421429630365,1935.53515625,0.47254276275634766,0.0,0.3202517330646515
qwen,pixelprose,final_quarter,False,5,0.7142857142857142,25,25,25,23,4.0,4096,0.0003,True,1.5,1024,512,1200,0.7278127670288086,0.7229560390289407,0.7333246824564412,0.84423828125,0.0,0.922119140625,0.077880859375,0.48131272196769714,0.24650001525878906,0.0641490130300805,4039.6941190996745,0.4516872465610504,0.32788968086242676,0.9953767240775342,0.7347799758667581,0.9902421429630365,1935.53515625,0.47254276275634766,0.0,0.3202517330646515
qwen,pixelprose,final_quarter,False,5,0.7142857142857142,25,25,25,23,4.0,4096,0.001,False,1.1,1024,512,1200,0.29563117027282715,0.29353367905277994,0.29813561569826563,0.19091796875,0.009521484375,0.191162109375,0.009765625,0.203542098402977,0.09208908677101135,0.8577886285269515,628.6136042936168,0.2834371030330658,0.28301653265953064,0.9958551406371859,0.9837108148560718,0.9966922080879341,641.376953125,0.1565861701965332,0.802001953125,0.327269047498703
qwen,pixelprose,final_quarter,False,5,0.7142857142857142,25,25,25,23,4.0,4096,0.001,False,1.25,1024,512,1200,0.29563117027282715,0.29353367905277994,0.29813561569826563,0.1845703125,0.008544921875,0.18896484375,0.012939453125,0.203542098402977,0.09208908677101135,0.8577886285269515,628.6136042936168,0.2834371030330658,0.28301653265953064,0.9958551406371859,0.9837108148560718,0.9966922080879341,641.376953125,0.1565861701965332,0.802001953125,0.327269047498703
qwen,pixelprose,final_quarter,False,5,0.7142857142857142,25,25,25,23,4.0,4096,0.001,False,1.5,1024,512,1200,0.29563117027282715,0.29353367905277994,0.29813561569826563,0.1708984375,0.008056640625,0.1826171875,0.019775390625,0.203542098402977,0.09208908677101135,0.8577886285269515,628.6136042936168,0.2834371030330658,0.28301653265953064,0.9958551406371859,0.9837108148560718,0.9966922080879341,641.376953125,0.1565861701965332,0.802001953125,0.327269047498703
qwen,pixelprose,final_quarter,False,5,0.7142857142857142,25,25,25,23,4.0,4096,0.001,True,1.1,1024,512,1200,0.7210302352905273,0.7164326812606305,0.7261764967552153,1.0,0.0,1.0,0.0,0.4763866662979126,0.24464358389377594,0.06500651705683443,4035.546599326716,0.445271372795105,0.31937000155448914,0.9966296382763551,0.7356803899972356,0.9941057856986368,1930.33203125,0.47127246856689453,0.0,0.3153388202190399
qwen,pixelprose,final_quarter,False,5,0.7142857142857142,25,25,25,23,4.0,4096,0.001,True,1.25,1024,512,1200,0.7210302352905273,0.7164326812606305,0.7261764967552153,0.98486328125,0.0,0.992431640625,0.007568359375,0.4763866662979126,0.24464358389377594,0.06500651705683443,4035.546599326716,0.445271372795105,0.31937000155448914,0.9966296382763551,0.7356803899972356,0.9941057856986368,1930.33203125,0.47127246856689453,0.0,0.3153388202190399
qwen,pixelprose,final_quarter,False,5,0.7142857142857142,25,25,25,23,4.0,4096,0.001,True,1.5,1024,512,1200,0.7210302352905273,0.7164326812606305,0.7261764967552153,0.8544921875,0.0,0.92724609375,0.07275390625,0.4763866662979126,0.24464358389377594,0.06500651705683443,4035.546599326716,0.445271372795105,0.31937000155448914,0.9966296382763551,0.7356803899972356,0.9941057856986368,1930.33203125,0.47127246856689453,0.0,0.3153388202190399
qwen,pixelprose,final_quarter,False,5,0.7142857142857142,25,25,25,37,2.0,4096,0.0003,False,1.1,1024,512,1200,0.3072088956832886,0.3046089116738585,0.3096998977875046,0.207763671875,0.00927734375,0.205322265625,0.0068359375,0.21001172065734863,0.09719718992710114,0.8477320128966488,677.1621902007569,0.2934728264808655,0.2873571813106537,0.9960984044312924,0.9840231850816779,0.9965401298336414,685.435546875,0.1673426628112793,0.7939453125,0.332717627286911
qwen,pixelprose,final_quarter,False,5,0.7142857142857142,25,25,25,37,2.0,4096,0.0003,False,1.25,1024,512,1200,0.3072088956832886,0.3046089116738585,0.3096998977875046,0.200439453125,0.0087890625,0.2021484375,0.010498046875,0.21001172065734863,0.09719718992710114,0.8477320128966488,677.1621902007569,0.2934728264808655,0.2873571813106537,0.9960984044312924,0.9840231850816779,0.9965401298336414,685.435546875,0.1673426628112793,0.7939453125,0.332717627286911
qwen,pixelprose,final_quarter,False,5,0.7142857142857142,25,25,25,37,2.0,4096,0.0003,False,1.5,1024,512,1200,0.3072088956832886,0.3046089116738585,0.3096998977875046,0.177978515625,0.00732421875,0.1923828125,0.021728515625,0.21001172065734863,0.09719718992710114,0.8477320128966488,677.1621902007569,0.2934728264808655,0.2873571813106537,0.9960984044312924,0.9840231850816779,0.9965401298336414,685.435546875,0.1673426628112793,0.7939453125,0.332717627286911
qwen,pixelprose,final_quarter,False,5,0.7142857142857142,25,25,25,37,2.0,4096,0.0003,True,1.1,1024,512,1200,0.7215330600738525,0.7157117237919011,0.7267527528747451,1.0,0.0,1.0,0.0,0.47761282324790955,0.243920236825943,0.06292793224010754,4042.687403765831,0.4423348307609558,0.31821057200431824,0.9941476304468274,0.7336181951863368,0.994324544557416,1930.06640625,0.4712076187133789,0.0,0.3176794648170471
qwen,pixelprose,final_quarter,False,5,0.7142857142857142,25,25,25,37,2.0,4096,0.0003,True,1.25,1024,512,1200,0.7215330600738525,0.7157117237919011,0.7267527528747451,0.98193359375,0.0,0.990966796875,0.009033203125,0.47761282324790955,0.243920236825943,0.06292793224010754,4042.687403765831,0.4423348307609558,0.31821057200431824,0.9941476304468274,0.7336181951863368,0.994324544557416,1930.06640625,0.4712076187133789,0.0,0.3176794648170471
qwen,pixelprose,final_quarter,False,5,0.7142857142857142,25,25,25,37,2.0,4096,0.0003,True,1.5,1024,512,1200,0.7215330600738525,0.7157117237919011,0.7267527528747451,0.86669921875,0.0,0.933349609375,0.066650390625,0.47761282324790955,0.243920236825943,0.06292793224010754,4042.687403765831,0.4423348307609558,0.31821057200431824,0.9941476304468274,0.7336181951863368,0.994324544557416,1930.06640625,0.4712076187133789,0.0,0.3176794648170471
qwen,pixelprose,final_quarter,False,5,0.7142857142857142,25,25,25,37,2.0,4096,0.001,False,1.1,1024,512,1200,0.30535581707954407,0.3027804889417894,0.30785339587528143,0.206787109375,0.009033203125,0.205078125,0.00732421875,0.2087133824825287,0.09664243459701538,0.8476047908077529,676.7383973694432,0.2890184223651886,0.2843189835548401,0.996120163929433,0.9840120299844494,0.9959854328250703,684.158203125,0.16703081130981445,0.793701171875,0.3271259367465973
qwen,pixelprose,final_quarter,False,5,0.7142857142857142,25,25,25,37,2.0,4096,0.001,False,1.25,1024,512,1200,0.30535581707954407,0.3027804889417894,0.30785339587528143,0.200927734375,0.0087890625,0.202392578125,0.01025390625,0.2087133824825287,0.09664243459701538,0.8476047908077529,676.7383973694432,0.2890184223651886,0.2843189835548401,0.996120163929433,0.9840120299844494,0.9959854328250703,684.158203125,0.16703081130981445,0.793701171875,0.3271259367465973
qwen,pixelprose,final_quarter,False,5,0.7142857142857142,25,25,25,37,2.0,4096,0.001,False,1.5,1024,512,1200,0.30535581707954407,0.3027804889417894,0.30785339587528143,0.176025390625,0.007568359375,0.191162109375,0.022705078125,0.2087133824825287,0.09664243459701538,0.8476047908077529,676.7383973694432,0.2890184223651886,0.2843189835548401,0.996120163929433,0.9840120299844494,0.9959854328250703,684.158203125,0.16703081130981445,0.793701171875,0.3271259367465973
qwen,pixelprose,final_quarter,False,5,0.7142857142857142,25,25,25,37,2.0,4096,0.001,True,1.1,1024,512,1200,0.7181247472763062,0.7121773464721628,0.7235526019620011,1.0,0.0,1.0,0.0,0.4742620885372162,0.24386267364025116,0.06495978805198846,4038.5702599571023,0.4398878812789917,0.31519484519958496,0.9938954166660271,0.7338668298932074,0.9949207310048747,1926.19921875,0.4702634811401367,0.0,0.3148344159126282
qwen,pixelprose,final_quarter,False,5,0.7142857142857142,25,25,25,37,2.0,4096,0.001,True,1.25,1024,512,1200,0.7181247472763062,0.7121773464721628,0.7235526019620011,0.9833984375,0.0,0.99169921875,0.00830078125,0.4742620885372162,0.24386267364025116,0.06495978805198846,4038.5702599571023,0.4398878812789917,0.31519484519958496,0.9938954166660271,0.7338668298932074,0.9949207310048747,1926.19921875,0.4702634811401367,0.0,0.3148344159126282
qwen,pixelprose,final_quarter,False,5,0.7142857142857142,25,25,25,37,2.0,4096,0.001,True,1.5,1024,512,1200,0.7181247472763062,0.7121773464721628,0.7235526019620011,0.85400390625,0.0,0.927001953125,0.072998046875,0.4742620885372162,0.24386267364025116,0.06495978805198846,4038.5702599571023,0.4398878812789917,0.31519484519958496,0.9938954166660271,0.7338668298932074,0.9949207310048747,1926.19921875,0.4702634811401367,0.0,0.3148344159126282
qwen,pixelprose,final_quarter,False,5,0.7142857142857142,25,25,25,37,4.0,4096,0.0003,False,1.1,1024,512,1200,0.3072088956832886,0.3046089116738585,0.3096998977875046,0.207763671875,0.00927734375,0.205322265625,0.0068359375,0.21001172065734863,0.09719718992710114,0.8477320128966488,677.1621902007569,0.2934728264808655,0.2873571813106537,0.9960984044312924,0.9840231850816779,0.9965401298336414,685.435546875,0.1673426628112793,0.7939453125,0.332717627286911
qwen,pixelprose,final_quarter,False,5,0.7142857142857142,25,25,25,37,4.0,4096,0.0003,False,1.25,1024,512,1200,0.3072088956832886,0.3046089116738585,0.3096998977875046,0.200439453125,0.0087890625,0.2021484375,0.010498046875,0.21001172065734863,0.09719718992710114,0.8477320128966488,677.1621902007569,0.2934728264808655,0.2873571813106537,0.9960984044312924,0.9840231850816779,0.9965401298336414,685.435546875,0.1673426628112793,0.7939453125,0.332717627286911
qwen,pixelprose,final_quarter,False,5,0.7142857142857142,25,25,25,37,4.0,4096,0.0003,False,1.5,1024,512,1200,0.3072088956832886,0.3046089116738585,0.3096998977875046,0.177978515625,0.00732421875,0.1923828125,0.021728515625,0.21001172065734863,0.09719718992710114,0.8477320128966488,677.1621902007569,0.2934728264808655,0.2873571813106537,0.9960984044312924,0.9840231850816779,0.9965401298336414,685.435546875,0.1673426628112793,0.7939453125,0.332717627286911
qwen,pixelprose,final_quarter,False,5,0.7142857142857142,25,25,25,37,4.0,4096,0.0003,True,1.1,1024,512,1200,0.7215330600738525,0.7157117237919011,0.7267527528747451,1.0,0.0,1.0,0.0,0.47761282324790955,0.243920236825943,0.06292793224010754,4042.687403765831,0.4423348307609558,0.31821057200431824,0.9941476304468274,0.7336181951863368,0.994324544557416,1930.06640625,0.4712076187133789,0.0,0.3176794648170471
qwen,pixelprose,final_quarter,False,5,0.7142857142857142,25,25,25,37,4.0,4096,0.0003,True,1.25,1024,512,1200,0.7215330600738525,0.7157117237919011,0.7267527528747451,0.98193359375,0.0,0.990966796875,0.009033203125,0.47761282324790955,0.243920236825943,0.06292793224010754,4042.687403765831,0.4423348307609558,0.31821057200431824,0.9941476304468274,0.7336181951863368,0.994324544557416,1930.06640625,0.4712076187133789,0.0,0.3176794648170471
qwen,pixelprose,final_quarter,False,5,0.7142857142857142,25,25,25,37,4.0,4096,0.0003,True,1.5,1024,512,1200,0.7215330600738525,0.7157117237919011,0.7267527528747451,0.86669921875,0.0,0.933349609375,0.066650390625,0.47761282324790955,0.243920236825943,0.06292793224010754,4042.687403765831,0.4423348307609558,0.31821057200431824,0.9941476304468274,0.7336181951863368,0.994324544557416,1930.06640625,0.4712076187133789,0.0,0.3176794648170471
qwen,pixelprose,final_quarter,False,5,0.7142857142857142,25,25,25,37,4.0,4096,0.001,False,1.1,1024,512,1200,0.30535581707954407,0.3027804889417894,0.30785339587528143,0.206787109375,0.009033203125,0.205078125,0.00732421875,0.2087133824825287,0.09664243459701538,0.8476047908077529,676.7383973694432,0.2890184223651886,0.2843189835548401,0.996120163929433,0.9840120299844494,0.9959854328250703,684.158203125,0.16703081130981445,0.793701171875,0.3271259367465973
qwen,pixelprose,final_quarter,False,5,0.7142857142857142,25,25,25,37,4.0,4096,0.001,False,1.25,1024,512,1200,0.30535581707954407,0.3027804889417894,0.30785339587528143,0.200927734375,0.0087890625,0.202392578125,0.01025390625,0.2087133824825287,0.09664243459701538,0.8476047908077529,676.7383973694432,0.2890184223651886,0.2843189835548401,0.996120163929433,0.9840120299844494,0.9959854328250703,684.158203125,0.16703081130981445,0.793701171875,0.3271259367465973
qwen,pixelprose,final_quarter,False,5,0.7142857142857142,25,25,25,37,4.0,4096,0.001,False,1.5,1024,512,1200,0.30535581707954407,0.3027804889417894,0.30785339587528143,0.176025390625,0.007568359375,0.191162109375,0.022705078125,0.2087133824825287,0.09664243459701538,0.8476047908077529,676.7383973694432,0.2890184223651886,0.2843189835548401,0.996120163929433,0.9840120299844494,0.9959854328250703,684.158203125,0.16703081130981445,0.793701171875,0.3271259367465973
qwen,pixelprose,final_quarter,False,5,0.7142857142857142,25,25,25,37,4.0,4096,0.001,True,1.1,1024,512,1200,0.7181247472763062,0.7121773464721628,0.7235526019620011,1.0,0.0,1.0,0.0,0.4742620885372162,0.24386267364025116,0.06495978805198846,4038.5702599571023,0.4398878812789917,0.31519484519958496,0.9938954166660271,0.7338668298932074,0.9949207310048747,1926.19921875,0.4702634811401367,0.0,0.3148344159126282
qwen,pixelprose,final_quarter,False,5,0.7142857142857142,25,25,25,37,4.0,4096,0.001,True,1.25,1024,512,1200,0.7181247472763062,0.7121773464721628,0.7235526019620011,0.9833984375,0.0,0.99169921875,0.00830078125,0.4742620885372162,0.24386267364025116,0.06495978805198846,4038.5702599571023,0.4398878812789917,0.31519484519958496,0.9938954166660271,0.7338668298932074,0.9949207310048747,1926.19921875,0.4702634811401367,0.0,0.3148344159126282
qwen,pixelprose,final_quarter,False,5,0.7142857142857142,25,25,25,37,4.0,4096,0.001,True,1.5,1024,512,1200,0.7181247472763062,0.7121773464721628,0.7235526019620011,0.85400390625,0.0,0.927001953125,0.072998046875,0.4742620885372162,0.24386267364025116,0.06495978805198846,4038.5702599571023,0.4398878812789917,0.31519484519958496,0.9938954166660271,0.7338668298932074,0.9949207310048747,1926.19921875,0.4702634811401367,0.0,0.3148344159126282
qwen,pixelprose,final_quarter,False,6,0.8571428571428571,30,30,30,11,2.0,4096,0.0003,False,1.1,1024,512,1200,0.5459824800491333,0.540830108289083,0.5510576480941382,0.181396484375,0.005615234375,0.184326171875,0.008544921875,0.38086915016174316,0.16511328518390656,0.8604943536364063,613.9964128756744,0.5374003648757935,0.6555821299552917,0.9955506431558896,0.9854307270419591,0.9978120635883111,639.7421875,0.1561870574951172,0.80908203125,0.6825461983680725
qwen,pixelprose,final_quarter,False,6,0.8571428571428571,30,30,30,11,2.0,4096,0.0003,False,1.25,1024,512,1200,0.5459824800491333,0.540830108289083,0.5510576480941382,0.177001953125,0.004638671875,0.18310546875,0.0107421875,0.38086915016174316,0.16511328518390656,0.8604943536364063,613.9964128756744,0.5374003648757935,0.6555821299552917,0.9955506431558896,0.9854307270419591,0.9978120635883111,639.7421875,0.1561870574951172,0.80908203125,0.6825461983680725
qwen,pixelprose,final_quarter,False,6,0.8571428571428571,30,30,30,11,2.0,4096,0.0003,False,1.5,1024,512,1200,0.5459824800491333,0.540830108289083,0.5510576480941382,0.163818359375,0.00390625,0.17724609375,0.017333984375,0.38086915016174316,0.16511328518390656,0.8604943536364063,613.9964128756744,0.5374003648757935,0.6555821299552917,0.9955506431558896,0.9854307270419591,0.9978120635883111,639.7421875,0.1561870574951172,0.80908203125,0.6825461983680725
qwen,pixelprose,final_quarter,False,6,0.8571428571428571,30,30,30,11,2.0,4096,0.0003,True,1.1,1024,512,1200,0.660353422164917,0.6542370823386591,0.6658376108243829,1.0,0.0,1.0,0.0,0.4642755687236786,0.19607791304588318,0.06756322225611251,4034.7039806195567,0.3697422444820404,0.31664007902145386,0.9940864258486023,0.7691061015021785,0.9932984289212982,1906.287109375,0.46540212631225586,0.0,0.317085325717926
qwen,pixelprose,final_quarter,False,6,0.8571428571428571,30,30,30,11,2.0,4096,0.0003,True,1.25,1024,512,1200,0.660353422164917,0.6542370823386591,0.6658376108243829,0.99951171875,0.0,0.999755859375,0.000244140625,0.4642755687236786,0.19607791304588318,0.06756322225611251,4034.7039806195567,0.3697422444820404,0.31664007902145386,0.9940864258486023,0.7691061015021785,0.9932984289212982,1906.287109375,0.46540212631225586,0.0,0.317085325717926
qwen,pixelprose,final_quarter,False,6,0.8571428571428571,30,30,30,11,2.0,4096,0.0003,True,1.5,1024,512,1200,0.660353422164917,0.6542370823386591,0.6658376108243829,0.98193359375,0.0,0.990966796875,0.009033203125,0.4642755687236786,0.19607791304588318,0.06756322225611251,4034.7039806195567,0.3697422444820404,0.31664007902145386,0.9940864258486023,0.7691061015021785,0.9932984289212982,1906.287109375,0.46540212631225586,0.0,0.317085325717926
qwen,pixelprose,final_quarter,False,6,0.8571428571428571,30,30,30,11,2.0,4096,0.001,False,1.1,1024,512,1200,0.5452685356140137,0.540133146874723,0.5503182366970577,0.181396484375,0.005615234375,0.184326171875,0.008544921875,0.3803284168243408,0.16494011878967285,0.8600132283650521,615.691486211126,0.5331687927246094,0.6474647521972656,0.9957219040869191,0.9855713695907347,0.9977615584279483,639.783203125,0.15619707107543945,0.80908203125,0.6782192587852478
qwen,pixelprose,final_quarter,False,6,0.8571428571428571,30,30,30,11,2.0,4096,0.001,False,1.25,1024,512,1200,0.5452685356140137,0.540133146874723,0.5503182366970577,0.177978515625,0.004638671875,0.18359375,0.01025390625,0.3803284168243408,0.16494011878967285,0.8600132283650521,615.691486211126,0.5331687927246094,0.6474647521972656,0.9957219040869191,0.9855713695907347,0.9977615584279483,639.783203125,0.15619707107543945,0.80908203125,0.6782192587852478
qwen,pixelprose,final_quarter,False,6,0.8571428571428571,30,30,30,11,2.0,4096,0.001,False,1.5,1024,512,1200,0.5452685356140137,0.540133146874723,0.5503182366970577,0.163818359375,0.00390625,0.17724609375,0.017333984375,0.3803284168243408,0.16494011878967285,0.8600132283650521,615.691486211126,0.5331687927246094,0.6474647521972656,0.9957219040869191,0.9855713695907347,0.9977615584279483,639.783203125,0.15619707107543945,0.80908203125,0.6782192587852478
qwen,pixelprose,final_quarter,False,6,0.8571428571428571,30,30,30,11,2.0,4096,0.001,True,1.1,1024,512,1200,0.6523725986480713,0.6462497208223794,0.6578648260125192,1.0,0.0,1.0,0.0,0.4583861827850342,0.1939864158630371,0.07287573226941174,4024.5425066448056,0.34119144082069397,0.30762770771980286,0.9924891589310647,0.7667480667276401,0.9950523856567627,1895.4453125,0.4627552032470703,0.0,0.3128667175769806
qwen,pixelprose,final_quarter,False,6,0.8571428571428571,30,30,30,11,2.0,4096,0.001,True,1.25,1024,512,1200,0.6523725986480713,0.6462497208223794,0.6578648260125192,0.99951171875,0.0,0.999755859375,0.000244140625,0.4583861827850342,0.1939864158630371,0.07287573226941174,4024.5425066448056,0.34119144082069397,0.30762770771980286,0.9924891589310647,0.7667480667276401,0.9950523856567627,1895.4453125,0.4627552032470703,0.0,0.3128667175769806
qwen,pixelprose,final_quarter,False,6,0.8571428571428571,30,30,30,11,2.0,4096,0.001,True,1.5,1024,512,1200,0.6523725986480713,0.6462497208223794,0.6578648260125192,0.9814453125,0.0,0.99072265625,0.00927734375,0.4583861827850342,0.1939864158630371,0.07287573226941174,4024.5425066448056,0.34119144082069397,0.30762770771980286,0.9924891589310647,0.7667480667276401,0.9950523856567627,1895.4453125,0.4627552032470703,0.0,0.3128667175769806
qwen,pixelprose,final_quarter,False,6,0.8571428571428571,30,30,30,11,4.0,4096,0.0003,False,1.1,1024,512,1200,0.5459824800491333,0.540830108289083,0.5510576480941382,0.181396484375,0.005615234375,0.184326171875,0.008544921875,0.38086915016174316,0.16511328518390656,0.8604943536364063,613.9964128756744,0.5374003648757935,0.6555821299552917,0.9955506431558896,0.9854307270419591,0.9978120635883111,639.7421875,0.1561870574951172,0.80908203125,0.6825461983680725
qwen,pixelprose,final_quarter,False,6,0.8571428571428571,30,30,30,11,4.0,4096,0.0003,False,1.25,1024,512,1200,0.5459824800491333,0.540830108289083,0.5510576480941382,0.177001953125,0.004638671875,0.18310546875,0.0107421875,0.38086915016174316,0.16511328518390656,0.8604943536364063,613.9964128756744,0.5374003648757935,0.6555821299552917,0.9955506431558896,0.9854307270419591,0.9978120635883111,639.7421875,0.1561870574951172,0.80908203125,0.6825461983680725
qwen,pixelprose,final_quarter,False,6,0.8571428571428571,30,30,30,11,4.0,4096,0.0003,False,1.5,1024,512,1200,0.5459824800491333,0.540830108289083,0.5510576480941382,0.163818359375,0.00390625,0.17724609375,0.017333984375,0.38086915016174316,0.16511328518390656,0.8604943536364063,613.9964128756744,0.5374003648757935,0.6555821299552917,0.9955506431558896,0.9854307270419591,0.9978120635883111,639.7421875,0.1561870574951172,0.80908203125,0.6825461983680725
qwen,pixelprose,final_quarter,False,6,0.8571428571428571,30,30,30,11,4.0,4096,0.0003,True,1.1,1024,512,1200,0.660353422164917,0.6542370823386591,0.6658376108243829,1.0,0.0,1.0,0.0,0.4642755687236786,0.19607791304588318,0.06756322225611251,4034.7039806195567,0.3697422444820404,0.31664007902145386,0.9940864258486023,0.7691061015021785,0.9932984289212982,1906.287109375,0.46540212631225586,0.0,0.317085325717926
qwen,pixelprose,final_quarter,False,6,0.8571428571428571,30,30,30,11,4.0,4096,0.0003,True,1.25,1024,512,1200,0.660353422164917,0.6542370823386591,0.6658376108243829,0.99951171875,0.0,0.999755859375,0.000244140625,0.4642755687236786,0.19607791304588318,0.06756322225611251,4034.7039806195567,0.3697422444820404,0.31664007902145386,0.9940864258486023,0.7691061015021785,0.9932984289212982,1906.287109375,0.46540212631225586,0.0,0.317085325717926
qwen,pixelprose,final_quarter,False,6,0.8571428571428571,30,30,30,11,4.0,4096,0.0003,True,1.5,1024,512,1200,0.660353422164917,0.6542370823386591,0.6658376108243829,0.98193359375,0.0,0.990966796875,0.009033203125,0.4642755687236786,0.19607791304588318,0.06756322225611251,4034.7039806195567,0.3697422444820404,0.31664007902145386,0.9940864258486023,0.7691061015021785,0.9932984289212982,1906.287109375,0.46540212631225586,0.0,0.317085325717926
qwen,pixelprose,final_quarter,False,6,0.8571428571428571,30,30,30,11,4.0,4096,0.001,False,1.1,1024,512,1200,0.5452685356140137,0.540133146874723,0.5503182366970577,0.181396484375,0.005615234375,0.184326171875,0.008544921875,0.3803284168243408,0.16494011878967285,0.8600132283650521,615.691486211126,0.5331687927246094,0.6474647521972656,0.9957219040869191,0.9855713695907347,0.9977615584279483,639.783203125,0.15619707107543945,0.80908203125,0.6782192587852478
qwen,pixelprose,final_quarter,False,6,0.8571428571428571,30,30,30,11,4.0,4096,0.001,False,1.25,1024,512,1200,0.5452685356140137,0.540133146874723,0.5503182366970577,0.177978515625,0.004638671875,0.18359375,0.01025390625,0.3803284168243408,0.16494011878967285,0.8600132283650521,615.691486211126,0.5331687927246094,0.6474647521972656,0.9957219040869191,0.9855713695907347,0.9977615584279483,639.783203125,0.15619707107543945,0.80908203125,0.6782192587852478
qwen,pixelprose,final_quarter,False,6,0.8571428571428571,30,30,30,11,4.0,4096,0.001,False,1.5,1024,512,1200,0.5452685356140137,0.540133146874723,0.5503182366970577,0.163818359375,0.00390625,0.17724609375,0.017333984375,0.3803284168243408,0.16494011878967285,0.8600132283650521,615.691486211126,0.5331687927246094,0.6474647521972656,0.9957219040869191,0.9855713695907347,0.9977615584279483,639.783203125,0.15619707107543945,0.80908203125,0.6782192587852478
qwen,pixelprose,final_quarter,False,6,0.8571428571428571,30,30,30,11,4.0,4096,0.001,True,1.1,1024,512,1200,0.6523725986480713,0.6462497208223794,0.6578648260125192,1.0,0.0,1.0,0.0,0.4583861827850342,0.1939864158630371,0.07287573226941174,4024.5425066448056,0.34119144082069397,0.30762770771980286,0.9924891589310647,0.7667480667276401,0.9950523856567627,1895.4453125,0.4627552032470703,0.0,0.3128667175769806
qwen,pixelprose,final_quarter,False,6,0.8571428571428571,30,30,30,11,4.0,4096,0.001,True,1.25,1024,512,1200,0.6523725986480713,0.6462497208223794,0.6578648260125192,0.99951171875,0.0,0.999755859375,0.000244140625,0.4583861827850342,0.1939864158630371,0.07287573226941174,4024.5425066448056,0.34119144082069397,0.30762770771980286,0.9924891589310647,0.7667480667276401,0.9950523856567627,1895.4453125,0.4627552032470703,0.0,0.3128667175769806
qwen,pixelprose,final_quarter,False,6,0.8571428571428571,30,30,30,11,4.0,4096,0.001,True,1.5,1024,512,1200,0.6523725986480713,0.6462497208223794,0.6578648260125192,0.9814453125,0.0,0.99072265625,0.00927734375,0.4583861827850342,0.1939864158630371,0.07287573226941174,4024.5425066448056,0.34119144082069397,0.30762770771980286,0.9924891589310647,0.7667480667276401,0.9950523856567627,1895.4453125,0.4627552032470703,0.0,0.3128667175769806
qwen,pixelprose,final_quarter,False,6,0.8571428571428571,30,30,30,23,2.0,4096,0.0003,False,1.1,1024,512,1200,0.5534473657608032,0.5485357314231806,0.558415249263635,0.18408203125,0.005859375,0.184326171875,0.006103515625,0.3861745297908783,0.16727283596992493,0.8553805035167802,643.0909669071797,0.5365570783615112,0.6361987590789795,0.9958339077215191,0.9857030554455457,0.9976291358394228,661.5390625,0.16150856018066406,0.811767578125,0.6805105805397034
qwen,pixelprose,final_quarter,False,6,0.8571428571428571,30,30,30,23,2.0,4096,0.0003,False,1.25,1024,512,1200,0.5534473657608032,0.5485357314231806,0.558415249263635,0.1796875,0.005615234375,0.182373046875,0.00830078125,0.3861745297908783,0.16727283596992493,0.8553805035167802,643.0909669071797,0.5365570783615112,0.6361987590789795,0.9958339077215191,0.9857030554455457,0.9976291358394228,661.5390625,0.16150856018066406,0.811767578125,0.6805105805397034
qwen,pixelprose,final_quarter,False,6,0.8571428571428571,30,30,30,23,2.0,4096,0.0003,False,1.5,1024,512,1200,0.5534473657608032,0.5485357314231806,0.558415249263635,0.1669921875,0.005126953125,0.176513671875,0.0146484375,0.3861745297908783,0.16727283596992493,0.8553805035167802,643.0909669071797,0.5365570783615112,0.6361987590789795,0.9958339077215191,0.9857030554455457,0.9976291358394228,661.5390625,0.16150856018066406,0.811767578125,0.6805105805397034
qwen,pixelprose,final_quarter,False,6,0.8571428571428571,30,30,30,23,2.0,4096,0.0003,True,1.1,1024,512,1200,0.6630629897117615,0.6576500509676407,0.6687354739930015,1.0,0.0,1.0,0.0,0.46588945388793945,0.19717353582382202,0.06645063836300127,4035.736892318273,0.3329419791698456,0.31677716970443726,0.9957021804968508,0.7697507098383021,0.9968399848565938,1912.2890625,0.46686744689941406,0.0,0.32015272974967957
qwen,pixelprose,final_quarter,False,6,0.8571428571428571,30,30,30,23,2.0,4096,0.0003,True,1.25,1024,512,1200,0.6630629897117615,0.6576500509676407,0.6687354739930015,1.0,0.0,1.0,0.0,0.46588945388793945,0.19717353582382202,0.06645063836300127,4035.736892318273,0.3329419791698456,0.31677716970443726,0.9957021804968508,0.7697507098383021,0.9968399848565938,1912.2890625,0.46686744689941406,0.0,0.32015272974967957
qwen,pixelprose,final_quarter,False,6,0.8571428571428571,30,30,30,23,2.0,4096,0.0003,True,1.5,1024,512,1200,0.6630629897117615,0.6576500509676407,0.6687354739930015,0.9814453125,0.0,0.99072265625,0.00927734375,0.46588945388793945,0.19717353582382202,0.06645063836300127,4035.736892318273,0.3329419791698456,0.31677716970443726,0.9957021804968508,0.7697507098383021,0.9968399848565938,1912.2890625,0.46686744689941406,0.0,0.32015272974967957
qwen,pixelprose,final_quarter,False,6,0.8571428571428571,30,30,30,23,2.0,4096,0.001,False,1.1,1024,512,1200,0.5519503951072693,0.5470688493398483,0.5569376596991787,0.18408203125,0.005859375,0.184326171875,0.006103515625,0.3850368857383728,0.16691350936889648,0.8547907682434441,645.0320066387566,0.5336833000183105,0.6321635246276855,0.9958661651311205,0.9857353257052743,0.9976454904240387,660.8984375,0.16135215759277344,0.811767578125,0.6726635694503784
qwen,pixelprose,final_quarter,False,6,0.8571428571428571,30,30,30,23,2.0,4096,0.001,False,1.25,1024,512,1200,0.5519503951072693,0.5470688493398483,0.5569376596991787,0.1796875,0.005615234375,0.182373046875,0.00830078125,0.3850368857383728,0.16691350936889648,0.8547907682434441,645.0320066387566,0.5336833000183105,0.6321635246276855,0.9958661651311205,0.9857353257052743,0.9976454904240387,660.8984375,0.16135215759277344,0.811767578125,0.6726635694503784
qwen,pixelprose,final_quarter,False,6,0.8571428571428571,30,30,30,23,2.0,4096,0.001,False,1.5,1024,512,1200,0.5519503951072693,0.5470688493398483,0.5569376596991787,0.16650390625,0.005126953125,0.17626953125,0.014892578125,0.3850368857383728,0.16691350936889648,0.8547907682434441,645.0320066387566,0.5336833000183105,0.6321635246276855,0.9958661651311205,0.9857353257052743,0.9976454904240387,660.8984375,0.16135215759277344,0.811767578125,0.6726635694503784
qwen,pixelprose,final_quarter,False,6,0.8571428571428571,30,30,30,23,2.0,4096,0.001,True,1.1,1024,512,1200,0.6535115242004395,0.6481249411343015,0.6589166194869904,1.0,0.0,1.0,0.0,0.45928090810775757,0.1942305862903595,0.06744945500054784,4033.119659837256,0.3456917107105255,0.31134289503097534,0.9943336269527631,0.7689875264146164,0.9954589529981032,1903.873046875,0.4648127555847168,0.0,0.314944326877594
qwen,pixelprose,final_quarter,False,6,0.8571428571428571,30,30,30,23,2.0,4096,0.001,True,1.25,1024,512,1200,0.6535115242004395,0.6481249411343015,0.6589166194869904,1.0,0.0,1.0,0.0,0.45928090810775757,0.1942305862903595,0.06744945500054784,4033.119659837256,0.3456917107105255,0.31134289503097534,0.9943336269527631,0.7689875264146164,0.9954589529981032,1903.873046875,0.4648127555847168,0.0,0.314944326877594
qwen,pixelprose,final_quarter,False,6,0.8571428571428571,30,30,30,23,2.0,4096,0.001,True,1.5,1024,512,1200,0.6535115242004395,0.6481249411343015,0.6589166194869904,0.97900390625,0.0,0.989501953125,0.010498046875,0.45928090810775757,0.1942305862903595,0.06744945500054784,4033.119659837256,0.3456917107105255,0.31134289503097534,0.9943336269527631,0.7689875264146164,0.9954589529981032,1903.873046875,0.4648127555847168,0.0,0.314944326877594
qwen,pixelprose,final_quarter,False,6,0.8571428571428571,30,30,30,23,4.0,4096,0.0003,False,1.1,1024,512,1200,0.5534473657608032,0.5485357314231806,0.558415249263635,0.18408203125,0.005859375,0.184326171875,0.006103515625,0.3861745297908783,0.16727283596992493,0.8553805035167802,643.0909669071797,0.5365570783615112,0.6361987590789795,0.9958339077215191,0.9857030554455457,0.9976291358394228,661.5390625,0.16150856018066406,0.811767578125,0.6805105805397034
qwen,pixelprose,final_quarter,False,6,0.8571428571428571,30,30,30,23,4.0,4096,0.0003,False,1.25,1024,512,1200,0.5534473657608032,0.5485357314231806,0.558415249263635,0.1796875,0.005615234375,0.182373046875,0.00830078125,0.3861745297908783,0.16727283596992493,0.8553805035167802,643.0909669071797,0.5365570783615112,0.6361987590789795,0.9958339077215191,0.9857030554455457,0.9976291358394228,661.5390625,0.16150856018066406,0.811767578125,0.6805105805397034
qwen,pixelprose,final_quarter,False,6,0.8571428571428571,30,30,30,23,4.0,4096,0.0003,False,1.5,1024,512,1200,0.5534473657608032,0.5485357314231806,0.558415249263635,0.1669921875,0.005126953125,0.176513671875,0.0146484375,0.3861745297908783,0.16727283596992493,0.8553805035167802,643.0909669071797,0.5365570783615112,0.6361987590789795,0.9958339077215191,0.9857030554455457,0.9976291358394228,661.5390625,0.16150856018066406,0.811767578125,0.6805105805397034
qwen,pixelprose,final_quarter,False,6,0.8571428571428571,30,30,30,23,4.0,4096,0.0003,True,1.1,1024,512,1200,0.6630629897117615,0.6576500509676407,0.6687354739930015,1.0,0.0,1.0,0.0,0.46588945388793945,0.19717353582382202,0.06645063836300127,4035.736892318273,0.3329419791698456,0.31677716970443726,0.9957021804968508,0.7697507098383021,0.9968399848565938,1912.2890625,0.46686744689941406,0.0,0.32015272974967957
qwen,pixelprose,final_quarter,False,6,0.8571428571428571,30,30,30,23,4.0,4096,0.0003,True,1.25,1024,512,1200,0.6630629897117615,0.6576500509676407,0.6687354739930015,1.0,0.0,1.0,0.0,0.46588945388793945,0.19717353582382202,0.06645063836300127,4035.736892318273,0.3329419791698456,0.31677716970443726,0.9957021804968508,0.7697507098383021,0.9968399848565938,1912.2890625,0.46686744689941406,0.0,0.32015272974967957
qwen,pixelprose,final_quarter,False,6,0.8571428571428571,30,30,30,23,4.0,4096,0.0003,True,1.5,1024,512,1200,0.6630629897117615,0.6576500509676407,0.6687354739930015,0.9814453125,0.0,0.99072265625,0.00927734375,0.46588945388793945,0.19717353582382202,0.06645063836300127,4035.736892318273,0.3329419791698456,0.31677716970443726,0.9957021804968508,0.7697507098383021,0.9968399848565938,1912.2890625,0.46686744689941406,0.0,0.32015272974967957
qwen,pixelprose,final_quarter,False,6,0.8571428571428571,30,30,30,23,4.0,4096,0.001,False,1.1,1024,512,1200,0.5519503951072693,0.5470688493398483,0.5569376596991787,0.18408203125,0.005859375,0.184326171875,0.006103515625,0.3850368857383728,0.16691350936889648,0.8547907682434441,645.0320066387566,0.5336833000183105,0.6321635246276855,0.9958661651311205,0.9857353257052743,0.9976454904240387,660.8984375,0.16135215759277344,0.811767578125,0.6726635694503784
qwen,pixelprose,final_quarter,False,6,0.8571428571428571,30,30,30,23,4.0,4096,0.001,False,1.25,1024,512,1200,0.5519503951072693,0.5470688493398483,0.5569376596991787,0.1796875,0.005615234375,0.182373046875,0.00830078125,0.3850368857383728,0.16691350936889648,0.8547907682434441,645.0320066387566,0.5336833000183105,0.6321635246276855,0.9958661651311205,0.9857353257052743,0.9976454904240387,660.8984375,0.16135215759277344,0.811767578125,0.6726635694503784
qwen,pixelprose,final_quarter,False,6,0.8571428571428571,30,30,30,23,4.0,4096,0.001,False,1.5,1024,512,1200,0.5519503951072693,0.5470688493398483,0.5569376596991787,0.16650390625,0.005126953125,0.17626953125,0.014892578125,0.3850368857383728,0.16691350936889648,0.8547907682434441,645.0320066387566,0.5336833000183105,0.6321635246276855,0.9958661651311205,0.9857353257052743,0.9976454904240387,660.8984375,0.16135215759277344,0.811767578125,0.6726635694503784
qwen,pixelprose,final_quarter,False,6,0.8571428571428571,30,30,30,23,4.0,4096,0.001,True,1.1,1024,512,1200,0.6535115242004395,0.6481249411343015,0.6589166194869904,1.0,0.0,1.0,0.0,0.45928090810775757,0.1942305862903595,0.06744945500054784,4033.119659837256,0.3456917107105255,0.31134289503097534,0.9943336269527631,0.7689875264146164,0.9954589529981032,1903.873046875,0.4648127555847168,0.0,0.314944326877594
qwen,pixelprose,final_quarter,False,6,0.8571428571428571,30,30,30,23,4.0,4096,0.001,True,1.25,1024,512,1200,0.6535115242004395,0.6481249411343015,0.6589166194869904,1.0,0.0,1.0,0.0,0.45928090810775757,0.1942305862903595,0.06744945500054784,4033.119659837256,0.3456917107105255,0.31134289503097534,0.9943336269527631,0.7689875264146164,0.9954589529981032,1903.873046875,0.4648127555847168,0.0,0.314944326877594
qwen,pixelprose,final_quarter,False,6,0.8571428571428571,30,30,30,23,4.0,4096,0.001,True,1.5,1024,512,1200,0.6535115242004395,0.6481249411343015,0.6589166194869904,0.97900390625,0.0,0.989501953125,0.010498046875,0.45928090810775757,0.1942305862903595,0.06744945500054784,4033.119659837256,0.3456917107105255,0.31134289503097534,0.9943336269527631,0.7689875264146164,0.9954589529981032,1903.873046875,0.4648127555847168,0.0,0.314944326877594
qwen,pixelprose,final_quarter,False,6,0.8571428571428571,30,30,30,37,2.0,4096,0.0003,False,1.1,1024,512,1200,0.5560941100120544,0.5506112683564425,0.561225152213592,0.1875,0.00439453125,0.19091796875,0.0078125,0.3863646984100342,0.1697293519973755,0.8549519480088351,643.7564071760329,0.5175386667251587,0.6237965822219849,0.995940673933668,0.985648490268895,0.9965767420787488,667.34375,0.16292572021484375,0.805908203125,0.6761074066162109
qwen,pixelprose,final_quarter,False,6,0.8571428571428571,30,30,30,37,2.0,4096,0.0003,False,1.25,1024,512,1200,0.5560941100120544,0.5506112683564425,0.561225152213592,0.18359375,0.00390625,0.189453125,0.009765625,0.3863646984100342,0.1697293519973755,0.8549519480088351,643.7564071760329,0.5175386667251587,0.6237965822219849,0.995940673933668,0.985648490268895,0.9965767420787488,667.34375,0.16292572021484375,0.805908203125,0.6761074066162109
qwen,pixelprose,final_quarter,False,6,0.8571428571428571,30,30,30,37,2.0,4096,0.0003,False,1.5,1024,512,1200,0.5560941100120544,0.5506112683564425,0.561225152213592,0.16455078125,0.003662109375,0.18017578125,0.019287109375,0.3863646984100342,0.1697293519973755,0.8549519480088351,643.7564071760329,0.5175386667251587,0.6237965822219849,0.995940673933668,0.985648490268895,0.9965767420787488,667.34375,0.16292572021484375,0.805908203125,0.6761074066162109
qwen,pixelprose,final_quarter,False,6,0.8571428571428571,30,30,30,37,2.0,4096,0.0003,True,1.1,1024,512,1200,0.6629820466041565,0.6574087479544687,0.6688703781590448,1.0,0.0,1.0,0.0,0.466341108083725,0.19664093852043152,0.06654501291454673,4033.67859677197,0.3555021286010742,0.30924031138420105,0.9921243300942776,0.7673252356693394,0.9979625688371692,1908.52734375,0.46594905853271484,0.0,0.31885623931884766
qwen,pixelprose,final_quarter,False,6,0.8571428571428571,30,30,30,37,2.0,4096,0.0003,True,1.25,1024,512,1200,0.6629820466041565,0.6574087479544687,0.6688703781590448,1.0,0.0,1.0,0.0,0.466341108083725,0.19664093852043152,0.06654501291454673,4033.67859677197,0.3555021286010742,0.30924031138420105,0.9921243300942776,0.7673252356693394,0.9979625688371692,1908.52734375,0.46594905853271484,0.0,0.31885623931884766
qwen,pixelprose,final_quarter,False,6,0.8571428571428571,30,30,30,37,2.0,4096,0.0003,True,1.5,1024,512,1200,0.6629820466041565,0.6574087479544687,0.6688703781590448,0.98193359375,0.0,0.990966796875,0.009033203125,0.466341108083725,0.19664093852043152,0.06654501291454673,4033.67859677197,0.3555021286010742,0.30924031138420105,0.9921243300942776,0.7673252356693394,0.9979625688371692,1908.52734375,0.46594905853271484,0.0,0.31885623931884766
qwen,pixelprose,final_quarter,False,6,0.8571428571428571,30,30,30,37,2.0,4096,0.001,False,1.1,1024,512,1200,0.5546355843544006,0.5491888886041124,0.5597569663936156,0.1875,0.00439453125,0.19091796875,0.0078125,0.3853524923324585,0.16928306221961975,0.8545185352909933,645.5309751659939,0.512541651725769,0.6335527300834656,0.9958988420705266,0.9855904324347887,0.9974704942929722,666.771484375,0.16278600692749023,0.805908203125,0.6686195135116577
qwen,pixelprose,final_quarter,False,6,0.8571428571428571,30,30,30,37,2.0,4096,0.001,False,1.25,1024,512,1200,0.5546355843544006,0.5491888886041124,0.5597569663936156,0.18359375,0.00390625,0.189453125,0.009765625,0.3853524923324585,0.16928306221961975,0.8545185352909933,645.5309751659939,0.512541651725769,0.6335527300834656,0.9958988420705266,0.9855904324347887,0.9974704942929722,666.771484375,0.16278600692749023,0.805908203125,0.6686195135116577
qwen,pixelprose,final_quarter,False,6,0.8571428571428571,30,30,30,37,2.0,4096,0.001,False,1.5,1024,512,1200,0.5546355843544006,0.5491888886041124,0.5597569663936156,0.162109375,0.003662109375,0.178955078125,0.0205078125,0.3853524923324585,0.16928306221961975,0.8545185352909933,645.5309751659939,0.512541651725769,0.6335527300834656,0.9958988420705266,0.9855904324347887,0.9974704942929722,666.771484375,0.16278600692749023,0.805908203125,0.6686195135116577
qwen,pixelprose,final_quarter,False,6,0.8571428571428571,30,30,30,37,2.0,4096,0.001,True,1.1,1024,512,1200,0.6567668914794922,0.6511172725993675,0.66242117426591,1.0,0.0,1.0,0.0,0.4619934558868408,0.19477342069149017,0.06598487434714498,4034.686496650859,0.35414472222328186,0.30816417932510376,0.9932885681834803,0.7682490971454481,0.9960289514746049,1904.65234375,0.46500301361083984,0.0,0.31499961018562317
qwen,pixelprose,final_quarter,False,6,0.8571428571428571,30,30,30,37,2.0,4096,0.001,True,1.25,1024,512,1200,0.6567668914794922,0.6511172725993675,0.66242117426591,1.0,0.0,1.0,0.0,0.4619934558868408,0.19477342069149017,0.06598487434714498,4034.686496650859,0.35414472222328186,0.30816417932510376,0.9932885681834803,0.7682490971454481,0.9960289514746049,1904.65234375,0.46500301361083984,0.0,0.31499961018562317
qwen,pixelprose,final_quarter,False,6,0.8571428571428571,30,30,30,37,2.0,4096,0.001,True,1.5,1024,512,1200,0.6567668914794922,0.6511172725993675,0.66242117426591,0.9814453125,0.0,0.99072265625,0.00927734375,0.4619934558868408,0.19477342069149017,0.06598487434714498,4034.686496650859,0.35414472222328186,0.30816417932510376,0.9932885681834803,0.7682490971454481,0.9960289514746049,1904.65234375,0.46500301361083984,0.0,0.31499961018562317
qwen,pixelprose,final_quarter,False,6,0.8571428571428571,30,30,30,37,4.0,4096,0.0003,False,1.1,1024,512,1200,0.5560941100120544,0.5506112683564425,0.561225152213592,0.1875,0.00439453125,0.19091796875,0.0078125,0.3863646984100342,0.1697293519973755,0.8549519480088351,643.7564071760329,0.5175386667251587,0.6237965822219849,0.995940673933668,0.985648490268895,0.9965767420787488,667.34375,0.16292572021484375,0.805908203125,0.6761074066162109
qwen,pixelprose,final_quarter,False,6,0.8571428571428571,30,30,30,37,4.0,4096,0.0003,False,1.25,1024,512,1200,0.5560941100120544,0.5506112683564425,0.561225152213592,0.18359375,0.00390625,0.189453125,0.009765625,0.3863646984100342,0.1697293519973755,0.8549519480088351,643.7564071760329,0.5175386667251587,0.6237965822219849,0.995940673933668,0.985648490268895,0.9965767420787488,667.34375,0.16292572021484375,0.805908203125,0.6761074066162109
qwen,pixelprose,final_quarter,False,6,0.8571428571428571,30,30,30,37,4.0,4096,0.0003,False,1.5,1024,512,1200,0.5560941100120544,0.5506112683564425,0.561225152213592,0.16455078125,0.003662109375,0.18017578125,0.019287109375,0.3863646984100342,0.1697293519973755,0.8549519480088351,643.7564071760329,0.5175386667251587,0.6237965822219849,0.995940673933668,0.985648490268895,0.9965767420787488,667.34375,0.16292572021484375,0.805908203125,0.6761074066162109
qwen,pixelprose,final_quarter,False,6,0.8571428571428571,30,30,30,37,4.0,4096,0.0003,True,1.1,1024,512,1200,0.6629820466041565,0.6574087479544687,0.6688703781590448,1.0,0.0,1.0,0.0,0.466341108083725,0.19664093852043152,0.06654501291454673,4033.67859677197,0.3555021286010742,0.30924031138420105,0.9921243300942776,0.7673252356693394,0.9979625688371692,1908.52734375,0.46594905853271484,0.0,0.31885623931884766
qwen,pixelprose,final_quarter,False,6,0.8571428571428571,30,30,30,37,4.0,4096,0.0003,True,1.25,1024,512,1200,0.6629820466041565,0.6574087479544687,0.6688703781590448,1.0,0.0,1.0,0.0,0.466341108083725,0.19664093852043152,0.06654501291454673,4033.67859677197,0.3555021286010742,0.30924031138420105,0.9921243300942776,0.7673252356693394,0.9979625688371692,1908.52734375,0.46594905853271484,0.0,0.31885623931884766
qwen,pixelprose,final_quarter,False,6,0.8571428571428571,30,30,30,37,4.0,4096,0.0003,True,1.5,1024,512,1200,0.6629820466041565,0.6574087479544687,0.6688703781590448,0.98193359375,0.0,0.990966796875,0.009033203125,0.466341108083725,0.19664093852043152,0.06654501291454673,4033.67859677197,0.3555021286010742,0.30924031138420105,0.9921243300942776,0.7673252356693394,0.9979625688371692,1908.52734375,0.46594905853271484,0.0,0.31885623931884766
qwen,pixelprose,final_quarter,False,6,0.8571428571428571,30,30,30,37,4.0,4096,0.001,False,1.1,1024,512,1200,0.5546355843544006,0.5491888886041124,0.5597569663936156,0.1875,0.00439453125,0.19091796875,0.0078125,0.3853524923324585,0.16928306221961975,0.8545185352909933,645.5309751659939,0.512541651725769,0.6335527300834656,0.9958988420705266,0.9855904324347887,0.9974704942929722,666.771484375,0.16278600692749023,0.805908203125,0.6686195135116577
qwen,pixelprose,final_quarter,False,6,0.8571428571428571,30,30,30,37,4.0,4096,0.001,False,1.25,1024,512,1200,0.5546355843544006,0.5491888886041124,0.5597569663936156,0.18359375,0.00390625,0.189453125,0.009765625,0.3853524923324585,0.16928306221961975,0.8545185352909933,645.5309751659939,0.512541651725769,0.6335527300834656,0.9958988420705266,0.9855904324347887,0.9974704942929722,666.771484375,0.16278600692749023,0.805908203125,0.6686195135116577
qwen,pixelprose,final_quarter,False,6,0.8571428571428571,30,30,30,37,4.0,4096,0.001,False,1.5,1024,512,1200,0.5546355843544006,0.5491888886041124,0.5597569663936156,0.162109375,0.003662109375,0.178955078125,0.0205078125,0.3853524923324585,0.16928306221961975,0.8545185352909933,645.5309751659939,0.512541651725769,0.6335527300834656,0.9958988420705266,0.9855904324347887,0.9974704942929722,666.771484375,0.16278600692749023,0.805908203125,0.6686195135116577
qwen,pixelprose,final_quarter,False,6,0.8571428571428571,30,30,30,37,4.0,4096,0.001,True,1.1,1024,512,1200,0.6567668914794922,0.6511172725993675,0.66242117426591,1.0,0.0,1.0,0.0,0.4619934558868408,0.19477342069149017,0.06598487434714498,4034.686496650859,0.35414472222328186,0.30816417932510376,0.9932885681834803,0.7682490971454481,0.9960289514746049,1904.65234375,0.46500301361083984,0.0,0.31499961018562317
qwen,pixelprose,final_quarter,False,6,0.8571428571428571,30,30,30,37,4.0,4096,0.001,True,1.25,1024,512,1200,0.6567668914794922,0.6511172725993675,0.66242117426591,1.0,0.0,1.0,0.0,0.4619934558868408,0.19477342069149017,0.06598487434714498,4034.686496650859,0.35414472222328186,0.30816417932510376,0.9932885681834803,0.7682490971454481,0.9960289514746049,1904.65234375,0.46500301361083984,0.0,0.31499961018562317
qwen,pixelprose,final_quarter,False,6,0.8571428571428571,30,30,30,37,4.0,4096,0.001,True,1.5,1024,512,1200,0.6567668914794922,0.6511172725993675,0.66242117426591,0.9814453125,0.0,0.99072265625,0.00927734375,0.4619934558868408,0.19477342069149017,0.06598487434714498,4034.686496650859,0.35414472222328186,0.30816417932510376,0.9932885681834803,0.7682490971454481,0.9960289514746049,1904.65234375,0.46500301361083984,0.0,0.31499961018562317
qwen,pixelprose,final_quarter,False,7,1.0,35,35,35,11,2.0,4096,0.0003,False,1.1,1024,512,1200,0.3799469470977783,0.3734486791101517,0.3867989410966402,0.098876953125,0.00146484375,0.108642578125,0.01123046875,0.269714891910553,0.11023207753896713,0.913818547082527,379.94862666129677,0.31368109583854675,0.5396996140480042,0.9912326139826563,0.983552159781372,0.9955627899488588,389.505859375,0.09509420394897461,0.879638671875,0.5070014595985413
qwen,pixelprose,final_quarter,False,7,1.0,35,35,35,11,2.0,4096,0.0003,False,1.25,1024,512,1200,0.3799469470977783,0.3734486791101517,0.3867989410966402,0.094482421875,0.001220703125,0.106689453125,0.013427734375,0.269714891910553,0.11023207753896713,0.913818547082527,379.94862666129677,0.31368109583854675,0.5396996140480042,0.9912326139826563,0.983552159781372,0.9955627899488588,389.505859375,0.09509420394897461,0.879638671875,0.5070014595985413
qwen,pixelprose,final_quarter,False,7,1.0,35,35,35,11,2.0,4096,0.0003,False,1.5,1024,512,1200,0.3799469470977783,0.3734486791101517,0.3867989410966402,0.086669921875,0.001220703125,0.102783203125,0.017333984375,0.269714891910553,0.11023207753896713,0.913818547082527,379.94862666129677,0.31368109583854675,0.5396996140480042,0.9912326139826563,0.983552159781372,0.9955627899488588,389.505859375,0.09509420394897461,0.879638671875,0.5070014595985413
qwen,pixelprose,final_quarter,False,7,1.0,35,35,35,11,2.0,4096,0.0003,True,1.1,1024,512,1200,0.6136807799339294,0.6066318954661256,0.6204351398046128,0.99755859375,0.0,0.998779296875,0.001220703125,0.4201327860355377,0.19354797899723053,0.07395605144247726,3980.0922059243485,0.3650290071964264,0.31611335277557373,0.9962178076145708,0.8025300610178177,0.9969318269811488,1909.80078125,0.4662599563598633,0.0,0.3103601038455963
qwen,pixelprose,final_quarter,False,7,1.0,35,35,35,11,2.0,4096,0.0003,True,1.25,1024,512,1200,0.6136807799339294,0.6066318954661256,0.6204351398046128,0.99365234375,0.0,0.996826171875,0.003173828125,0.4201327860355377,0.19354797899723053,0.07395605144247726,3980.0922059243485,0.3650290071964264,0.31611335277557373,0.9962178076145708,0.8025300610178177,0.9969318269811488,1909.80078125,0.4662599563598633,0.0,0.3103601038455963
qwen,pixelprose,final_quarter,False,7,1.0,35,35,35,11,2.0,4096,0.0003,True,1.5,1024,512,1200,0.6136807799339294,0.6066318954661256,0.6204351398046128,0.96337890625,0.0,0.981689453125,0.018310546875,0.4201327860355377,0.19354797899723053,0.07395605144247726,3980.0922059243485,0.3650290071964264,0.31611335277557373,0.9962178076145708,0.8025300610178177,0.9969318269811488,1909.80078125,0.4662599563598633,0.0,0.3103601038455963
qwen,pixelprose,final_quarter,False,7,1.0,35,35,35,11,2.0,4096,0.001,False,1.1,1024,512,1200,0.3799413740634918,0.3733788077814097,0.3868198663454677,0.09912109375,0.00146484375,0.10888671875,0.01123046875,0.26945921778678894,0.11048217117786407,0.9140551904157997,379.28865837914435,0.309480220079422,0.5313942432403564,0.991828539771684,0.9841793082567677,0.9955898252328766,389.201171875,0.09501981735229492,0.87939453125,0.5006622672080994
qwen,pixelprose,final_quarter,False,7,1.0,35,35,35,11,2.0,4096,0.001,False,1.25,1024,512,1200,0.3799413740634918,0.3733788077814097,0.3868198663454677,0.0947265625,0.001220703125,0.10693359375,0.013427734375,0.26945921778678894,0.11048217117786407,0.9140551904157997,379.28865837914435,0.309480220079422,0.5313942432403564,0.991828539771684,0.9841793082567677,0.9955898252328766,389.201171875,0.09501981735229492,0.87939453125,0.5006622672080994
qwen,pixelprose,final_quarter,False,7,1.0,35,35,35,11,2.0,4096,0.001,False,1.5,1024,512,1200,0.3799413740634918,0.3733788077814097,0.3868198663454677,0.0869140625,0.001220703125,0.10302734375,0.017333984375,0.26945921778678894,0.11048217117786407,0.9140551904157997,379.28865837914435,0.309480220079422,0.5313942432403564,0.991828539771684,0.9841793082567677,0.9955898252328766,389.201171875,0.09501981735229492,0.87939453125,0.5006622672080994
qwen,pixelprose,final_quarter,False,7,1.0,35,35,35,11,2.0,4096,0.001,True,1.1,1024,512,1200,0.6010220050811768,0.5940122946296469,0.6074871887729387,0.99658203125,0.0,0.998291015625,0.001708984375,0.41018548607826233,0.19083648920059204,0.07869349798706618,3932.6573433367794,0.35091209411621094,0.3112007975578308,0.9987400365778658,0.8047926931434158,0.9946131447100826,1891.208984375,0.46172094345092773,0.0,0.3013799488544464
qwen,pixelprose,final_quarter,False,7,1.0,35,35,35,11,2.0,4096,0.001,True,1.25,1024,512,1200,0.6010220050811768,0.5940122946296469,0.6074871887729387,0.9931640625,0.0,0.99658203125,0.00341796875,0.41018548607826233,0.19083648920059204,0.07869349798706618,3932.6573433367794,0.35091209411621094,0.3112007975578308,0.9987400365778658,0.8047926931434158,0.9946131447100826,1891.208984375,0.46172094345092773,0.0,0.3013799488544464
qwen,pixelprose,final_quarter,False,7,1.0,35,35,35,11,2.0,4096,0.001,True,1.5,1024,512,1200,0.6010220050811768,0.5940122946296469,0.6074871887729387,0.9638671875,0.0,0.98193359375,0.01806640625,0.41018548607826233,0.19083648920059204,0.07869349798706618,3932.6573433367794,0.35091209411621094,0.3112007975578308,0.9987400365778658,0.8047926931434158,0.9946131447100826,1891.208984375,0.46172094345092773,0.0,0.3013799488544464
qwen,pixelprose,final_quarter,False,7,1.0,35,35,35,11,4.0,4096,0.0003,False,1.1,1024,512,1200,0.3799469470977783,0.3734486791101517,0.3867989410966402,0.098876953125,0.00146484375,0.108642578125,0.01123046875,0.269714891910553,0.11023207753896713,0.913818547082527,379.94862666129677,0.31368109583854675,0.5396996140480042,0.9912326139826563,0.983552159781372,0.9955627899488588,389.505859375,0.09509420394897461,0.879638671875,0.5070014595985413
qwen,pixelprose,final_quarter,False,7,1.0,35,35,35,11,4.0,4096,0.0003,False,1.25,1024,512,1200,0.3799469470977783,0.3734486791101517,0.3867989410966402,0.094482421875,0.001220703125,0.106689453125,0.013427734375,0.269714891910553,0.11023207753896713,0.913818547082527,379.94862666129677,0.31368109583854675,0.5396996140480042,0.9912326139826563,0.983552159781372,0.9955627899488588,389.505859375,0.09509420394897461,0.879638671875,0.5070014595985413
qwen,pixelprose,final_quarter,False,7,1.0,35,35,35,11,4.0,4096,0.0003,False,1.5,1024,512,1200,0.3799469470977783,0.3734486791101517,0.3867989410966402,0.086669921875,0.001220703125,0.102783203125,0.017333984375,0.269714891910553,0.11023207753896713,0.913818547082527,379.94862666129677,0.31368109583854675,0.5396996140480042,0.9912326139826563,0.983552159781372,0.9955627899488588,389.505859375,0.09509420394897461,0.879638671875,0.5070014595985413
qwen,pixelprose,final_quarter,False,7,1.0,35,35,35,11,4.0,4096,0.0003,True,1.1,1024,512,1200,0.6136807799339294,0.6066318954661256,0.6204351398046128,0.99755859375,0.0,0.998779296875,0.001220703125,0.4201327860355377,0.19354797899723053,0.07395605144247726,3980.0922059243485,0.3650290071964264,0.31611335277557373,0.9962178076145708,0.8025300610178177,0.9969318269811488,1909.80078125,0.4662599563598633,0.0,0.3103601038455963
qwen,pixelprose,final_quarter,False,7,1.0,35,35,35,11,4.0,4096,0.0003,True,1.25,1024,512,1200,0.6136807799339294,0.6066318954661256,0.6204351398046128,0.99365234375,0.0,0.996826171875,0.003173828125,0.4201327860355377,0.19354797899723053,0.07395605144247726,3980.0922059243485,0.3650290071964264,0.31611335277557373,0.9962178076145708,0.8025300610178177,0.9969318269811488,1909.80078125,0.4662599563598633,0.0,0.3103601038455963
qwen,pixelprose,final_quarter,False,7,1.0,35,35,35,11,4.0,4096,0.0003,True,1.5,1024,512,1200,0.6136807799339294,0.6066318954661256,0.6204351398046128,0.96337890625,0.0,0.981689453125,0.018310546875,0.4201327860355377,0.19354797899723053,0.07395605144247726,3980.0922059243485,0.3650290071964264,0.31611335277557373,0.9962178076145708,0.8025300610178177,0.9969318269811488,1909.80078125,0.4662599563598633,0.0,0.3103601038455963
qwen,pixelprose,final_quarter,False,7,1.0,35,35,35,11,4.0,4096,0.001,False,1.1,1024,512,1200,0.3799413740634918,0.3733788077814097,0.3868198663454677,0.09912109375,0.00146484375,0.10888671875,0.01123046875,0.26945921778678894,0.11048217117786407,0.9140551904157997,379.28865837914435,0.309480220079422,0.5313942432403564,0.991828539771684,0.9841793082567677,0.9955898252328766,389.201171875,0.09501981735229492,0.87939453125,0.5006622672080994
qwen,pixelprose,final_quarter,False,7,1.0,35,35,35,11,4.0,4096,0.001,False,1.25,1024,512,1200,0.3799413740634918,0.3733788077814097,0.3868198663454677,0.0947265625,0.001220703125,0.10693359375,0.013427734375,0.26945921778678894,0.11048217117786407,0.9140551904157997,379.28865837914435,0.309480220079422,0.5313942432403564,0.991828539771684,0.9841793082567677,0.9955898252328766,389.201171875,0.09501981735229492,0.87939453125,0.5006622672080994
qwen,pixelprose,final_quarter,False,7,1.0,35,35,35,11,4.0,4096,0.001,False,1.5,1024,512,1200,0.3799413740634918,0.3733788077814097,0.3868198663454677,0.0869140625,0.001220703125,0.10302734375,0.017333984375,0.26945921778678894,0.11048217117786407,0.9140551904157997,379.28865837914435,0.309480220079422,0.5313942432403564,0.991828539771684,0.9841793082567677,0.9955898252328766,389.201171875,0.09501981735229492,0.87939453125,0.5006622672080994
qwen,pixelprose,final_quarter,False,7,1.0,35,35,35,11,4.0,4096,0.001,True,1.1,1024,512,1200,0.6010220050811768,0.5940122946296469,0.6074871887729387,0.99658203125,0.0,0.998291015625,0.001708984375,0.41018548607826233,0.19083648920059204,0.07869349798706618,3932.6573433367794,0.35091209411621094,0.3112007975578308,0.9987400365778658,0.8047926931434158,0.9946131447100826,1891.208984375,0.46172094345092773,0.0,0.3013799488544464
qwen,pixelprose,final_quarter,False,7,1.0,35,35,35,11,4.0,4096,0.001,True,1.25,1024,512,1200,0.6010220050811768,0.5940122946296469,0.6074871887729387,0.9931640625,0.0,0.99658203125,0.00341796875,0.41018548607826233,0.19083648920059204,0.07869349798706618,3932.6573433367794,0.35091209411621094,0.3112007975578308,0.9987400365778658,0.8047926931434158,0.9946131447100826,1891.208984375,0.46172094345092773,0.0,0.3013799488544464
qwen,pixelprose,final_quarter,False,7,1.0,35,35,35,11,4.0,4096,0.001,True,1.5,1024,512,1200,0.6010220050811768,0.5940122946296469,0.6074871887729387,0.9638671875,0.0,0.98193359375,0.01806640625,0.41018548607826233,0.19083648920059204,0.07869349798706618,3932.6573433367794,0.35091209411621094,0.3112007975578308,0.9987400365778658,0.8047926931434158,0.9946131447100826,1891.208984375,0.46172094345092773,0.0,0.3013799488544464
qwen,pixelprose,final_quarter,False,7,1.0,35,35,35,23,2.0,4096,0.0003,False,1.1,1024,512,1200,0.3863810896873474,0.3800837117429182,0.3932432618283201,0.101806640625,0.0029296875,0.1123046875,0.013427734375,0.27239474654197693,0.11398635804653168,0.9116654445387676,382.2376176345803,0.30756714940071106,0.54161137342453,0.9914956920763047,0.983827358108618,0.995722527278459,398.783203125,0.09735918045043945,0.87353515625,0.5002570748329163
qwen,pixelprose,final_quarter,False,7,1.0,35,35,35,23,2.0,4096,0.0003,False,1.25,1024,512,1200,0.3863810896873474,0.3800837117429182,0.3932432618283201,0.097412109375,0.00244140625,0.110595703125,0.015625,0.27239474654197693,0.11398635804653168,0.9116654445387676,382.2376176345803,0.30756714940071106,0.54161137342453,0.9914956920763047,0.983827358108618,0.995722527278459,398.783203125,0.09735918045043945,0.87353515625,0.5002570748329163
qwen,pixelprose,final_quarter,False,7,1.0,35,35,35,23,2.0,4096,0.0003,False,1.5,1024,512,1200,0.3863810896873474,0.3800837117429182,0.3932432618283201,0.088134765625,0.001708984375,0.106689453125,0.020263671875,0.27239474654197693,0.11398635804653168,0.9116654445387676,382.2376176345803,0.30756714940071106,0.54161137342453,0.9914956920763047,0.983827358108618,0.995722527278459,398.783203125,0.09735918045043945,0.87353515625,0.5002570748329163
qwen,pixelprose,final_quarter,False,7,1.0,35,35,35,23,2.0,4096,0.0003,True,1.1,1024,512,1200,0.6164350509643555,0.609728791184898,0.623771647149988,0.9970703125,0.0,0.99853515625,0.00146484375,0.4213305115699768,0.19510456919670105,0.0732776845249548,3996.63720273832,0.3859211504459381,0.30496421456336975,0.9960351873516029,0.8014289226069952,0.997551132003514,1915.18359375,0.4675741195678711,0.0,0.31172239780426025
qwen,pixelprose,final_quarter,False,7,1.0,35,35,35,23,2.0,4096,0.0003,True,1.25,1024,512,1200,0.6164350509643555,0.609728791184898,0.623771647149988,0.9921875,0.0,0.99609375,0.00390625,0.4213305115699768,0.19510456919670105,0.0732776845249548,3996.63720273832,0.3859211504459381,0.30496421456336975,0.9960351873516029,0.8014289226069952,0.997551132003514,1915.18359375,0.4675741195678711,0.0,0.31172239780426025
qwen,pixelprose,final_quarter,False,7,1.0,35,35,35,23,2.0,4096,0.0003,True,1.5,1024,512,1200,0.6164350509643555,0.609728791184898,0.623771647149988,0.95263671875,0.0,0.976318359375,0.023681640625,0.4213305115699768,0.19510456919670105,0.0732776845249548,3996.63720273832,0.3859211504459381,0.30496421456336975,0.9960351873516029,0.8014289226069952,0.997551132003514,1915.18359375,0.4675741195678711,0.0,0.31172239780426025
qwen,pixelprose,final_quarter,False,7,1.0,35,35,35,23,2.0,4096,0.001,False,1.1,1024,512,1200,0.3860648274421692,0.37981965835933806,0.3928570774340187,0.101318359375,0.0029296875,0.112060546875,0.013671875,0.2722874879837036,0.11377730220556259,0.9113169660345805,383.82836560709757,0.3119661509990692,0.5371978878974915,0.9917199798405378,0.9839720513050582,0.995735763584317,400.3046875,0.09773063659667969,0.87353515625,0.5089163184165955
qwen,pixelprose,final_quarter,False,7,1.0,35,35,35,23,2.0,4096,0.001,False,1.25,1024,512,1200,0.3860648274421692,0.37981965835933806,0.3928570774340187,0.096923828125,0.00244140625,0.1103515625,0.015869140625,0.2722874879837036,0.11377730220556259,0.9113169660345805,383.82836560709757,0.3119661509990692,0.5371978878974915,0.9917199798405378,0.9839720513050582,0.995735763584317,400.3046875,0.09773063659667969,0.87353515625,0.5089163184165955
qwen,pixelprose,final_quarter,False,7,1.0,35,35,35,23,2.0,4096,0.001,False,1.5,1024,512,1200,0.3860648274421692,0.37981965835933806,0.3928570774340187,0.088134765625,0.001708984375,0.106689453125,0.020263671875,0.2722874879837036,0.11377730220556259,0.9113169660345805,383.82836560709757,0.3119661509990692,0.5371978878974915,0.9917199798405378,0.9839720513050582,0.995735763584317,400.3046875,0.09773063659667969,0.87353515625,0.5089163184165955
qwen,pixelprose,final_quarter,False,7,1.0,35,35,35,23,2.0,4096,0.001,True,1.1,1024,512,1200,0.6062369346618652,0.5996985387493623,0.6132939625807922,0.9970703125,0.0,0.99853515625,0.00146484375,0.41463735699653625,0.19159962236881256,0.07457113779705446,3990.865021268117,0.37818872928619385,0.3035566210746765,0.9956431269934869,0.8014932649016951,0.9947650321697575,1904.11328125,0.4648714065551758,0.0,0.3057778775691986
qwen,pixelprose,final_quarter,False,7,1.0,35,35,35,23,2.0,4096,0.001,True,1.25,1024,512,1200,0.6062369346618652,0.5996985387493623,0.6132939625807922,0.9912109375,0.0,0.99560546875,0.00439453125,0.41463735699653625,0.19159962236881256,0.07457113779705446,3990.865021268117,0.37818872928619385,0.3035566210746765,0.9956431269934869,0.8014932649016951,0.9947650321697575,1904.11328125,0.4648714065551758,0.0,0.3057778775691986
qwen,pixelprose,final_quarter,False,7,1.0,35,35,35,23,2.0,4096,0.001,True,1.5,1024,512,1200,0.6062369346618652,0.5996985387493623,0.6132939625807922,0.9560546875,0.0,0.97802734375,0.02197265625,0.41463735699653625,0.19159962236881256,0.07457113779705446,3990.865021268117,0.37818872928619385,0.3035566210746765,0.9956431269934869,0.8014932649016951,0.9947650321697575,1904.11328125,0.4648714065551758,0.0,0.3057778775691986
qwen,pixelprose,final_quarter,False,7,1.0,35,35,35,23,4.0,4096,0.0003,False,1.1,1024,512,1200,0.3863810896873474,0.3800837117429182,0.3932432618283201,0.101806640625,0.0029296875,0.1123046875,0.013427734375,0.27239474654197693,0.11398635804653168,0.9116654445387676,382.2376176345803,0.30756714940071106,0.54161137342453,0.9914956920763047,0.983827358108618,0.995722527278459,398.783203125,0.09735918045043945,0.87353515625,0.5002570748329163
qwen,pixelprose,final_quarter,False,7,1.0,35,35,35,23,4.0,4096,0.0003,False,1.25,1024,512,1200,0.3863810896873474,0.3800837117429182,0.3932432618283201,0.097412109375,0.00244140625,0.110595703125,0.015625,0.27239474654197693,0.11398635804653168,0.9116654445387676,382.2376176345803,0.30756714940071106,0.54161137342453,0.9914956920763047,0.983827358108618,0.995722527278459,398.783203125,0.09735918045043945,0.87353515625,0.5002570748329163
qwen,pixelprose,final_quarter,False,7,1.0,35,35,35,23,4.0,4096,0.0003,False,1.5,1024,512,1200,0.3863810896873474,0.3800837117429182,0.3932432618283201,0.088134765625,0.001708984375,0.106689453125,0.020263671875,0.27239474654197693,0.11398635804653168,0.9116654445387676,382.2376176345803,0.30756714940071106,0.54161137342453,0.9914956920763047,0.983827358108618,0.995722527278459,398.783203125,0.09735918045043945,0.87353515625,0.5002570748329163
qwen,pixelprose,final_quarter,False,7,1.0,35,35,35,23,4.0,4096,0.0003,True,1.1,1024,512,1200,0.6164350509643555,0.609728791184898,0.623771647149988,0.9970703125,0.0,0.99853515625,0.00146484375,0.4213305115699768,0.19510456919670105,0.0732776845249548,3996.63720273832,0.3859211504459381,0.30496421456336975,0.9960351873516029,0.8014289226069952,0.997551132003514,1915.18359375,0.4675741195678711,0.0,0.31172239780426025
qwen,pixelprose,final_quarter,False,7,1.0,35,35,35,23,4.0,4096,0.0003,True,1.25,1024,512,1200,0.6164350509643555,0.609728791184898,0.623771647149988,0.9921875,0.0,0.99609375,0.00390625,0.4213305115699768,0.19510456919670105,0.0732776845249548,3996.63720273832,0.3859211504459381,0.30496421456336975,0.9960351873516029,0.8014289226069952,0.997551132003514,1915.18359375,0.4675741195678711,0.0,0.31172239780426025
qwen,pixelprose,final_quarter,False,7,1.0,35,35,35,23,4.0,4096,0.0003,True,1.5,1024,512,1200,0.6164350509643555,0.609728791184898,0.623771647149988,0.95263671875,0.0,0.976318359375,0.023681640625,0.4213305115699768,0.19510456919670105,0.0732776845249548,3996.63720273832,0.3859211504459381,0.30496421456336975,0.9960351873516029,0.8014289226069952,0.997551132003514,1915.18359375,0.4675741195678711,0.0,0.31172239780426025
qwen,pixelprose,final_quarter,False,7,1.0,35,35,35,23,4.0,4096,0.001,False,1.1,1024,512,1200,0.3860648274421692,0.37981965835933806,0.3928570774340187,0.101318359375,0.0029296875,0.112060546875,0.013671875,0.2722874879837036,0.11377730220556259,0.9113169660345805,383.82836560709757,0.3119661509990692,0.5371978878974915,0.9917199798405378,0.9839720513050582,0.995735763584317,400.3046875,0.09773063659667969,0.87353515625,0.5089163184165955
qwen,pixelprose,final_quarter,False,7,1.0,35,35,35,23,4.0,4096,0.001,False,1.25,1024,512,1200,0.3860648274421692,0.37981965835933806,0.3928570774340187,0.096923828125,0.00244140625,0.1103515625,0.015869140625,0.2722874879837036,0.11377730220556259,0.9113169660345805,383.82836560709757,0.3119661509990692,0.5371978878974915,0.9917199798405378,0.9839720513050582,0.995735763584317,400.3046875,0.09773063659667969,0.87353515625,0.5089163184165955
qwen,pixelprose,final_quarter,False,7,1.0,35,35,35,23,4.0,4096,0.001,False,1.5,1024,512,1200,0.3860648274421692,0.37981965835933806,0.3928570774340187,0.088134765625,0.001708984375,0.106689453125,0.020263671875,0.2722874879837036,0.11377730220556259,0.9113169660345805,383.82836560709757,0.3119661509990692,0.5371978878974915,0.9917199798405378,0.9839720513050582,0.995735763584317,400.3046875,0.09773063659667969,0.87353515625,0.5089163184165955
qwen,pixelprose,final_quarter,False,7,1.0,35,35,35,23,4.0,4096,0.001,True,1.1,1024,512,1200,0.6062369346618652,0.5996985387493623,0.6132939625807922,0.9970703125,0.0,0.99853515625,0.00146484375,0.41463735699653625,0.19159962236881256,0.07457113779705446,3990.865021268117,0.37818872928619385,0.3035566210746765,0.9956431269934869,0.8014932649016951,0.9947650321697575,1904.11328125,0.4648714065551758,0.0,0.3057778775691986
qwen,pixelprose,final_quarter,False,7,1.0,35,35,35,23,4.0,4096,0.001,True,1.25,1024,512,1200,0.6062369346618652,0.5996985387493623,0.6132939625807922,0.9912109375,0.0,0.99560546875,0.00439453125,0.41463735699653625,0.19159962236881256,0.07457113779705446,3990.865021268117,0.37818872928619385,0.3035566210746765,0.9956431269934869,0.8014932649016951,0.9947650321697575,1904.11328125,0.4648714065551758,0.0,0.3057778775691986
qwen,pixelprose,final_quarter,False,7,1.0,35,35,35,23,4.0,4096,0.001,True,1.5,1024,512,1200,0.6062369346618652,0.5996985387493623,0.6132939625807922,0.9560546875,0.0,0.97802734375,0.02197265625,0.41463735699653625,0.19159962236881256,0.07457113779705446,3990.865021268117,0.37818872928619385,0.3035566210746765,0.9956431269934869,0.8014932649016951,0.9947650321697575,1904.11328125,0.4648714065551758,0.0,0.3057778775691986
qwen,pixelprose,final_quarter,False,7,1.0,35,35,35,37,2.0,4096,0.0003,False,1.1,1024,512,1200,0.3911462426185608,0.3851509595493553,0.3982394762817421,0.099853515625,0.00146484375,0.1123046875,0.013916015625,0.2767145037651062,0.11443176120519638,0.910574764893339,394.427022668168,0.31231844425201416,0.5421240329742432,0.9918967283062242,0.9841548991151908,0.9954047781915747,406.861328125,0.09933137893676758,0.8740234375,0.5152533650398254
qwen,pixelprose,final_quarter,False,7,1.0,35,35,35,37,2.0,4096,0.0003,False,1.25,1024,512,1200,0.3911462426185608,0.3851509595493553,0.3982394762817421,0.094482421875,0.0009765625,0.110107421875,0.0166015625,0.2767145037651062,0.11443176120519638,0.910574764893339,394.427022668168,0.31231844425201416,0.5421240329742432,0.9918967283062242,0.9841548991151908,0.9954047781915747,406.861328125,0.09933137893676758,0.8740234375,0.5152533650398254
qwen,pixelprose,final_quarter,False,7,1.0,35,35,35,37,2.0,4096,0.0003,False,1.5,1024,512,1200,0.3911462426185608,0.3851509595493553,0.3982394762817421,0.088134765625,0.0009765625,0.10693359375,0.019775390625,0.2767145037651062,0.11443176120519638,0.910574764893339,394.427022668168,0.31231844425201416,0.5421240329742432,0.9918967283062242,0.9841548991151908,0.9954047781915747,406.861328125,0.09933137893676758,0.8740234375,0.5152533650398254
qwen,pixelprose,final_quarter,False,7,1.0,35,35,35,37,2.0,4096,0.0003,True,1.1,1024,512,1200,0.6069401502609253,0.6007392820130917,0.6136569156020414,0.998046875,0.0,0.9990234375,0.0009765625,0.41524237394332886,0.19169777631759644,0.07518250195539634,3951.000999042441,0.37635737657546997,0.31398043036460876,0.9944520023435769,0.8019097864200788,0.9837410387167297,1895.951171875,0.4628787040710449,0.0,0.30490100383758545
qwen,pixelprose,final_quarter,False,7,1.0,35,35,35,37,2.0,4096,0.0003,True,1.25,1024,512,1200,0.6069401502609253,0.6007392820130917,0.6136569156020414,0.9931640625,0.0,0.99658203125,0.00341796875,0.41524237394332886,0.19169777631759644,0.07518250195539634,3951.000999042441,0.37635737657546997,0.31398043036460876,0.9944520023435769,0.8019097864200788,0.9837410387167297,1895.951171875,0.4628787040710449,0.0,0.30490100383758545
qwen,pixelprose,final_quarter,False,7,1.0,35,35,35,37,2.0,4096,0.0003,True,1.5,1024,512,1200,0.6069401502609253,0.6007392820130917,0.6136569156020414,0.9638671875,0.0,0.98193359375,0.01806640625,0.41524237394332886,0.19169777631759644,0.07518250195539634,3951.000999042441,0.37635737657546997,0.31398043036460876,0.9944520023435769,0.8019097864200788,0.9837410387167297,1895.951171875,0.4628787040710449,0.0,0.30490100383758545
qwen,pixelprose,final_quarter,False,7,1.0,35,35,35,37,2.0,4096,0.001,False,1.1,1024,512,1200,0.389559805393219,0.3835808454627113,0.39660988367832034,0.099853515625,0.00146484375,0.1123046875,0.013916015625,0.2757405638694763,0.1138191968202591,0.9102531518454768,394.6574542553778,0.3123951852321625,0.538469672203064,0.9919033332442133,0.9841663912848351,0.9956518710548637,405.369140625,0.09896707534790039,0.8740234375,0.5058637857437134
qwen,pixelprose,final_quarter,False,7,1.0,35,35,35,37,2.0,4096,0.001,False,1.25,1024,512,1200,0.389559805393219,0.3835808454627113,0.39660988367832034,0.093994140625,0.0009765625,0.10986328125,0.016845703125,0.2757405638694763,0.1138191968202591,0.9102531518454768,394.6574542553778,0.3123951852321625,0.538469672203064,0.9919033332442133,0.9841663912848351,0.9956518710548637,405.369140625,0.09896707534790039,0.8740234375,0.5058637857437134
qwen,pixelprose,final_quarter,False,7,1.0,35,35,35,37,2.0,4096,0.001,False,1.5,1024,512,1200,0.389559805393219,0.3835808454627113,0.39660988367832034,0.088134765625,0.0009765625,0.10693359375,0.019775390625,0.2757405638694763,0.1138191968202591,0.9102531518454768,394.6574542553778,0.3123951852321625,0.538469672203064,0.9919033332442133,0.9841663912848351,0.9956518710548637,405.369140625,0.09896707534790039,0.8740234375,0.5058637857437134
qwen,pixelprose,final_quarter,False,7,1.0,35,35,35,37,2.0,4096,0.001,True,1.1,1024,512,1200,0.5813471674919128,0.5756382653024048,0.5875892688069143,0.99853515625,0.0,0.999267578125,0.000732421875,0.39703765511512756,0.18430954217910767,0.08798901052643612,3869.8222563788595,0.3176417648792267,0.3122161030769348,0.9974422594973869,0.8011575692069195,0.9915692999947096,1835.123046875,0.4480280876159668,0.0,0.28584322333335876
qwen,pixelprose,final_quarter,False,7,1.0,35,35,35,37,2.0,4096,0.001,True,1.25,1024,512,1200,0.5813471674919128,0.5756382653024048,0.5875892688069143,0.99658203125,0.0,0.998291015625,0.001708984375,0.39703765511512756,0.18430954217910767,0.08798901052643612,3869.8222563788595,0.3176417648792267,0.3122161030769348,0.9974422594973869,0.8011575692069195,0.9915692999947096,1835.123046875,0.4480280876159668,0.0,0.28584322333335876
qwen,pixelprose,final_quarter,False,7,1.0,35,35,35,37,2.0,4096,0.001,True,1.5,1024,512,1200,0.5813471674919128,0.5756382653024048,0.5875892688069143,0.9765625,0.0,0.98828125,0.01171875,0.39703765511512756,0.18430954217910767,0.08798901052643612,3869.8222563788595,0.3176417648792267,0.3122161030769348,0.9974422594973869,0.8011575692069195,0.9915692999947096,1835.123046875,0.4480280876159668,0.0,0.28584322333335876
qwen,pixelprose,final_quarter,False,7,1.0,35,35,35,37,4.0,4096,0.0003,False,1.1,1024,512,1200,0.3911462426185608,0.3851509595493553,0.3982394762817421,0.099853515625,0.00146484375,0.1123046875,0.013916015625,0.2767145037651062,0.11443176120519638,0.910574764893339,394.427022668168,0.31231844425201416,0.5421240329742432,0.9918967283062242,0.9841548991151908,0.9954047781915747,406.861328125,0.09933137893676758,0.8740234375,0.5152533650398254
qwen,pixelprose,final_quarter,False,7,1.0,35,35,35,37,4.0,4096,0.0003,False,1.25,1024,512,1200,0.3911462426185608,0.3851509595493553,0.3982394762817421,0.094482421875,0.0009765625,0.110107421875,0.0166015625,0.2767145037651062,0.11443176120519638,0.910574764893339,394.427022668168,0.31231844425201416,0.5421240329742432,0.9918967283062242,0.9841548991151908,0.9954047781915747,406.861328125,0.09933137893676758,0.8740234375,0.5152533650398254
qwen,pixelprose,final_quarter,False,7,1.0,35,35,35,37,4.0,4096,0.0003,False,1.5,1024,512,1200,0.3911462426185608,0.3851509595493553,0.3982394762817421,0.088134765625,0.0009765625,0.10693359375,0.019775390625,0.2767145037651062,0.11443176120519638,0.910574764893339,394.427022668168,0.31231844425201416,0.5421240329742432,0.9918967283062242,0.9841548991151908,0.9954047781915747,406.861328125,0.09933137893676758,0.8740234375,0.5152533650398254
qwen,pixelprose,final_quarter,False,7,1.0,35,35,35,37,4.0,4096,0.0003,True,1.1,1024,512,1200,0.6069401502609253,0.6007392820130917,0.6136569156020414,0.998046875,0.0,0.9990234375,0.0009765625,0.41524237394332886,0.19169777631759644,0.07518250195539634,3951.000999042441,0.37635737657546997,0.31398043036460876,0.9944520023435769,0.8019097864200788,0.9837410387167297,1895.951171875,0.4628787040710449,0.0,0.30490100383758545
qwen,pixelprose,final_quarter,False,7,1.0,35,35,35,37,4.0,4096,0.0003,True,1.25,1024,512,1200,0.6069401502609253,0.6007392820130917,0.6136569156020414,0.9931640625,0.0,0.99658203125,0.00341796875,0.41524237394332886,0.19169777631759644,0.07518250195539634,3951.000999042441,0.37635737657546997,0.31398043036460876,0.9944520023435769,0.8019097864200788,0.9837410387167297,1895.951171875,0.4628787040710449,0.0,0.30490100383758545
qwen,pixelprose,final_quarter,False,7,1.0,35,35,35,37,4.0,4096,0.0003,True,1.5,1024,512,1200,0.6069401502609253,0.6007392820130917,0.6136569156020414,0.9638671875,0.0,0.98193359375,0.01806640625,0.41524237394332886,0.19169777631759644,0.07518250195539634,3951.000999042441,0.37635737657546997,0.31398043036460876,0.9944520023435769,0.8019097864200788,0.9837410387167297,1895.951171875,0.4628787040710449,0.0,0.30490100383758545
qwen,pixelprose,final_quarter,False,7,1.0,35,35,35,37,4.0,4096,0.001,False,1.1,1024,512,1200,0.389559805393219,0.3835808454627113,0.39660988367832034,0.099853515625,0.00146484375,0.1123046875,0.013916015625,0.2757405638694763,0.1138191968202591,0.9102531518454768,394.6574542553778,0.3123951852321625,0.538469672203064,0.9919033332442133,0.9841663912848351,0.9956518710548637,405.369140625,0.09896707534790039,0.8740234375,0.5058637857437134
qwen,pixelprose,final_quarter,False,7,1.0,35,35,35,37,4.0,4096,0.001,False,1.25,1024,512,1200,0.389559805393219,0.3835808454627113,0.39660988367832034,0.093994140625,0.0009765625,0.10986328125,0.016845703125,0.2757405638694763,0.1138191968202591,0.9102531518454768,394.6574542553778,0.3123951852321625,0.538469672203064,0.9919033332442133,0.9841663912848351,0.9956518710548637,405.369140625,0.09896707534790039,0.8740234375,0.5058637857437134
qwen,pixelprose,final_quarter,False,7,1.0,35,35,35,37,4.0,4096,0.001,False,1.5,1024,512,1200,0.389559805393219,0.3835808454627113,0.39660988367832034,0.088134765625,0.0009765625,0.10693359375,0.019775390625,0.2757405638694763,0.1138191968202591,0.9102531518454768,394.6574542553778,0.3123951852321625,0.538469672203064,0.9919033332442133,0.9841663912848351,0.9956518710548637,405.369140625,0.09896707534790039,0.8740234375,0.5058637857437134
qwen,pixelprose,final_quarter,False,7,1.0,35,35,35,37,4.0,4096,0.001,True,1.1,1024,512,1200,0.5813471674919128,0.5756382653024048,0.5875892688069143,0.99853515625,0.0,0.999267578125,0.000732421875,0.39703765511512756,0.18430954217910767,0.08798901052643612,3869.8222563788595,0.3176417648792267,0.3122161030769348,0.9974422594973869,0.8011575692069195,0.9915692999947096,1835.123046875,0.4480280876159668,0.0,0.28584322333335876
qwen,pixelprose,final_quarter,False,7,1.0,35,35,35,37,4.0,4096,0.001,True,1.25,1024,512,1200,0.5813471674919128,0.5756382653024048,0.5875892688069143,0.99658203125,0.0,0.998291015625,0.001708984375,0.39703765511512756,0.18430954217910767,0.08798901052643612,3869.8222563788595,0.3176417648792267,0.3122161030769348,0.9974422594973869,0.8011575692069195,0.9915692999947096,1835.123046875,0.4480280876159668,0.0,0.28584322333335876
qwen,pixelprose,final_quarter,False,7,1.0,35,35,35,37,4.0,4096,0.001,True,1.5,1024,512,1200,0.5813471674919128,0.5756382653024048,0.5875892688069143,0.9765625,0.0,0.98828125,0.01171875,0.39703765511512756,0.18430954217910767,0.08798901052643612,3869.8222563788595,0.3176417648792267,0.3122161030769348,0.9974422594973869,0.8011575692069195,0.9915692999947096,1835.123046875,0.4480280876159668,0.0,0.28584322333335876
