family,dataset,pooling,audit,layer_idx,depth_fraction,llm_layer_number,vlm_layer_number,layer_number,seed,width_factor,d_sae,l1,normalize,dom_margin,train_examples,eval_examples,sae_steps,MFI,MFI_ci_low,MFI_ci_high,FMP,image_driven_frac,text_driven_frac,both_driven_frac,mean_text_delta,mean_image_delta,matched_gini,matched_eff_dim,image_only_mean_activation,llm_mean_activation,vlm_train_rec_r2,vlm_eval_rec_r2,llm_train_rec_r2,vlm_eval_l0,vlm_eval_active_frac,vlm_eval_dead_frac,vlm_eval_z_abs_mean
smol,coco_karpathy,final_quarter,False,0,0.0,0,0,0,11,2.0,4096,0.0003,False,1.1,1024,512,1200,0.054516736418008804,0.05370055493176551,0.05518520752684708,0.08056640625,0.080810546875,0.0,0.000244140625,0.0010048156837001443,0.05351192131638527,0.9396586127075739,258.16776678802995,0.13276121020317078,0.1487007886171341,0.9933541678993275,0.9906185820801863,0.9995734417549968,284.140625,0.06937026977539062,0.9189453125,0.1304684281349182
smol,coco_karpathy,final_quarter,False,0,0.0,0,0,0,11,2.0,4096,0.0003,False,1.25,1024,512,1200,0.054516736418008804,0.05370055493176551,0.05518520752684708,0.08056640625,0.080810546875,0.0,0.000244140625,0.0010048156837001443,0.05351192131638527,0.9396586127075739,258.16776678802995,0.13276121020317078,0.1487007886171341,0.9933541678993275,0.9906185820801863,0.9995734417549968,284.140625,0.06937026977539062,0.9189453125,0.1304684281349182
smol,coco_karpathy,final_quarter,False,0,0.0,0,0,0,11,2.0,4096,0.0003,False,1.5,1024,512,1200,0.054516736418008804,0.05370055493176551,0.05518520752684708,0.080078125,0.08056640625,0.0,0.00048828125,0.0010048156837001443,0.05351192131638527,0.9396586127075739,258.16776678802995,0.13276121020317078,0.1487007886171341,0.9933541678993275,0.9906185820801863,0.9995734417549968,284.140625,0.06937026977539062,0.9189453125,0.1304684281349182
smol,coco_karpathy,final_quarter,False,0,0.0,0,0,0,11,2.0,4096,0.0003,True,1.1,1024,512,1200,0.4608725309371948,0.4559217864225502,0.4651575889642118,1.0,1.0,0.0,0.0,0.009983413852751255,0.45088911056518555,0.0920841837968127,3935.771705977731,0.3064076006412506,0.3095063865184784,0.9943102961086858,0.8923818149729315,0.9934993398297176,1873.6171875,0.4574260711669922,0.0,0.3021472990512848
smol,coco_karpathy,final_quarter,False,0,0.0,0,0,0,11,2.0,4096,0.0003,True,1.25,1024,512,1200,0.4608725309371948,0.4559217864225502,0.4651575889642118,1.0,1.0,0.0,0.0,0.009983413852751255,0.45088911056518555,0.0920841837968127,3935.771705977731,0.3064076006412506,0.3095063865184784,0.9943102961086858,0.8923818149729315,0.9934993398297176,1873.6171875,0.4574260711669922,0.0,0.3021472990512848
smol,coco_karpathy,final_quarter,False,0,0.0,0,0,0,11,2.0,4096,0.0003,True,1.5,1024,512,1200,0.4608725309371948,0.4559217864225502,0.4651575889642118,1.0,1.0,0.0,0.0,0.009983413852751255,0.45088911056518555,0.0920841837968127,3935.771705977731,0.3064076006412506,0.3095063865184784,0.9943102961086858,0.8923818149729315,0.9934993398297176,1873.6171875,0.4574260711669922,0.0,0.3021472990512848
smol,coco_karpathy,final_quarter,False,0,0.0,0,0,0,11,2.0,4096,0.001,False,1.1,1024,512,1200,0.05437880754470825,0.05355995864392753,0.055047410968199983,0.080322265625,0.08056640625,0.0,0.000244140625,0.0009885195177048445,0.05339028686285019,0.9394013447271501,260.3788969607405,0.12990297377109528,0.13504274189472198,0.9933646045976023,0.9906221949465802,0.9996147653994152,283.95703125,0.06932544708251953,0.919189453125,0.12766286730766296
smol,coco_karpathy,final_quarter,False,0,0.0,0,0,0,11,2.0,4096,0.001,False,1.25,1024,512,1200,0.05437880754470825,0.05355995864392753,0.055047410968199983,0.080322265625,0.08056640625,0.0,0.000244140625,0.0009885195177048445,0.05339028686285019,0.9394013447271501,260.3788969607405,0.12990297377109528,0.13504274189472198,0.9933646045976023,0.9906221949465802,0.9996147653994152,283.95703125,0.06932544708251953,0.919189453125,0.12766286730766296
smol,coco_karpathy,final_quarter,False,0,0.0,0,0,0,11,2.0,4096,0.001,False,1.5,1024,512,1200,0.05437880754470825,0.05355995864392753,0.055047410968199983,0.079833984375,0.080322265625,0.0,0.00048828125,0.0009885195177048445,0.05339028686285019,0.9394013447271501,260.3788969607405,0.12990297377109528,0.13504274189472198,0.9933646045976023,0.9906221949465802,0.9996147653994152,283.95703125,0.06932544708251953,0.919189453125,0.12766286730766296
smol,coco_karpathy,final_quarter,False,0,0.0,0,0,0,11,2.0,4096,0.001,True,1.1,1024,512,1200,0.45095857977867126,0.44613388146681243,0.4550532405672129,1.0,1.0,0.0,0.0,0.009752610698342323,0.4412059783935547,0.09194356875785618,3941.622772753695,0.2989371716976166,0.3045254051685333,0.994571116383313,0.8929579410317099,0.9897897479206178,1858.0390625,0.45362281799316406,0.0,0.29456034302711487
smol,coco_karpathy,final_quarter,False,0,0.0,0,0,0,11,2.0,4096,0.001,True,1.25,1024,512,1200,0.45095857977867126,0.44613388146681243,0.4550532405672129,1.0,1.0,0.0,0.0,0.009752610698342323,0.4412059783935547,0.09194356875785618,3941.622772753695,0.2989371716976166,0.3045254051685333,0.994571116383313,0.8929579410317099,0.9897897479206178,1858.0390625,0.45362281799316406,0.0,0.29456034302711487
smol,coco_karpathy,final_quarter,False,0,0.0,0,0,0,11,2.0,4096,0.001,True,1.5,1024,512,1200,0.45095857977867126,0.44613388146681243,0.4550532405672129,1.0,1.0,0.0,0.0,0.009752610698342323,0.4412059783935547,0.09194356875785618,3941.622772753695,0.2989371716976166,0.3045254051685333,0.994571116383313,0.8929579410317099,0.9897897479206178,1858.0390625,0.45362281799316406,0.0,0.29456034302711487
smol,coco_karpathy,final_quarter,False,0,0.0,0,0,0,11,4.0,4096,0.0003,False,1.1,1024,512,1200,0.054516736418008804,0.05370055493176551,0.05518520752684708,0.08056640625,0.080810546875,0.0,0.000244140625,0.0010048156837001443,0.05351192131638527,0.9396586127075739,258.16776678802995,0.13276121020317078,0.1487007886171341,0.9933541678993275,0.9906185820801863,0.9995734417549968,284.140625,0.06937026977539062,0.9189453125,0.1304684281349182
smol,coco_karpathy,final_quarter,False,0,0.0,0,0,0,11,4.0,4096,0.0003,False,1.25,1024,512,1200,0.054516736418008804,0.05370055493176551,0.05518520752684708,0.08056640625,0.080810546875,0.0,0.000244140625,0.0010048156837001443,0.05351192131638527,0.9396586127075739,258.16776678802995,0.13276121020317078,0.1487007886171341,0.9933541678993275,0.9906185820801863,0.9995734417549968,284.140625,0.06937026977539062,0.9189453125,0.1304684281349182
smol,coco_karpathy,final_quarter,False,0,0.0,0,0,0,11,4.0,4096,0.0003,False,1.5,1024,512,1200,0.054516736418008804,0.05370055493176551,0.05518520752684708,0.080078125,0.08056640625,0.0,0.00048828125,0.0010048156837001443,0.05351192131638527,0.9396586127075739,258.16776678802995,0.13276121020317078,0.1487007886171341,0.9933541678993275,0.9906185820801863,0.9995734417549968,284.140625,0.06937026977539062,0.9189453125,0.1304684281349182
smol,coco_karpathy,final_quarter,False,0,0.0,0,0,0,11,4.0,4096,0.0003,True,1.1,1024,512,1200,0.4608725309371948,0.4559217864225502,0.4651575889642118,1.0,1.0,0.0,0.0,0.009983413852751255,0.45088911056518555,0.0920841837968127,3935.771705977731,0.3064076006412506,0.3095063865184784,0.9943102961086858,0.8923818149729315,0.9934993398297176,1873.6171875,0.4574260711669922,0.0,0.3021472990512848
smol,coco_karpathy,final_quarter,False,0,0.0,0,0,0,11,4.0,4096,0.0003,True,1.25,1024,512,1200,0.4608725309371948,0.4559217864225502,0.4651575889642118,1.0,1.0,0.0,0.0,0.009983413852751255,0.45088911056518555,0.0920841837968127,3935.771705977731,0.3064076006412506,0.3095063865184784,0.9943102961086858,0.8923818149729315,0.9934993398297176,1873.6171875,0.4574260711669922,0.0,0.3021472990512848
smol,coco_karpathy,final_quarter,False,0,0.0,0,0,0,11,4.0,4096,0.0003,True,1.5,1024,512,1200,0.4608725309371948,0.4559217864225502,0.4651575889642118,1.0,1.0,0.0,0.0,0.009983413852751255,0.45088911056518555,0.0920841837968127,3935.771705977731,0.3064076006412506,0.3095063865184784,0.9943102961086858,0.8923818149729315,0.9934993398297176,1873.6171875,0.4574260711669922,0.0,0.3021472990512848
smol,coco_karpathy,final_quarter,False,0,0.0,0,0,0,11,4.0,4096,0.001,False,1.1,1024,512,1200,0.05437880754470825,0.05355995864392753,0.055047410968199983,0.080322265625,0.08056640625,0.0,0.000244140625,0.0009885195177048445,0.05339028686285019,0.9394013447271501,260.3788969607405,0.12990297377109528,0.13504274189472198,0.9933646045976023,0.9906221949465802,0.9996147653994152,283.95703125,0.06932544708251953,0.919189453125,0.12766286730766296
smol,coco_karpathy,final_quarter,False,0,0.0,0,0,0,11,4.0,4096,0.001,False,1.25,1024,512,1200,0.05437880754470825,0.05355995864392753,0.055047410968199983,0.080322265625,0.08056640625,0.0,0.000244140625,0.0009885195177048445,0.05339028686285019,0.9394013447271501,260.3788969607405,0.12990297377109528,0.13504274189472198,0.9933646045976023,0.9906221949465802,0.9996147653994152,283.95703125,0.06932544708251953,0.919189453125,0.12766286730766296
smol,coco_karpathy,final_quarter,False,0,0.0,0,0,0,11,4.0,4096,0.001,False,1.5,1024,512,1200,0.05437880754470825,0.05355995864392753,0.055047410968199983,0.079833984375,0.080322265625,0.0,0.00048828125,0.0009885195177048445,0.05339028686285019,0.9394013447271501,260.3788969607405,0.12990297377109528,0.13504274189472198,0.9933646045976023,0.9906221949465802,0.9996147653994152,283.95703125,0.06932544708251953,0.919189453125,0.12766286730766296
smol,coco_karpathy,final_quarter,False,0,0.0,0,0,0,11,4.0,4096,0.001,True,1.1,1024,512,1200,0.45095857977867126,0.44613388146681243,0.4550532405672129,1.0,1.0,0.0,0.0,0.009752610698342323,0.4412059783935547,0.09194356875785618,3941.622772753695,0.2989371716976166,0.3045254051685333,0.994571116383313,0.8929579410317099,0.9897897479206178,1858.0390625,0.45362281799316406,0.0,0.29456034302711487
smol,coco_karpathy,final_quarter,False,0,0.0,0,0,0,11,4.0,4096,0.001,True,1.25,1024,512,1200,0.45095857977867126,0.44613388146681243,0.4550532405672129,1.0,1.0,0.0,0.0,0.009752610698342323,0.4412059783935547,0.09194356875785618,3941.622772753695,0.2989371716976166,0.3045254051685333,0.994571116383313,0.8929579410317099,0.9897897479206178,1858.0390625,0.45362281799316406,0.0,0.29456034302711487
smol,coco_karpathy,final_quarter,False,0,0.0,0,0,0,11,4.0,4096,0.001,True,1.5,1024,512,1200,0.45095857977867126,0.44613388146681243,0.4550532405672129,1.0,1.0,0.0,0.0,0.009752610698342323,0.4412059783935547,0.09194356875785618,3941.622772753695,0.2989371716976166,0.3045254051685333,0.994571116383313,0.8929579410317099,0.9897897479206178,1858.0390625,0.45362281799316406,0.0,0.29456034302711487
smol,coco_karpathy,final_quarter,False,0,0.0,0,0,0,23,2.0,4096,0.0003,False,1.1,1024,512,1200,0.05499923974275589,0.05415189834329794,0.055695799595559946,0.084716796875,0.084716796875,0.0,0.0,0.0010106244590133429,0.05398861691355705,0.9387304062091628,266.00807600255274,0.1328543871641159,0.1452065259218216,0.9933768902765253,0.9906313631228928,0.9996195707258837,290.0390625,0.07081031799316406,0.915771484375,0.13057708740234375
smol,coco_karpathy,final_quarter,False,0,0.0,0,0,0,23,2.0,4096,0.0003,False,1.25,1024,512,1200,0.05499923974275589,0.05415189834329794,0.055695799595559946,0.084716796875,0.084716796875,0.0,0.0,0.0010106244590133429,0.05398861691355705,0.9387304062091628,266.00807600255274,0.1328543871641159,0.1452065259218216,0.9933768902765253,0.9906313631228928,0.9996195707258837,290.0390625,0.07081031799316406,0.915771484375,0.13057708740234375
smol,coco_karpathy,final_quarter,False,0,0.0,0,0,0,23,2.0,4096,0.0003,False,1.5,1024,512,1200,0.05499923974275589,0.05415189834329794,0.055695799595559946,0.084716796875,0.084716796875,0.0,0.0,0.0010106244590133429,0.05398861691355705,0.9387304062091628,266.00807600255274,0.1328543871641159,0.1452065259218216,0.9933768902765253,0.9906313631228928,0.9996195707258837,290.0390625,0.07081031799316406,0.915771484375,0.13057708740234375
smol,coco_karpathy,final_quarter,False,0,0.0,0,0,0,23,2.0,4096,0.0003,True,1.1,1024,512,1200,0.4605904817581177,0.4552442144296947,0.4651306954809115,1.0,1.0,0.0,0.0,0.009970303624868393,0.450620174407959,0.09164930200650126,3930.2249008934195,0.30610084533691406,0.3078708350658417,0.99572578238241,0.8947216557503204,0.9934850918214604,1867.12890625,0.4558420181274414,0.0,0.30146440863609314
smol,coco_karpathy,final_quarter,False,0,0.0,0,0,0,23,2.0,4096,0.0003,True,1.25,1024,512,1200,0.4605904817581177,0.4552442144296947,0.4651306954809115,1.0,1.0,0.0,0.0,0.009970303624868393,0.450620174407959,0.09164930200650126,3930.2249008934195,0.30610084533691406,0.3078708350658417,0.99572578238241,0.8947216557503204,0.9934850918214604,1867.12890625,0.4558420181274414,0.0,0.30146440863609314
smol,coco_karpathy,final_quarter,False,0,0.0,0,0,0,23,2.0,4096,0.0003,True,1.5,1024,512,1200,0.4605904817581177,0.4552442144296947,0.4651306954809115,1.0,1.0,0.0,0.0,0.009970303624868393,0.450620174407959,0.09164930200650126,3930.2249008934195,0.30610084533691406,0.3078708350658417,0.99572578238241,0.8947216557503204,0.9934850918214604,1867.12890625,0.4558420181274414,0.0,0.30146440863609314
smol,coco_karpathy,final_quarter,False,0,0.0,0,0,0,23,2.0,4096,0.001,False,1.1,1024,512,1200,0.05483096465468407,0.05398447358347767,0.05552669157332275,0.084716796875,0.084716796875,0.0,0.0,0.000996685354039073,0.053834278136491776,0.9385207058624341,267.3406094372726,0.1305135041475296,0.13571180403232574,0.99340566516093,0.9906525345788828,0.999668071789141,290.015625,0.07080459594726562,0.915771484375,0.12827804684638977
smol,coco_karpathy,final_quarter,False,0,0.0,0,0,0,23,2.0,4096,0.001,False,1.25,1024,512,1200,0.05483096465468407,0.05398447358347767,0.05552669157332275,0.084716796875,0.084716796875,0.0,0.0,0.000996685354039073,0.053834278136491776,0.9385207058624341,267.3406094372726,0.1305135041475296,0.13571180403232574,0.99340566516093,0.9906525345788828,0.999668071789141,290.015625,0.07080459594726562,0.915771484375,0.12827804684638977
smol,coco_karpathy,final_quarter,False,0,0.0,0,0,0,23,2.0,4096,0.001,False,1.5,1024,512,1200,0.05483096465468407,0.05398447358347767,0.05552669157332275,0.084716796875,0.084716796875,0.0,0.0,0.000996685354039073,0.053834278136491776,0.9385207058624341,267.3406094372726,0.1305135041475296,0.13571180403232574,0.99340566516093,0.9906525345788828,0.999668071789141,290.015625,0.07080459594726562,0.915771484375,0.12827804684638977
smol,coco_karpathy,final_quarter,False,0,0.0,0,0,0,23,2.0,4096,0.001,True,1.1,1024,512,1200,0.452852338552475,0.4479059588047676,0.4572825022813049,1.0,1.0,0.0,0.0,0.009873902425169945,0.4429784417152405,0.0908392898978186,3948.8035357413523,0.3003731966018677,0.3011186420917511,0.9944116575556688,0.8937950884726138,0.9925069381378742,1857.24609375,0.4534292221069336,0.0,0.29567739367485046
smol,coco_karpathy,final_quarter,False,0,0.0,0,0,0,23,2.0,4096,0.001,True,1.25,1024,512,1200,0.452852338552475,0.4479059588047676,0.4572825022813049,1.0,1.0,0.0,0.0,0.009873902425169945,0.4429784417152405,0.0908392898978186,3948.8035357413523,0.3003731966018677,0.3011186420917511,0.9944116575556688,0.8937950884726138,0.9925069381378742,1857.24609375,0.4534292221069336,0.0,0.29567739367485046
smol,coco_karpathy,final_quarter,False,0,0.0,0,0,0,23,2.0,4096,0.001,True,1.5,1024,512,1200,0.452852338552475,0.4479059588047676,0.4572825022813049,1.0,1.0,0.0,0.0,0.009873902425169945,0.4429784417152405,0.0908392898978186,3948.8035357413523,0.3003731966018677,0.3011186420917511,0.9944116575556688,0.8937950884726138,0.9925069381378742,1857.24609375,0.4534292221069336,0.0,0.29567739367485046
smol,coco_karpathy,final_quarter,False,0,0.0,0,0,0,23,4.0,4096,0.0003,False,1.1,1024,512,1200,0.05499923974275589,0.05415189834329794,0.055695799595559946,0.084716796875,0.084716796875,0.0,0.0,0.0010106244590133429,0.05398861691355705,0.9387304062091628,266.00807600255274,0.1328543871641159,0.1452065259218216,0.9933768902765253,0.9906313631228928,0.9996195707258837,290.0390625,0.07081031799316406,0.915771484375,0.13057708740234375
smol,coco_karpathy,final_quarter,False,0,0.0,0,0,0,23,4.0,4096,0.0003,False,1.25,1024,512,1200,0.05499923974275589,0.05415189834329794,0.055695799595559946,0.084716796875,0.084716796875,0.0,0.0,0.0010106244590133429,0.05398861691355705,0.9387304062091628,266.00807600255274,0.1328543871641159,0.1452065259218216,0.9933768902765253,0.9906313631228928,0.9996195707258837,290.0390625,0.07081031799316406,0.915771484375,0.13057708740234375
smol,coco_karpathy,final_quarter,False,0,0.0,0,0,0,23,4.0,4096,0.0003,False,1.5,1024,512,1200,0.05499923974275589,0.05415189834329794,0.055695799595559946,0.084716796875,0.084716796875,0.0,0.0,0.0010106244590133429,0.05398861691355705,0.9387304062091628,266.00807600255274,0.1328543871641159,0.1452065259218216,0.9933768902765253,0.9906313631228928,0.9996195707258837,290.0390625,0.07081031799316406,0.915771484375,0.13057708740234375
smol,coco_karpathy,final_quarter,False,0,0.0,0,0,0,23,4.0,4096,0.0003,True,1.1,1024,512,1200,0.4605904817581177,0.4552442144296947,0.4651306954809115,1.0,1.0,0.0,0.0,0.009970303624868393,0.450620174407959,0.09164930200650126,3930.2249008934195,0.30610084533691406,0.3078708350658417,0.99572578238241,0.8947216557503204,0.9934850918214604,1867.12890625,0.4558420181274414,0.0,0.30146440863609314
smol,coco_karpathy,final_quarter,False,0,0.0,0,0,0,23,4.0,4096,0.0003,True,1.25,1024,512,1200,0.4605904817581177,0.4552442144296947,0.4651306954809115,1.0,1.0,0.0,0.0,0.009970303624868393,0.450620174407959,0.09164930200650126,3930.2249008934195,0.30610084533691406,0.3078708350658417,0.99572578238241,0.8947216557503204,0.9934850918214604,1867.12890625,0.4558420181274414,0.0,0.30146440863609314
smol,coco_karpathy,final_quarter,False,0,0.0,0,0,0,23,4.0,4096,0.0003,True,1.5,1024,512,1200,0.4605904817581177,0.4552442144296947,0.4651306954809115,1.0,1.0,0.0,0.0,0.009970303624868393,0.450620174407959,0.09164930200650126,3930.2249008934195,0.30610084533691406,0.3078708350658417,0.99572578238241,0.8947216557503204,0.9934850918214604,1867.12890625,0.4558420181274414,0.0,0.30146440863609314
smol,coco_karpathy,final_quarter,False,0,0.0,0,0,0,23,4.0,4096,0.001,False,1.1,1024,512,1200,0.05483096465468407,0.05398447358347767,0.05552669157332275,0.084716796875,0.084716796875,0.0,0.0,0.000996685354039073,0.053834278136491776,0.9385207058624341,267.3406094372726,0.1305135041475296,0.13571180403232574,0.99340566516093,0.9906525345788828,0.999668071789141,290.015625,0.07080459594726562,0.915771484375,0.12827804684638977
smol,coco_karpathy,final_quarter,False,0,0.0,0,0,0,23,4.0,4096,0.001,False,1.25,1024,512,1200,0.05483096465468407,0.05398447358347767,0.05552669157332275,0.084716796875,0.084716796875,0.0,0.0,0.000996685354039073,0.053834278136491776,0.9385207058624341,267.3406094372726,0.1305135041475296,0.13571180403232574,0.99340566516093,0.9906525345788828,0.999668071789141,290.015625,0.07080459594726562,0.915771484375,0.12827804684638977
smol,coco_karpathy,final_quarter,False,0,0.0,0,0,0,23,4.0,4096,0.001,False,1.5,1024,512,1200,0.05483096465468407,0.05398447358347767,0.05552669157332275,0.084716796875,0.084716796875,0.0,0.0,0.000996685354039073,0.053834278136491776,0.9385207058624341,267.3406094372726,0.1305135041475296,0.13571180403232574,0.99340566516093,0.9906525345788828,0.999668071789141,290.015625,0.07080459594726562,0.915771484375,0.12827804684638977
smol,coco_karpathy,final_quarter,False,0,0.0,0,0,0,23,4.0,4096,0.001,True,1.1,1024,512,1200,0.452852338552475,0.4479059588047676,0.4572825022813049,1.0,1.0,0.0,0.0,0.009873902425169945,0.4429784417152405,0.0908392898978186,3948.8035357413523,0.3003731966018677,0.3011186420917511,0.9944116575556688,0.8937950884726138,0.9925069381378742,1857.24609375,0.4534292221069336,0.0,0.29567739367485046
smol,coco_karpathy,final_quarter,False,0,0.0,0,0,0,23,4.0,4096,0.001,True,1.25,1024,512,1200,0.452852338552475,0.4479059588047676,0.4572825022813049,1.0,1.0,0.0,0.0,0.009873902425169945,0.4429784417152405,0.0908392898978186,3948.8035357413523,0.3003731966018677,0.3011186420917511,0.9944116575556688,0.8937950884726138,0.9925069381378742,1857.24609375,0.4534292221069336,0.0,0.29567739367485046
smol,coco_karpathy,final_quarter,False,0,0.0,0,0,0,23,4.0,4096,0.001,True,1.5,1024,512,1200,0.452852338552475,0.4479059588047676,0.4572825022813049,1.0,1.0,0.0,0.0,0.009873902425169945,0.4429784417152405,0.0908392898978186,3948.8035357413523,0.3003731966018677,0.3011186420917511,0.9944116575556688,0.8937950884726138,0.9925069381378742,1857.24609375,0.4534292221069336,0.0,0.29567739367485046
smol,coco_karpathy,final_quarter,False,0,0.0,0,0,0,37,2.0,4096,0.0003,False,1.1,1024,512,1200,0.056189585477113724,0.055456528526337937,0.05695288250954036,0.085205078125,0.085205078125,0.0,0.0,0.001042467076331377,0.055147118866443634,0.935650808939784,281.5998746021279,0.1373179405927658,0.14675810933113098,0.9923698308565974,0.9895691322838953,0.9995719436620996,303.349609375,0.07405996322631836,0.915283203125,0.134955495595932
smol,coco_karpathy,final_quarter,False,0,0.0,0,0,0,37,2.0,4096,0.0003,False,1.25,1024,512,1200,0.056189585477113724,0.055456528526337937,0.05695288250954036,0.084716796875,0.0849609375,0.0,0.000244140625,0.001042467076331377,0.055147118866443634,0.935650808939784,281.5998746021279,0.1373179405927658,0.14675810933113098,0.9923698308565974,0.9895691322838953,0.9995719436620996,303.349609375,0.07405996322631836,0.915283203125,0.134955495595932
smol,coco_karpathy,final_quarter,False,0,0.0,0,0,0,37,2.0,4096,0.0003,False,1.5,1024,512,1200,0.056189585477113724,0.055456528526337937,0.05695288250954036,0.084228515625,0.084716796875,0.0,0.00048828125,0.001042467076331377,0.055147118866443634,0.935650808939784,281.5998746021279,0.1373179405927658,0.14675810933113098,0.9923698308565974,0.9895691322838953,0.9995719436620996,303.349609375,0.07405996322631836,0.915283203125,0.134955495595932
smol,coco_karpathy,final_quarter,False,0,0.0,0,0,0,37,2.0,4096,0.0003,True,1.1,1024,512,1200,0.4517560601234436,0.44784061211394144,0.4558101472692215,1.0,1.0,0.0,0.0,0.009846358560025692,0.4419097304344177,0.09569074459330924,3912.167835835153,0.29885709285736084,0.3097558319568634,0.9978082422976834,0.8963433728682837,0.9913712251481518,1850.78515625,0.45185184478759766,0.0,0.2944991886615753
smol,coco_karpathy,final_quarter,False,0,0.0,0,0,0,37,2.0,4096,0.0003,True,1.25,1024,512,1200,0.4517560601234436,0.44784061211394144,0.4558101472692215,1.0,1.0,0.0,0.0,0.009846358560025692,0.4419097304344177,0.09569074459330924,3912.167835835153,0.29885709285736084,0.3097558319568634,0.9978082422976834,0.8963433728682837,0.9913712251481518,1850.78515625,0.45185184478759766,0.0,0.2944991886615753
smol,coco_karpathy,final_quarter,False,0,0.0,0,0,0,37,2.0,4096,0.0003,True,1.5,1024,512,1200,0.4517560601234436,0.44784061211394144,0.4558101472692215,1.0,1.0,0.0,0.0,0.009846358560025692,0.4419097304344177,0.09569074459330924,3912.167835835153,0.29885709285736084,0.3097558319568634,0.9978082422976834,0.8963433728682837,0.9913712251481518,1850.78515625,0.45185184478759766,0.0,0.2944991886615753
smol,coco_karpathy,final_quarter,False,0,0.0,0,0,0,37,2.0,4096,0.001,False,1.1,1024,512,1200,0.05587948113679886,0.05515320291706303,0.056638948698309835,0.0849609375,0.0849609375,0.0,0.0,0.0010078845079988241,0.05487159639596939,0.9357839098746701,280.888013657521,0.1311047375202179,0.13403527438640594,0.9936450431747091,0.9908795186303724,0.9996540668199315,302.419921875,0.07383298873901367,0.91552734375,0.12885186076164246
smol,coco_karpathy,final_quarter,False,0,0.0,0,0,0,37,2.0,4096,0.001,False,1.25,1024,512,1200,0.05587948113679886,0.05515320291706303,0.056638948698309835,0.08447265625,0.084716796875,0.0,0.000244140625,0.0010078845079988241,0.05487159639596939,0.9357839098746701,280.888013657521,0.1311047375202179,0.13403527438640594,0.9936450431747091,0.9908795186303724,0.9996540668199315,302.419921875,0.07383298873901367,0.91552734375,0.12885186076164246
smol,coco_karpathy,final_quarter,False,0,0.0,0,0,0,37,2.0,4096,0.001,False,1.5,1024,512,1200,0.05587948113679886,0.05515320291706303,0.056638948698309835,0.083984375,0.08447265625,0.0,0.00048828125,0.0010078845079988241,0.05487159639596939,0.9357839098746701,280.888013657521,0.1311047375202179,0.13403527438640594,0.9936450431747091,0.9908795186303724,0.9996540668199315,302.419921875,0.07383298873901367,0.91552734375,0.12885186076164246
smol,coco_karpathy,final_quarter,False,0,0.0,0,0,0,37,2.0,4096,0.001,True,1.1,1024,512,1200,0.4437273144721985,0.439682412557886,0.4477540213163593,1.0,1.0,0.0,0.0,0.009716376662254333,0.43401092290878296,0.09302848081126362,3932.377420173694,0.293038934469223,0.30283454060554504,0.9971833238543699,0.8958525626275718,0.9931032724882431,1842.908203125,0.44992876052856445,0.0,0.28867560625076294
smol,coco_karpathy,final_quarter,False,0,0.0,0,0,0,37,2.0,4096,0.001,True,1.25,1024,512,1200,0.4437273144721985,0.439682412557886,0.4477540213163593,1.0,1.0,0.0,0.0,0.009716376662254333,0.43401092290878296,0.09302848081126362,3932.377420173694,0.293038934469223,0.30283454060554504,0.9971833238543699,0.8958525626275718,0.9931032724882431,1842.908203125,0.44992876052856445,0.0,0.28867560625076294
smol,coco_karpathy,final_quarter,False,0,0.0,0,0,0,37,2.0,4096,0.001,True,1.5,1024,512,1200,0.4437273144721985,0.439682412557886,0.4477540213163593,1.0,1.0,0.0,0.0,0.009716376662254333,0.43401092290878296,0.09302848081126362,3932.377420173694,0.293038934469223,0.30283454060554504,0.9971833238543699,0.8958525626275718,0.9931032724882431,1842.908203125,0.44992876052856445,0.0,0.28867560625076294
smol,coco_karpathy,final_quarter,False,0,0.0,0,0,0,37,4.0,4096,0.0003,False,1.1,1024,512,1200,0.056189585477113724,0.055456528526337937,0.05695288250954036,0.085205078125,0.085205078125,0.0,0.0,0.001042467076331377,0.055147118866443634,0.935650808939784,281.5998746021279,0.1373179405927658,0.14675810933113098,0.9923698308565974,0.9895691322838953,0.9995719436620996,303.349609375,0.07405996322631836,0.915283203125,0.134955495595932
smol,coco_karpathy,final_quarter,False,0,0.0,0,0,0,37,4.0,4096,0.0003,False,1.25,1024,512,1200,0.056189585477113724,0.055456528526337937,0.05695288250954036,0.084716796875,0.0849609375,0.0,0.000244140625,0.001042467076331377,0.055147118866443634,0.935650808939784,281.5998746021279,0.1373179405927658,0.14675810933113098,0.9923698308565974,0.9895691322838953,0.9995719436620996,303.349609375,0.07405996322631836,0.915283203125,0.134955495595932
smol,coco_karpathy,final_quarter,False,0,0.0,0,0,0,37,4.0,4096,0.0003,False,1.5,1024,512,1200,0.056189585477113724,0.055456528526337937,0.05695288250954036,0.084228515625,0.084716796875,0.0,0.00048828125,0.001042467076331377,0.055147118866443634,0.935650808939784,281.5998746021279,0.1373179405927658,0.14675810933113098,0.9923698308565974,0.9895691322838953,0.9995719436620996,303.349609375,0.07405996322631836,0.915283203125,0.134955495595932
smol,coco_karpathy,final_quarter,False,0,0.0,0,0,0,37,4.0,4096,0.0003,True,1.1,1024,512,1200,0.4517560601234436,0.44784061211394144,0.4558101472692215,1.0,1.0,0.0,0.0,0.009846358560025692,0.4419097304344177,0.09569074459330924,3912.167835835153,0.29885709285736084,0.3097558319568634,0.9978082422976834,0.8963433728682837,0.9913712251481518,1850.78515625,0.45185184478759766,0.0,0.2944991886615753
smol,coco_karpathy,final_quarter,False,0,0.0,0,0,0,37,4.0,4096,0.0003,True,1.25,1024,512,1200,0.4517560601234436,0.44784061211394144,0.4558101472692215,1.0,1.0,0.0,0.0,0.009846358560025692,0.4419097304344177,0.09569074459330924,3912.167835835153,0.29885709285736084,0.3097558319568634,0.9978082422976834,0.8963433728682837,0.9913712251481518,1850.78515625,0.45185184478759766,0.0,0.2944991886615753
smol,coco_karpathy,final_quarter,False,0,0.0,0,0,0,37,4.0,4096,0.0003,True,1.5,1024,512,1200,0.4517560601234436,0.44784061211394144,0.4558101472692215,1.0,1.0,0.0,0.0,0.009846358560025692,0.4419097304344177,0.09569074459330924,3912.167835835153,0.29885709285736084,0.3097558319568634,0.9978082422976834,0.8963433728682837,0.9913712251481518,1850.78515625,0.45185184478759766,0.0,0.2944991886615753
smol,coco_karpathy,final_quarter,False,0,0.0,0,0,0,37,4.0,4096,0.001,False,1.1,1024,512,1200,0.05587948113679886,0.05515320291706303,0.056638948698309835,0.0849609375,0.0849609375,0.0,0.0,0.0010078845079988241,0.05487159639596939,0.9357839098746701,280.888013657521,0.1311047375202179,0.13403527438640594,0.9936450431747091,0.9908795186303724,0.9996540668199315,302.419921875,0.07383298873901367,0.91552734375,0.12885186076164246
smol,coco_karpathy,final_quarter,False,0,0.0,0,0,0,37,4.0,4096,0.001,False,1.25,1024,512,1200,0.05587948113679886,0.05515320291706303,0.056638948698309835,0.08447265625,0.084716796875,0.0,0.000244140625,0.0010078845079988241,0.05487159639596939,0.9357839098746701,280.888013657521,0.1311047375202179,0.13403527438640594,0.9936450431747091,0.9908795186303724,0.9996540668199315,302.419921875,0.07383298873901367,0.91552734375,0.12885186076164246
smol,coco_karpathy,final_quarter,False,0,0.0,0,0,0,37,4.0,4096,0.001,False,1.5,1024,512,1200,0.05587948113679886,0.05515320291706303,0.056638948698309835,0.083984375,0.08447265625,0.0,0.00048828125,0.0010078845079988241,0.05487159639596939,0.9357839098746701,280.888013657521,0.1311047375202179,0.13403527438640594,0.9936450431747091,0.9908795186303724,0.9996540668199315,302.419921875,0.07383298873901367,0.91552734375,0.12885186076164246
smol,coco_karpathy,final_quarter,False,0,0.0,0,0,0,37,4.0,4096,0.001,True,1.1,1024,512,1200,0.4437273144721985,0.439682412557886,0.4477540213163593,1.0,1.0,0.0,0.0,0.009716376662254333,0.43401092290878296,0.09302848081126362,3932.377420173694,0.293038934469223,0.30283454060554504,0.9971833238543699,0.8958525626275718,0.9931032724882431,1842.908203125,0.44992876052856445,0.0,0.28867560625076294
smol,coco_karpathy,final_quarter,False,0,0.0,0,0,0,37,4.0,4096,0.001,True,1.25,1024,512,1200,0.4437273144721985,0.439682412557886,0.4477540213163593,1.0,1.0,0.0,0.0,0.009716376662254333,0.43401092290878296,0.09302848081126362,3932.377420173694,0.293038934469223,0.30283454060554504,0.9971833238543699,0.8958525626275718,0.9931032724882431,1842.908203125,0.44992876052856445,0.0,0.28867560625076294
smol,coco_karpathy,final_quarter,False,0,0.0,0,0,0,37,4.0,4096,0.001,True,1.5,1024,512,1200,0.4437273144721985,0.439682412557886,0.4477540213163593,1.0,1.0,0.0,0.0,0.009716376662254333,0.43401092290878296,0.09302848081126362,3932.377420173694,0.293038934469223,0.30283454060554504,0.9971833238543699,0.8958525626275718,0.9931032724882431,1842.908203125,0.44992876052856445,0.0,0.28867560625076294
smol,coco_karpathy,final_quarter,False,1,0.14285714285714285,3,3,3,11,2.0,4096,0.0003,False,1.1,1024,512,1200,0.09261488914489746,0.09128388515837287,0.0939024787681774,0.1083984375,0.108154296875,0.00048828125,0.000244140625,0.002165523124858737,0.09044936299324036,0.9169569965323695,365.27535429983135,0.2348644882440567,2.6946380138397217,0.9959401147956707,0.9941358965241932,0.9997262417657569,403.052734375,0.09840154647827148,0.891845703125,0.2314949631690979
smol,coco_karpathy,final_quarter,False,1,0.14285714285714285,3,3,3,11,2.0,4096,0.0003,False,1.25,1024,512,1200,0.09261488914489746,0.09128388515837287,0.0939024787681774,0.10791015625,0.10791015625,0.00048828125,0.00048828125,0.002165523124858737,0.09044936299324036,0.9169569965323695,365.27535429983135,0.2348644882440567,2.6946380138397217,0.9959401147956707,0.9941358965241932,0.9997262417657569,403.052734375,0.09840154647827148,0.891845703125,0.2314949631690979
smol,coco_karpathy,final_quarter,False,1,0.14285714285714285,3,3,3,11,2.0,4096,0.0003,False,1.5,1024,512,1200,0.09261488914489746,0.09128388515837287,0.0939024787681774,0.10791015625,0.10791015625,0.00048828125,0.00048828125,0.002165523124858737,0.09044936299324036,0.9169569965323695,365.27535429983135,0.2348644882440567,2.6946380138397217,0.9959401147956707,0.9941358965241932,0.9997262417657569,403.052734375,0.09840154647827148,0.891845703125,0.2314949631690979
smol,coco_karpathy,final_quarter,False,1,0.14285714285714285,3,3,3,11,2.0,4096,0.0003,True,1.1,1024,512,1200,0.4623487889766693,0.45805979866127017,0.46651517927239183,1.0,1.0,0.0,0.0,0.01413183007389307,0.44821697473526,0.09927506717060516,3900.008724785351,0.30424803495407104,0.3113720417022705,0.9883620775466083,0.8887564083566181,0.9882934294072787,1861.2109375,0.45439720153808594,0.0,0.2999085485935211
smol,coco_karpathy,final_quarter,False,1,0.14285714285714285,3,3,3,11,2.0,4096,0.0003,True,1.25,1024,512,1200,0.4623487889766693,0.45805979866127017,0.46651517927239183,1.0,1.0,0.0,0.0,0.01413183007389307,0.44821697473526,0.09927506717060516,3900.008724785351,0.30424803495407104,0.3113720417022705,0.9883620775466083,0.8887564083566181,0.9882934294072787,1861.2109375,0.45439720153808594,0.0,0.2999085485935211
smol,coco_karpathy,final_quarter,False,1,0.14285714285714285,3,3,3,11,2.0,4096,0.0003,True,1.5,1024,512,1200,0.4623487889766693,0.45805979866127017,0.46651517927239183,1.0,1.0,0.0,0.0,0.01413183007389307,0.44821697473526,0.09927506717060516,3900.008724785351,0.30424803495407104,0.3113720417022705,0.9883620775466083,0.8887564083566181,0.9882934294072787,1861.2109375,0.45439720153808594,0.0,0.2999085485935211
smol,coco_karpathy,final_quarter,False,1,0.14285714285714285,3,3,3,11,2.0,4096,0.001,False,1.1,1024,512,1200,0.0923653319478035,0.09104214437684277,0.09365354297988233,0.108154296875,0.10791015625,0.00048828125,0.000244140625,0.002156025031581521,0.09020931273698807,0.917844689559873,362.6403378360773,0.23302648961544037,2.6821069717407227,0.9957353865759421,0.9939241395120271,0.9997213753609575,401.84375,0.09810638427734375,0.89208984375,0.2296864241361618
smol,coco_karpathy,final_quarter,False,1,0.14285714285714285,3,3,3,11,2.0,4096,0.001,False,1.25,1024,512,1200,0.0923653319478035,0.09104214437684277,0.09365354297988233,0.107666015625,0.107666015625,0.00048828125,0.00048828125,0.002156025031581521,0.09020931273698807,0.917844689559873,362.6403378360773,0.23302648961544037,2.6821069717407227,0.9957353865759421,0.9939241395120271,0.9997213753609575,401.84375,0.09810638427734375,0.89208984375,0.2296864241361618
smol,coco_karpathy,final_quarter,False,1,0.14285714285714285,3,3,3,11,2.0,4096,0.001,False,1.5,1024,512,1200,0.0923653319478035,0.09104214437684277,0.09365354297988233,0.107666015625,0.107666015625,0.00048828125,0.00048828125,0.002156025031581521,0.09020931273698807,0.917844689559873,362.6403378360773,0.23302648961544037,2.6821069717407227,0.9957353865759421,0.9939241395120271,0.9997213753609575,401.84375,0.09810638427734375,0.89208984375,0.2296864241361618
smol,coco_karpathy,final_quarter,False,1,0.14285714285714285,3,3,3,11,2.0,4096,0.001,True,1.1,1024,512,1200,0.44884976744651794,0.4445927456123172,0.4527676312311087,1.0,1.0,0.0,0.0,0.013975436799228191,0.43487435579299927,0.09127588338478786,3954.3792963096234,0.29536592960357666,0.3098546266555786,0.9962591425194263,0.8951846607786433,0.9916843626554771,1854.73046875,0.45281505584716797,0.0,0.29079946875572205
smol,coco_karpathy,final_quarter,False,1,0.14285714285714285,3,3,3,11,2.0,4096,0.001,True,1.25,1024,512,1200,0.44884976744651794,0.4445927456123172,0.4527676312311087,1.0,1.0,0.0,0.0,0.013975436799228191,0.43487435579299927,0.09127588338478786,3954.3792963096234,0.29536592960357666,0.3098546266555786,0.9962591425194263,0.8951846607786433,0.9916843626554771,1854.73046875,0.45281505584716797,0.0,0.29079946875572205
smol,coco_karpathy,final_quarter,False,1,0.14285714285714285,3,3,3,11,2.0,4096,0.001,True,1.5,1024,512,1200,0.44884976744651794,0.4445927456123172,0.4527676312311087,1.0,1.0,0.0,0.0,0.013975436799228191,0.43487435579299927,0.09127588338478786,3954.3792963096234,0.29536592960357666,0.3098546266555786,0.9962591425194263,0.8951846607786433,0.9916843626554771,1854.73046875,0.45281505584716797,0.0,0.29079946875572205
smol,coco_karpathy,final_quarter,False,1,0.14285714285714285,3,3,3,11,4.0,4096,0.0003,False,1.1,1024,512,1200,0.09261488914489746,0.09128388515837287,0.0939024787681774,0.1083984375,0.108154296875,0.00048828125,0.000244140625,0.002165523124858737,0.09044936299324036,0.9169569965323695,365.27535429983135,0.2348644882440567,2.6946380138397217,0.9959401147956707,0.9941358965241932,0.9997262417657569,403.052734375,0.09840154647827148,0.891845703125,0.2314949631690979
smol,coco_karpathy,final_quarter,False,1,0.14285714285714285,3,3,3,11,4.0,4096,0.0003,False,1.25,1024,512,1200,0.09261488914489746,0.09128388515837287,0.0939024787681774,0.10791015625,0.10791015625,0.00048828125,0.00048828125,0.002165523124858737,0.09044936299324036,0.9169569965323695,365.27535429983135,0.2348644882440567,2.6946380138397217,0.9959401147956707,0.9941358965241932,0.9997262417657569,403.052734375,0.09840154647827148,0.891845703125,0.2314949631690979
smol,coco_karpathy,final_quarter,False,1,0.14285714285714285,3,3,3,11,4.0,4096,0.0003,False,1.5,1024,512,1200,0.09261488914489746,0.09128388515837287,0.0939024787681774,0.10791015625,0.10791015625,0.00048828125,0.00048828125,0.002165523124858737,0.09044936299324036,0.9169569965323695,365.27535429983135,0.2348644882440567,2.6946380138397217,0.9959401147956707,0.9941358965241932,0.9997262417657569,403.052734375,0.09840154647827148,0.891845703125,0.2314949631690979
smol,coco_karpathy,final_quarter,False,1,0.14285714285714285,3,3,3,11,4.0,4096,0.0003,True,1.1,1024,512,1200,0.4623487889766693,0.45805979866127017,0.46651517927239183,1.0,1.0,0.0,0.0,0.01413183007389307,0.44821697473526,0.09927506717060516,3900.008724785351,0.30424803495407104,0.3113720417022705,0.9883620775466083,0.8887564083566181,0.9882934294072787,1861.2109375,0.45439720153808594,0.0,0.2999085485935211
smol,coco_karpathy,final_quarter,False,1,0.14285714285714285,3,3,3,11,4.0,4096,0.0003,True,1.25,1024,512,1200,0.4623487889766693,0.45805979866127017,0.46651517927239183,1.0,1.0,0.0,0.0,0.01413183007389307,0.44821697473526,0.09927506717060516,3900.008724785351,0.30424803495407104,0.3113720417022705,0.9883620775466083,0.8887564083566181,0.9882934294072787,1861.2109375,0.45439720153808594,0.0,0.2999085485935211
smol,coco_karpathy,final_quarter,False,1,0.14285714285714285,3,3,3,11,4.0,4096,0.0003,True,1.5,1024,512,1200,0.4623487889766693,0.45805979866127017,0.46651517927239183,1.0,1.0,0.0,0.0,0.01413183007389307,0.44821697473526,0.09927506717060516,3900.008724785351,0.30424803495407104,0.3113720417022705,0.9883620775466083,0.8887564083566181,0.9882934294072787,1861.2109375,0.45439720153808594,0.0,0.2999085485935211
smol,coco_karpathy,final_quarter,False,1,0.14285714285714285,3,3,3,11,4.0,4096,0.001,False,1.1,1024,512,1200,0.0923653319478035,0.09104214437684277,0.09365354297988233,0.108154296875,0.10791015625,0.00048828125,0.000244140625,0.002156025031581521,0.09020931273698807,0.917844689559873,362.6403378360773,0.23302648961544037,2.6821069717407227,0.9957353865759421,0.9939241395120271,0.9997213753609575,401.84375,0.09810638427734375,0.89208984375,0.2296864241361618
smol,coco_karpathy,final_quarter,False,1,0.14285714285714285,3,3,3,11,4.0,4096,0.001,False,1.25,1024,512,1200,0.0923653319478035,0.09104214437684277,0.09365354297988233,0.107666015625,0.107666015625,0.00048828125,0.00048828125,0.002156025031581521,0.09020931273698807,0.917844689559873,362.6403378360773,0.23302648961544037,2.6821069717407227,0.9957353865759421,0.9939241395120271,0.9997213753609575,401.84375,0.09810638427734375,0.89208984375,0.2296864241361618
smol,coco_karpathy,final_quarter,False,1,0.14285714285714285,3,3,3,11,4.0,4096,0.001,False,1.5,1024,512,1200,0.0923653319478035,0.09104214437684277,0.09365354297988233,0.107666015625,0.107666015625,0.00048828125,0.00048828125,0.002156025031581521,0.09020931273698807,0.917844689559873,362.6403378360773,0.23302648961544037,2.6821069717407227,0.9957353865759421,0.9939241395120271,0.9997213753609575,401.84375,0.09810638427734375,0.89208984375,0.2296864241361618
smol,coco_karpathy,final_quarter,False,1,0.14285714285714285,3,3,3,11,4.0,4096,0.001,True,1.1,1024,512,1200,0.44884976744651794,0.4445927456123172,0.4527676312311087,1.0,1.0,0.0,0.0,0.013975436799228191,0.43487435579299927,0.09127588338478786,3954.3792963096234,0.29536592960357666,0.3098546266555786,0.9962591425194263,0.8951846607786433,0.9916843626554771,1854.73046875,0.45281505584716797,0.0,0.29079946875572205
smol,coco_karpathy,final_quarter,False,1,0.14285714285714285,3,3,3,11,4.0,4096,0.001,True,1.25,1024,512,1200,0.44884976744651794,0.4445927456123172,0.4527676312311087,1.0,1.0,0.0,0.0,0.013975436799228191,0.43487435579299927,0.09127588338478786,3954.3792963096234,0.29536592960357666,0.3098546266555786,0.9962591425194263,0.8951846607786433,0.9916843626554771,1854.73046875,0.45281505584716797,0.0,0.29079946875572205
smol,coco_karpathy,final_quarter,False,1,0.14285714285714285,3,3,3,11,4.0,4096,0.001,True,1.5,1024,512,1200,0.44884976744651794,0.4445927456123172,0.4527676312311087,1.0,1.0,0.0,0.0,0.013975436799228191,0.43487435579299927,0.09127588338478786,3954.3792963096234,0.29536592960357666,0.3098546266555786,0.9962591425194263,0.8951846607786433,0.9916843626554771,1854.73046875,0.45281505584716797,0.0,0.29079946875572205
smol,coco_karpathy,final_quarter,False,1,0.14285714285714285,3,3,3,23,2.0,4096,0.0003,False,1.1,1024,512,1200,0.0880158320069313,0.08675816822087654,0.08920873814931837,0.099853515625,0.099853515625,0.000244140625,0.000244140625,0.0020788414403796196,0.08593699336051941,0.9237458964820897,335.7932811177878,0.22979199886322021,2.6572933197021484,0.9958210353723868,0.9940240535102429,0.9997323658217732,368.71484375,0.09001827239990234,0.89990234375,0.2264968305826187
smol,coco_karpathy,final_quarter,False,1,0.14285714285714285,3,3,3,23,2.0,4096,0.0003,False,1.25,1024,512,1200,0.0880158320069313,0.08675816822087654,0.08920873814931837,0.099365234375,0.099609375,0.000244140625,0.00048828125,0.0020788414403796196,0.08593699336051941,0.9237458964820897,335.7932811177878,0.22979199886322021,2.6572933197021484,0.9958210353723868,0.9940240535102429,0.9997323658217732,368.71484375,0.09001827239990234,0.89990234375,0.2264968305826187
smol,coco_karpathy,final_quarter,False,1,0.14285714285714285,3,3,3,23,2.0,4096,0.0003,False,1.5,1024,512,1200,0.0880158320069313,0.08675816822087654,0.08920873814931837,0.098876953125,0.099365234375,0.000244140625,0.000732421875,0.0020788414403796196,0.08593699336051941,0.9237458964820897,335.7932811177878,0.22979199886322021,2.6572933197021484,0.9958210353723868,0.9940240535102429,0.9997323658217732,368.71484375,0.09001827239990234,0.89990234375,0.2264968305826187
smol,coco_karpathy,final_quarter,False,1,0.14285714285714285,3,3,3,23,2.0,4096,0.0003,True,1.1,1024,512,1200,0.4564981162548065,0.451966737517796,0.46115048051724444,1.0,1.0,0.0,0.0,0.01401260495185852,0.442485511302948,0.09466705123268632,3923.898478642266,0.2991594076156616,0.3151595890522003,0.9930375092827567,0.8931921443128724,0.9958248707834547,1861.318359375,0.4544234275817871,0.0,0.2963041663169861
smol,coco_karpathy,final_quarter,False,1,0.14285714285714285,3,3,3,23,2.0,4096,0.0003,True,1.25,1024,512,1200,0.4564981162548065,0.451966737517796,0.46115048051724444,1.0,1.0,0.0,0.0,0.01401260495185852,0.442485511302948,0.09466705123268632,3923.898478642266,0.2991594076156616,0.3151595890522003,0.9930375092827567,0.8931921443128724,0.9958248707834547,1861.318359375,0.4544234275817871,0.0,0.2963041663169861
smol,coco_karpathy,final_quarter,False,1,0.14285714285714285,3,3,3,23,2.0,4096,0.0003,True,1.5,1024,512,1200,0.4564981162548065,0.451966737517796,0.46115048051724444,1.0,1.0,0.0,0.0,0.01401260495185852,0.442485511302948,0.09466705123268632,3923.898478642266,0.2991594076156616,0.3151595890522003,0.9930375092827567,0.8931921443128724,0.9958248707834547,1861.318359375,0.4544234275817871,0.0,0.2963041663169861
smol,coco_karpathy,final_quarter,False,1,0.14285714285714285,3,3,3,23,2.0,4096,0.001,False,1.1,1024,512,1200,0.08790214359760284,0.08664895216643345,0.08909262241286342,0.099609375,0.099609375,0.000244140625,0.000244140625,0.002074402989819646,0.08582773804664612,0.9240020590587699,335.3728947039831,0.22804421186447144,2.649472951889038,0.9958169210625207,0.9940191825390305,0.9997356643708375,368.5625,0.0899810791015625,0.900146484375,0.2247597873210907
smol,coco_karpathy,final_quarter,False,1,0.14285714285714285,3,3,3,23,2.0,4096,0.001,False,1.25,1024,512,1200,0.08790214359760284,0.08664895216643345,0.08909262241286342,0.09912109375,0.099365234375,0.000244140625,0.00048828125,0.002074402989819646,0.08582773804664612,0.9240020590587699,335.3728947039831,0.22804421186447144,2.649472951889038,0.9958169210625207,0.9940191825390305,0.9997356643708375,368.5625,0.0899810791015625,0.900146484375,0.2247597873210907
smol,coco_karpathy,final_quarter,False,1,0.14285714285714285,3,3,3,23,2.0,4096,0.001,False,1.5,1024,512,1200,0.08790214359760284,0.08664895216643345,0.08909262241286342,0.0986328125,0.09912109375,0.000244140625,0.000732421875,0.002074402989819646,0.08582773804664612,0.9240020590587699,335.3728947039831,0.22804421186447144,2.649472951889038,0.9958169210625207,0.9940191825390305,0.9997356643708375,368.5625,0.0899810791015625,0.900146484375,0.2247597873210907
smol,coco_karpathy,final_quarter,False,1,0.14285714285714285,3,3,3,23,2.0,4096,0.001,True,1.1,1024,512,1200,0.4484260082244873,0.4441484329960076,0.4529422713720123,1.0,1.0,0.0,0.0,0.01386063452810049,0.43456536531448364,0.09774918020101128,3889.1269144591015,0.29347139596939087,0.3085027039051056,0.9943799894314248,0.8947086469015316,0.9938272058470783,1847.294921875,0.45099973678588867,0.0,0.2900911867618561
smol,coco_karpathy,final_quarter,False,1,0.14285714285714285,3,3,3,23,2.0,4096,0.001,True,1.25,1024,512,1200,0.4484260082244873,0.4441484329960076,0.4529422713720123,1.0,1.0,0.0,0.0,0.01386063452810049,0.43456536531448364,0.09774918020101128,3889.1269144591015,0.29347139596939087,0.3085027039051056,0.9943799894314248,0.8947086469015316,0.9938272058470783,1847.294921875,0.45099973678588867,0.0,0.2900911867618561
smol,coco_karpathy,final_quarter,False,1,0.14285714285714285,3,3,3,23,2.0,4096,0.001,True,1.5,1024,512,1200,0.4484260082244873,0.4441484329960076,0.4529422713720123,1.0,1.0,0.0,0.0,0.01386063452810049,0.43456536531448364,0.09774918020101128,3889.1269144591015,0.29347139596939087,0.3085027039051056,0.9943799894314248,0.8947086469015316,0.9938272058470783,1847.294921875,0.45099973678588867,0.0,0.2900911867618561
smol,coco_karpathy,final_quarter,False,1,0.14285714285714285,3,3,3,23,4.0,4096,0.0003,False,1.1,1024,512,1200,0.0880158320069313,0.08675816822087654,0.08920873814931837,0.099853515625,0.099853515625,0.000244140625,0.000244140625,0.0020788414403796196,0.08593699336051941,0.9237458964820897,335.7932811177878,0.22979199886322021,2.6572933197021484,0.9958210353723868,0.9940240535102429,0.9997323658217732,368.71484375,0.09001827239990234,0.89990234375,0.2264968305826187
smol,coco_karpathy,final_quarter,False,1,0.14285714285714285,3,3,3,23,4.0,4096,0.0003,False,1.25,1024,512,1200,0.0880158320069313,0.08675816822087654,0.08920873814931837,0.099365234375,0.099609375,0.000244140625,0.00048828125,0.0020788414403796196,0.08593699336051941,0.9237458964820897,335.7932811177878,0.22979199886322021,2.6572933197021484,0.9958210353723868,0.9940240535102429,0.9997323658217732,368.71484375,0.09001827239990234,0.89990234375,0.2264968305826187
smol,coco_karpathy,final_quarter,False,1,0.14285714285714285,3,3,3,23,4.0,4096,0.0003,False,1.5,1024,512,1200,0.0880158320069313,0.08675816822087654,0.08920873814931837,0.098876953125,0.099365234375,0.000244140625,0.000732421875,0.0020788414403796196,0.08593699336051941,0.9237458964820897,335.7932811177878,0.22979199886322021,2.6572933197021484,0.9958210353723868,0.9940240535102429,0.9997323658217732,368.71484375,0.09001827239990234,0.89990234375,0.2264968305826187
smol,coco_karpathy,final_quarter,False,1,0.14285714285714285,3,3,3,23,4.0,4096,0.0003,True,1.1,1024,512,1200,0.4564981162548065,0.451966737517796,0.46115048051724444,1.0,1.0,0.0,0.0,0.01401260495185852,0.442485511302948,0.09466705123268632,3923.898478642266,0.2991594076156616,0.3151595890522003,0.9930375092827567,0.8931921443128724,0.9958248707834547,1861.318359375,0.4544234275817871,0.0,0.2963041663169861
smol,coco_karpathy,final_quarter,False,1,0.14285714285714285,3,3,3,23,4.0,4096,0.0003,True,1.25,1024,512,1200,0.4564981162548065,0.451966737517796,0.46115048051724444,1.0,1.0,0.0,0.0,0.01401260495185852,0.442485511302948,0.09466705123268632,3923.898478642266,0.2991594076156616,0.3151595890522003,0.9930375092827567,0.8931921443128724,0.9958248707834547,1861.318359375,0.4544234275817871,0.0,0.2963041663169861
smol,coco_karpathy,final_quarter,False,1,0.14285714285714285,3,3,3,23,4.0,4096,0.0003,True,1.5,1024,512,1200,0.4564981162548065,0.451966737517796,0.46115048051724444,1.0,1.0,0.0,0.0,0.01401260495185852,0.442485511302948,0.09466705123268632,3923.898478642266,0.2991594076156616,0.3151595890522003,0.9930375092827567,0.8931921443128724,0.9958248707834547,1861.318359375,0.4544234275817871,0.0,0.2963041663169861
smol,coco_karpathy,final_quarter,False,1,0.14285714285714285,3,3,3,23,4.0,4096,0.001,False,1.1,1024,512,1200,0.08790214359760284,0.08664895216643345,0.08909262241286342,0.099609375,0.099609375,0.000244140625,0.000244140625,0.002074402989819646,0.08582773804664612,0.9240020590587699,335.3728947039831,0.22804421186447144,2.649472951889038,0.9958169210625207,0.9940191825390305,0.9997356643708375,368.5625,0.0899810791015625,0.900146484375,0.2247597873210907
smol,coco_karpathy,final_quarter,False,1,0.14285714285714285,3,3,3,23,4.0,4096,0.001,False,1.25,1024,512,1200,0.08790214359760284,0.08664895216643345,0.08909262241286342,0.09912109375,0.099365234375,0.000244140625,0.00048828125,0.002074402989819646,0.08582773804664612,0.9240020590587699,335.3728947039831,0.22804421186447144,2.649472951889038,0.9958169210625207,0.9940191825390305,0.9997356643708375,368.5625,0.0899810791015625,0.900146484375,0.2247597873210907
smol,coco_karpathy,final_quarter,False,1,0.14285714285714285,3,3,3,23,4.0,4096,0.001,False,1.5,1024,512,1200,0.08790214359760284,0.08664895216643345,0.08909262241286342,0.0986328125,0.09912109375,0.000244140625,0.000732421875,0.002074402989819646,0.08582773804664612,0.9240020590587699,335.3728947039831,0.22804421186447144,2.649472951889038,0.9958169210625207,0.9940191825390305,0.9997356643708375,368.5625,0.0899810791015625,0.900146484375,0.2247597873210907
smol,coco_karpathy,final_quarter,False,1,0.14285714285714285,3,3,3,23,4.0,4096,0.001,True,1.1,1024,512,1200,0.4484260082244873,0.4441484329960076,0.4529422713720123,1.0,1.0,0.0,0.0,0.01386063452810049,0.43456536531448364,0.09774918020101128,3889.1269144591015,0.29347139596939087,0.3085027039051056,0.9943799894314248,0.8947086469015316,0.9938272058470783,1847.294921875,0.45099973678588867,0.0,0.2900911867618561
smol,coco_karpathy,final_quarter,False,1,0.14285714285714285,3,3,3,23,4.0,4096,0.001,True,1.25,1024,512,1200,0.4484260082244873,0.4441484329960076,0.4529422713720123,1.0,1.0,0.0,0.0,0.01386063452810049,0.43456536531448364,0.09774918020101128,3889.1269144591015,0.29347139596939087,0.3085027039051056,0.9943799894314248,0.8947086469015316,0.9938272058470783,1847.294921875,0.45099973678588867,0.0,0.2900911867618561
smol,coco_karpathy,final_quarter,False,1,0.14285714285714285,3,3,3,23,4.0,4096,0.001,True,1.5,1024,512,1200,0.4484260082244873,0.4441484329960076,0.4529422713720123,1.0,1.0,0.0,0.0,0.01386063452810049,0.43456536531448364,0.09774918020101128,3889.1269144591015,0.29347139596939087,0.3085027039051056,0.9943799894314248,0.8947086469015316,0.9938272058470783,1847.294921875,0.45099973678588867,0.0,0.2900911867618561
smol,coco_karpathy,final_quarter,False,1,0.14285714285714285,3,3,3,37,2.0,4096,0.0003,False,1.1,1024,512,1200,0.08834408223628998,0.08705388148409839,0.08956389903560194,0.093505859375,0.0947265625,0.0,0.001220703125,0.0020916983485221863,0.08625238388776779,0.9246799137106995,330.76911623575836,0.22929245233535767,2.720601797103882,0.9957630302360172,0.993946014666702,0.9996951169748134,360.064453125,0.0879063606262207,0.904052734375,0.2259276956319809
smol,coco_karpathy,final_quarter,False,1,0.14285714285714285,3,3,3,37,2.0,4096,0.0003,False,1.25,1024,512,1200,0.08834408223628998,0.08705388148409839,0.08956389903560194,0.093505859375,0.0947265625,0.0,0.001220703125,0.0020916983485221863,0.08625238388776779,0.9246799137106995,330.76911623575836,0.22929245233535767,2.720601797103882,0.9957630302360172,0.993946014666702,0.9996951169748134,360.064453125,0.0879063606262207,0.904052734375,0.2259276956319809
smol,coco_karpathy,final_quarter,False,1,0.14285714285714285,3,3,3,37,2.0,4096,0.0003,False,1.5,1024,512,1200,0.08834408223628998,0.08705388148409839,0.08956389903560194,0.093505859375,0.0947265625,0.0,0.001220703125,0.0020916983485221863,0.08625238388776779,0.9246799137106995,330.76911623575836,0.22929245233535767,2.720601797103882,0.9957630302360172,0.993946014666702,0.9996951169748134,360.064453125,0.0879063606262207,0.904052734375,0.2259276956319809
smol,coco_karpathy,final_quarter,False,1,0.14285714285714285,3,3,3,37,2.0,4096,0.0003,True,1.1,1024,512,1200,0.4509347975254059,0.4464517440646887,0.45513111236068654,1.0,1.0,0.0,0.0,0.0139582809060812,0.4369765520095825,0.09137695031675842,3951.12173890567,0.2971648573875427,0.3139953017234802,0.9971431732774169,0.8955096442841259,0.9924812158009956,1855.4765625,0.45299720764160156,0.0,0.2922700345516205
smol,coco_karpathy,final_quarter,False,1,0.14285714285714285,3,3,3,37,2.0,4096,0.0003,True,1.25,1024,512,1200,0.4509347975254059,0.4464517440646887,0.45513111236068654,1.0,1.0,0.0,0.0,0.0139582809060812,0.4369765520095825,0.09137695031675842,3951.12173890567,0.2971648573875427,0.3139953017234802,0.9971431732774169,0.8955096442841259,0.9924812158009956,1855.4765625,0.45299720764160156,0.0,0.2922700345516205
smol,coco_karpathy,final_quarter,False,1,0.14285714285714285,3,3,3,37,2.0,4096,0.0003,True,1.5,1024,512,1200,0.4509347975254059,0.4464517440646887,0.45513111236068654,1.0,1.0,0.0,0.0,0.0139582809060812,0.4369765520095825,0.09137695031675842,3951.12173890567,0.2971648573875427,0.3139953017234802,0.9971431732774169,0.8955096442841259,0.9924812158009956,1855.4765625,0.45299720764160156,0.0,0.2922700345516205
smol,coco_karpathy,final_quarter,False,1,0.14285714285714285,3,3,3,37,2.0,4096,0.001,False,1.1,1024,512,1200,0.08817322552204132,0.08689014339215646,0.0893951995900352,0.093505859375,0.0947265625,0.0,0.001220703125,0.00208100164309144,0.08609221875667572,0.9246443536332213,330.5615707953192,0.22720585763454437,2.715317487716675,0.9954962838701102,0.9936694972119711,0.9996862513797868,360.12109375,0.0879201889038086,0.904052734375,0.22388774156570435
smol,coco_karpathy,final_quarter,False,1,0.14285714285714285,3,3,3,37,2.0,4096,0.001,False,1.25,1024,512,1200,0.08817322552204132,0.08689014339215646,0.0893951995900352,0.093505859375,0.0947265625,0.0,0.001220703125,0.00208100164309144,0.08609221875667572,0.9246443536332213,330.5615707953192,0.22720585763454437,2.715317487716675,0.9954962838701102,0.9936694972119711,0.9996862513797868,360.12109375,0.0879201889038086,0.904052734375,0.22388774156570435
smol,coco_karpathy,final_quarter,False,1,0.14285714285714285,3,3,3,37,2.0,4096,0.001,False,1.5,1024,512,1200,0.08817322552204132,0.08689014339215646,0.0893951995900352,0.093505859375,0.0947265625,0.0,0.001220703125,0.00208100164309144,0.08609221875667572,0.9246443536332213,330.5615707953192,0.22720585763454437,2.715317487716675,0.9954962838701102,0.9936694972119711,0.9996862513797868,360.12109375,0.0879201889038086,0.904052734375,0.22388774156570435
smol,coco_karpathy,final_quarter,False,1,0.14285714285714285,3,3,3,37,2.0,4096,0.001,True,1.1,1024,512,1200,0.44796091318130493,0.44366167002299334,0.4521967223874526,1.0,1.0,0.0,0.0,0.013844362460076809,0.43411654233932495,0.09240255342278073,3951.8917107113325,0.2943679988384247,0.3135493993759155,0.9961431975553214,0.8956349282853908,0.9939956732896724,1847.361328125,0.4510159492492676,0.0,0.2896775007247925
smol,coco_karpathy,final_quarter,False,1,0.14285714285714285,3,3,3,37,2.0,4096,0.001,True,1.25,1024,512,1200,0.44796091318130493,0.44366167002299334,0.4521967223874526,1.0,1.0,0.0,0.0,0.013844362460076809,0.43411654233932495,0.09240255342278073,3951.8917107113325,0.2943679988384247,0.3135493993759155,0.9961431975553214,0.8956349282853908,0.9939956732896724,1847.361328125,0.4510159492492676,0.0,0.2896775007247925
smol,coco_karpathy,final_quarter,False,1,0.14285714285714285,3,3,3,37,2.0,4096,0.001,True,1.5,1024,512,1200,0.44796091318130493,0.44366167002299334,0.4521967223874526,1.0,1.0,0.0,0.0,0.013844362460076809,0.43411654233932495,0.09240255342278073,3951.8917107113325,0.2943679988384247,0.3135493993759155,0.9961431975553214,0.8956349282853908,0.9939956732896724,1847.361328125,0.4510159492492676,0.0,0.2896775007247925
smol,coco_karpathy,final_quarter,False,1,0.14285714285714285,3,3,3,37,4.0,4096,0.0003,False,1.1,1024,512,1200,0.08834408223628998,0.08705388148409839,0.08956389903560194,0.093505859375,0.0947265625,0.0,0.001220703125,0.0020916983485221863,0.08625238388776779,0.9246799137106995,330.76911623575836,0.22929245233535767,2.720601797103882,0.9957630302360172,0.993946014666702,0.9996951169748134,360.064453125,0.0879063606262207,0.904052734375,0.2259276956319809
smol,coco_karpathy,final_quarter,False,1,0.14285714285714285,3,3,3,37,4.0,4096,0.0003,False,1.25,1024,512,1200,0.08834408223628998,0.08705388148409839,0.08956389903560194,0.093505859375,0.0947265625,0.0,0.001220703125,0.0020916983485221863,0.08625238388776779,0.9246799137106995,330.76911623575836,0.22929245233535767,2.720601797103882,0.9957630302360172,0.993946014666702,0.9996951169748134,360.064453125,0.0879063606262207,0.904052734375,0.2259276956319809
smol,coco_karpathy,final_quarter,False,1,0.14285714285714285,3,3,3,37,4.0,4096,0.0003,False,1.5,1024,512,1200,0.08834408223628998,0.08705388148409839,0.08956389903560194,0.093505859375,0.0947265625,0.0,0.001220703125,0.0020916983485221863,0.08625238388776779,0.9246799137106995,330.76911623575836,0.22929245233535767,2.720601797103882,0.9957630302360172,0.993946014666702,0.9996951169748134,360.064453125,0.0879063606262207,0.904052734375,0.2259276956319809
smol,coco_karpathy,final_quarter,False,1,0.14285714285714285,3,3,3,37,4.0,4096,0.0003,True,1.1,1024,512,1200,0.4509347975254059,0.4464517440646887,0.45513111236068654,1.0,1.0,0.0,0.0,0.0139582809060812,0.4369765520095825,0.09137695031675842,3951.12173890567,0.2971648573875427,0.3139953017234802,0.9971431732774169,0.8955096442841259,0.9924812158009956,1855.4765625,0.45299720764160156,0.0,0.2922700345516205
smol,coco_karpathy,final_quarter,False,1,0.14285714285714285,3,3,3,37,4.0,4096,0.0003,True,1.25,1024,512,1200,0.4509347975254059,0.4464517440646887,0.45513111236068654,1.0,1.0,0.0,0.0,0.0139582809060812,0.4369765520095825,0.09137695031675842,3951.12173890567,0.2971648573875427,0.3139953017234802,0.9971431732774169,0.8955096442841259,0.9924812158009956,1855.4765625,0.45299720764160156,0.0,0.2922700345516205
smol,coco_karpathy,final_quarter,False,1,0.14285714285714285,3,3,3,37,4.0,4096,0.0003,True,1.5,1024,512,1200,0.4509347975254059,0.4464517440646887,0.45513111236068654,1.0,1.0,0.0,0.0,0.0139582809060812,0.4369765520095825,0.09137695031675842,3951.12173890567,0.2971648573875427,0.3139953017234802,0.9971431732774169,0.8955096442841259,0.9924812158009956,1855.4765625,0.45299720764160156,0.0,0.2922700345516205
smol,coco_karpathy,final_quarter,False,1,0.14285714285714285,3,3,3,37,4.0,4096,0.001,False,1.1,1024,512,1200,0.08817322552204132,0.08689014339215646,0.0893951995900352,0.093505859375,0.0947265625,0.0,0.001220703125,0.00208100164309144,0.08609221875667572,0.9246443536332213,330.5615707953192,0.22720585763454437,2.715317487716675,0.9954962838701102,0.9936694972119711,0.9996862513797868,360.12109375,0.0879201889038086,0.904052734375,0.22388774156570435
smol,coco_karpathy,final_quarter,False,1,0.14285714285714285,3,3,3,37,4.0,4096,0.001,False,1.25,1024,512,1200,0.08817322552204132,0.08689014339215646,0.0893951995900352,0.093505859375,0.0947265625,0.0,0.001220703125,0.00208100164309144,0.08609221875667572,0.9246443536332213,330.5615707953192,0.22720585763454437,2.715317487716675,0.9954962838701102,0.9936694972119711,0.9996862513797868,360.12109375,0.0879201889038086,0.904052734375,0.22388774156570435
smol,coco_karpathy,final_quarter,False,1,0.14285714285714285,3,3,3,37,4.0,4096,0.001,False,1.5,1024,512,1200,0.08817322552204132,0.08689014339215646,0.0893951995900352,0.093505859375,0.0947265625,0.0,0.001220703125,0.00208100164309144,0.08609221875667572,0.9246443536332213,330.5615707953192,0.22720585763454437,2.715317487716675,0.9954962838701102,0.9936694972119711,0.9996862513797868,360.12109375,0.0879201889038086,0.904052734375,0.22388774156570435
smol,coco_karpathy,final_quarter,False,1,0.14285714285714285,3,3,3,37,4.0,4096,0.001,True,1.1,1024,512,1200,0.44796091318130493,0.44366167002299334,0.4521967223874526,1.0,1.0,0.0,0.0,0.013844362460076809,0.43411654233932495,0.09240255342278073,3951.8917107113325,0.2943679988384247,0.3135493993759155,0.9961431975553214,0.8956349282853908,0.9939956732896724,1847.361328125,0.4510159492492676,0.0,0.2896775007247925
smol,coco_karpathy,final_quarter,False,1,0.14285714285714285,3,3,3,37,4.0,4096,0.001,True,1.25,1024,512,1200,0.44796091318130493,0.44366167002299334,0.4521967223874526,1.0,1.0,0.0,0.0,0.013844362460076809,0.43411654233932495,0.09240255342278073,3951.8917107113325,0.2943679988384247,0.3135493993759155,0.9961431975553214,0.8956349282853908,0.9939956732896724,1847.361328125,0.4510159492492676,0.0,0.2896775007247925
smol,coco_karpathy,final_quarter,False,1,0.14285714285714285,3,3,3,37,4.0,4096,0.001,True,1.5,1024,512,1200,0.44796091318130493,0.44366167002299334,0.4521967223874526,1.0,1.0,0.0,0.0,0.013844362460076809,0.43411654233932495,0.09240255342278073,3951.8917107113325,0.2943679988384247,0.3135493993759155,0.9961431975553214,0.8956349282853908,0.9939956732896724,1847.361328125,0.4510159492492676,0.0,0.2896775007247925
smol,coco_karpathy,final_quarter,False,2,0.2857142857142857,7,7,7,11,2.0,4096,0.0003,False,1.1,1024,512,1200,0.11568786203861237,0.11405944862181058,0.1171976534589703,0.107666015625,0.108642578125,0.0,0.0009765625,0.003753967583179474,0.11193389445543289,0.9158429027519908,371.0733446723505,0.24907320737838745,0.5479580163955688,0.995394865202961,0.9930881822767667,0.9990622956993997,397.544921875,0.09705686569213867,0.890869140625,0.24694761633872986
smol,coco_karpathy,final_quarter,False,2,0.2857142857142857,7,7,7,11,2.0,4096,0.0003,False,1.25,1024,512,1200,0.11568786203861237,0.11405944862181058,0.1171976534589703,0.107666015625,0.108642578125,0.0,0.0009765625,0.003753967583179474,0.11193389445543289,0.9158429027519908,371.0733446723505,0.24907320737838745,0.5479580163955688,0.995394865202961,0.9930881822767667,0.9990622956993997,397.544921875,0.09705686569213867,0.890869140625,0.24694761633872986
smol,coco_karpathy,final_quarter,False,2,0.2857142857142857,7,7,7,11,2.0,4096,0.0003,False,1.5,1024,512,1200,0.11568786203861237,0.11405944862181058,0.1171976534589703,0.107666015625,0.108642578125,0.0,0.0009765625,0.003753967583179474,0.11193389445543289,0.9158429027519908,371.0733446723505,0.24907320737838745,0.5479580163955688,0.995394865202961,0.9930881822767667,0.9990622956993997,397.544921875,0.09705686569213867,0.890869140625,0.24694761633872986
smol,coco_karpathy,final_quarter,False,2,0.2857142857142857,7,7,7,11,2.0,4096,0.0003,True,1.1,1024,512,1200,0.4619058072566986,0.4575808391222381,0.4658129075920442,1.0,1.0,0.0,0.0,0.02101339027285576,0.44089242815971375,0.0959379718853913,3922.2987864561487,0.29949483275413513,0.3226168155670166,0.995746316728531,0.8862733465867312,0.9935782095856326,1861.822265625,0.4545464515686035,0.0,0.2966490685939789
smol,coco_karpathy,final_quarter,False,2,0.2857142857142857,7,7,7,11,2.0,4096,0.0003,True,1.25,1024,512,1200,0.4619058072566986,0.4575808391222381,0.4658129075920442,1.0,1.0,0.0,0.0,0.02101339027285576,0.44089242815971375,0.0959379718853913,3922.2987864561487,0.29949483275413513,0.3226168155670166,0.995746316728531,0.8862733465867312,0.9935782095856326,1861.822265625,0.4545464515686035,0.0,0.2966490685939789
smol,coco_karpathy,final_quarter,False,2,0.2857142857142857,7,7,7,11,2.0,4096,0.0003,True,1.5,1024,512,1200,0.4619058072566986,0.4575808391222381,0.4658129075920442,1.0,1.0,0.0,0.0,0.02101339027285576,0.44089242815971375,0.0959379718853913,3922.2987864561487,0.29949483275413513,0.3226168155670166,0.995746316728531,0.8862733465867312,0.9935782095856326,1861.822265625,0.4545464515686035,0.0,0.2966490685939789
smol,coco_karpathy,final_quarter,False,2,0.2857142857142857,7,7,7,11,2.0,4096,0.001,False,1.1,1024,512,1200,0.11555308848619461,0.11393792119488352,0.11705933702542097,0.107666015625,0.108642578125,0.0,0.0009765625,0.003758219536393881,0.1117948666214943,0.9179554654784471,363.4199264546244,0.24996037781238556,0.5387824773788452,0.9950925814108413,0.9927618099051706,0.999100801691052,396.51953125,0.09680652618408203,0.890869140625,0.24783195555210114
smol,coco_karpathy,final_quarter,False,2,0.2857142857142857,7,7,7,11,2.0,4096,0.001,False,1.25,1024,512,1200,0.11555308848619461,0.11393792119488352,0.11705933702542097,0.107666015625,0.108642578125,0.0,0.0009765625,0.003758219536393881,0.1117948666214943,0.9179554654784471,363.4199264546244,0.24996037781238556,0.5387824773788452,0.9950925814108413,0.9927618099051706,0.999100801691052,396.51953125,0.09680652618408203,0.890869140625,0.24783195555210114
smol,coco_karpathy,final_quarter,False,2,0.2857142857142857,7,7,7,11,2.0,4096,0.001,False,1.5,1024,512,1200,0.11555308848619461,0.11393792119488352,0.11705933702542097,0.107666015625,0.108642578125,0.0,0.0009765625,0.003758219536393881,0.1117948666214943,0.9179554654784471,363.4199264546244,0.24996037781238556,0.5387824773788452,0.9950925814108413,0.9927618099051706,0.999100801691052,396.51953125,0.09680652618408203,0.890869140625,0.24783195555210114
smol,coco_karpathy,final_quarter,False,2,0.2857142857142857,7,7,7,11,2.0,4096,0.001,True,1.1,1024,512,1200,0.45003262162208557,0.44589706503611526,0.45394805798423477,1.0,1.0,0.0,0.0,0.0206637904047966,0.42936885356903076,0.09603178343069092,3926.7958777949084,0.29062172770500183,0.31817612051963806,0.9967591963601353,0.8872328718238283,0.9940539437787715,1844.70703125,0.45036792755126953,0.0,0.2877449095249176
smol,coco_karpathy,final_quarter,False,2,0.2857142857142857,7,7,7,11,2.0,4096,0.001,True,1.25,1024,512,1200,0.45003262162208557,0.44589706503611526,0.45394805798423477,1.0,1.0,0.0,0.0,0.0206637904047966,0.42936885356903076,0.09603178343069092,3926.7958777949084,0.29062172770500183,0.31817612051963806,0.9967591963601353,0.8872328718238283,0.9940539437787715,1844.70703125,0.45036792755126953,0.0,0.2877449095249176
smol,coco_karpathy,final_quarter,False,2,0.2857142857142857,7,7,7,11,2.0,4096,0.001,True,1.5,1024,512,1200,0.45003262162208557,0.44589706503611526,0.45394805798423477,1.0,1.0,0.0,0.0,0.0206637904047966,0.42936885356903076,0.09603178343069092,3926.7958777949084,0.29062172770500183,0.31817612051963806,0.9967591963601353,0.8872328718238283,0.9940539437787715,1844.70703125,0.45036792755126953,0.0,0.2877449095249176
smol,coco_karpathy,final_quarter,False,2,0.2857142857142857,7,7,7,11,4.0,4096,0.0003,False,1.1,1024,512,1200,0.11568786203861237,0.11405944862181058,0.1171976534589703,0.107666015625,0.108642578125,0.0,0.0009765625,0.003753967583179474,0.11193389445543289,0.9158429027519908,371.0733446723505,0.24907320737838745,0.5479580163955688,0.995394865202961,0.9930881822767667,0.9990622956993997,397.544921875,0.09705686569213867,0.890869140625,0.24694761633872986
smol,coco_karpathy,final_quarter,False,2,0.2857142857142857,7,7,7,11,4.0,4096,0.0003,False,1.25,1024,512,1200,0.11568786203861237,0.11405944862181058,0.1171976534589703,0.107666015625,0.108642578125,0.0,0.0009765625,0.003753967583179474,0.11193389445543289,0.9158429027519908,371.0733446723505,0.24907320737838745,0.5479580163955688,0.995394865202961,0.9930881822767667,0.9990622956993997,397.544921875,0.09705686569213867,0.890869140625,0.24694761633872986
smol,coco_karpathy,final_quarter,False,2,0.2857142857142857,7,7,7,11,4.0,4096,0.0003,False,1.5,1024,512,1200,0.11568786203861237,0.11405944862181058,0.1171976534589703,0.107666015625,0.108642578125,0.0,0.0009765625,0.003753967583179474,0.11193389445543289,0.9158429027519908,371.0733446723505,0.24907320737838745,0.5479580163955688,0.995394865202961,0.9930881822767667,0.9990622956993997,397.544921875,0.09705686569213867,0.890869140625,0.24694761633872986
smol,coco_karpathy,final_quarter,False,2,0.2857142857142857,7,7,7,11,4.0,4096,0.0003,True,1.1,1024,512,1200,0.4619058072566986,0.4575808391222381,0.4658129075920442,1.0,1.0,0.0,0.0,0.02101339027285576,0.44089242815971375,0.0959379718853913,3922.2987864561487,0.29949483275413513,0.3226168155670166,0.995746316728531,0.8862733465867312,0.9935782095856326,1861.822265625,0.4545464515686035,0.0,0.2966490685939789
smol,coco_karpathy,final_quarter,False,2,0.2857142857142857,7,7,7,11,4.0,4096,0.0003,True,1.25,1024,512,1200,0.4619058072566986,0.4575808391222381,0.4658129075920442,1.0,1.0,0.0,0.0,0.02101339027285576,0.44089242815971375,0.0959379718853913,3922.2987864561487,0.29949483275413513,0.3226168155670166,0.995746316728531,0.8862733465867312,0.9935782095856326,1861.822265625,0.4545464515686035,0.0,0.2966490685939789
smol,coco_karpathy,final_quarter,False,2,0.2857142857142857,7,7,7,11,4.0,4096,0.0003,True,1.5,1024,512,1200,0.4619058072566986,0.4575808391222381,0.4658129075920442,1.0,1.0,0.0,0.0,0.02101339027285576,0.44089242815971375,0.0959379718853913,3922.2987864561487,0.29949483275413513,0.3226168155670166,0.995746316728531,0.8862733465867312,0.9935782095856326,1861.822265625,0.4545464515686035,0.0,0.2966490685939789
smol,coco_karpathy,final_quarter,False,2,0.2857142857142857,7,7,7,11,4.0,4096,0.001,False,1.1,1024,512,1200,0.11555308848619461,0.11393792119488352,0.11705933702542097,0.107666015625,0.108642578125,0.0,0.0009765625,0.003758219536393881,0.1117948666214943,0.9179554654784471,363.4199264546244,0.24996037781238556,0.5387824773788452,0.9950925814108413,0.9927618099051706,0.999100801691052,396.51953125,0.09680652618408203,0.890869140625,0.24783195555210114
smol,coco_karpathy,final_quarter,False,2,0.2857142857142857,7,7,7,11,4.0,4096,0.001,False,1.25,1024,512,1200,0.11555308848619461,0.11393792119488352,0.11705933702542097,0.107666015625,0.108642578125,0.0,0.0009765625,0.003758219536393881,0.1117948666214943,0.9179554654784471,363.4199264546244,0.24996037781238556,0.5387824773788452,0.9950925814108413,0.9927618099051706,0.999100801691052,396.51953125,0.09680652618408203,0.890869140625,0.24783195555210114
smol,coco_karpathy,final_quarter,False,2,0.2857142857142857,7,7,7,11,4.0,4096,0.001,False,1.5,1024,512,1200,0.11555308848619461,0.11393792119488352,0.11705933702542097,0.107666015625,0.108642578125,0.0,0.0009765625,0.003758219536393881,0.1117948666214943,0.9179554654784471,363.4199264546244,0.24996037781238556,0.5387824773788452,0.9950925814108413,0.9927618099051706,0.999100801691052,396.51953125,0.09680652618408203,0.890869140625,0.24783195555210114
smol,coco_karpathy,final_quarter,False,2,0.2857142857142857,7,7,7,11,4.0,4096,0.001,True,1.1,1024,512,1200,0.45003262162208557,0.44589706503611526,0.45394805798423477,1.0,1.0,0.0,0.0,0.0206637904047966,0.42936885356903076,0.09603178343069092,3926.7958777949084,0.29062172770500183,0.31817612051963806,0.9967591963601353,0.8872328718238283,0.9940539437787715,1844.70703125,0.45036792755126953,0.0,0.2877449095249176
smol,coco_karpathy,final_quarter,False,2,0.2857142857142857,7,7,7,11,4.0,4096,0.001,True,1.25,1024,512,1200,0.45003262162208557,0.44589706503611526,0.45394805798423477,1.0,1.0,0.0,0.0,0.0206637904047966,0.42936885356903076,0.09603178343069092,3926.7958777949084,0.29062172770500183,0.31817612051963806,0.9967591963601353,0.8872328718238283,0.9940539437787715,1844.70703125,0.45036792755126953,0.0,0.2877449095249176
smol,coco_karpathy,final_quarter,False,2,0.2857142857142857,7,7,7,11,4.0,4096,0.001,True,1.5,1024,512,1200,0.45003262162208557,0.44589706503611526,0.45394805798423477,1.0,1.0,0.0,0.0,0.0206637904047966,0.42936885356903076,0.09603178343069092,3926.7958777949084,0.29062172770500183,0.31817612051963806,0.9967591963601353,0.8872328718238283,0.9940539437787715,1844.70703125,0.45036792755126953,0.0,0.2877449095249176
smol,coco_karpathy,final_quarter,False,2,0.2857142857142857,7,7,7,23,2.0,4096,0.0003,False,1.1,1024,512,1200,0.11630594730377197,0.11467334198496246,0.1180149102328869,0.11181640625,0.11181640625,0.000244140625,0.000244140625,0.003805893938988447,0.11250006407499313,0.9135918523811286,375.26043821506613,0.25123628973960876,0.5543256998062134,0.9955636065173443,0.9932417981533117,0.99910913819039,414.638671875,0.10123014450073242,0.88818359375,0.24919086694717407
smol,coco_karpathy,final_quarter,False,2,0.2857142857142857,7,7,7,23,2.0,4096,0.0003,False,1.25,1024,512,1200,0.11630594730377197,0.11467334198496246,0.1180149102328869,0.11083984375,0.111328125,0.000244140625,0.000732421875,0.003805893938988447,0.11250006407499313,0.9135918523811286,375.26043821506613,0.25123628973960876,0.5543256998062134,0.9955636065173443,0.9932417981533117,0.99910913819039,414.638671875,0.10123014450073242,0.88818359375,0.24919086694717407
smol,coco_karpathy,final_quarter,False,2,0.2857142857142857,7,7,7,23,2.0,4096,0.0003,False,1.5,1024,512,1200,0.11630594730377197,0.11467334198496246,0.1180149102328869,0.11083984375,0.111328125,0.000244140625,0.000732421875,0.003805893938988447,0.11250006407499313,0.9135918523811286,375.26043821506613,0.25123628973960876,0.5543256998062134,0.9955636065173443,0.9932417981533117,0.99910913819039,414.638671875,0.10123014450073242,0.88818359375,0.24919086694717407
smol,coco_karpathy,final_quarter,False,2,0.2857142857142857,7,7,7,23,2.0,4096,0.0003,True,1.1,1024,512,1200,0.4537320137023926,0.44975404204596997,0.4574875430043903,1.0,1.0,0.0,0.0,0.02085457369685173,0.43287745118141174,0.1002959844916352,3889.7977600077375,0.2935526371002197,0.32253679633140564,0.994179004557254,0.8855004544085031,0.9937050312141075,1848.076171875,0.4511904716491699,0.0,0.29020965099334717
smol,coco_karpathy,final_quarter,False,2,0.2857142857142857,7,7,7,23,2.0,4096,0.0003,True,1.25,1024,512,1200,0.4537320137023926,0.44975404204596997,0.4574875430043903,1.0,1.0,0.0,0.0,0.02085457369685173,0.43287745118141174,0.1002959844916352,3889.7977600077375,0.2935526371002197,0.32253679633140564,0.994179004557254,0.8855004544085031,0.9937050312141075,1848.076171875,0.4511904716491699,0.0,0.29020965099334717
smol,coco_karpathy,final_quarter,False,2,0.2857142857142857,7,7,7,23,2.0,4096,0.0003,True,1.5,1024,512,1200,0.4537320137023926,0.44975404204596997,0.4574875430043903,1.0,1.0,0.0,0.0,0.02085457369685173,0.43287745118141174,0.1002959844916352,3889.7977600077375,0.2935526371002197,0.32253679633140564,0.994179004557254,0.8855004544085031,0.9937050312141075,1848.076171875,0.4511904716491699,0.0,0.29020965099334717
smol,coco_karpathy,final_quarter,False,2,0.2857142857142857,7,7,7,23,2.0,4096,0.001,False,1.1,1024,512,1200,0.11604437232017517,0.11442078572363243,0.11774425886578684,0.111572265625,0.111572265625,0.000244140625,0.000244140625,0.0037896884605288506,0.11225467920303345,0.9146374764112358,370.27643777402216,0.24575667083263397,0.5441635251045227,0.9953774359417463,0.993055201203231,0.9991648161696202,413.46875,0.10094451904296875,0.888427734375,0.24374738335609436
smol,coco_karpathy,final_quarter,False,2,0.2857142857142857,7,7,7,23,2.0,4096,0.001,False,1.25,1024,512,1200,0.11604437232017517,0.11442078572363243,0.11774425886578684,0.110595703125,0.111083984375,0.000244140625,0.000732421875,0.0037896884605288506,0.11225467920303345,0.9146374764112358,370.27643777402216,0.24575667083263397,0.5441635251045227,0.9953774359417463,0.993055201203231,0.9991648161696202,413.46875,0.10094451904296875,0.888427734375,0.24374738335609436
smol,coco_karpathy,final_quarter,False,2,0.2857142857142857,7,7,7,23,2.0,4096,0.001,False,1.5,1024,512,1200,0.11604437232017517,0.11442078572363243,0.11774425886578684,0.110595703125,0.111083984375,0.000244140625,0.000732421875,0.0037896884605288506,0.11225467920303345,0.9146374764112358,370.27643777402216,0.24575667083263397,0.5441635251045227,0.9953774359417463,0.993055201203231,0.9991648161696202,413.46875,0.10094451904296875,0.888427734375,0.24374738335609436
smol,coco_karpathy,final_quarter,False,2,0.2857142857142857,7,7,7,23,2.0,4096,0.001,True,1.1,1024,512,1200,0.4502638280391693,0.4464058966812445,0.45401894498063483,1.0,1.0,0.0,0.0,0.020752523094415665,0.42951130867004395,0.09842841546486734,3915.2012781784883,0.29104194045066833,0.3177442252635956,0.9937596900011805,0.8853345769805316,0.9959458029197773,1845.421875,0.4505424499511719,0.0,0.287707656621933
smol,coco_karpathy,final_quarter,False,2,0.2857142857142857,7,7,7,23,2.0,4096,0.001,True,1.25,1024,512,1200,0.4502638280391693,0.4464058966812445,0.45401894498063483,1.0,1.0,0.0,0.0,0.020752523094415665,0.42951130867004395,0.09842841546486734,3915.2012781784883,0.29104194045066833,0.3177442252635956,0.9937596900011805,0.8853345769805316,0.9959458029197773,1845.421875,0.4505424499511719,0.0,0.287707656621933
smol,coco_karpathy,final_quarter,False,2,0.2857142857142857,7,7,7,23,2.0,4096,0.001,True,1.5,1024,512,1200,0.4502638280391693,0.4464058966812445,0.45401894498063483,1.0,1.0,0.0,0.0,0.020752523094415665,0.42951130867004395,0.09842841546486734,3915.2012781784883,0.29104194045066833,0.3177442252635956,0.9937596900011805,0.8853345769805316,0.9959458029197773,1845.421875,0.4505424499511719,0.0,0.287707656621933
smol,coco_karpathy,final_quarter,False,2,0.2857142857142857,7,7,7,23,4.0,4096,0.0003,False,1.1,1024,512,1200,0.11630594730377197,0.11467334198496246,0.1180149102328869,0.11181640625,0.11181640625,0.000244140625,0.000244140625,0.003805893938988447,0.11250006407499313,0.9135918523811286,375.26043821506613,0.25123628973960876,0.5543256998062134,0.9955636065173443,0.9932417981533117,0.99910913819039,414.638671875,0.10123014450073242,0.88818359375,0.24919086694717407
smol,coco_karpathy,final_quarter,False,2,0.2857142857142857,7,7,7,23,4.0,4096,0.0003,False,1.25,1024,512,1200,0.11630594730377197,0.11467334198496246,0.1180149102328869,0.11083984375,0.111328125,0.000244140625,0.000732421875,0.003805893938988447,0.11250006407499313,0.9135918523811286,375.26043821506613,0.25123628973960876,0.5543256998062134,0.9955636065173443,0.9932417981533117,0.99910913819039,414.638671875,0.10123014450073242,0.88818359375,0.24919086694717407
smol,coco_karpathy,final_quarter,False,2,0.2857142857142857,7,7,7,23,4.0,4096,0.0003,False,1.5,1024,512,1200,0.11630594730377197,0.11467334198496246,0.1180149102328869,0.11083984375,0.111328125,0.000244140625,0.000732421875,0.003805893938988447,0.11250006407499313,0.9135918523811286,375.26043821506613,0.25123628973960876,0.5543256998062134,0.9955636065173443,0.9932417981533117,0.99910913819039,414.638671875,0.10123014450073242,0.88818359375,0.24919086694717407
smol,coco_karpathy,final_quarter,False,2,0.2857142857142857,7,7,7,23,4.0,4096,0.0003,True,1.1,1024,512,1200,0.4537320137023926,0.44975404204596997,0.4574875430043903,1.0,1.0,0.0,0.0,0.02085457369685173,0.43287745118141174,0.1002959844916352,3889.7977600077375,0.2935526371002197,0.32253679633140564,0.994179004557254,0.8855004544085031,0.9937050312141075,1848.076171875,0.4511904716491699,0.0,0.29020965099334717
smol,coco_karpathy,final_quarter,False,2,0.2857142857142857,7,7,7,23,4.0,4096,0.0003,True,1.25,1024,512,1200,0.4537320137023926,0.44975404204596997,0.4574875430043903,1.0,1.0,0.0,0.0,0.02085457369685173,0.43287745118141174,0.1002959844916352,3889.7977600077375,0.2935526371002197,0.32253679633140564,0.994179004557254,0.8855004544085031,0.9937050312141075,1848.076171875,0.4511904716491699,0.0,0.29020965099334717
smol,coco_karpathy,final_quarter,False,2,0.2857142857142857,7,7,7,23,4.0,4096,0.0003,True,1.5,1024,512,1200,0.4537320137023926,0.44975404204596997,0.4574875430043903,1.0,1.0,0.0,0.0,0.02085457369685173,0.43287745118141174,0.1002959844916352,3889.7977600077375,0.2935526371002197,0.32253679633140564,0.994179004557254,0.8855004544085031,0.9937050312141075,1848.076171875,0.4511904716491699,0.0,0.29020965099334717
smol,coco_karpathy,final_quarter,False,2,0.2857142857142857,7,7,7,23,4.0,4096,0.001,False,1.1,1024,512,1200,0.11604437232017517,0.11442078572363243,0.11774425886578684,0.111572265625,0.111572265625,0.000244140625,0.000244140625,0.0037896884605288506,0.11225467920303345,0.9146374764112358,370.27643777402216,0.24575667083263397,0.5441635251045227,0.9953774359417463,0.993055201203231,0.9991648161696202,413.46875,0.10094451904296875,0.888427734375,0.24374738335609436
smol,coco_karpathy,final_quarter,False,2,0.2857142857142857,7,7,7,23,4.0,4096,0.001,False,1.25,1024,512,1200,0.11604437232017517,0.11442078572363243,0.11774425886578684,0.110595703125,0.111083984375,0.000244140625,0.000732421875,0.0037896884605288506,0.11225467920303345,0.9146374764112358,370.27643777402216,0.24575667083263397,0.5441635251045227,0.9953774359417463,0.993055201203231,0.9991648161696202,413.46875,0.10094451904296875,0.888427734375,0.24374738335609436
smol,coco_karpathy,final_quarter,False,2,0.2857142857142857,7,7,7,23,4.0,4096,0.001,False,1.5,1024,512,1200,0.11604437232017517,0.11442078572363243,0.11774425886578684,0.110595703125,0.111083984375,0.000244140625,0.000732421875,0.0037896884605288506,0.11225467920303345,0.9146374764112358,370.27643777402216,0.24575667083263397,0.5441635251045227,0.9953774359417463,0.993055201203231,0.9991648161696202,413.46875,0.10094451904296875,0.888427734375,0.24374738335609436
smol,coco_karpathy,final_quarter,False,2,0.2857142857142857,7,7,7,23,4.0,4096,0.001,True,1.1,1024,512,1200,0.4502638280391693,0.4464058966812445,0.45401894498063483,1.0,1.0,0.0,0.0,0.020752523094415665,0.42951130867004395,0.09842841546486734,3915.2012781784883,0.29104194045066833,0.3177442252635956,0.9937596900011805,0.8853345769805316,0.9959458029197773,1845.421875,0.4505424499511719,0.0,0.287707656621933
smol,coco_karpathy,final_quarter,False,2,0.2857142857142857,7,7,7,23,4.0,4096,0.001,True,1.25,1024,512,1200,0.4502638280391693,0.4464058966812445,0.45401894498063483,1.0,1.0,0.0,0.0,0.020752523094415665,0.42951130867004395,0.09842841546486734,3915.2012781784883,0.29104194045066833,0.3177442252635956,0.9937596900011805,0.8853345769805316,0.9959458029197773,1845.421875,0.4505424499511719,0.0,0.287707656621933
smol,coco_karpathy,final_quarter,False,2,0.2857142857142857,7,7,7,23,4.0,4096,0.001,True,1.5,1024,512,1200,0.4502638280391693,0.4464058966812445,0.45401894498063483,1.0,1.0,0.0,0.0,0.020752523094415665,0.42951130867004395,0.09842841546486734,3915.2012781784883,0.29104194045066833,0.3177442252635956,0.9937596900011805,0.8853345769805316,0.9959458029197773,1845.421875,0.4505424499511719,0.0,0.287707656621933
smol,coco_karpathy,final_quarter,False,2,0.2857142857142857,7,7,7,37,2.0,4096,0.0003,False,1.1,1024,512,1200,0.11463133990764618,0.11272524735504703,0.11624945728726743,0.10791015625,0.108154296875,0.000732421875,0.0009765625,0.0037283310666680336,0.11090300977230072,0.9149199132356906,371.54224012573144,0.24603313207626343,0.5531628727912903,0.9954131926194643,0.9931034383458659,0.9990363374857505,399.06640625,0.0974283218383789,0.890869140625,0.24400097131729126
smol,coco_karpathy,final_quarter,False,2,0.2857142857142857,7,7,7,37,2.0,4096,0.0003,False,1.25,1024,512,1200,0.11463133990764618,0.11272524735504703,0.11624945728726743,0.10791015625,0.108154296875,0.000732421875,0.0009765625,0.0037283310666680336,0.11090300977230072,0.9149199132356906,371.54224012573144,0.24603313207626343,0.5531628727912903,0.9954131926194643,0.9931034383458659,0.9990363374857505,399.06640625,0.0974283218383789,0.890869140625,0.24400097131729126
smol,coco_karpathy,final_quarter,False,2,0.2857142857142857,7,7,7,37,2.0,4096,0.0003,False,1.5,1024,512,1200,0.11463133990764618,0.11272524735504703,0.11624945728726743,0.10791015625,0.108154296875,0.000732421875,0.0009765625,0.0037283310666680336,0.11090300977230072,0.9149199132356906,371.54224012573144,0.24603313207626343,0.5531628727912903,0.9954131926194643,0.9931034383458659,0.9990363374857505,399.06640625,0.0974283218383789,0.890869140625,0.24400097131729126
smol,coco_karpathy,final_quarter,False,2,0.2857142857142857,7,7,7,37,2.0,4096,0.0003,True,1.1,1024,512,1200,0.46163833141326904,0.4569058586843312,0.46580416014912773,1.0,1.0,0.0,0.0,0.021012715995311737,0.4406256079673767,0.09278590964060222,3938.6072403628623,0.2997502088546753,0.3235778212547302,0.99571738595853,0.8866714640743293,0.9871822987984471,1864.001953125,0.4550786018371582,0.0,0.2964870035648346
smol,coco_karpathy,final_quarter,False,2,0.2857142857142857,7,7,7,37,2.0,4096,0.0003,True,1.25,1024,512,1200,0.46163833141326904,0.4569058586843312,0.46580416014912773,1.0,1.0,0.0,0.0,0.021012715995311737,0.4406256079673767,0.09278590964060222,3938.6072403628623,0.2997502088546753,0.3235778212547302,0.99571738595853,0.8866714640743293,0.9871822987984471,1864.001953125,0.4550786018371582,0.0,0.2964870035648346
smol,coco_karpathy,final_quarter,False,2,0.2857142857142857,7,7,7,37,2.0,4096,0.0003,True,1.5,1024,512,1200,0.46163833141326904,0.4569058586843312,0.46580416014912773,1.0,1.0,0.0,0.0,0.021012715995311737,0.4406256079673767,0.09278590964060222,3938.6072403628623,0.2997502088546753,0.3235778212547302,0.99571738595853,0.8866714640743293,0.9871822987984471,1864.001953125,0.4550786018371582,0.0,0.2964870035648346
smol,coco_karpathy,final_quarter,False,2,0.2857142857142857,7,7,7,37,2.0,4096,0.001,False,1.1,1024,512,1200,0.11425039172172546,0.11235977461547009,0.11585592314604583,0.10791015625,0.108154296875,0.000732421875,0.0009765625,0.003710000077262521,0.11054038256406784,0.9145893730855583,372.5008389192175,0.24116776883602142,0.5440348982810974,0.9954184631268339,0.9931061303740263,0.999070181868794,398.8984375,0.09738731384277344,0.890869140625,0.23918984830379486
smol,coco_karpathy,final_quarter,False,2,0.2857142857142857,7,7,7,37,2.0,4096,0.001,False,1.25,1024,512,1200,0.11425039172172546,0.11235977461547009,0.11585592314604583,0.10791015625,0.108154296875,0.000732421875,0.0009765625,0.003710000077262521,0.11054038256406784,0.9145893730855583,372.5008389192175,0.24116776883602142,0.5440348982810974,0.9954184631268339,0.9931061303740263,0.999070181868794,398.8984375,0.09738731384277344,0.890869140625,0.23918984830379486
smol,coco_karpathy,final_quarter,False,2,0.2857142857142857,7,7,7,37,2.0,4096,0.001,False,1.5,1024,512,1200,0.11425039172172546,0.11235977461547009,0.11585592314604583,0.10791015625,0.108154296875,0.000732421875,0.0009765625,0.003710000077262521,0.11054038256406784,0.9145893730855583,372.5008389192175,0.24116776883602142,0.5440348982810974,0.9954184631268339,0.9931061303740263,0.999070181868794,398.8984375,0.09738731384277344,0.890869140625,0.23918984830379486
smol,coco_karpathy,final_quarter,False,2,0.2857142857142857,7,7,7,37,2.0,4096,0.001,True,1.1,1024,512,1200,0.4561707377433777,0.45151411547558384,0.4601403113498236,1.0,1.0,0.0,0.0,0.02082958072423935,0.4353411793708801,0.09540565804417252,3922.5601714959375,0.2955561578273773,0.3197515606880188,0.9932254956825196,0.8848347000567592,0.9788145989320356,1854.568359375,0.4527754783630371,0.0,0.29216670989990234
smol,coco_karpathy,final_quarter,False,2,0.2857142857142857,7,7,7,37,2.0,4096,0.001,True,1.25,1024,512,1200,0.4561707377433777,0.45151411547558384,0.4601403113498236,1.0,1.0,0.0,0.0,0.02082958072423935,0.4353411793708801,0.09540565804417252,3922.5601714959375,0.2955561578273773,0.3197515606880188,0.9932254956825196,0.8848347000567592,0.9788145989320356,1854.568359375,0.4527754783630371,0.0,0.29216670989990234
smol,coco_karpathy,final_quarter,False,2,0.2857142857142857,7,7,7,37,2.0,4096,0.001,True,1.5,1024,512,1200,0.4561707377433777,0.45151411547558384,0.4601403113498236,1.0,1.0,0.0,0.0,0.02082958072423935,0.4353411793708801,0.09540565804417252,3922.5601714959375,0.2955561578273773,0.3197515606880188,0.9932254956825196,0.8848347000567592,0.9788145989320356,1854.568359375,0.4527754783630371,0.0,0.29216670989990234
smol,coco_karpathy,final_quarter,False,2,0.2857142857142857,7,7,7,37,4.0,4096,0.0003,False,1.1,1024,512,1200,0.11463133990764618,0.11272524735504703,0.11624945728726743,0.10791015625,0.108154296875,0.000732421875,0.0009765625,0.0037283310666680336,0.11090300977230072,0.9149199132356906,371.54224012573144,0.24603313207626343,0.5531628727912903,0.9954131926194643,0.9931034383458659,0.9990363374857505,399.06640625,0.0974283218383789,0.890869140625,0.24400097131729126
smol,coco_karpathy,final_quarter,False,2,0.2857142857142857,7,7,7,37,4.0,4096,0.0003,False,1.25,1024,512,1200,0.11463133990764618,0.11272524735504703,0.11624945728726743,0.10791015625,0.108154296875,0.000732421875,0.0009765625,0.0037283310666680336,0.11090300977230072,0.9149199132356906,371.54224012573144,0.24603313207626343,0.5531628727912903,0.9954131926194643,0.9931034383458659,0.9990363374857505,399.06640625,0.0974283218383789,0.890869140625,0.24400097131729126
smol,coco_karpathy,final_quarter,False,2,0.2857142857142857,7,7,7,37,4.0,4096,0.0003,False,1.5,1024,512,1200,0.11463133990764618,0.11272524735504703,0.11624945728726743,0.10791015625,0.108154296875,0.000732421875,0.0009765625,0.0037283310666680336,0.11090300977230072,0.9149199132356906,371.54224012573144,0.24603313207626343,0.5531628727912903,0.9954131926194643,0.9931034383458659,0.9990363374857505,399.06640625,0.0974283218383789,0.890869140625,0.24400097131729126
smol,coco_karpathy,final_quarter,False,2,0.2857142857142857,7,7,7,37,4.0,4096,0.0003,True,1.1,1024,512,1200,0.46163833141326904,0.4569058586843312,0.46580416014912773,1.0,1.0,0.0,0.0,0.021012715995311737,0.4406256079673767,0.09278590964060222,3938.6072403628623,0.2997502088546753,0.3235778212547302,0.99571738595853,0.8866714640743293,0.9871822987984471,1864.001953125,0.4550786018371582,0.0,0.2964870035648346
smol,coco_karpathy,final_quarter,False,2,0.2857142857142857,7,7,7,37,4.0,4096,0.0003,True,1.25,1024,512,1200,0.46163833141326904,0.4569058586843312,0.46580416014912773,1.0,1.0,0.0,0.0,0.021012715995311737,0.4406256079673767,0.09278590964060222,3938.6072403628623,0.2997502088546753,0.3235778212547302,0.99571738595853,0.8866714640743293,0.9871822987984471,1864.001953125,0.4550786018371582,0.0,0.2964870035648346
smol,coco_karpathy,final_quarter,False,2,0.2857142857142857,7,7,7,37,4.0,4096,0.0003,True,1.5,1024,512,1200,0.46163833141326904,0.4569058586843312,0.46580416014912773,1.0,1.0,0.0,0.0,0.021012715995311737,0.4406256079673767,0.09278590964060222,3938.6072403628623,0.2997502088546753,0.3235778212547302,0.99571738595853,0.8866714640743293,0.9871822987984471,1864.001953125,0.4550786018371582,0.0,0.2964870035648346
smol,coco_karpathy,final_quarter,False,2,0.2857142857142857,7,7,7,37,4.0,4096,0.001,False,1.1,1024,512,1200,0.11425039172172546,0.11235977461547009,0.11585592314604583,0.10791015625,0.108154296875,0.000732421875,0.0009765625,0.003710000077262521,0.11054038256406784,0.9145893730855583,372.5008389192175,0.24116776883602142,0.5440348982810974,0.9954184631268339,0.9931061303740263,0.999070181868794,398.8984375,0.09738731384277344,0.890869140625,0.23918984830379486
smol,coco_karpathy,final_quarter,False,2,0.2857142857142857,7,7,7,37,4.0,4096,0.001,False,1.25,1024,512,1200,0.11425039172172546,0.11235977461547009,0.11585592314604583,0.10791015625,0.108154296875,0.000732421875,0.0009765625,0.003710000077262521,0.11054038256406784,0.9145893730855583,372.5008389192175,0.24116776883602142,0.5440348982810974,0.9954184631268339,0.9931061303740263,0.999070181868794,398.8984375,0.09738731384277344,0.890869140625,0.23918984830379486
smol,coco_karpathy,final_quarter,False,2,0.2857142857142857,7,7,7,37,4.0,4096,0.001,False,1.5,1024,512,1200,0.11425039172172546,0.11235977461547009,0.11585592314604583,0.10791015625,0.108154296875,0.000732421875,0.0009765625,0.003710000077262521,0.11054038256406784,0.9145893730855583,372.5008389192175,0.24116776883602142,0.5440348982810974,0.9954184631268339,0.9931061303740263,0.999070181868794,398.8984375,0.09738731384277344,0.890869140625,0.23918984830379486
smol,coco_karpathy,final_quarter,False,2,0.2857142857142857,7,7,7,37,4.0,4096,0.001,True,1.1,1024,512,1200,0.4561707377433777,0.45151411547558384,0.4601403113498236,1.0,1.0,0.0,0.0,0.02082958072423935,0.4353411793708801,0.09540565804417252,3922.5601714959375,0.2955561578273773,0.3197515606880188,0.9932254956825196,0.8848347000567592,0.9788145989320356,1854.568359375,0.4527754783630371,0.0,0.29216670989990234
smol,coco_karpathy,final_quarter,False,2,0.2857142857142857,7,7,7,37,4.0,4096,0.001,True,1.25,1024,512,1200,0.4561707377433777,0.45151411547558384,0.4601403113498236,1.0,1.0,0.0,0.0,0.02082958072423935,0.4353411793708801,0.09540565804417252,3922.5601714959375,0.2955561578273773,0.3197515606880188,0.9932254956825196,0.8848347000567592,0.9788145989320356,1854.568359375,0.4527754783630371,0.0,0.29216670989990234
smol,coco_karpathy,final_quarter,False,2,0.2857142857142857,7,7,7,37,4.0,4096,0.001,True,1.5,1024,512,1200,0.4561707377433777,0.45151411547558384,0.4601403113498236,1.0,1.0,0.0,0.0,0.02082958072423935,0.4353411793708801,0.09540565804417252,3922.5601714959375,0.2955561578273773,0.3197515606880188,0.9932254956825196,0.8848347000567592,0.9788145989320356,1854.568359375,0.4527754783630371,0.0,0.29216670989990234
smol,coco_karpathy,final_quarter,False,3,0.42857142857142855,10,10,10,11,2.0,4096,0.0003,False,1.1,1024,512,1200,0.12693610787391663,0.12532014742173486,0.12863538051751675,0.116455078125,0.115478515625,0.001220703125,0.000244140625,0.0056039756163954735,0.12133213132619858,0.9094967907747479,398.11683192301746,0.24694988131523132,0.7104297876358032,0.9950626101107768,0.9922352003308933,0.9984369824552063,423.248046875,0.1033320426940918,0.884033203125,0.2454655021429062
smol,coco_karpathy,final_quarter,False,3,0.42857142857142855,10,10,10,11,2.0,4096,0.0003,False,1.25,1024,512,1200,0.12693610787391663,0.12532014742173486,0.12863538051751675,0.115966796875,0.115478515625,0.0009765625,0.00048828125,0.0056039756163954735,0.12133213132619858,0.9094967907747479,398.11683192301746,0.24694988131523132,0.7104297876358032,0.9950626101107768,0.9922352003308933,0.9984369824552063,423.248046875,0.1033320426940918,0.884033203125,0.2454655021429062
smol,coco_karpathy,final_quarter,False,3,0.42857142857142855,10,10,10,11,2.0,4096,0.0003,False,1.5,1024,512,1200,0.12693610787391663,0.12532014742173486,0.12863538051751675,0.115966796875,0.115478515625,0.0009765625,0.00048828125,0.0056039756163954735,0.12133213132619858,0.9094967907747479,398.11683192301746,0.24694988131523132,0.7104297876358032,0.9950626101107768,0.9922352003308933,0.9984369824552063,423.248046875,0.1033320426940918,0.884033203125,0.2454655021429062
smol,coco_karpathy,final_quarter,False,3,0.42857142857142855,10,10,10,11,2.0,4096,0.0003,True,1.1,1024,512,1200,0.47120994329452515,0.46747876543813616,0.4750205263699172,1.0,1.0,0.0,0.0,0.027369746938347816,0.4438401758670807,0.08760265712270143,3970.0761487539644,0.30204468965530396,0.33019423484802246,0.9978047502053861,0.8809892696678483,0.9936762940859051,1867.751953125,0.4559941291809082,0.0,0.3001205027103424
smol,coco_karpathy,final_quarter,False,3,0.42857142857142855,10,10,10,11,2.0,4096,0.0003,True,1.25,1024,512,1200,0.47120994329452515,0.46747876543813616,0.4750205263699172,1.0,1.0,0.0,0.0,0.027369746938347816,0.4438401758670807,0.08760265712270143,3970.0761487539644,0.30204468965530396,0.33019423484802246,0.9978047502053861,0.8809892696678483,0.9936762940859051,1867.751953125,0.4559941291809082,0.0,0.3001205027103424
smol,coco_karpathy,final_quarter,False,3,0.42857142857142855,10,10,10,11,2.0,4096,0.0003,True,1.5,1024,512,1200,0.47120994329452515,0.46747876543813616,0.4750205263699172,1.0,1.0,0.0,0.0,0.027369746938347816,0.4438401758670807,0.08760265712270143,3970.0761487539644,0.30204468965530396,0.33019423484802246,0.9978047502053861,0.8809892696678483,0.9936762940859051,1867.751953125,0.4559941291809082,0.0,0.3001205027103424
smol,coco_karpathy,final_quarter,False,3,0.42857142857142855,10,10,10,11,2.0,4096,0.001,False,1.1,1024,512,1200,0.12538309395313263,0.12377947740169475,0.1270291987730161,0.11669921875,0.11572265625,0.001220703125,0.000244140625,0.005544639658182859,0.11983845382928848,0.9085256795234827,400.7426573892918,0.23765334486961365,0.7003273367881775,0.9950143638315002,0.9921959752974245,0.998404912449439,423.412109375,0.10337209701538086,0.8837890625,0.23633715510368347
smol,coco_karpathy,final_quarter,False,3,0.42857142857142855,10,10,10,11,2.0,4096,0.001,False,1.25,1024,512,1200,0.12538309395313263,0.12377947740169475,0.1270291987730161,0.1162109375,0.11572265625,0.0009765625,0.00048828125,0.005544639658182859,0.11983845382928848,0.9085256795234827,400.7426573892918,0.23765334486961365,0.7003273367881775,0.9950143638315002,0.9921959752974245,0.998404912449439,423.412109375,0.10337209701538086,0.8837890625,0.23633715510368347
smol,coco_karpathy,final_quarter,False,3,0.42857142857142855,10,10,10,11,2.0,4096,0.001,False,1.5,1024,512,1200,0.12538309395313263,0.12377947740169475,0.1270291987730161,0.1162109375,0.11572265625,0.0009765625,0.00048828125,0.005544639658182859,0.11983845382928848,0.9085256795234827,400.7426573892918,0.23765334486961365,0.7003273367881775,0.9950143638315002,0.9921959752974245,0.998404912449439,423.412109375,0.10337209701538086,0.8837890625,0.23633715510368347
smol,coco_karpathy,final_quarter,False,3,0.42857142857142855,10,10,10,11,2.0,4096,0.001,True,1.1,1024,512,1200,0.4592196047306061,0.4554985241455142,0.46301003059343204,1.0,1.0,0.0,0.0,0.026975547894835472,0.43224406242370605,0.08859295846544744,3964.651463917348,0.2933570146560669,0.3230559825897217,0.9988438358982467,0.8821816656366644,0.994343156076053,1852.80078125,0.4523439407348633,0.0,0.29133209586143494
smol,coco_karpathy,final_quarter,False,3,0.42857142857142855,10,10,10,11,2.0,4096,0.001,True,1.25,1024,512,1200,0.4592196047306061,0.4554985241455142,0.46301003059343204,1.0,1.0,0.0,0.0,0.026975547894835472,0.43224406242370605,0.08859295846544744,3964.651463917348,0.2933570146560669,0.3230559825897217,0.9988438358982467,0.8821816656366644,0.994343156076053,1852.80078125,0.4523439407348633,0.0,0.29133209586143494
smol,coco_karpathy,final_quarter,False,3,0.42857142857142855,10,10,10,11,2.0,4096,0.001,True,1.5,1024,512,1200,0.4592196047306061,0.4554985241455142,0.46301003059343204,1.0,1.0,0.0,0.0,0.026975547894835472,0.43224406242370605,0.08859295846544744,3964.651463917348,0.2933570146560669,0.3230559825897217,0.9988438358982467,0.8821816656366644,0.994343156076053,1852.80078125,0.4523439407348633,0.0,0.29133209586143494
smol,coco_karpathy,final_quarter,False,3,0.42857142857142855,10,10,10,11,4.0,4096,0.0003,False,1.1,1024,512,1200,0.12693610787391663,0.12532014742173486,0.12863538051751675,0.116455078125,0.115478515625,0.001220703125,0.000244140625,0.0056039756163954735,0.12133213132619858,0.9094967907747479,398.11683192301746,0.24694988131523132,0.7104297876358032,0.9950626101107768,0.9922352003308933,0.9984369824552063,423.248046875,0.1033320426940918,0.884033203125,0.2454655021429062
smol,coco_karpathy,final_quarter,False,3,0.42857142857142855,10,10,10,11,4.0,4096,0.0003,False,1.25,1024,512,1200,0.12693610787391663,0.12532014742173486,0.12863538051751675,0.115966796875,0.115478515625,0.0009765625,0.00048828125,0.0056039756163954735,0.12133213132619858,0.9094967907747479,398.11683192301746,0.24694988131523132,0.7104297876358032,0.9950626101107768,0.9922352003308933,0.9984369824552063,423.248046875,0.1033320426940918,0.884033203125,0.2454655021429062
smol,coco_karpathy,final_quarter,False,3,0.42857142857142855,10,10,10,11,4.0,4096,0.0003,False,1.5,1024,512,1200,0.12693610787391663,0.12532014742173486,0.12863538051751675,0.115966796875,0.115478515625,0.0009765625,0.00048828125,0.0056039756163954735,0.12133213132619858,0.9094967907747479,398.11683192301746,0.24694988131523132,0.7104297876358032,0.9950626101107768,0.9922352003308933,0.9984369824552063,423.248046875,0.1033320426940918,0.884033203125,0.2454655021429062
smol,coco_karpathy,final_quarter,False,3,0.42857142857142855,10,10,10,11,4.0,4096,0.0003,True,1.1,1024,512,1200,0.47120994329452515,0.46747876543813616,0.4750205263699172,1.0,1.0,0.0,0.0,0.027369746938347816,0.4438401758670807,0.08760265712270143,3970.0761487539644,0.30204468965530396,0.33019423484802246,0.9978047502053861,0.8809892696678483,0.9936762940859051,1867.751953125,0.4559941291809082,0.0,0.3001205027103424
smol,coco_karpathy,final_quarter,False,3,0.42857142857142855,10,10,10,11,4.0,4096,0.0003,True,1.25,1024,512,1200,0.47120994329452515,0.46747876543813616,0.4750205263699172,1.0,1.0,0.0,0.0,0.027369746938347816,0.4438401758670807,0.08760265712270143,3970.0761487539644,0.30204468965530396,0.33019423484802246,0.9978047502053861,0.8809892696678483,0.9936762940859051,1867.751953125,0.4559941291809082,0.0,0.3001205027103424
smol,coco_karpathy,final_quarter,False,3,0.42857142857142855,10,10,10,11,4.0,4096,0.0003,True,1.5,1024,512,1200,0.47120994329452515,0.46747876543813616,0.4750205263699172,1.0,1.0,0.0,0.0,0.027369746938347816,0.4438401758670807,0.08760265712270143,3970.0761487539644,0.30204468965530396,0.33019423484802246,0.9978047502053861,0.8809892696678483,0.9936762940859051,1867.751953125,0.4559941291809082,0.0,0.3001205027103424
smol,coco_karpathy,final_quarter,False,3,0.42857142857142855,10,10,10,11,4.0,4096,0.001,False,1.1,1024,512,1200,0.12538309395313263,0.12377947740169475,0.1270291987730161,0.11669921875,0.11572265625,0.001220703125,0.000244140625,0.005544639658182859,0.11983845382928848,0.9085256795234827,400.7426573892918,0.23765334486961365,0.7003273367881775,0.9950143638315002,0.9921959752974245,0.998404912449439,423.412109375,0.10337209701538086,0.8837890625,0.23633715510368347
smol,coco_karpathy,final_quarter,False,3,0.42857142857142855,10,10,10,11,4.0,4096,0.001,False,1.25,1024,512,1200,0.12538309395313263,0.12377947740169475,0.1270291987730161,0.1162109375,0.11572265625,0.0009765625,0.00048828125,0.005544639658182859,0.11983845382928848,0.9085256795234827,400.7426573892918,0.23765334486961365,0.7003273367881775,0.9950143638315002,0.9921959752974245,0.998404912449439,423.412109375,0.10337209701538086,0.8837890625,0.23633715510368347
smol,coco_karpathy,final_quarter,False,3,0.42857142857142855,10,10,10,11,4.0,4096,0.001,False,1.5,1024,512,1200,0.12538309395313263,0.12377947740169475,0.1270291987730161,0.1162109375,0.11572265625,0.0009765625,0.00048828125,0.005544639658182859,0.11983845382928848,0.9085256795234827,400.7426573892918,0.23765334486961365,0.7003273367881775,0.9950143638315002,0.9921959752974245,0.998404912449439,423.412109375,0.10337209701538086,0.8837890625,0.23633715510368347
smol,coco_karpathy,final_quarter,False,3,0.42857142857142855,10,10,10,11,4.0,4096,0.001,True,1.1,1024,512,1200,0.4592196047306061,0.4554985241455142,0.46301003059343204,1.0,1.0,0.0,0.0,0.026975547894835472,0.43224406242370605,0.08859295846544744,3964.651463917348,0.2933570146560669,0.3230559825897217,0.9988438358982467,0.8821816656366644,0.994343156076053,1852.80078125,0.4523439407348633,0.0,0.29133209586143494
smol,coco_karpathy,final_quarter,False,3,0.42857142857142855,10,10,10,11,4.0,4096,0.001,True,1.25,1024,512,1200,0.4592196047306061,0.4554985241455142,0.46301003059343204,1.0,1.0,0.0,0.0,0.026975547894835472,0.43224406242370605,0.08859295846544744,3964.651463917348,0.2933570146560669,0.3230559825897217,0.9988438358982467,0.8821816656366644,0.994343156076053,1852.80078125,0.4523439407348633,0.0,0.29133209586143494
smol,coco_karpathy,final_quarter,False,3,0.42857142857142855,10,10,10,11,4.0,4096,0.001,True,1.5,1024,512,1200,0.4592196047306061,0.4554985241455142,0.46301003059343204,1.0,1.0,0.0,0.0,0.026975547894835472,0.43224406242370605,0.08859295846544744,3964.651463917348,0.2933570146560669,0.3230559825897217,0.9988438358982467,0.8821816656366644,0.994343156076053,1852.80078125,0.4523439407348633,0.0,0.29133209586143494
smol,coco_karpathy,final_quarter,False,3,0.42857142857142855,10,10,10,23,2.0,4096,0.0003,False,1.1,1024,512,1200,0.1251494288444519,0.12346449770811888,0.1267878112506878,0.109130859375,0.108642578125,0.001220703125,0.000732421875,0.005462686065584421,0.11968673765659332,0.9132548435345089,383.73301193680453,0.24293291568756104,0.7085099220275879,0.9946387276733124,0.9918639531402165,0.9980838576113875,404.443359375,0.09874105453491211,0.890380859375,0.2416374683380127
smol,coco_karpathy,final_quarter,False,3,0.42857142857142855,10,10,10,23,2.0,4096,0.0003,False,1.25,1024,512,1200,0.1251494288444519,0.12346449770811888,0.1267878112506878,0.109130859375,0.108642578125,0.001220703125,0.000732421875,0.005462686065584421,0.11968673765659332,0.9132548435345089,383.73301193680453,0.24293291568756104,0.7085099220275879,0.9946387276733124,0.9918639531402165,0.9980838576113875,404.443359375,0.09874105453491211,0.890380859375,0.2416374683380127
smol,coco_karpathy,final_quarter,False,3,0.42857142857142855,10,10,10,23,2.0,4096,0.0003,False,1.5,1024,512,1200,0.1251494288444519,0.12346449770811888,0.1267878112506878,0.106201171875,0.107421875,0.0009765625,0.002197265625,0.005462686065584421,0.11968673765659332,0.9132548435345089,383.73301193680453,0.24293291568756104,0.7085099220275879,0.9946387276733124,0.9918639531402165,0.9980838576113875,404.443359375,0.09874105453491211,0.890380859375,0.2416374683380127
smol,coco_karpathy,final_quarter,False,3,0.42857142857142855,10,10,10,23,2.0,4096,0.0003,True,1.1,1024,512,1200,0.47356510162353516,0.4698131447556079,0.47731974722701126,1.0,1.0,0.0,0.0,0.027508284896612167,0.4460567831993103,0.08700009926876175,3974.7883780856137,0.3038013279438019,0.32854482531547546,0.9950725516258265,0.8786031583189197,0.9900265703017113,1876.07421875,0.4580259323120117,0.0,0.30224481225013733
smol,coco_karpathy,final_quarter,False,3,0.42857142857142855,10,10,10,23,2.0,4096,0.0003,True,1.25,1024,512,1200,0.47356510162353516,0.4698131447556079,0.47731974722701126,1.0,1.0,0.0,0.0,0.027508284896612167,0.4460567831993103,0.08700009926876175,3974.7883780856137,0.3038013279438019,0.32854482531547546,0.9950725516258265,0.8786031583189197,0.9900265703017113,1876.07421875,0.4580259323120117,0.0,0.30224481225013733
smol,coco_karpathy,final_quarter,False,3,0.42857142857142855,10,10,10,23,2.0,4096,0.0003,True,1.5,1024,512,1200,0.47356510162353516,0.4698131447556079,0.47731974722701126,1.0,1.0,0.0,0.0,0.027508284896612167,0.4460567831993103,0.08700009926876175,3974.7883780856137,0.3038013279438019,0.32854482531547546,0.9950725516258265,0.8786031583189197,0.9900265703017113,1876.07421875,0.4580259323120117,0.0,0.30224481225013733
smol,coco_karpathy,final_quarter,False,3,0.42857142857142855,10,10,10,23,2.0,4096,0.001,False,1.1,1024,512,1200,0.12477137893438339,0.1230969542528328,0.12639874936212436,0.109130859375,0.108642578125,0.001220703125,0.000732421875,0.005450358148664236,0.11932100355625153,0.912587917214932,385.679824861443,0.2399776428937912,0.7061669826507568,0.9948517244127614,0.9920819337427175,0.9983118698361101,404.7109375,0.09880638122558594,0.890380859375,0.23880162835121155
smol,coco_karpathy,final_quarter,False,3,0.42857142857142855,10,10,10,23,2.0,4096,0.001,False,1.25,1024,512,1200,0.12477137893438339,0.1230969542528328,0.12639874936212436,0.109130859375,0.108642578125,0.001220703125,0.000732421875,0.005450358148664236,0.11932100355625153,0.912587917214932,385.679824861443,0.2399776428937912,0.7061669826507568,0.9948517244127614,0.9920819337427175,0.9983118698361101,404.7109375,0.09880638122558594,0.890380859375,0.23880162835121155
smol,coco_karpathy,final_quarter,False,3,0.42857142857142855,10,10,10,23,2.0,4096,0.001,False,1.5,1024,512,1200,0.12477137893438339,0.1230969542528328,0.12639874936212436,0.106201171875,0.107421875,0.0009765625,0.002197265625,0.005450358148664236,0.11932100355625153,0.912587917214932,385.679824861443,0.2399776428937912,0.7061669826507568,0.9948517244127614,0.9920819337427175,0.9983118698361101,404.7109375,0.09880638122558594,0.890380859375,0.23880162835121155
smol,coco_karpathy,final_quarter,False,3,0.42857142857142855,10,10,10,23,2.0,4096,0.001,True,1.1,1024,512,1200,0.4655967652797699,0.46192453919065884,0.4692467801985913,1.0,1.0,0.0,0.0,0.02720930427312851,0.4383874535560608,0.08669478160669217,3975.7864773662855,0.2979910671710968,0.320818156003952,0.994459855139458,0.8781085036938852,0.9904930500131524,1866.9609375,0.45580101013183594,0.0,0.2964247465133667
smol,coco_karpathy,final_quarter,False,3,0.42857142857142855,10,10,10,23,2.0,4096,0.001,True,1.25,1024,512,1200,0.4655967652797699,0.46192453919065884,0.4692467801985913,1.0,1.0,0.0,0.0,0.02720930427312851,0.4383874535560608,0.08669478160669217,3975.7864773662855,0.2979910671710968,0.320818156003952,0.994459855139458,0.8781085036938852,0.9904930500131524,1866.9609375,0.45580101013183594,0.0,0.2964247465133667
smol,coco_karpathy,final_quarter,False,3,0.42857142857142855,10,10,10,23,2.0,4096,0.001,True,1.5,1024,512,1200,0.4655967652797699,0.46192453919065884,0.4692467801985913,1.0,1.0,0.0,0.0,0.02720930427312851,0.4383874535560608,0.08669478160669217,3975.7864773662855,0.2979910671710968,0.320818156003952,0.994459855139458,0.8781085036938852,0.9904930500131524,1866.9609375,0.45580101013183594,0.0,0.2964247465133667
smol,coco_karpathy,final_quarter,False,3,0.42857142857142855,10,10,10,23,4.0,4096,0.0003,False,1.1,1024,512,1200,0.1251494288444519,0.12346449770811888,0.1267878112506878,0.109130859375,0.108642578125,0.001220703125,0.000732421875,0.005462686065584421,0.11968673765659332,0.9132548435345089,383.73301193680453,0.24293291568756104,0.7085099220275879,0.9946387276733124,0.9918639531402165,0.9980838576113875,404.443359375,0.09874105453491211,0.890380859375,0.2416374683380127
smol,coco_karpathy,final_quarter,False,3,0.42857142857142855,10,10,10,23,4.0,4096,0.0003,False,1.25,1024,512,1200,0.1251494288444519,0.12346449770811888,0.1267878112506878,0.109130859375,0.108642578125,0.001220703125,0.000732421875,0.005462686065584421,0.11968673765659332,0.9132548435345089,383.73301193680453,0.24293291568756104,0.7085099220275879,0.9946387276733124,0.9918639531402165,0.9980838576113875,404.443359375,0.09874105453491211,0.890380859375,0.2416374683380127
smol,coco_karpathy,final_quarter,False,3,0.42857142857142855,10,10,10,23,4.0,4096,0.0003,False,1.5,1024,512,1200,0.1251494288444519,0.12346449770811888,0.1267878112506878,0.106201171875,0.107421875,0.0009765625,0.002197265625,0.005462686065584421,0.11968673765659332,0.9132548435345089,383.73301193680453,0.24293291568756104,0.7085099220275879,0.9946387276733124,0.9918639531402165,0.9980838576113875,404.443359375,0.09874105453491211,0.890380859375,0.2416374683380127
smol,coco_karpathy,final_quarter,False,3,0.42857142857142855,10,10,10,23,4.0,4096,0.0003,True,1.1,1024,512,1200,0.47356510162353516,0.4698131447556079,0.47731974722701126,1.0,1.0,0.0,0.0,0.027508284896612167,0.4460567831993103,0.08700009926876175,3974.7883780856137,0.3038013279438019,0.32854482531547546,0.9950725516258265,0.8786031583189197,0.9900265703017113,1876.07421875,0.4580259323120117,0.0,0.30224481225013733
smol,coco_karpathy,final_quarter,False,3,0.42857142857142855,10,10,10,23,4.0,4096,0.0003,True,1.25,1024,512,1200,0.47356510162353516,0.4698131447556079,0.47731974722701126,1.0,1.0,0.0,0.0,0.027508284896612167,0.4460567831993103,0.08700009926876175,3974.7883780856137,0.3038013279438019,0.32854482531547546,0.9950725516258265,0.8786031583189197,0.9900265703017113,1876.07421875,0.4580259323120117,0.0,0.30224481225013733
smol,coco_karpathy,final_quarter,False,3,0.42857142857142855,10,10,10,23,4.0,4096,0.0003,True,1.5,1024,512,1200,0.47356510162353516,0.4698131447556079,0.47731974722701126,1.0,1.0,0.0,0.0,0.027508284896612167,0.4460567831993103,0.08700009926876175,3974.7883780856137,0.3038013279438019,0.32854482531547546,0.9950725516258265,0.8786031583189197,0.9900265703017113,1876.07421875,0.4580259323120117,0.0,0.30224481225013733
smol,coco_karpathy,final_quarter,False,3,0.42857142857142855,10,10,10,23,4.0,4096,0.001,False,1.1,1024,512,1200,0.12477137893438339,0.1230969542528328,0.12639874936212436,0.109130859375,0.108642578125,0.001220703125,0.000732421875,0.005450358148664236,0.11932100355625153,0.912587917214932,385.679824861443,0.2399776428937912,0.7061669826507568,0.9948517244127614,0.9920819337427175,0.9983118698361101,404.7109375,0.09880638122558594,0.890380859375,0.23880162835121155
smol,coco_karpathy,final_quarter,False,3,0.42857142857142855,10,10,10,23,4.0,4096,0.001,False,1.25,1024,512,1200,0.12477137893438339,0.1230969542528328,0.12639874936212436,0.109130859375,0.108642578125,0.001220703125,0.000732421875,0.005450358148664236,0.11932100355625153,0.912587917214932,385.679824861443,0.2399776428937912,0.7061669826507568,0.9948517244127614,0.9920819337427175,0.9983118698361101,404.7109375,0.09880638122558594,0.890380859375,0.23880162835121155
smol,coco_karpathy,final_quarter,False,3,0.42857142857142855,10,10,10,23,4.0,4096,0.001,False,1.5,1024,512,1200,0.12477137893438339,0.1230969542528328,0.12639874936212436,0.106201171875,0.107421875,0.0009765625,0.002197265625,0.005450358148664236,0.11932100355625153,0.912587917214932,385.679824861443,0.2399776428937912,0.7061669826507568,0.9948517244127614,0.9920819337427175,0.9983118698361101,404.7109375,0.09880638122558594,0.890380859375,0.23880162835121155
smol,coco_karpathy,final_quarter,False,3,0.42857142857142855,10,10,10,23,4.0,4096,0.001,True,1.1,1024,512,1200,0.4655967652797699,0.46192453919065884,0.4692467801985913,1.0,1.0,0.0,0.0,0.02720930427312851,0.4383874535560608,0.08669478160669217,3975.7864773662855,0.2979910671710968,0.320818156003952,0.994459855139458,0.8781085036938852,0.9904930500131524,1866.9609375,0.45580101013183594,0.0,0.2964247465133667
smol,coco_karpathy,final_quarter,False,3,0.42857142857142855,10,10,10,23,4.0,4096,0.001,True,1.25,1024,512,1200,0.4655967652797699,0.46192453919065884,0.4692467801985913,1.0,1.0,0.0,0.0,0.02720930427312851,0.4383874535560608,0.08669478160669217,3975.7864773662855,0.2979910671710968,0.320818156003952,0.994459855139458,0.8781085036938852,0.9904930500131524,1866.9609375,0.45580101013183594,0.0,0.2964247465133667
smol,coco_karpathy,final_quarter,False,3,0.42857142857142855,10,10,10,23,4.0,4096,0.001,True,1.5,1024,512,1200,0.4655967652797699,0.46192453919065884,0.4692467801985913,1.0,1.0,0.0,0.0,0.02720930427312851,0.4383874535560608,0.08669478160669217,3975.7864773662855,0.2979910671710968,0.320818156003952,0.994459855139458,0.8781085036938852,0.9904930500131524,1866.9609375,0.45580101013183594,0.0,0.2964247465133667
smol,coco_karpathy,final_quarter,False,3,0.42857142857142855,10,10,10,37,2.0,4096,0.0003,False,1.1,1024,512,1200,0.12048757821321487,0.11889918663073332,0.12217197694517382,0.1025390625,0.102783203125,0.00146484375,0.001708984375,0.005249189678579569,0.11523838341236115,0.9174179938983436,364.84967594495436,0.2296617329120636,0.7038362622261047,0.9943987051868596,0.9916521558147462,0.9982820431514224,378.4765625,0.09240150451660156,0.8955078125,0.22857101261615753
smol,coco_karpathy,final_quarter,False,3,0.42857142857142855,10,10,10,37,2.0,4096,0.0003,False,1.25,1024,512,1200,0.12048757821321487,0.11889918663073332,0.12217197694517382,0.10205078125,0.1025390625,0.00146484375,0.001953125,0.005249189678579569,0.11523838341236115,0.9174179938983436,364.84967594495436,0.2296617329120636,0.7038362622261047,0.9943987051868596,0.9916521558147462,0.9982820431514224,378.4765625,0.09240150451660156,0.8955078125,0.22857101261615753
smol,coco_karpathy,final_quarter,False,3,0.42857142857142855,10,10,10,37,2.0,4096,0.0003,False,1.5,1024,512,1200,0.12048757821321487,0.11889918663073332,0.12217197694517382,0.10205078125,0.1025390625,0.00146484375,0.001953125,0.005249189678579569,0.11523838341236115,0.9174179938983436,364.84967594495436,0.2296617329120636,0.7038362622261047,0.9943987051868596,0.9916521558147462,0.9982820431514224,378.4765625,0.09240150451660156,0.8955078125,0.22857101261615753
smol,coco_karpathy,final_quarter,False,3,0.42857142857142855,10,10,10,37,2.0,4096,0.0003,True,1.1,1024,512,1200,0.47652173042297363,0.47291389344463824,0.4802673075857456,1.0,1.0,0.0,0.0,0.0275143850594759,0.4490073323249817,0.09000091093490337,3954.1078335379884,0.3050696849822998,0.3268710672855377,0.9938310597170267,0.8775781223429727,0.9903734326189404,1872.5390625,0.45716285705566406,0.0,0.3040401339530945
smol,coco_karpathy,final_quarter,False,3,0.42857142857142855,10,10,10,37,2.0,4096,0.0003,True,1.25,1024,512,1200,0.47652173042297363,0.47291389344463824,0.4802673075857456,1.0,1.0,0.0,0.0,0.0275143850594759,0.4490073323249817,0.09000091093490337,3954.1078335379884,0.3050696849822998,0.3268710672855377,0.9938310597170267,0.8775781223429727,0.9903734326189404,1872.5390625,0.45716285705566406,0.0,0.3040401339530945
smol,coco_karpathy,final_quarter,False,3,0.42857142857142855,10,10,10,37,2.0,4096,0.0003,True,1.5,1024,512,1200,0.47652173042297363,0.47291389344463824,0.4802673075857456,1.0,1.0,0.0,0.0,0.0275143850594759,0.4490073323249817,0.09000091093490337,3954.1078335379884,0.3050696849822998,0.3268710672855377,0.9938310597170267,0.8775781223429727,0.9903734326189404,1872.5390625,0.45716285705566406,0.0,0.3040401339530945
smol,coco_karpathy,final_quarter,False,3,0.42857142857142855,10,10,10,37,2.0,4096,0.001,False,1.1,1024,512,1200,0.12054641544818878,0.11895659822766902,0.12224007552067633,0.102294921875,0.1025390625,0.00146484375,0.001708984375,0.005260075442492962,0.11528633534908295,0.918233560612868,362.5005248562823,0.2352123260498047,0.7007454037666321,0.9942668459697861,0.9914764421870851,0.9983941746678313,379.0546875,0.09254264831542969,0.895751953125,0.23407895863056183
smol,coco_karpathy,final_quarter,False,3,0.42857142857142855,10,10,10,37,2.0,4096,0.001,False,1.25,1024,512,1200,0.12054641544818878,0.11895659822766902,0.12224007552067633,0.102294921875,0.1025390625,0.00146484375,0.001708984375,0.005260075442492962,0.11528633534908295,0.918233560612868,362.5005248562823,0.2352123260498047,0.7007454037666321,0.9942668459697861,0.9914764421870851,0.9983941746678313,379.0546875,0.09254264831542969,0.895751953125,0.23407895863056183
smol,coco_karpathy,final_quarter,False,3,0.42857142857142855,10,10,10,37,2.0,4096,0.001,False,1.5,1024,512,1200,0.12054641544818878,0.11895659822766902,0.12224007552067633,0.102294921875,0.1025390625,0.00146484375,0.001708984375,0.005260075442492962,0.11528633534908295,0.918233560612868,362.5005248562823,0.2352123260498047,0.7007454037666321,0.9942668459697861,0.9914764421870851,0.9983941746678313,379.0546875,0.09254264831542969,0.895751953125,0.23407895863056183
smol,coco_karpathy,final_quarter,False,3,0.42857142857142855,10,10,10,37,2.0,4096,0.001,True,1.1,1024,512,1200,0.46793895959854126,0.4644267505733296,0.47143520584941145,1.0,1.0,0.0,0.0,0.027274154126644135,0.4406648278236389,0.08824521700729517,3967.4832561849084,0.2986508309841156,0.32140353322029114,0.9955379301811595,0.8792412915923609,0.9925266928639496,1865.66796875,0.45548534393310547,0.0,0.2979183495044708
smol,coco_karpathy,final_quarter,False,3,0.42857142857142855,10,10,10,37,2.0,4096,0.001,True,1.25,1024,512,1200,0.46793895959854126,0.4644267505733296,0.47143520584941145,1.0,1.0,0.0,0.0,0.027274154126644135,0.4406648278236389,0.08824521700729517,3967.4832561849084,0.2986508309841156,0.32140353322029114,0.9955379301811595,0.8792412915923609,0.9925266928639496,1865.66796875,0.45548534393310547,0.0,0.2979183495044708
smol,coco_karpathy,final_quarter,False,3,0.42857142857142855,10,10,10,37,2.0,4096,0.001,True,1.5,1024,512,1200,0.46793895959854126,0.4644267505733296,0.47143520584941145,1.0,1.0,0.0,0.0,0.027274154126644135,0.4406648278236389,0.08824521700729517,3967.4832561849084,0.2986508309841156,0.32140353322029114,0.9955379301811595,0.8792412915923609,0.9925266928639496,1865.66796875,0.45548534393310547,0.0,0.2979183495044708
smol,coco_karpathy,final_quarter,False,3,0.42857142857142855,10,10,10,37,4.0,4096,0.0003,False,1.1,1024,512,1200,0.12048757821321487,0.11889918663073332,0.12217197694517382,0.1025390625,0.102783203125,0.00146484375,0.001708984375,0.005249189678579569,0.11523838341236115,0.9174179938983436,364.84967594495436,0.2296617329120636,0.7038362622261047,0.9943987051868596,0.9916521558147462,0.9982820431514224,378.4765625,0.09240150451660156,0.8955078125,0.22857101261615753
smol,coco_karpathy,final_quarter,False,3,0.42857142857142855,10,10,10,37,4.0,4096,0.0003,False,1.25,1024,512,1200,0.12048757821321487,0.11889918663073332,0.12217197694517382,0.10205078125,0.1025390625,0.00146484375,0.001953125,0.005249189678579569,0.11523838341236115,0.9174179938983436,364.84967594495436,0.2296617329120636,0.7038362622261047,0.9943987051868596,0.9916521558147462,0.9982820431514224,378.4765625,0.09240150451660156,0.8955078125,0.22857101261615753
smol,coco_karpathy,final_quarter,False,3,0.42857142857142855,10,10,10,37,4.0,4096,0.0003,False,1.5,1024,512,1200,0.12048757821321487,0.11889918663073332,0.12217197694517382,0.10205078125,0.1025390625,0.00146484375,0.001953125,0.005249189678579569,0.11523838341236115,0.9174179938983436,364.84967594495436,0.2296617329120636,0.7038362622261047,0.9943987051868596,0.9916521558147462,0.9982820431514224,378.4765625,0.09240150451660156,0.8955078125,0.22857101261615753
smol,coco_karpathy,final_quarter,False,3,0.42857142857142855,10,10,10,37,4.0,4096,0.0003,True,1.1,1024,512,1200,0.47652173042297363,0.47291389344463824,0.4802673075857456,1.0,1.0,0.0,0.0,0.0275143850594759,0.4490073323249817,0.09000091093490337,3954.1078335379884,0.3050696849822998,0.3268710672855377,0.9938310597170267,0.8775781223429727,0.9903734326189404,1872.5390625,0.45716285705566406,0.0,0.3040401339530945
smol,coco_karpathy,final_quarter,False,3,0.42857142857142855,10,10,10,37,4.0,4096,0.0003,True,1.25,1024,512,1200,0.47652173042297363,0.47291389344463824,0.4802673075857456,1.0,1.0,0.0,0.0,0.0275143850594759,0.4490073323249817,0.09000091093490337,3954.1078335379884,0.3050696849822998,0.3268710672855377,0.9938310597170267,0.8775781223429727,0.9903734326189404,1872.5390625,0.45716285705566406,0.0,0.3040401339530945
smol,coco_karpathy,final_quarter,False,3,0.42857142857142855,10,10,10,37,4.0,4096,0.0003,True,1.5,1024,512,1200,0.47652173042297363,0.47291389344463824,0.4802673075857456,1.0,1.0,0.0,0.0,0.0275143850594759,0.4490073323249817,0.09000091093490337,3954.1078335379884,0.3050696849822998,0.3268710672855377,0.9938310597170267,0.8775781223429727,0.9903734326189404,1872.5390625,0.45716285705566406,0.0,0.3040401339530945
smol,coco_karpathy,final_quarter,False,3,0.42857142857142855,10,10,10,37,4.0,4096,0.001,False,1.1,1024,512,1200,0.12054641544818878,0.11895659822766902,0.12224007552067633,0.102294921875,0.1025390625,0.00146484375,0.001708984375,0.005260075442492962,0.11528633534908295,0.918233560612868,362.5005248562823,0.2352123260498047,0.7007454037666321,0.9942668459697861,0.9914764421870851,0.9983941746678313,379.0546875,0.09254264831542969,0.895751953125,0.23407895863056183
smol,coco_karpathy,final_quarter,False,3,0.42857142857142855,10,10,10,37,4.0,4096,0.001,False,1.25,1024,512,1200,0.12054641544818878,0.11895659822766902,0.12224007552067633,0.102294921875,0.1025390625,0.00146484375,0.001708984375,0.005260075442492962,0.11528633534908295,0.918233560612868,362.5005248562823,0.2352123260498047,0.7007454037666321,0.9942668459697861,0.9914764421870851,0.9983941746678313,379.0546875,0.09254264831542969,0.895751953125,0.23407895863056183
smol,coco_karpathy,final_quarter,False,3,0.42857142857142855,10,10,10,37,4.0,4096,0.001,False,1.5,1024,512,1200,0.12054641544818878,0.11895659822766902,0.12224007552067633,0.102294921875,0.1025390625,0.00146484375,0.001708984375,0.005260075442492962,0.11528633534908295,0.918233560612868,362.5005248562823,0.2352123260498047,0.7007454037666321,0.9942668459697861,0.9914764421870851,0.9983941746678313,379.0546875,0.09254264831542969,0.895751953125,0.23407895863056183
smol,coco_karpathy,final_quarter,False,3,0.42857142857142855,10,10,10,37,4.0,4096,0.001,True,1.1,1024,512,1200,0.46793895959854126,0.4644267505733296,0.47143520584941145,1.0,1.0,0.0,0.0,0.027274154126644135,0.4406648278236389,0.08824521700729517,3967.4832561849084,0.2986508309841156,0.32140353322029114,0.9955379301811595,0.8792412915923609,0.9925266928639496,1865.66796875,0.45548534393310547,0.0,0.2979183495044708
smol,coco_karpathy,final_quarter,False,3,0.42857142857142855,10,10,10,37,4.0,4096,0.001,True,1.25,1024,512,1200,0.46793895959854126,0.4644267505733296,0.47143520584941145,1.0,1.0,0.0,0.0,0.027274154126644135,0.4406648278236389,0.08824521700729517,3967.4832561849084,0.2986508309841156,0.32140353322029114,0.9955379301811595,0.8792412915923609,0.9925266928639496,1865.66796875,0.45548534393310547,0.0,0.2979183495044708
smol,coco_karpathy,final_quarter,False,3,0.42857142857142855,10,10,10,37,4.0,4096,0.001,True,1.5,1024,512,1200,0.46793895959854126,0.4644267505733296,0.47143520584941145,1.0,1.0,0.0,0.0,0.027274154126644135,0.4406648278236389,0.08824521700729517,3967.4832561849084,0.2986508309841156,0.32140353322029114,0.9955379301811595,0.8792412915923609,0.9925266928639496,1865.66796875,0.45548534393310547,0.0,0.2979183495044708
smol,coco_karpathy,final_quarter,False,4,0.5714285714285714,13,13,13,11,2.0,4096,0.0003,False,1.1,1024,512,1200,0.14367803931236267,0.14169528669044668,0.14546846316879963,0.109619140625,0.110107421875,0.00048828125,0.0009765625,0.007065505720674992,0.13661253452301025,0.9123693449027434,384.75759591361617,0.2842448353767395,0.925844669342041,0.9940438442292885,0.9914743024506361,0.9966095578303357,411.736328125,0.10052156448364258,0.889404296875,0.28339728713035583
smol,coco_karpathy,final_quarter,False,4,0.5714285714285714,13,13,13,11,2.0,4096,0.0003,False,1.25,1024,512,1200,0.14367803931236267,0.14169528669044668,0.14546846316879963,0.109619140625,0.110107421875,0.00048828125,0.0009765625,0.007065505720674992,0.13661253452301025,0.9123693449027434,384.75759591361617,0.2842448353767395,0.925844669342041,0.9940438442292885,0.9914743024506361,0.9966095578303357,411.736328125,0.10052156448364258,0.889404296875,0.28339728713035583
smol,coco_karpathy,final_quarter,False,4,0.5714285714285714,13,13,13,11,2.0,4096,0.0003,False,1.5,1024,512,1200,0.14367803931236267,0.14169528669044668,0.14546846316879963,0.109130859375,0.10986328125,0.00048828125,0.001220703125,0.007065505720674992,0.13661253452301025,0.9123693449027434,384.75759591361617,0.2842448353767395,0.925844669342041,0.9940438442292885,0.9914743024506361,0.9966095578303357,411.736328125,0.10052156448364258,0.889404296875,0.28339728713035583
smol,coco_karpathy,final_quarter,False,4,0.5714285714285714,13,13,13,11,2.0,4096,0.0003,True,1.1,1024,512,1200,0.47825294733047485,0.4744443054674775,0.48156336659594673,1.0,1.0,0.0,0.0,0.03209963068366051,0.44615334272384644,0.08505111951458529,3980.743516669136,0.30546286702156067,0.33134400844573975,0.9960146097553442,0.8654211343150449,0.9930577628951235,1873.73828125,0.4574556350708008,0.0,0.3022310733795166
smol,coco_karpathy,final_quarter,False,4,0.5714285714285714,13,13,13,11,2.0,4096,0.0003,True,1.25,1024,512,1200,0.47825294733047485,0.4744443054674775,0.48156336659594673,1.0,1.0,0.0,0.0,0.03209963068366051,0.44615334272384644,0.08505111951458529,3980.743516669136,0.30546286702156067,0.33134400844573975,0.9960146097553442,0.8654211343150449,0.9930577628951235,1873.73828125,0.4574556350708008,0.0,0.3022310733795166
smol,coco_karpathy,final_quarter,False,4,0.5714285714285714,13,13,13,11,2.0,4096,0.0003,True,1.5,1024,512,1200,0.47825294733047485,0.4744443054674775,0.48156336659594673,1.0,1.0,0.0,0.0,0.03209963068366051,0.44615334272384644,0.08505111951458529,3980.743516669136,0.30546286702156067,0.33134400844573975,0.9960146097553442,0.8654211343150449,0.9930577628951235,1873.73828125,0.4574556350708008,0.0,0.3022310733795166
smol,coco_karpathy,final_quarter,False,4,0.5714285714285714,13,13,13,11,2.0,4096,0.001,False,1.1,1024,512,1200,0.1435028314590454,0.1415298288975464,0.14530015997006557,0.109375,0.10986328125,0.00048828125,0.0009765625,0.007073419168591499,0.13642941415309906,0.9127073754182752,383.2512383720633,0.29186713695526123,0.9200830459594727,0.9951117739933004,0.9925316358696893,0.9966644404349896,412.24609375,0.1006460189819336,0.8896484375,0.290875107049942
smol,coco_karpathy,final_quarter,False,4,0.5714285714285714,13,13,13,11,2.0,4096,0.001,False,1.25,1024,512,1200,0.1435028314590454,0.1415298288975464,0.14530015997006557,0.109375,0.10986328125,0.00048828125,0.0009765625,0.007073419168591499,0.13642941415309906,0.9127073754182752,383.2512383720633,0.29186713695526123,0.9200830459594727,0.9951117739933004,0.9925316358696893,0.9966644404349896,412.24609375,0.1006460189819336,0.8896484375,0.290875107049942
smol,coco_karpathy,final_quarter,False,4,0.5714285714285714,13,13,13,11,2.0,4096,0.001,False,1.5,1024,512,1200,0.1435028314590454,0.1415298288975464,0.14530015997006557,0.10888671875,0.109619140625,0.00048828125,0.001220703125,0.007073419168591499,0.13642941415309906,0.9127073754182752,383.2512383720633,0.29186713695526123,0.9200830459594727,0.9951117739933004,0.9925316358696893,0.9966644404349896,412.24609375,0.1006460189819336,0.8896484375,0.290875107049942
smol,coco_karpathy,final_quarter,False,4,0.5714285714285714,13,13,13,11,2.0,4096,0.001,True,1.1,1024,512,1200,0.46942922472953796,0.46582214409136213,0.4725566134104156,1.0,1.0,0.0,0.0,0.03174014389514923,0.43768906593322754,0.08547270200424378,3978.3916548805696,0.29925137758255005,0.32518282532691956,0.9977086463400584,0.8669536341014003,0.9929653900651514,1867.04296875,0.45582103729248047,0.0,0.2959216833114624
smol,coco_karpathy,final_quarter,False,4,0.5714285714285714,13,13,13,11,2.0,4096,0.001,True,1.25,1024,512,1200,0.46942922472953796,0.46582214409136213,0.4725566134104156,1.0,1.0,0.0,0.0,0.03174014389514923,0.43768906593322754,0.08547270200424378,3978.3916548805696,0.29925137758255005,0.32518282532691956,0.9977086463400584,0.8669536341014003,0.9929653900651514,1867.04296875,0.45582103729248047,0.0,0.2959216833114624
smol,coco_karpathy,final_quarter,False,4,0.5714285714285714,13,13,13,11,2.0,4096,0.001,True,1.5,1024,512,1200,0.46942922472953796,0.46582214409136213,0.4725566134104156,1.0,1.0,0.0,0.0,0.03174014389514923,0.43768906593322754,0.08547270200424378,3978.3916548805696,0.29925137758255005,0.32518282532691956,0.9977086463400584,0.8669536341014003,0.9929653900651514,1867.04296875,0.45582103729248047,0.0,0.2959216833114624
smol,coco_karpathy,final_quarter,False,4,0.5714285714285714,13,13,13,11,4.0,4096,0.0003,False,1.1,1024,512,1200,0.14367803931236267,0.14169528669044668,0.14546846316879963,0.109619140625,0.110107421875,0.00048828125,0.0009765625,0.007065505720674992,0.13661253452301025,0.9123693449027434,384.75759591361617,0.2842448353767395,0.925844669342041,0.9940438442292885,0.9914743024506361,0.9966095578303357,411.736328125,0.10052156448364258,0.889404296875,0.28339728713035583
smol,coco_karpathy,final_quarter,False,4,0.5714285714285714,13,13,13,11,4.0,4096,0.0003,False,1.25,1024,512,1200,0.14367803931236267,0.14169528669044668,0.14546846316879963,0.109619140625,0.110107421875,0.00048828125,0.0009765625,0.007065505720674992,0.13661253452301025,0.9123693449027434,384.75759591361617,0.2842448353767395,0.925844669342041,0.9940438442292885,0.9914743024506361,0.9966095578303357,411.736328125,0.10052156448364258,0.889404296875,0.28339728713035583
smol,coco_karpathy,final_quarter,False,4,0.5714285714285714,13,13,13,11,4.0,4096,0.0003,False,1.5,1024,512,1200,0.14367803931236267,0.14169528669044668,0.14546846316879963,0.109130859375,0.10986328125,0.00048828125,0.001220703125,0.007065505720674992,0.13661253452301025,0.9123693449027434,384.75759591361617,0.2842448353767395,0.925844669342041,0.9940438442292885,0.9914743024506361,0.9966095578303357,411.736328125,0.10052156448364258,0.889404296875,0.28339728713035583
smol,coco_karpathy,final_quarter,False,4,0.5714285714285714,13,13,13,11,4.0,4096,0.0003,True,1.1,1024,512,1200,0.47825294733047485,0.4744443054674775,0.48156336659594673,1.0,1.0,0.0,0.0,0.03209963068366051,0.44615334272384644,0.08505111951458529,3980.743516669136,0.30546286702156067,0.33134400844573975,0.9960146097553442,0.8654211343150449,0.9930577628951235,1873.73828125,0.4574556350708008,0.0,0.3022310733795166
smol,coco_karpathy,final_quarter,False,4,0.5714285714285714,13,13,13,11,4.0,4096,0.0003,True,1.25,1024,512,1200,0.47825294733047485,0.4744443054674775,0.48156336659594673,1.0,1.0,0.0,0.0,0.03209963068366051,0.44615334272384644,0.08505111951458529,3980.743516669136,0.30546286702156067,0.33134400844573975,0.9960146097553442,0.8654211343150449,0.9930577628951235,1873.73828125,0.4574556350708008,0.0,0.3022310733795166
smol,coco_karpathy,final_quarter,False,4,0.5714285714285714,13,13,13,11,4.0,4096,0.0003,True,1.5,1024,512,1200,0.47825294733047485,0.4744443054674775,0.48156336659594673,1.0,1.0,0.0,0.0,0.03209963068366051,0.44615334272384644,0.08505111951458529,3980.743516669136,0.30546286702156067,0.33134400844573975,0.9960146097553442,0.8654211343150449,0.9930577628951235,1873.73828125,0.4574556350708008,0.0,0.3022310733795166
smol,coco_karpathy,final_quarter,False,4,0.5714285714285714,13,13,13,11,4.0,4096,0.001,False,1.1,1024,512,1200,0.1435028314590454,0.1415298288975464,0.14530015997006557,0.109375,0.10986328125,0.00048828125,0.0009765625,0.007073419168591499,0.13642941415309906,0.9127073754182752,383.2512383720633,0.29186713695526123,0.9200830459594727,0.9951117739933004,0.9925316358696893,0.9966644404349896,412.24609375,0.1006460189819336,0.8896484375,0.290875107049942
smol,coco_karpathy,final_quarter,False,4,0.5714285714285714,13,13,13,11,4.0,4096,0.001,False,1.25,1024,512,1200,0.1435028314590454,0.1415298288975464,0.14530015997006557,0.109375,0.10986328125,0.00048828125,0.0009765625,0.007073419168591499,0.13642941415309906,0.9127073754182752,383.2512383720633,0.29186713695526123,0.9200830459594727,0.9951117739933004,0.9925316358696893,0.9966644404349896,412.24609375,0.1006460189819336,0.8896484375,0.290875107049942
smol,coco_karpathy,final_quarter,False,4,0.5714285714285714,13,13,13,11,4.0,4096,0.001,False,1.5,1024,512,1200,0.1435028314590454,0.1415298288975464,0.14530015997006557,0.10888671875,0.109619140625,0.00048828125,0.001220703125,0.007073419168591499,0.13642941415309906,0.9127073754182752,383.2512383720633,0.29186713695526123,0.9200830459594727,0.9951117739933004,0.9925316358696893,0.9966644404349896,412.24609375,0.1006460189819336,0.8896484375,0.290875107049942
smol,coco_karpathy,final_quarter,False,4,0.5714285714285714,13,13,13,11,4.0,4096,0.001,True,1.1,1024,512,1200,0.46942922472953796,0.46582214409136213,0.4725566134104156,1.0,1.0,0.0,0.0,0.03174014389514923,0.43768906593322754,0.08547270200424378,3978.3916548805696,0.29925137758255005,0.32518282532691956,0.9977086463400584,0.8669536341014003,0.9929653900651514,1867.04296875,0.45582103729248047,0.0,0.2959216833114624
smol,coco_karpathy,final_quarter,False,4,0.5714285714285714,13,13,13,11,4.0,4096,0.001,True,1.25,1024,512,1200,0.46942922472953796,0.46582214409136213,0.4725566134104156,1.0,1.0,0.0,0.0,0.03174014389514923,0.43768906593322754,0.08547270200424378,3978.3916548805696,0.29925137758255005,0.32518282532691956,0.9977086463400584,0.8669536341014003,0.9929653900651514,1867.04296875,0.45582103729248047,0.0,0.2959216833114624
smol,coco_karpathy,final_quarter,False,4,0.5714285714285714,13,13,13,11,4.0,4096,0.001,True,1.5,1024,512,1200,0.46942922472953796,0.46582214409136213,0.4725566134104156,1.0,1.0,0.0,0.0,0.03174014389514923,0.43768906593322754,0.08547270200424378,3978.3916548805696,0.29925137758255005,0.32518282532691956,0.9977086463400584,0.8669536341014003,0.9929653900651514,1867.04296875,0.45582103729248047,0.0,0.2959216833114624
smol,coco_karpathy,final_quarter,False,4,0.5714285714285714,13,13,13,23,2.0,4096,0.0003,False,1.1,1024,512,1200,0.1406979113817215,0.1388711441642954,0.1426446348119498,0.10205078125,0.1025390625,0.000732421875,0.001220703125,0.006776058580726385,0.13392186164855957,0.9204933114392098,350.77637258439904,0.2801347076892853,0.9152750372886658,0.9932246667065036,0.9906304522888273,0.9969133993567738,382.671875,0.09342575073242188,0.896240234375,0.2794453501701355
smol,coco_karpathy,final_quarter,False,4,0.5714285714285714,13,13,13,23,2.0,4096,0.0003,False,1.25,1024,512,1200,0.1406979113817215,0.1388711441642954,0.1426446348119498,0.10205078125,0.1025390625,0.000732421875,0.001220703125,0.006776058580726385,0.13392186164855957,0.9204933114392098,350.77637258439904,0.2801347076892853,0.9152750372886658,0.9932246667065036,0.9906304522888273,0.9969133993567738,382.671875,0.09342575073242188,0.896240234375,0.2794453501701355
smol,coco_karpathy,final_quarter,False,4,0.5714285714285714,13,13,13,23,2.0,4096,0.0003,False,1.5,1024,512,1200,0.1406979113817215,0.1388711441642954,0.1426446348119498,0.1015625,0.102294921875,0.000732421875,0.00146484375,0.006776058580726385,0.13392186164855957,0.9204933114392098,350.77637258439904,0.2801347076892853,0.9152750372886658,0.9932246667065036,0.9906304522888273,0.9969133993567738,382.671875,0.09342575073242188,0.896240234375,0.2794453501701355
smol,coco_karpathy,final_quarter,False,4,0.5714285714285714,13,13,13,23,2.0,4096,0.0003,True,1.1,1024,512,1200,0.484686017036438,0.48095545316464267,0.4885882047907216,1.0,1.0,0.0,0.0,0.03243605047464371,0.45225000381469727,0.08091874533952739,3990.5977285981826,0.3087507486343384,0.32760313153266907,0.9969720005896897,0.8666316854272278,0.9936380601618784,1886.212890625,0.46050119400024414,0.0,0.3076803684234619
smol,coco_karpathy,final_quarter,False,4,0.5714285714285714,13,13,13,23,2.0,4096,0.0003,True,1.25,1024,512,1200,0.484686017036438,0.48095545316464267,0.4885882047907216,1.0,1.0,0.0,0.0,0.03243605047464371,0.45225000381469727,0.08091874533952739,3990.5977285981826,0.3087507486343384,0.32760313153266907,0.9969720005896897,0.8666316854272278,0.9936380601618784,1886.212890625,0.46050119400024414,0.0,0.3076803684234619
smol,coco_karpathy,final_quarter,False,4,0.5714285714285714,13,13,13,23,2.0,4096,0.0003,True,1.5,1024,512,1200,0.484686017036438,0.48095545316464267,0.4885882047907216,1.0,1.0,0.0,0.0,0.03243605047464371,0.45225000381469727,0.08091874533952739,3990.5977285981826,0.3087507486343384,0.32760313153266907,0.9969720005896897,0.8666316854272278,0.9936380601618784,1886.212890625,0.46050119400024414,0.0,0.3076803684234619
smol,coco_karpathy,final_quarter,False,4,0.5714285714285714,13,13,13,23,2.0,4096,0.001,False,1.1,1024,512,1200,0.14060506224632263,0.13877585515365354,0.14255441900968435,0.10205078125,0.1025390625,0.000732421875,0.001220703125,0.006797168869525194,0.13380789756774902,0.9182510713736672,359.03836051312527,0.28335896134376526,0.9144984483718872,0.9950200104118017,0.9924391445964516,0.9967654292424114,385.201171875,0.09404325485229492,0.896240234375,0.2824905216693878
smol,coco_karpathy,final_quarter,False,4,0.5714285714285714,13,13,13,23,2.0,4096,0.001,False,1.25,1024,512,1200,0.14060506224632263,0.13877585515365354,0.14255441900968435,0.10205078125,0.1025390625,0.000732421875,0.001220703125,0.006797168869525194,0.13380789756774902,0.9182510713736672,359.03836051312527,0.28335896134376526,0.9144984483718872,0.9950200104118017,0.9924391445964516,0.9967654292424114,385.201171875,0.09404325485229492,0.896240234375,0.2824905216693878
smol,coco_karpathy,final_quarter,False,4,0.5714285714285714,13,13,13,23,2.0,4096,0.001,False,1.5,1024,512,1200,0.14060506224632263,0.13877585515365354,0.14255441900968435,0.1015625,0.102294921875,0.000732421875,0.00146484375,0.006797168869525194,0.13380789756774902,0.9182510713736672,359.03836051312527,0.28335896134376526,0.9144984483718872,0.9950200104118017,0.9924391445964516,0.9967654292424114,385.201171875,0.09404325485229492,0.896240234375,0.2824905216693878
smol,coco_karpathy,final_quarter,False,4,0.5714285714285714,13,13,13,23,2.0,4096,0.001,True,1.1,1024,512,1200,0.46864086389541626,0.4649519988699467,0.47244171146594455,1.0,1.0,0.0,0.0,0.03172263130545616,0.4369182288646698,0.08719619842092174,3950.7159850677604,0.2968827188014984,0.3236134350299835,0.9967247187283238,0.8668200704371116,0.9920261333473762,1861.787109375,0.45453786849975586,0.0,0.29542261362075806
smol,coco_karpathy,final_quarter,False,4,0.5714285714285714,13,13,13,23,2.0,4096,0.001,True,1.25,1024,512,1200,0.46864086389541626,0.4649519988699467,0.47244171146594455,1.0,1.0,0.0,0.0,0.03172263130545616,0.4369182288646698,0.08719619842092174,3950.7159850677604,0.2968827188014984,0.3236134350299835,0.9967247187283238,0.8668200704371116,0.9920261333473762,1861.787109375,0.45453786849975586,0.0,0.29542261362075806
smol,coco_karpathy,final_quarter,False,4,0.5714285714285714,13,13,13,23,2.0,4096,0.001,True,1.5,1024,512,1200,0.46864086389541626,0.4649519988699467,0.47244171146594455,1.0,1.0,0.0,0.0,0.03172263130545616,0.4369182288646698,0.08719619842092174,3950.7159850677604,0.2968827188014984,0.3236134350299835,0.9967247187283238,0.8668200704371116,0.9920261333473762,1861.787109375,0.45453786849975586,0.0,0.29542261362075806
smol,coco_karpathy,final_quarter,False,4,0.5714285714285714,13,13,13,23,4.0,4096,0.0003,False,1.1,1024,512,1200,0.1406979113817215,0.1388711441642954,0.1426446348119498,0.10205078125,0.1025390625,0.000732421875,0.001220703125,0.006776058580726385,0.13392186164855957,0.9204933114392098,350.77637258439904,0.2801347076892853,0.9152750372886658,0.9932246667065036,0.9906304522888273,0.9969133993567738,382.671875,0.09342575073242188,0.896240234375,0.2794453501701355
smol,coco_karpathy,final_quarter,False,4,0.5714285714285714,13,13,13,23,4.0,4096,0.0003,False,1.25,1024,512,1200,0.1406979113817215,0.1388711441642954,0.1426446348119498,0.10205078125,0.1025390625,0.000732421875,0.001220703125,0.006776058580726385,0.13392186164855957,0.9204933114392098,350.77637258439904,0.2801347076892853,0.9152750372886658,0.9932246667065036,0.9906304522888273,0.9969133993567738,382.671875,0.09342575073242188,0.896240234375,0.2794453501701355
smol,coco_karpathy,final_quarter,False,4,0.5714285714285714,13,13,13,23,4.0,4096,0.0003,False,1.5,1024,512,1200,0.1406979113817215,0.1388711441642954,0.1426446348119498,0.1015625,0.102294921875,0.000732421875,0.00146484375,0.006776058580726385,0.13392186164855957,0.9204933114392098,350.77637258439904,0.2801347076892853,0.9152750372886658,0.9932246667065036,0.9906304522888273,0.9969133993567738,382.671875,0.09342575073242188,0.896240234375,0.2794453501701355
smol,coco_karpathy,final_quarter,False,4,0.5714285714285714,13,13,13,23,4.0,4096,0.0003,True,1.1,1024,512,1200,0.484686017036438,0.48095545316464267,0.4885882047907216,1.0,1.0,0.0,0.0,0.03243605047464371,0.45225000381469727,0.08091874533952739,3990.5977285981826,0.3087507486343384,0.32760313153266907,0.9969720005896897,0.8666316854272278,0.9936380601618784,1886.212890625,0.46050119400024414,0.0,0.3076803684234619
smol,coco_karpathy,final_quarter,False,4,0.5714285714285714,13,13,13,23,4.0,4096,0.0003,True,1.25,1024,512,1200,0.484686017036438,0.48095545316464267,0.4885882047907216,1.0,1.0,0.0,0.0,0.03243605047464371,0.45225000381469727,0.08091874533952739,3990.5977285981826,0.3087507486343384,0.32760313153266907,0.9969720005896897,0.8666316854272278,0.9936380601618784,1886.212890625,0.46050119400024414,0.0,0.3076803684234619
smol,coco_karpathy,final_quarter,False,4,0.5714285714285714,13,13,13,23,4.0,4096,0.0003,True,1.5,1024,512,1200,0.484686017036438,0.48095545316464267,0.4885882047907216,1.0,1.0,0.0,0.0,0.03243605047464371,0.45225000381469727,0.08091874533952739,3990.5977285981826,0.3087507486343384,0.32760313153266907,0.9969720005896897,0.8666316854272278,0.9936380601618784,1886.212890625,0.46050119400024414,0.0,0.3076803684234619
smol,coco_karpathy,final_quarter,False,4,0.5714285714285714,13,13,13,23,4.0,4096,0.001,False,1.1,1024,512,1200,0.14060506224632263,0.13877585515365354,0.14255441900968435,0.10205078125,0.1025390625,0.000732421875,0.001220703125,0.006797168869525194,0.13380789756774902,0.9182510713736672,359.03836051312527,0.28335896134376526,0.9144984483718872,0.9950200104118017,0.9924391445964516,0.9967654292424114,385.201171875,0.09404325485229492,0.896240234375,0.2824905216693878
smol,coco_karpathy,final_quarter,False,4,0.5714285714285714,13,13,13,23,4.0,4096,0.001,False,1.25,1024,512,1200,0.14060506224632263,0.13877585515365354,0.14255441900968435,0.10205078125,0.1025390625,0.000732421875,0.001220703125,0.006797168869525194,0.13380789756774902,0.9182510713736672,359.03836051312527,0.28335896134376526,0.9144984483718872,0.9950200104118017,0.9924391445964516,0.9967654292424114,385.201171875,0.09404325485229492,0.896240234375,0.2824905216693878
smol,coco_karpathy,final_quarter,False,4,0.5714285714285714,13,13,13,23,4.0,4096,0.001,False,1.5,1024,512,1200,0.14060506224632263,0.13877585515365354,0.14255441900968435,0.1015625,0.102294921875,0.000732421875,0.00146484375,0.006797168869525194,0.13380789756774902,0.9182510713736672,359.03836051312527,0.28335896134376526,0.9144984483718872,0.9950200104118017,0.9924391445964516,0.9967654292424114,385.201171875,0.09404325485229492,0.896240234375,0.2824905216693878
smol,coco_karpathy,final_quarter,False,4,0.5714285714285714,13,13,13,23,4.0,4096,0.001,True,1.1,1024,512,1200,0.46864086389541626,0.4649519988699467,0.47244171146594455,1.0,1.0,0.0,0.0,0.03172263130545616,0.4369182288646698,0.08719619842092174,3950.7159850677604,0.2968827188014984,0.3236134350299835,0.9967247187283238,0.8668200704371116,0.9920261333473762,1861.787109375,0.45453786849975586,0.0,0.29542261362075806
smol,coco_karpathy,final_quarter,False,4,0.5714285714285714,13,13,13,23,4.0,4096,0.001,True,1.25,1024,512,1200,0.46864086389541626,0.4649519988699467,0.47244171146594455,1.0,1.0,0.0,0.0,0.03172263130545616,0.4369182288646698,0.08719619842092174,3950.7159850677604,0.2968827188014984,0.3236134350299835,0.9967247187283238,0.8668200704371116,0.9920261333473762,1861.787109375,0.45453786849975586,0.0,0.29542261362075806
smol,coco_karpathy,final_quarter,False,4,0.5714285714285714,13,13,13,23,4.0,4096,0.001,True,1.5,1024,512,1200,0.46864086389541626,0.4649519988699467,0.47244171146594455,1.0,1.0,0.0,0.0,0.03172263130545616,0.4369182288646698,0.08719619842092174,3950.7159850677604,0.2968827188014984,0.3236134350299835,0.9967247187283238,0.8668200704371116,0.9920261333473762,1861.787109375,0.45453786849975586,0.0,0.29542261362075806
smol,coco_karpathy,final_quarter,False,4,0.5714285714285714,13,13,13,37,2.0,4096,0.0003,False,1.1,1024,512,1200,0.14346258342266083,0.14146769557119115,0.14530518585634128,0.104736328125,0.1044921875,0.00146484375,0.001220703125,0.006980931852012873,0.1364816576242447,0.9164042783823562,369.61419368285897,0.2930041253566742,0.9142466187477112,0.9950093302725684,0.9924463097374656,0.9975080203190246,391.75390625,0.0956430435180664,0.89404296875,0.2920380234718323
smol,coco_karpathy,final_quarter,False,4,0.5714285714285714,13,13,13,37,2.0,4096,0.0003,False,1.25,1024,512,1200,0.14346258342266083,0.14146769557119115,0.14530518585634128,0.104736328125,0.1044921875,0.00146484375,0.001220703125,0.006980931852012873,0.1364816576242447,0.9164042783823562,369.61419368285897,0.2930041253566742,0.9142466187477112,0.9950093302725684,0.9924463097374656,0.9975080203190246,391.75390625,0.0956430435180664,0.89404296875,0.2920380234718323
smol,coco_karpathy,final_quarter,False,4,0.5714285714285714,13,13,13,37,2.0,4096,0.0003,False,1.5,1024,512,1200,0.14346258342266083,0.14146769557119115,0.14530518585634128,0.104248046875,0.104248046875,0.00146484375,0.00146484375,0.006980931852012873,0.1364816576242447,0.9164042783823562,369.61419368285897,0.2930041253566742,0.9142466187477112,0.9950093302725684,0.9924463097374656,0.9975080203190246,391.75390625,0.0956430435180664,0.89404296875,0.2920380234718323
smol,coco_karpathy,final_quarter,False,4,0.5714285714285714,13,13,13,37,2.0,4096,0.0003,True,1.1,1024,512,1200,0.4794272184371948,0.4757619085299666,0.48295438585919326,1.0,1.0,0.0,0.0,0.032173529267311096,0.44725367426872253,0.08188255979592468,3983.4153247632007,0.30719947814941406,0.3278655707836151,0.9929303747008871,0.8632093259118149,0.9933828273024582,1878.84765625,0.45870304107666016,0.0,0.303673654794693
smol,coco_karpathy,final_quarter,False,4,0.5714285714285714,13,13,13,37,2.0,4096,0.0003,True,1.25,1024,512,1200,0.4794272184371948,0.4757619085299666,0.48295438585919326,1.0,1.0,0.0,0.0,0.032173529267311096,0.44725367426872253,0.08188255979592468,3983.4153247632007,0.30719947814941406,0.3278655707836151,0.9929303747008871,0.8632093259118149,0.9933828273024582,1878.84765625,0.45870304107666016,0.0,0.303673654794693
smol,coco_karpathy,final_quarter,False,4,0.5714285714285714,13,13,13,37,2.0,4096,0.0003,True,1.5,1024,512,1200,0.4794272184371948,0.4757619085299666,0.48295438585919326,1.0,1.0,0.0,0.0,0.032173529267311096,0.44725367426872253,0.08188255979592468,3983.4153247632007,0.30719947814941406,0.3278655707836151,0.9929303747008871,0.8632093259118149,0.9933828273024582,1878.84765625,0.45870304107666016,0.0,0.303673654794693
smol,coco_karpathy,final_quarter,False,4,0.5714285714285714,13,13,13,37,2.0,4096,0.001,False,1.1,1024,512,1200,0.1430789828300476,0.14109827685388154,0.14491352116456255,0.104736328125,0.1044921875,0.00146484375,0.001220703125,0.006966957822442055,0.1361120343208313,0.9163473321015952,369.83090878218815,0.2872697710990906,0.8957433104515076,0.9950045319784646,0.9924376994581513,0.9965612517228338,391.306640625,0.09553384780883789,0.89404296875,0.28637295961380005
smol,coco_karpathy,final_quarter,False,4,0.5714285714285714,13,13,13,37,2.0,4096,0.001,False,1.25,1024,512,1200,0.1430789828300476,0.14109827685388154,0.14491352116456255,0.104736328125,0.1044921875,0.00146484375,0.001220703125,0.006966957822442055,0.1361120343208313,0.9163473321015952,369.83090878218815,0.2872697710990906,0.8957433104515076,0.9950045319784646,0.9924376994581513,0.9965612517228338,391.306640625,0.09553384780883789,0.89404296875,0.28637295961380005
smol,coco_karpathy,final_quarter,False,4,0.5714285714285714,13,13,13,37,2.0,4096,0.001,False,1.5,1024,512,1200,0.1430789828300476,0.14109827685388154,0.14491352116456255,0.104248046875,0.104248046875,0.00146484375,0.00146484375,0.006966957822442055,0.1361120343208313,0.9163473321015952,369.83090878218815,0.2872697710990906,0.8957433104515076,0.9950045319784646,0.9924376994581513,0.9965612517228338,391.306640625,0.09553384780883789,0.89404296875,0.28637295961380005
smol,coco_karpathy,final_quarter,False,4,0.5714285714285714,13,13,13,37,2.0,4096,0.001,True,1.1,1024,512,1200,0.4687201678752899,0.4649351032610866,0.4719208796857856,1.0,1.0,0.0,0.0,0.03175397217273712,0.4369661808013916,0.0865648455367981,3970.533654540603,0.2984844446182251,0.3216359317302704,0.994413108464511,0.8653537206635866,0.9927483889560872,1862.49609375,0.4547109603881836,0.0,0.29548725485801697
smol,coco_karpathy,final_quarter,False,4,0.5714285714285714,13,13,13,37,2.0,4096,0.001,True,1.25,1024,512,1200,0.4687201678752899,0.4649351032610866,0.4719208796857856,1.0,1.0,0.0,0.0,0.03175397217273712,0.4369661808013916,0.0865648455367981,3970.533654540603,0.2984844446182251,0.3216359317302704,0.994413108464511,0.8653537206635866,0.9927483889560872,1862.49609375,0.4547109603881836,0.0,0.29548725485801697
smol,coco_karpathy,final_quarter,False,4,0.5714285714285714,13,13,13,37,2.0,4096,0.001,True,1.5,1024,512,1200,0.4687201678752899,0.4649351032610866,0.4719208796857856,1.0,1.0,0.0,0.0,0.03175397217273712,0.4369661808013916,0.0865648455367981,3970.533654540603,0.2984844446182251,0.3216359317302704,0.994413108464511,0.8653537206635866,0.9927483889560872,1862.49609375,0.4547109603881836,0.0,0.29548725485801697
smol,coco_karpathy,final_quarter,False,4,0.5714285714285714,13,13,13,37,4.0,4096,0.0003,False,1.1,1024,512,1200,0.14346258342266083,0.14146769557119115,0.14530518585634128,0.104736328125,0.1044921875,0.00146484375,0.001220703125,0.006980931852012873,0.1364816576242447,0.9164042783823562,369.61419368285897,0.2930041253566742,0.9142466187477112,0.9950093302725684,0.9924463097374656,0.9975080203190246,391.75390625,0.0956430435180664,0.89404296875,0.2920380234718323
smol,coco_karpathy,final_quarter,False,4,0.5714285714285714,13,13,13,37,4.0,4096,0.0003,False,1.25,1024,512,1200,0.14346258342266083,0.14146769557119115,0.14530518585634128,0.104736328125,0.1044921875,0.00146484375,0.001220703125,0.006980931852012873,0.1364816576242447,0.9164042783823562,369.61419368285897,0.2930041253566742,0.9142466187477112,0.9950093302725684,0.9924463097374656,0.9975080203190246,391.75390625,0.0956430435180664,0.89404296875,0.2920380234718323
smol,coco_karpathy,final_quarter,False,4,0.5714285714285714,13,13,13,37,4.0,4096,0.0003,False,1.5,1024,512,1200,0.14346258342266083,0.14146769557119115,0.14530518585634128,0.104248046875,0.104248046875,0.00146484375,0.00146484375,0.006980931852012873,0.1364816576242447,0.9164042783823562,369.61419368285897,0.2930041253566742,0.9142466187477112,0.9950093302725684,0.9924463097374656,0.9975080203190246,391.75390625,0.0956430435180664,0.89404296875,0.2920380234718323
smol,coco_karpathy,final_quarter,False,4,0.5714285714285714,13,13,13,37,4.0,4096,0.0003,True,1.1,1024,512,1200,0.4794272184371948,0.4757619085299666,0.48295438585919326,1.0,1.0,0.0,0.0,0.032173529267311096,0.44725367426872253,0.08188255979592468,3983.4153247632007,0.30719947814941406,0.3278655707836151,0.9929303747008871,0.8632093259118149,0.9933828273024582,1878.84765625,0.45870304107666016,0.0,0.303673654794693
smol,coco_karpathy,final_quarter,False,4,0.5714285714285714,13,13,13,37,4.0,4096,0.0003,True,1.25,1024,512,1200,0.4794272184371948,0.4757619085299666,0.48295438585919326,1.0,1.0,0.0,0.0,0.032173529267311096,0.44725367426872253,0.08188255979592468,3983.4153247632007,0.30719947814941406,0.3278655707836151,0.9929303747008871,0.8632093259118149,0.9933828273024582,1878.84765625,0.45870304107666016,0.0,0.303673654794693
smol,coco_karpathy,final_quarter,False,4,0.5714285714285714,13,13,13,37,4.0,4096,0.0003,True,1.5,1024,512,1200,0.4794272184371948,0.4757619085299666,0.48295438585919326,1.0,1.0,0.0,0.0,0.032173529267311096,0.44725367426872253,0.08188255979592468,3983.4153247632007,0.30719947814941406,0.3278655707836151,0.9929303747008871,0.8632093259118149,0.9933828273024582,1878.84765625,0.45870304107666016,0.0,0.303673654794693
smol,coco_karpathy,final_quarter,False,4,0.5714285714285714,13,13,13,37,4.0,4096,0.001,False,1.1,1024,512,1200,0.1430789828300476,0.14109827685388154,0.14491352116456255,0.104736328125,0.1044921875,0.00146484375,0.001220703125,0.006966957822442055,0.1361120343208313,0.9163473321015952,369.83090878218815,0.2872697710990906,0.8957433104515076,0.9950045319784646,0.9924376994581513,0.9965612517228338,391.306640625,0.09553384780883789,0.89404296875,0.28637295961380005
smol,coco_karpathy,final_quarter,False,4,0.5714285714285714,13,13,13,37,4.0,4096,0.001,False,1.25,1024,512,1200,0.1430789828300476,0.14109827685388154,0.14491352116456255,0.104736328125,0.1044921875,0.00146484375,0.001220703125,0.006966957822442055,0.1361120343208313,0.9163473321015952,369.83090878218815,0.2872697710990906,0.8957433104515076,0.9950045319784646,0.9924376994581513,0.9965612517228338,391.306640625,0.09553384780883789,0.89404296875,0.28637295961380005
smol,coco_karpathy,final_quarter,False,4,0.5714285714285714,13,13,13,37,4.0,4096,0.001,False,1.5,1024,512,1200,0.1430789828300476,0.14109827685388154,0.14491352116456255,0.104248046875,0.104248046875,0.00146484375,0.00146484375,0.006966957822442055,0.1361120343208313,0.9163473321015952,369.83090878218815,0.2872697710990906,0.8957433104515076,0.9950045319784646,0.9924376994581513,0.9965612517228338,391.306640625,0.09553384780883789,0.89404296875,0.28637295961380005
smol,coco_karpathy,final_quarter,False,4,0.5714285714285714,13,13,13,37,4.0,4096,0.001,True,1.1,1024,512,1200,0.4687201678752899,0.4649351032610866,0.4719208796857856,1.0,1.0,0.0,0.0,0.03175397217273712,0.4369661808013916,0.0865648455367981,3970.533654540603,0.2984844446182251,0.3216359317302704,0.994413108464511,0.8653537206635866,0.9927483889560872,1862.49609375,0.4547109603881836,0.0,0.29548725485801697
smol,coco_karpathy,final_quarter,False,4,0.5714285714285714,13,13,13,37,4.0,4096,0.001,True,1.25,1024,512,1200,0.4687201678752899,0.4649351032610866,0.4719208796857856,1.0,1.0,0.0,0.0,0.03175397217273712,0.4369661808013916,0.0865648455367981,3970.533654540603,0.2984844446182251,0.3216359317302704,0.994413108464511,0.8653537206635866,0.9927483889560872,1862.49609375,0.4547109603881836,0.0,0.29548725485801697
smol,coco_karpathy,final_quarter,False,4,0.5714285714285714,13,13,13,37,4.0,4096,0.001,True,1.5,1024,512,1200,0.4687201678752899,0.4649351032610866,0.4719208796857856,1.0,1.0,0.0,0.0,0.03175397217273712,0.4369661808013916,0.0865648455367981,3970.533654540603,0.2984844446182251,0.3216359317302704,0.994413108464511,0.8653537206635866,0.9927483889560872,1862.49609375,0.4547109603881836,0.0,0.29548725485801697
smol,coco_karpathy,final_quarter,False,5,0.7142857142857142,16,16,16,11,2.0,4096,0.0003,False,1.1,1024,512,1200,0.2280467450618744,0.22535449306378724,0.23076647231864628,0.11865234375,0.11865234375,0.000732421875,0.000732421875,0.012327712029218674,0.2157190442085266,0.9078752677380101,396.9531099261802,0.5292671322822571,1.4537984132766724,0.9963359686622629,0.9945836946224997,0.996989566796051,448.953125,0.10960769653320312,0.880859375,0.5286803841590881
smol,coco_karpathy,final_quarter,False,5,0.7142857142857142,16,16,16,11,2.0,4096,0.0003,False,1.25,1024,512,1200,0.2280467450618744,0.22535449306378724,0.23076647231864628,0.1181640625,0.118408203125,0.000732421875,0.0009765625,0.012327712029218674,0.2157190442085266,0.9078752677380101,396.9531099261802,0.5292671322822571,1.4537984132766724,0.9963359686622629,0.9945836946224997,0.996989566796051,448.953125,0.10960769653320312,0.880859375,0.5286803841590881
smol,coco_karpathy,final_quarter,False,5,0.7142857142857142,16,16,16,11,2.0,4096,0.0003,False,1.5,1024,512,1200,0.2280467450618744,0.22535449306378724,0.23076647231864628,0.1171875,0.117919921875,0.000732421875,0.00146484375,0.012327712029218674,0.2157190442085266,0.9078752677380101,396.9531099261802,0.5292671322822571,1.4537984132766724,0.9963359686622629,0.9945836946224997,0.996989566796051,448.953125,0.10960769653320312,0.880859375,0.5286803841590881
smol,coco_karpathy,final_quarter,False,5,0.7142857142857142,16,16,16,11,2.0,4096,0.0003,True,1.1,1024,512,1200,0.4733511209487915,0.4696953961843974,0.4769049243768677,1.0,1.0,0.0,0.0,0.03403797000646591,0.4393131732940674,0.08826327392133028,3967.823487678587,0.29800134897232056,0.3242456912994385,0.9958501271923309,0.8730710432490953,0.9923355589219023,1858.931640625,0.4538407325744629,0.0,0.2977234423160553
smol,coco_karpathy,final_quarter,False,5,0.7142857142857142,16,16,16,11,2.0,4096,0.0003,True,1.25,1024,512,1200,0.4733511209487915,0.4696953961843974,0.4769049243768677,1.0,1.0,0.0,0.0,0.03403797000646591,0.4393131732940674,0.08826327392133028,3967.823487678587,0.29800134897232056,0.3242456912994385,0.9958501271923309,0.8730710432490953,0.9923355589219023,1858.931640625,0.4538407325744629,0.0,0.2977234423160553
smol,coco_karpathy,final_quarter,False,5,0.7142857142857142,16,16,16,11,2.0,4096,0.0003,True,1.5,1024,512,1200,0.4733511209487915,0.4696953961843974,0.4769049243768677,1.0,1.0,0.0,0.0,0.03403797000646591,0.4393131732940674,0.08826327392133028,3967.823487678587,0.29800134897232056,0.3242456912994385,0.9958501271923309,0.8730710432490953,0.9923355589219023,1858.931640625,0.4538407325744629,0.0,0.2977234423160553
smol,coco_karpathy,final_quarter,False,5,0.7142857142857142,16,16,16,11,2.0,4096,0.001,False,1.1,1024,512,1200,0.22766095399856567,0.22496360195509624,0.23037855385482545,0.11865234375,0.11865234375,0.000732421875,0.000732421875,0.012313084676861763,0.21534785628318787,0.9077041341683607,397.547871488664,0.5277020931243896,1.4467099905014038,0.9964994522344718,0.9947393704445261,0.996901205945852,449.021484375,0.10962438583374023,0.880859375,0.5270912647247314
smol,coco_karpathy,final_quarter,False,5,0.7142857142857142,16,16,16,11,2.0,4096,0.001,False,1.25,1024,512,1200,0.22766095399856567,0.22496360195509624,0.23037855385482545,0.1181640625,0.118408203125,0.000732421875,0.0009765625,0.012313084676861763,0.21534785628318787,0.9077041341683607,397.547871488664,0.5277020931243896,1.4467099905014038,0.9964994522344718,0.9947393704445261,0.996901205945852,449.021484375,0.10962438583374023,0.880859375,0.5270912647247314
smol,coco_karpathy,final_quarter,False,5,0.7142857142857142,16,16,16,11,2.0,4096,0.001,False,1.5,1024,512,1200,0.22766095399856567,0.22496360195509624,0.23037855385482545,0.1171875,0.117919921875,0.000732421875,0.00146484375,0.012313084676861763,0.21534785628318787,0.9077041341683607,397.547871488664,0.5277020931243896,1.4467099905014038,0.9964994522344718,0.9947393704445261,0.996901205945852,449.021484375,0.10962438583374023,0.880859375,0.5270912647247314
smol,coco_karpathy,final_quarter,False,5,0.7142857142857142,16,16,16,11,2.0,4096,0.001,True,1.1,1024,512,1200,0.4686172902584076,0.4652980363985989,0.4721569836314302,1.0,1.0,0.0,0.0,0.03386504948139191,0.4347522556781769,0.0856950474583034,3981.3356304809868,0.2952580451965332,0.31925666332244873,0.9944747643253213,0.8716916344359722,0.9932696059490889,1857.359375,0.4534568786621094,0.0,0.29470929503440857
smol,coco_karpathy,final_quarter,False,5,0.7142857142857142,16,16,16,11,2.0,4096,0.001,True,1.25,1024,512,1200,0.4686172902584076,0.4652980363985989,0.4721569836314302,1.0,1.0,0.0,0.0,0.03386504948139191,0.4347522556781769,0.0856950474583034,3981.3356304809868,0.2952580451965332,0.31925666332244873,0.9944747643253213,0.8716916344359722,0.9932696059490889,1857.359375,0.4534568786621094,0.0,0.29470929503440857
smol,coco_karpathy,final_quarter,False,5,0.7142857142857142,16,16,16,11,2.0,4096,0.001,True,1.5,1024,512,1200,0.4686172902584076,0.4652980363985989,0.4721569836314302,1.0,1.0,0.0,0.0,0.03386504948139191,0.4347522556781769,0.0856950474583034,3981.3356304809868,0.2952580451965332,0.31925666332244873,0.9944747643253213,0.8716916344359722,0.9932696059490889,1857.359375,0.4534568786621094,0.0,0.29470929503440857
smol,coco_karpathy,final_quarter,False,5,0.7142857142857142,16,16,16,11,4.0,4096,0.0003,False,1.1,1024,512,1200,0.2280467450618744,0.22535449306378724,0.23076647231864628,0.11865234375,0.11865234375,0.000732421875,0.000732421875,0.012327712029218674,0.2157190442085266,0.9078752677380101,396.9531099261802,0.5292671322822571,1.4537984132766724,0.9963359686622629,0.9945836946224997,0.996989566796051,448.953125,0.10960769653320312,0.880859375,0.5286803841590881
smol,coco_karpathy,final_quarter,False,5,0.7142857142857142,16,16,16,11,4.0,4096,0.0003,False,1.25,1024,512,1200,0.2280467450618744,0.22535449306378724,0.23076647231864628,0.1181640625,0.118408203125,0.000732421875,0.0009765625,0.012327712029218674,0.2157190442085266,0.9078752677380101,396.9531099261802,0.5292671322822571,1.4537984132766724,0.9963359686622629,0.9945836946224997,0.996989566796051,448.953125,0.10960769653320312,0.880859375,0.5286803841590881
smol,coco_karpathy,final_quarter,False,5,0.7142857142857142,16,16,16,11,4.0,4096,0.0003,False,1.5,1024,512,1200,0.2280467450618744,0.22535449306378724,0.23076647231864628,0.1171875,0.117919921875,0.000732421875,0.00146484375,0.012327712029218674,0.2157190442085266,0.9078752677380101,396.9531099261802,0.5292671322822571,1.4537984132766724,0.9963359686622629,0.9945836946224997,0.996989566796051,448.953125,0.10960769653320312,0.880859375,0.5286803841590881
smol,coco_karpathy,final_quarter,False,5,0.7142857142857142,16,16,16,11,4.0,4096,0.0003,True,1.1,1024,512,1200,0.4733511209487915,0.4696953961843974,0.4769049243768677,1.0,1.0,0.0,0.0,0.03403797000646591,0.4393131732940674,0.08826327392133028,3967.823487678587,0.29800134897232056,0.3242456912994385,0.9958501271923309,0.8730710432490953,0.9923355589219023,1858.931640625,0.4538407325744629,0.0,0.2977234423160553
smol,coco_karpathy,final_quarter,False,5,0.7142857142857142,16,16,16,11,4.0,4096,0.0003,True,1.25,1024,512,1200,0.4733511209487915,0.4696953961843974,0.4769049243768677,1.0,1.0,0.0,0.0,0.03403797000646591,0.4393131732940674,0.08826327392133028,3967.823487678587,0.29800134897232056,0.3242456912994385,0.9958501271923309,0.8730710432490953,0.9923355589219023,1858.931640625,0.4538407325744629,0.0,0.2977234423160553
smol,coco_karpathy,final_quarter,False,5,0.7142857142857142,16,16,16,11,4.0,4096,0.0003,True,1.5,1024,512,1200,0.4733511209487915,0.4696953961843974,0.4769049243768677,1.0,1.0,0.0,0.0,0.03403797000646591,0.4393131732940674,0.08826327392133028,3967.823487678587,0.29800134897232056,0.3242456912994385,0.9958501271923309,0.8730710432490953,0.9923355589219023,1858.931640625,0.4538407325744629,0.0,0.2977234423160553
smol,coco_karpathy,final_quarter,False,5,0.7142857142857142,16,16,16,11,4.0,4096,0.001,False,1.1,1024,512,1200,0.22766095399856567,0.22496360195509624,0.23037855385482545,0.11865234375,0.11865234375,0.000732421875,0.000732421875,0.012313084676861763,0.21534785628318787,0.9077041341683607,397.547871488664,0.5277020931243896,1.4467099905014038,0.9964994522344718,0.9947393704445261,0.996901205945852,449.021484375,0.10962438583374023,0.880859375,0.5270912647247314
smol,coco_karpathy,final_quarter,False,5,0.7142857142857142,16,16,16,11,4.0,4096,0.001,False,1.25,1024,512,1200,0.22766095399856567,0.22496360195509624,0.23037855385482545,0.1181640625,0.118408203125,0.000732421875,0.0009765625,0.012313084676861763,0.21534785628318787,0.9077041341683607,397.547871488664,0.5277020931243896,1.4467099905014038,0.9964994522344718,0.9947393704445261,0.996901205945852,449.021484375,0.10962438583374023,0.880859375,0.5270912647247314
smol,coco_karpathy,final_quarter,False,5,0.7142857142857142,16,16,16,11,4.0,4096,0.001,False,1.5,1024,512,1200,0.22766095399856567,0.22496360195509624,0.23037855385482545,0.1171875,0.117919921875,0.000732421875,0.00146484375,0.012313084676861763,0.21534785628318787,0.9077041341683607,397.547871488664,0.5277020931243896,1.4467099905014038,0.9964994522344718,0.9947393704445261,0.996901205945852,449.021484375,0.10962438583374023,0.880859375,0.5270912647247314
smol,coco_karpathy,final_quarter,False,5,0.7142857142857142,16,16,16,11,4.0,4096,0.001,True,1.1,1024,512,1200,0.4686172902584076,0.4652980363985989,0.4721569836314302,1.0,1.0,0.0,0.0,0.03386504948139191,0.4347522556781769,0.0856950474583034,3981.3356304809868,0.2952580451965332,0.31925666332244873,0.9944747643253213,0.8716916344359722,0.9932696059490889,1857.359375,0.4534568786621094,0.0,0.29470929503440857
smol,coco_karpathy,final_quarter,False,5,0.7142857142857142,16,16,16,11,4.0,4096,0.001,True,1.25,1024,512,1200,0.4686172902584076,0.4652980363985989,0.4721569836314302,1.0,1.0,0.0,0.0,0.03386504948139191,0.4347522556781769,0.0856950474583034,3981.3356304809868,0.2952580451965332,0.31925666332244873,0.9944747643253213,0.8716916344359722,0.9932696059490889,1857.359375,0.4534568786621094,0.0,0.29470929503440857
smol,coco_karpathy,final_quarter,False,5,0.7142857142857142,16,16,16,11,4.0,4096,0.001,True,1.5,1024,512,1200,0.4686172902584076,0.4652980363985989,0.4721569836314302,1.0,1.0,0.0,0.0,0.03386504948139191,0.4347522556781769,0.0856950474583034,3981.3356304809868,0.2952580451965332,0.31925666332244873,0.9944747643253213,0.8716916344359722,0.9932696059490889,1857.359375,0.4534568786621094,0.0,0.29470929503440857
smol,coco_karpathy,final_quarter,False,5,0.7142857142857142,16,16,16,23,2.0,4096,0.0003,False,1.1,1024,512,1200,0.2283388376235962,0.2255193952267291,0.231432978130033,0.114501953125,0.11474609375,0.000732421875,0.0009765625,0.012302257120609283,0.2160365730524063,0.9097056605642708,398.2728562579275,0.540492057800293,1.460231065750122,0.9956925646411782,0.9939029946794855,0.9964937288411443,438.126953125,0.1069645881652832,0.884521484375,0.5403474569320679
smol,coco_karpathy,final_quarter,False,5,0.7142857142857142,16,16,16,23,2.0,4096,0.0003,False,1.25,1024,512,1200,0.2283388376235962,0.2255193952267291,0.231432978130033,0.114013671875,0.114501953125,0.000732421875,0.001220703125,0.012302257120609283,0.2160365730524063,0.9097056605642708,398.2728562579275,0.540492057800293,1.460231065750122,0.9956925646411782,0.9939029946794855,0.9964937288411443,438.126953125,0.1069645881652832,0.884521484375,0.5403474569320679
smol,coco_karpathy,final_quarter,False,5,0.7142857142857142,16,16,16,23,2.0,4096,0.0003,False,1.5,1024,512,1200,0.2283388376235962,0.2255193952267291,0.231432978130033,0.114013671875,0.114501953125,0.000732421875,0.001220703125,0.012302257120609283,0.2160365730524063,0.9097056605642708,398.2728562579275,0.540492057800293,1.460231065750122,0.9956925646411782,0.9939029946794855,0.9964937288411443,438.126953125,0.1069645881652832,0.884521484375,0.5403474569320679
smol,coco_karpathy,final_quarter,False,5,0.7142857142857142,16,16,16,23,2.0,4096,0.0003,True,1.1,1024,512,1200,0.4737533926963806,0.4703846589109162,0.4772572412737645,1.0,1.0,0.0,0.0,0.034142088145017624,0.4396112859249115,0.0869976445681835,3967.333664776279,0.2996090352535248,0.3279898464679718,0.9948638057915066,0.871663689826361,0.9954338946813908,1861.86328125,0.4545564651489258,0.0,0.2984544038772583
smol,coco_karpathy,final_quarter,False,5,0.7142857142857142,16,16,16,23,2.0,4096,0.0003,True,1.25,1024,512,1200,0.4737533926963806,0.4703846589109162,0.4772572412737645,1.0,1.0,0.0,0.0,0.034142088145017624,0.4396112859249115,0.0869976445681835,3967.333664776279,0.2996090352535248,0.3279898464679718,0.9948638057915066,0.871663689826361,0.9954338946813908,1861.86328125,0.4545564651489258,0.0,0.2984544038772583
smol,coco_karpathy,final_quarter,False,5,0.7142857142857142,16,16,16,23,2.0,4096,0.0003,True,1.5,1024,512,1200,0.4737533926963806,0.4703846589109162,0.4772572412737645,1.0,1.0,0.0,0.0,0.034142088145017624,0.4396112859249115,0.0869976445681835,3967.333664776279,0.2996090352535248,0.3279898464679718,0.9948638057915066,0.871663689826361,0.9954338946813908,1861.86328125,0.4545564651489258,0.0,0.2984544038772583
smol,coco_karpathy,final_quarter,False,5,0.7142857142857142,16,16,16,23,2.0,4096,0.001,False,1.1,1024,512,1200,0.2276967167854309,0.22489863533992321,0.2307799471236649,0.11474609375,0.11474609375,0.000732421875,0.000732421875,0.012275155633687973,0.21542155742645264,0.9092958618283393,398.8853880250341,0.5242857336997986,1.449654459953308,0.9964003224060326,0.9946331135443902,0.99668280866417,437.9609375,0.10692405700683594,0.884765625,0.524029552936554
smol,coco_karpathy,final_quarter,False,5,0.7142857142857142,16,16,16,23,2.0,4096,0.001,False,1.25,1024,512,1200,0.2276967167854309,0.22489863533992321,0.2307799471236649,0.1142578125,0.114501953125,0.000732421875,0.0009765625,0.012275155633687973,0.21542155742645264,0.9092958618283393,398.8853880250341,0.5242857336997986,1.449654459953308,0.9964003224060326,0.9946331135443902,0.99668280866417,437.9609375,0.10692405700683594,0.884765625,0.524029552936554
smol,coco_karpathy,final_quarter,False,5,0.7142857142857142,16,16,16,23,2.0,4096,0.001,False,1.5,1024,512,1200,0.2276967167854309,0.22489863533992321,0.2307799471236649,0.1142578125,0.114501953125,0.000732421875,0.0009765625,0.012275155633687973,0.21542155742645264,0.9092958618283393,398.8853880250341,0.5242857336997986,1.449654459953308,0.9964003224060326,0.9946331135443902,0.99668280866417,437.9609375,0.10692405700683594,0.884765625,0.524029552936554
smol,coco_karpathy,final_quarter,False,5,0.7142857142857142,16,16,16,23,2.0,4096,0.001,True,1.1,1024,512,1200,0.4731520414352417,0.46973715670901584,0.4768504723542719,1.0,1.0,0.0,0.0,0.033916257321834564,0.43923577666282654,0.09107600163285891,3944.844284505088,0.2992948889732361,0.32329249382019043,0.9922178835835862,0.8702582317004931,0.9940663899495268,1856.564453125,0.4532628059387207,0.0,0.29771503806114197
smol,coco_karpathy,final_quarter,False,5,0.7142857142857142,16,16,16,23,2.0,4096,0.001,True,1.25,1024,512,1200,0.4731520414352417,0.46973715670901584,0.4768504723542719,1.0,1.0,0.0,0.0,0.033916257321834564,0.43923577666282654,0.09107600163285891,3944.844284505088,0.2992948889732361,0.32329249382019043,0.9922178835835862,0.8702582317004931,0.9940663899495268,1856.564453125,0.4532628059387207,0.0,0.29771503806114197
smol,coco_karpathy,final_quarter,False,5,0.7142857142857142,16,16,16,23,2.0,4096,0.001,True,1.5,1024,512,1200,0.4731520414352417,0.46973715670901584,0.4768504723542719,1.0,1.0,0.0,0.0,0.033916257321834564,0.43923577666282654,0.09107600163285891,3944.844284505088,0.2992948889732361,0.32329249382019043,0.9922178835835862,0.8702582317004931,0.9940663899495268,1856.564453125,0.4532628059387207,0.0,0.29771503806114197
smol,coco_karpathy,final_quarter,False,5,0.7142857142857142,16,16,16,23,4.0,4096,0.0003,False,1.1,1024,512,1200,0.2283388376235962,0.2255193952267291,0.231432978130033,0.114501953125,0.11474609375,0.000732421875,0.0009765625,0.012302257120609283,0.2160365730524063,0.9097056605642708,398.2728562579275,0.540492057800293,1.460231065750122,0.9956925646411782,0.9939029946794855,0.9964937288411443,438.126953125,0.1069645881652832,0.884521484375,0.5403474569320679
smol,coco_karpathy,final_quarter,False,5,0.7142857142857142,16,16,16,23,4.0,4096,0.0003,False,1.25,1024,512,1200,0.2283388376235962,0.2255193952267291,0.231432978130033,0.114013671875,0.114501953125,0.000732421875,0.001220703125,0.012302257120609283,0.2160365730524063,0.9097056605642708,398.2728562579275,0.540492057800293,1.460231065750122,0.9956925646411782,0.9939029946794855,0.9964937288411443,438.126953125,0.1069645881652832,0.884521484375,0.5403474569320679
smol,coco_karpathy,final_quarter,False,5,0.7142857142857142,16,16,16,23,4.0,4096,0.0003,False,1.5,1024,512,1200,0.2283388376235962,0.2255193952267291,0.231432978130033,0.114013671875,0.114501953125,0.000732421875,0.001220703125,0.012302257120609283,0.2160365730524063,0.9097056605642708,398.2728562579275,0.540492057800293,1.460231065750122,0.9956925646411782,0.9939029946794855,0.9964937288411443,438.126953125,0.1069645881652832,0.884521484375,0.5403474569320679
smol,coco_karpathy,final_quarter,False,5,0.7142857142857142,16,16,16,23,4.0,4096,0.0003,True,1.1,1024,512,1200,0.4737533926963806,0.4703846589109162,0.4772572412737645,1.0,1.0,0.0,0.0,0.034142088145017624,0.4396112859249115,0.0869976445681835,3967.333664776279,0.2996090352535248,0.3279898464679718,0.9948638057915066,0.871663689826361,0.9954338946813908,1861.86328125,0.4545564651489258,0.0,0.2984544038772583
smol,coco_karpathy,final_quarter,False,5,0.7142857142857142,16,16,16,23,4.0,4096,0.0003,True,1.25,1024,512,1200,0.4737533926963806,0.4703846589109162,0.4772572412737645,1.0,1.0,0.0,0.0,0.034142088145017624,0.4396112859249115,0.0869976445681835,3967.333664776279,0.2996090352535248,0.3279898464679718,0.9948638057915066,0.871663689826361,0.9954338946813908,1861.86328125,0.4545564651489258,0.0,0.2984544038772583
smol,coco_karpathy,final_quarter,False,5,0.7142857142857142,16,16,16,23,4.0,4096,0.0003,True,1.5,1024,512,1200,0.4737533926963806,0.4703846589109162,0.4772572412737645,1.0,1.0,0.0,0.0,0.034142088145017624,0.4396112859249115,0.0869976445681835,3967.333664776279,0.2996090352535248,0.3279898464679718,0.9948638057915066,0.871663689826361,0.9954338946813908,1861.86328125,0.4545564651489258,0.0,0.2984544038772583
smol,coco_karpathy,final_quarter,False,5,0.7142857142857142,16,16,16,23,4.0,4096,0.001,False,1.1,1024,512,1200,0.2276967167854309,0.22489863533992321,0.2307799471236649,0.11474609375,0.11474609375,0.000732421875,0.000732421875,0.012275155633687973,0.21542155742645264,0.9092958618283393,398.8853880250341,0.5242857336997986,1.449654459953308,0.9964003224060326,0.9946331135443902,0.99668280866417,437.9609375,0.10692405700683594,0.884765625,0.524029552936554
smol,coco_karpathy,final_quarter,False,5,0.7142857142857142,16,16,16,23,4.0,4096,0.001,False,1.25,1024,512,1200,0.2276967167854309,0.22489863533992321,0.2307799471236649,0.1142578125,0.114501953125,0.000732421875,0.0009765625,0.012275155633687973,0.21542155742645264,0.9092958618283393,398.8853880250341,0.5242857336997986,1.449654459953308,0.9964003224060326,0.9946331135443902,0.99668280866417,437.9609375,0.10692405700683594,0.884765625,0.524029552936554
smol,coco_karpathy,final_quarter,False,5,0.7142857142857142,16,16,16,23,4.0,4096,0.001,False,1.5,1024,512,1200,0.2276967167854309,0.22489863533992321,0.2307799471236649,0.1142578125,0.114501953125,0.000732421875,0.0009765625,0.012275155633687973,0.21542155742645264,0.9092958618283393,398.8853880250341,0.5242857336997986,1.449654459953308,0.9964003224060326,0.9946331135443902,0.99668280866417,437.9609375,0.10692405700683594,0.884765625,0.524029552936554
smol,coco_karpathy,final_quarter,False,5,0.7142857142857142,16,16,16,23,4.0,4096,0.001,True,1.1,1024,512,1200,0.4731520414352417,0.46973715670901584,0.4768504723542719,1.0,1.0,0.0,0.0,0.033916257321834564,0.43923577666282654,0.09107600163285891,3944.844284505088,0.2992948889732361,0.32329249382019043,0.9922178835835862,0.8702582317004931,0.9940663899495268,1856.564453125,0.4532628059387207,0.0,0.29771503806114197
smol,coco_karpathy,final_quarter,False,5,0.7142857142857142,16,16,16,23,4.0,4096,0.001,True,1.25,1024,512,1200,0.4731520414352417,0.46973715670901584,0.4768504723542719,1.0,1.0,0.0,0.0,0.033916257321834564,0.43923577666282654,0.09107600163285891,3944.844284505088,0.2992948889732361,0.32329249382019043,0.9922178835835862,0.8702582317004931,0.9940663899495268,1856.564453125,0.4532628059387207,0.0,0.29771503806114197
smol,coco_karpathy,final_quarter,False,5,0.7142857142857142,16,16,16,23,4.0,4096,0.001,True,1.5,1024,512,1200,0.4731520414352417,0.46973715670901584,0.4768504723542719,1.0,1.0,0.0,0.0,0.033916257321834564,0.43923577666282654,0.09107600163285891,3944.844284505088,0.2992948889732361,0.32329249382019043,0.9922178835835862,0.8702582317004931,0.9940663899495268,1856.564453125,0.4532628059387207,0.0,0.29771503806114197
smol,coco_karpathy,final_quarter,False,5,0.7142857142857142,16,16,16,37,2.0,4096,0.0003,False,1.1,1024,512,1200,0.23131318390369415,0.22813815511763097,0.23429121757217217,0.1201171875,0.119873046875,0.00048828125,0.000244140625,0.012485520914196968,0.21882766485214233,0.9043440785756699,419.4877874706406,0.5349288582801819,1.4538793563842773,0.9965689208174997,0.9947866809915646,0.9969528227071969,465.203125,0.11357498168945312,0.880126953125,0.5345973372459412
smol,coco_karpathy,final_quarter,False,5,0.7142857142857142,16,16,16,37,2.0,4096,0.0003,False,1.25,1024,512,1200,0.23131318390369415,0.22813815511763097,0.23429121757217217,0.1201171875,0.119873046875,0.00048828125,0.000244140625,0.012485520914196968,0.21882766485214233,0.9043440785756699,419.4877874706406,0.5349288582801819,1.4538793563842773,0.9965689208174997,0.9947866809915646,0.9969528227071969,465.203125,0.11357498168945312,0.880126953125,0.5345973372459412
smol,coco_karpathy,final_quarter,False,5,0.7142857142857142,16,16,16,37,2.0,4096,0.0003,False,1.5,1024,512,1200,0.23131318390369415,0.22813815511763097,0.23429121757217217,0.11962890625,0.11962890625,0.00048828125,0.00048828125,0.012485520914196968,0.21882766485214233,0.9043440785756699,419.4877874706406,0.5349288582801819,1.4538793563842773,0.9965689208174997,0.9947866809915646,0.9969528227071969,465.203125,0.11357498168945312,0.880126953125,0.5345973372459412
smol,coco_karpathy,final_quarter,False,5,0.7142857142857142,16,16,16,37,2.0,4096,0.0003,True,1.1,1024,512,1200,0.4815051257610321,0.47750427073187895,0.4853310280755977,1.0,1.0,0.0,0.0,0.03431117534637451,0.4471939206123352,0.084461756401063,3980.5314333432484,0.304767906665802,0.3269113302230835,0.9966983156989372,0.8733001390943458,0.9947546520138085,1871.685546875,0.4569544792175293,0.0,0.3043116331100464
smol,coco_karpathy,final_quarter,False,5,0.7142857142857142,16,16,16,37,2.0,4096,0.0003,True,1.25,1024,512,1200,0.4815051257610321,0.47750427073187895,0.4853310280755977,1.0,1.0,0.0,0.0,0.03431117534637451,0.4471939206123352,0.084461756401063,3980.5314333432484,0.304767906665802,0.3269113302230835,0.9966983156989372,0.8733001390943458,0.9947546520138085,1871.685546875,0.4569544792175293,0.0,0.3043116331100464
smol,coco_karpathy,final_quarter,False,5,0.7142857142857142,16,16,16,37,2.0,4096,0.0003,True,1.5,1024,512,1200,0.4815051257610321,0.47750427073187895,0.4853310280755977,1.0,1.0,0.0,0.0,0.03431117534637451,0.4471939206123352,0.084461756401063,3980.5314333432484,0.304767906665802,0.3269113302230835,0.9966983156989372,0.8733001390943458,0.9947546520138085,1871.685546875,0.4569544792175293,0.0,0.3043116331100464
smol,coco_karpathy,final_quarter,False,5,0.7142857142857142,16,16,16,37,2.0,4096,0.001,False,1.1,1024,512,1200,0.23112770915031433,0.2279586301629024,0.23407312734416336,0.119873046875,0.11962890625,0.00048828125,0.000244140625,0.012483790516853333,0.218643918633461,0.9052362933156058,415.9261217948819,0.5423450469970703,1.452274203300476,0.9960298974526105,0.9942333152868246,0.9968616194887936,464.03515625,0.11328983306884766,0.88037109375,0.5417100787162781
smol,coco_karpathy,final_quarter,False,5,0.7142857142857142,16,16,16,37,2.0,4096,0.001,False,1.25,1024,512,1200,0.23112770915031433,0.2279586301629024,0.23407312734416336,0.119873046875,0.11962890625,0.00048828125,0.000244140625,0.012483790516853333,0.218643918633461,0.9052362933156058,415.9261217948819,0.5423450469970703,1.452274203300476,0.9960298974526105,0.9942333152868246,0.9968616194887936,464.03515625,0.11328983306884766,0.88037109375,0.5417100787162781
smol,coco_karpathy,final_quarter,False,5,0.7142857142857142,16,16,16,37,2.0,4096,0.001,False,1.5,1024,512,1200,0.23112770915031433,0.2279586301629024,0.23407312734416336,0.119384765625,0.119384765625,0.00048828125,0.00048828125,0.012483790516853333,0.218643918633461,0.9052362933156058,415.9261217948819,0.5423450469970703,1.452274203300476,0.9960298974526105,0.9942333152868246,0.9968616194887936,464.03515625,0.11328983306884766,0.88037109375,0.5417100787162781
smol,coco_karpathy,final_quarter,False,5,0.7142857142857142,16,16,16,37,2.0,4096,0.001,True,1.1,1024,512,1200,0.46909740567207336,0.4652221777883824,0.47278666793426966,1.0,1.0,0.0,0.0,0.03385670483112335,0.4352406859397888,0.08408088625973946,3987.482489350362,0.2957511246204376,0.32039594650268555,0.996859085173175,0.8731012651533909,0.9937597136979334,1859.3203125,0.4539356231689453,0.0,0.2952776253223419
smol,coco_karpathy,final_quarter,False,5,0.7142857142857142,16,16,16,37,2.0,4096,0.001,True,1.25,1024,512,1200,0.46909740567207336,0.4652221777883824,0.47278666793426966,1.0,1.0,0.0,0.0,0.03385670483112335,0.4352406859397888,0.08408088625973946,3987.482489350362,0.2957511246204376,0.32039594650268555,0.996859085173175,0.8731012651533909,0.9937597136979334,1859.3203125,0.4539356231689453,0.0,0.2952776253223419
smol,coco_karpathy,final_quarter,False,5,0.7142857142857142,16,16,16,37,2.0,4096,0.001,True,1.5,1024,512,1200,0.46909740567207336,0.4652221777883824,0.47278666793426966,1.0,1.0,0.0,0.0,0.03385670483112335,0.4352406859397888,0.08408088625973946,3987.482489350362,0.2957511246204376,0.32039594650268555,0.996859085173175,0.8731012651533909,0.9937597136979334,1859.3203125,0.4539356231689453,0.0,0.2952776253223419
smol,coco_karpathy,final_quarter,False,5,0.7142857142857142,16,16,16,37,4.0,4096,0.0003,False,1.1,1024,512,1200,0.23131318390369415,0.22813815511763097,0.23429121757217217,0.1201171875,0.119873046875,0.00048828125,0.000244140625,0.012485520914196968,0.21882766485214233,0.9043440785756699,419.4877874706406,0.5349288582801819,1.4538793563842773,0.9965689208174997,0.9947866809915646,0.9969528227071969,465.203125,0.11357498168945312,0.880126953125,0.5345973372459412
smol,coco_karpathy,final_quarter,False,5,0.7142857142857142,16,16,16,37,4.0,4096,0.0003,False,1.25,1024,512,1200,0.23131318390369415,0.22813815511763097,0.23429121757217217,0.1201171875,0.119873046875,0.00048828125,0.000244140625,0.012485520914196968,0.21882766485214233,0.9043440785756699,419.4877874706406,0.5349288582801819,1.4538793563842773,0.9965689208174997,0.9947866809915646,0.9969528227071969,465.203125,0.11357498168945312,0.880126953125,0.5345973372459412
smol,coco_karpathy,final_quarter,False,5,0.7142857142857142,16,16,16,37,4.0,4096,0.0003,False,1.5,1024,512,1200,0.23131318390369415,0.22813815511763097,0.23429121757217217,0.11962890625,0.11962890625,0.00048828125,0.00048828125,0.012485520914196968,0.21882766485214233,0.9043440785756699,419.4877874706406,0.5349288582801819,1.4538793563842773,0.9965689208174997,0.9947866809915646,0.9969528227071969,465.203125,0.11357498168945312,0.880126953125,0.5345973372459412
smol,coco_karpathy,final_quarter,False,5,0.7142857142857142,16,16,16,37,4.0,4096,0.0003,True,1.1,1024,512,1200,0.4815051257610321,0.47750427073187895,0.4853310280755977,1.0,1.0,0.0,0.0,0.03431117534637451,0.4471939206123352,0.084461756401063,3980.5314333432484,0.304767906665802,0.3269113302230835,0.9966983156989372,0.8733001390943458,0.9947546520138085,1871.685546875,0.4569544792175293,0.0,0.3043116331100464
smol,coco_karpathy,final_quarter,False,5,0.7142857142857142,16,16,16,37,4.0,4096,0.0003,True,1.25,1024,512,1200,0.4815051257610321,0.47750427073187895,0.4853310280755977,1.0,1.0,0.0,0.0,0.03431117534637451,0.4471939206123352,0.084461756401063,3980.5314333432484,0.304767906665802,0.3269113302230835,0.9966983156989372,0.8733001390943458,0.9947546520138085,1871.685546875,0.4569544792175293,0.0,0.3043116331100464
smol,coco_karpathy,final_quarter,False,5,0.7142857142857142,16,16,16,37,4.0,4096,0.0003,True,1.5,1024,512,1200,0.4815051257610321,0.47750427073187895,0.4853310280755977,1.0,1.0,0.0,0.0,0.03431117534637451,0.4471939206123352,0.084461756401063,3980.5314333432484,0.304767906665802,0.3269113302230835,0.9966983156989372,0.8733001390943458,0.9947546520138085,1871.685546875,0.4569544792175293,0.0,0.3043116331100464
smol,coco_karpathy,final_quarter,False,5,0.7142857142857142,16,16,16,37,4.0,4096,0.001,False,1.1,1024,512,1200,0.23112770915031433,0.2279586301629024,0.23407312734416336,0.119873046875,0.11962890625,0.00048828125,0.000244140625,0.012483790516853333,0.218643918633461,0.9052362933156058,415.9261217948819,0.5423450469970703,1.452274203300476,0.9960298974526105,0.9942333152868246,0.9968616194887936,464.03515625,0.11328983306884766,0.88037109375,0.5417100787162781
smol,coco_karpathy,final_quarter,False,5,0.7142857142857142,16,16,16,37,4.0,4096,0.001,False,1.25,1024,512,1200,0.23112770915031433,0.2279586301629024,0.23407312734416336,0.119873046875,0.11962890625,0.00048828125,0.000244140625,0.012483790516853333,0.218643918633461,0.9052362933156058,415.9261217948819,0.5423450469970703,1.452274203300476,0.9960298974526105,0.9942333152868246,0.9968616194887936,464.03515625,0.11328983306884766,0.88037109375,0.5417100787162781
smol,coco_karpathy,final_quarter,False,5,0.7142857142857142,16,16,16,37,4.0,4096,0.001,False,1.5,1024,512,1200,0.23112770915031433,0.2279586301629024,0.23407312734416336,0.119384765625,0.119384765625,0.00048828125,0.00048828125,0.012483790516853333,0.218643918633461,0.9052362933156058,415.9261217948819,0.5423450469970703,1.452274203300476,0.9960298974526105,0.9942333152868246,0.9968616194887936,464.03515625,0.11328983306884766,0.88037109375,0.5417100787162781
smol,coco_karpathy,final_quarter,False,5,0.7142857142857142,16,16,16,37,4.0,4096,0.001,True,1.1,1024,512,1200,0.46909740567207336,0.4652221777883824,0.47278666793426966,1.0,1.0,0.0,0.0,0.03385670483112335,0.4352406859397888,0.08408088625973946,3987.482489350362,0.2957511246204376,0.32039594650268555,0.996859085173175,0.8731012651533909,0.9937597136979334,1859.3203125,0.4539356231689453,0.0,0.2952776253223419
smol,coco_karpathy,final_quarter,False,5,0.7142857142857142,16,16,16,37,4.0,4096,0.001,True,1.25,1024,512,1200,0.46909740567207336,0.4652221777883824,0.47278666793426966,1.0,1.0,0.0,0.0,0.03385670483112335,0.4352406859397888,0.08408088625973946,3987.482489350362,0.2957511246204376,0.32039594650268555,0.996859085173175,0.8731012651533909,0.9937597136979334,1859.3203125,0.4539356231689453,0.0,0.2952776253223419
smol,coco_karpathy,final_quarter,False,5,0.7142857142857142,16,16,16,37,4.0,4096,0.001,True,1.5,1024,512,1200,0.46909740567207336,0.4652221777883824,0.47278666793426966,1.0,1.0,0.0,0.0,0.03385670483112335,0.4352406859397888,0.08408088625973946,3987.482489350362,0.2957511246204376,0.32039594650268555,0.996859085173175,0.8731012651533909,0.9937597136979334,1859.3203125,0.4539356231689453,0.0,0.2952776253223419
smol,coco_karpathy,final_quarter,False,6,0.8571428571428571,20,20,20,11,2.0,4096,0.0003,False,1.1,1024,512,1200,0.6942307949066162,0.6868004988209577,0.7028002872568322,0.159912109375,0.161376953125,0.00048828125,0.001953125,0.042736027389764786,0.6514947414398193,0.8730710231830193,565.0678018578807,1.3992364406585693,4.37915563583374,0.9965524462410771,0.9934337024424259,0.9980793177851429,612.640625,0.14957046508789062,0.8369140625,1.4121931791305542
smol,coco_karpathy,final_quarter,False,6,0.8571428571428571,20,20,20,11,2.0,4096,0.0003,False,1.25,1024,512,1200,0.6942307949066162,0.6868004988209577,0.7028002872568322,0.158447265625,0.16064453125,0.00048828125,0.002685546875,0.042736027389764786,0.6514947414398193,0.8730710231830193,565.0678018578807,1.3992364406585693,4.37915563583374,0.9965524462410771,0.9934337024424259,0.9980793177851429,612.640625,0.14957046508789062,0.8369140625,1.4121931791305542
smol,coco_karpathy,final_quarter,False,6,0.8571428571428571,20,20,20,11,2.0,4096,0.0003,False,1.5,1024,512,1200,0.6942307949066162,0.6868004988209577,0.7028002872568322,0.157470703125,0.16015625,0.00048828125,0.003173828125,0.042736027389764786,0.6514947414398193,0.8730710231830193,565.0678018578807,1.3992364406585693,4.37915563583374,0.9965524462410771,0.9934337024424259,0.9980793177851429,612.640625,0.14957046508789062,0.8369140625,1.4121931791305542
smol,coco_karpathy,final_quarter,False,6,0.8571428571428571,20,20,20,11,2.0,4096,0.0003,True,1.1,1024,512,1200,0.4673842787742615,0.4635348394178436,0.47152842983487064,1.0,1.0,0.0,0.0,0.032556332647800446,0.43482792377471924,0.08931972915874606,3962.7014511426323,0.28682073950767517,0.31735122203826904,0.9961785523412373,0.8968048631428063,0.9948549978548336,1824.921875,0.4455375671386719,0.0,0.2951691150665283
smol,coco_karpathy,final_quarter,False,6,0.8571428571428571,20,20,20,11,2.0,4096,0.0003,True,1.25,1024,512,1200,0.4673842787742615,0.4635348394178436,0.47152842983487064,1.0,1.0,0.0,0.0,0.032556332647800446,0.43482792377471924,0.08931972915874606,3962.7014511426323,0.28682073950767517,0.31735122203826904,0.9961785523412373,0.8968048631428063,0.9948549978548336,1824.921875,0.4455375671386719,0.0,0.2951691150665283
smol,coco_karpathy,final_quarter,False,6,0.8571428571428571,20,20,20,11,2.0,4096,0.0003,True,1.5,1024,512,1200,0.4673842787742615,0.4635348394178436,0.47152842983487064,1.0,1.0,0.0,0.0,0.032556332647800446,0.43482792377471924,0.08931972915874606,3962.7014511426323,0.28682073950767517,0.31735122203826904,0.9961785523412373,0.8968048631428063,0.9948549978548336,1824.921875,0.4455375671386719,0.0,0.2951691150665283
smol,coco_karpathy,final_quarter,False,6,0.8571428571428571,20,20,20,11,2.0,4096,0.001,False,1.1,1024,512,1200,0.6937703490257263,0.6863415155545226,0.7023275430314243,0.159912109375,0.161376953125,0.00048828125,0.001953125,0.04270024970173836,0.6510701179504395,0.8729773668077203,565.500312106293,1.3892875909805298,4.34273624420166,0.9966256579696221,0.9934982277901407,0.9981307829865855,612.37890625,0.1495065689086914,0.8369140625,1.4022256135940552
smol,coco_karpathy,final_quarter,False,6,0.8571428571428571,20,20,20,11,2.0,4096,0.001,False,1.25,1024,512,1200,0.6937703490257263,0.6863415155545226,0.7023275430314243,0.158447265625,0.16064453125,0.00048828125,0.002685546875,0.04270024970173836,0.6510701179504395,0.8729773668077203,565.500312106293,1.3892875909805298,4.34273624420166,0.9966256579696221,0.9934982277901407,0.9981307829865855,612.37890625,0.1495065689086914,0.8369140625,1.4022256135940552
smol,coco_karpathy,final_quarter,False,6,0.8571428571428571,20,20,20,11,2.0,4096,0.001,False,1.5,1024,512,1200,0.6937703490257263,0.6863415155545226,0.7023275430314243,0.157470703125,0.16015625,0.00048828125,0.003173828125,0.04270024970173836,0.6510701179504395,0.8729773668077203,565.500312106293,1.3892875909805298,4.34273624420166,0.9966256579696221,0.9934982277901407,0.9981307829865855,612.37890625,0.1495065689086914,0.8369140625,1.4022256135940552
smol,coco_karpathy,final_quarter,False,6,0.8571428571428571,20,20,20,11,2.0,4096,0.001,True,1.1,1024,512,1200,0.45618000626564026,0.4524922685479396,0.4603084575734101,1.0,1.0,0.0,0.0,0.03195291757583618,0.4242270588874817,0.09147036886455454,3946.777854514283,0.278240442276001,0.31242072582244873,0.9968292271829401,0.8973786989641129,0.9950261498289426,1809.30078125,0.4417238235473633,0.0,0.28666952252388
smol,coco_karpathy,final_quarter,False,6,0.8571428571428571,20,20,20,11,2.0,4096,0.001,True,1.25,1024,512,1200,0.45618000626564026,0.4524922685479396,0.4603084575734101,1.0,1.0,0.0,0.0,0.03195291757583618,0.4242270588874817,0.09147036886455454,3946.777854514283,0.278240442276001,0.31242072582244873,0.9968292271829401,0.8973786989641129,0.9950261498289426,1809.30078125,0.4417238235473633,0.0,0.28666952252388
smol,coco_karpathy,final_quarter,False,6,0.8571428571428571,20,20,20,11,2.0,4096,0.001,True,1.5,1024,512,1200,0.45618000626564026,0.4524922685479396,0.4603084575734101,1.0,1.0,0.0,0.0,0.03195291757583618,0.4242270588874817,0.09147036886455454,3946.777854514283,0.278240442276001,0.31242072582244873,0.9968292271829401,0.8973786989641129,0.9950261498289426,1809.30078125,0.4417238235473633,0.0,0.28666952252388
smol,coco_karpathy,final_quarter,False,6,0.8571428571428571,20,20,20,11,4.0,4096,0.0003,False,1.1,1024,512,1200,0.6942307949066162,0.6868004988209577,0.7028002872568322,0.159912109375,0.161376953125,0.00048828125,0.001953125,0.042736027389764786,0.6514947414398193,0.8730710231830193,565.0678018578807,1.3992364406585693,4.37915563583374,0.9965524462410771,0.9934337024424259,0.9980793177851429,612.640625,0.14957046508789062,0.8369140625,1.4121931791305542
smol,coco_karpathy,final_quarter,False,6,0.8571428571428571,20,20,20,11,4.0,4096,0.0003,False,1.25,1024,512,1200,0.6942307949066162,0.6868004988209577,0.7028002872568322,0.158447265625,0.16064453125,0.00048828125,0.002685546875,0.042736027389764786,0.6514947414398193,0.8730710231830193,565.0678018578807,1.3992364406585693,4.37915563583374,0.9965524462410771,0.9934337024424259,0.9980793177851429,612.640625,0.14957046508789062,0.8369140625,1.4121931791305542
smol,coco_karpathy,final_quarter,False,6,0.8571428571428571,20,20,20,11,4.0,4096,0.0003,False,1.5,1024,512,1200,0.6942307949066162,0.6868004988209577,0.7028002872568322,0.157470703125,0.16015625,0.00048828125,0.003173828125,0.042736027389764786,0.6514947414398193,0.8730710231830193,565.0678018578807,1.3992364406585693,4.37915563583374,0.9965524462410771,0.9934337024424259,0.9980793177851429,612.640625,0.14957046508789062,0.8369140625,1.4121931791305542
smol,coco_karpathy,final_quarter,False,6,0.8571428571428571,20,20,20,11,4.0,4096,0.0003,True,1.1,1024,512,1200,0.4673842787742615,0.4635348394178436,0.47152842983487064,1.0,1.0,0.0,0.0,0.032556332647800446,0.43482792377471924,0.08931972915874606,3962.7014511426323,0.28682073950767517,0.31735122203826904,0.9961785523412373,0.8968048631428063,0.9948549978548336,1824.921875,0.4455375671386719,0.0,0.2951691150665283
smol,coco_karpathy,final_quarter,False,6,0.8571428571428571,20,20,20,11,4.0,4096,0.0003,True,1.25,1024,512,1200,0.4673842787742615,0.4635348394178436,0.47152842983487064,1.0,1.0,0.0,0.0,0.032556332647800446,0.43482792377471924,0.08931972915874606,3962.7014511426323,0.28682073950767517,0.31735122203826904,0.9961785523412373,0.8968048631428063,0.9948549978548336,1824.921875,0.4455375671386719,0.0,0.2951691150665283
smol,coco_karpathy,final_quarter,False,6,0.8571428571428571,20,20,20,11,4.0,4096,0.0003,True,1.5,1024,512,1200,0.4673842787742615,0.4635348394178436,0.47152842983487064,1.0,1.0,0.0,0.0,0.032556332647800446,0.43482792377471924,0.08931972915874606,3962.7014511426323,0.28682073950767517,0.31735122203826904,0.9961785523412373,0.8968048631428063,0.9948549978548336,1824.921875,0.4455375671386719,0.0,0.2951691150665283
smol,coco_karpathy,final_quarter,False,6,0.8571428571428571,20,20,20,11,4.0,4096,0.001,False,1.1,1024,512,1200,0.6937703490257263,0.6863415155545226,0.7023275430314243,0.159912109375,0.161376953125,0.00048828125,0.001953125,0.04270024970173836,0.6510701179504395,0.8729773668077203,565.500312106293,1.3892875909805298,4.34273624420166,0.9966256579696221,0.9934982277901407,0.9981307829865855,612.37890625,0.1495065689086914,0.8369140625,1.4022256135940552
smol,coco_karpathy,final_quarter,False,6,0.8571428571428571,20,20,20,11,4.0,4096,0.001,False,1.25,1024,512,1200,0.6937703490257263,0.6863415155545226,0.7023275430314243,0.158447265625,0.16064453125,0.00048828125,0.002685546875,0.04270024970173836,0.6510701179504395,0.8729773668077203,565.500312106293,1.3892875909805298,4.34273624420166,0.9966256579696221,0.9934982277901407,0.9981307829865855,612.37890625,0.1495065689086914,0.8369140625,1.4022256135940552
smol,coco_karpathy,final_quarter,False,6,0.8571428571428571,20,20,20,11,4.0,4096,0.001,False,1.5,1024,512,1200,0.6937703490257263,0.6863415155545226,0.7023275430314243,0.157470703125,0.16015625,0.00048828125,0.003173828125,0.04270024970173836,0.6510701179504395,0.8729773668077203,565.500312106293,1.3892875909805298,4.34273624420166,0.9966256579696221,0.9934982277901407,0.9981307829865855,612.37890625,0.1495065689086914,0.8369140625,1.4022256135940552
smol,coco_karpathy,final_quarter,False,6,0.8571428571428571,20,20,20,11,4.0,4096,0.001,True,1.1,1024,512,1200,0.45618000626564026,0.4524922685479396,0.4603084575734101,1.0,1.0,0.0,0.0,0.03195291757583618,0.4242270588874817,0.09147036886455454,3946.777854514283,0.278240442276001,0.31242072582244873,0.9968292271829401,0.8973786989641129,0.9950261498289426,1809.30078125,0.4417238235473633,0.0,0.28666952252388
smol,coco_karpathy,final_quarter,False,6,0.8571428571428571,20,20,20,11,4.0,4096,0.001,True,1.25,1024,512,1200,0.45618000626564026,0.4524922685479396,0.4603084575734101,1.0,1.0,0.0,0.0,0.03195291757583618,0.4242270588874817,0.09147036886455454,3946.777854514283,0.278240442276001,0.31242072582244873,0.9968292271829401,0.8973786989641129,0.9950261498289426,1809.30078125,0.4417238235473633,0.0,0.28666952252388
smol,coco_karpathy,final_quarter,False,6,0.8571428571428571,20,20,20,11,4.0,4096,0.001,True,1.5,1024,512,1200,0.45618000626564026,0.4524922685479396,0.4603084575734101,1.0,1.0,0.0,0.0,0.03195291757583618,0.4242270588874817,0.09147036886455454,3946.777854514283,0.278240442276001,0.31242072582244873,0.9968292271829401,0.8973786989641129,0.9950261498289426,1809.30078125,0.4417238235473633,0.0,0.28666952252388
smol,coco_karpathy,final_quarter,False,6,0.8571428571428571,20,20,20,23,2.0,4096,0.0003,False,1.1,1024,512,1200,0.676032304763794,0.6674246798094827,0.6835771793106687,0.158447265625,0.16015625,0.0,0.001708984375,0.041712209582328796,0.634320080280304,0.8785022871127487,538.1943004520776,1.3574861288070679,4.32335090637207,0.9966236602030133,0.9934695540070263,0.9980299075791192,589.17578125,0.14384174346923828,0.83837890625,1.370723843574524
smol,coco_karpathy,final_quarter,False,6,0.8571428571428571,20,20,20,23,2.0,4096,0.0003,False,1.25,1024,512,1200,0.676032304763794,0.6674246798094827,0.6835771793106687,0.157958984375,0.159912109375,0.0,0.001953125,0.041712209582328796,0.634320080280304,0.8785022871127487,538.1943004520776,1.3574861288070679,4.32335090637207,0.9966236602030133,0.9934695540070263,0.9980299075791192,589.17578125,0.14384174346923828,0.83837890625,1.370723843574524
smol,coco_karpathy,final_quarter,False,6,0.8571428571428571,20,20,20,23,2.0,4096,0.0003,False,1.5,1024,512,1200,0.676032304763794,0.6674246798094827,0.6835771793106687,0.155517578125,0.15869140625,0.0,0.003173828125,0.041712209582328796,0.634320080280304,0.8785022871127487,538.1943004520776,1.3574861288070679,4.32335090637207,0.9966236602030133,0.9934695540070263,0.9980299075791192,589.17578125,0.14384174346923828,0.83837890625,1.370723843574524
smol,coco_karpathy,final_quarter,False,6,0.8571428571428571,20,20,20,23,2.0,4096,0.0003,True,1.1,1024,512,1200,0.46285703778266907,0.45914909600978715,0.4667997177486541,1.0,1.0,0.0,0.0,0.03234509378671646,0.4305119216442108,0.08483355452336204,3971.018320335694,0.28539326786994934,0.32005542516708374,0.9954069477306543,0.8959164503967918,0.9938960949220292,1826.11328125,0.4458284378051758,0.0,0.29233062267303467
smol,coco_karpathy,final_quarter,False,6,0.8571428571428571,20,20,20,23,2.0,4096,0.0003,True,1.25,1024,512,1200,0.46285703778266907,0.45914909600978715,0.4667997177486541,1.0,1.0,0.0,0.0,0.03234509378671646,0.4305119216442108,0.08483355452336204,3971.018320335694,0.28539326786994934,0.32005542516708374,0.9954069477306543,0.8959164503967918,0.9938960949220292,1826.11328125,0.4458284378051758,0.0,0.29233062267303467
smol,coco_karpathy,final_quarter,False,6,0.8571428571428571,20,20,20,23,2.0,4096,0.0003,True,1.5,1024,512,1200,0.46285703778266907,0.45914909600978715,0.4667997177486541,1.0,1.0,0.0,0.0,0.03234509378671646,0.4305119216442108,0.08483355452336204,3971.018320335694,0.28539326786994934,0.32005542516708374,0.9954069477306543,0.8959164503967918,0.9938960949220292,1826.11328125,0.4458284378051758,0.0,0.29233062267303467
smol,coco_karpathy,final_quarter,False,6,0.8571428571428571,20,20,20,23,2.0,4096,0.001,False,1.1,1024,512,1200,0.6754417419433594,0.6668441454821732,0.6829962021147367,0.158447265625,0.16015625,0.0,0.001708984375,0.04168698564171791,0.6337547302246094,0.8783346207529467,537.8526027123738,1.3521701097488403,4.322455406188965,0.9965561347090304,0.993393255261142,0.9981450645826739,589.138671875,0.14383268356323242,0.83837890625,1.3654606342315674
smol,coco_karpathy,final_quarter,False,6,0.8571428571428571,20,20,20,23,2.0,4096,0.001,False,1.25,1024,512,1200,0.6754417419433594,0.6668441454821732,0.6829962021147367,0.157958984375,0.159912109375,0.0,0.001953125,0.04168698564171791,0.6337547302246094,0.8783346207529467,537.8526027123738,1.3521701097488403,4.322455406188965,0.9965561347090304,0.993393255261142,0.9981450645826739,589.138671875,0.14383268356323242,0.83837890625,1.3654606342315674
smol,coco_karpathy,final_quarter,False,6,0.8571428571428571,20,20,20,23,2.0,4096,0.001,False,1.5,1024,512,1200,0.6754417419433594,0.6668441454821732,0.6829962021147367,0.155517578125,0.15869140625,0.0,0.003173828125,0.04168698564171791,0.6337547302246094,0.8783346207529467,537.8526027123738,1.3521701097488403,4.322455406188965,0.9965561347090304,0.993393255261142,0.9981450645826739,589.138671875,0.14383268356323242,0.83837890625,1.3654606342315674
smol,coco_karpathy,final_quarter,False,6,0.8571428571428571,20,20,20,23,2.0,4096,0.001,True,1.1,1024,512,1200,0.4566841125488281,0.4531525732279988,0.4606057962388149,1.0,1.0,0.0,0.0,0.03200226277112961,0.4246818423271179,0.08741347844548328,3962.6825376356487,0.28072136640548706,0.31515392661094666,0.9953360269959824,0.8962302234067157,0.9922266947175691,1816.212890625,0.44341135025024414,0.0,0.2875415086746216
smol,coco_karpathy,final_quarter,False,6,0.8571428571428571,20,20,20,23,2.0,4096,0.001,True,1.25,1024,512,1200,0.4566841125488281,0.4531525732279988,0.4606057962388149,1.0,1.0,0.0,0.0,0.03200226277112961,0.4246818423271179,0.08741347844548328,3962.6825376356487,0.28072136640548706,0.31515392661094666,0.9953360269959824,0.8962302234067157,0.9922266947175691,1816.212890625,0.44341135025024414,0.0,0.2875415086746216
smol,coco_karpathy,final_quarter,False,6,0.8571428571428571,20,20,20,23,2.0,4096,0.001,True,1.5,1024,512,1200,0.4566841125488281,0.4531525732279988,0.4606057962388149,1.0,1.0,0.0,0.0,0.03200226277112961,0.4246818423271179,0.08741347844548328,3962.6825376356487,0.28072136640548706,0.31515392661094666,0.9953360269959824,0.8962302234067157,0.9922266947175691,1816.212890625,0.44341135025024414,0.0,0.2875415086746216
smol,coco_karpathy,final_quarter,False,6,0.8571428571428571,20,20,20,23,4.0,4096,0.0003,False,1.1,1024,512,1200,0.676032304763794,0.6674246798094827,0.6835771793106687,0.158447265625,0.16015625,0.0,0.001708984375,0.041712209582328796,0.634320080280304,0.8785022871127487,538.1943004520776,1.3574861288070679,4.32335090637207,0.9966236602030133,0.9934695540070263,0.9980299075791192,589.17578125,0.14384174346923828,0.83837890625,1.370723843574524
smol,coco_karpathy,final_quarter,False,6,0.8571428571428571,20,20,20,23,4.0,4096,0.0003,False,1.25,1024,512,1200,0.676032304763794,0.6674246798094827,0.6835771793106687,0.157958984375,0.159912109375,0.0,0.001953125,0.041712209582328796,0.634320080280304,0.8785022871127487,538.1943004520776,1.3574861288070679,4.32335090637207,0.9966236602030133,0.9934695540070263,0.9980299075791192,589.17578125,0.14384174346923828,0.83837890625,1.370723843574524
smol,coco_karpathy,final_quarter,False,6,0.8571428571428571,20,20,20,23,4.0,4096,0.0003,False,1.5,1024,512,1200,0.676032304763794,0.6674246798094827,0.6835771793106687,0.155517578125,0.15869140625,0.0,0.003173828125,0.041712209582328796,0.634320080280304,0.8785022871127487,538.1943004520776,1.3574861288070679,4.32335090637207,0.9966236602030133,0.9934695540070263,0.9980299075791192,589.17578125,0.14384174346923828,0.83837890625,1.370723843574524
smol,coco_karpathy,final_quarter,False,6,0.8571428571428571,20,20,20,23,4.0,4096,0.0003,True,1.1,1024,512,1200,0.46285703778266907,0.45914909600978715,0.4667997177486541,1.0,1.0,0.0,0.0,0.03234509378671646,0.4305119216442108,0.08483355452336204,3971.018320335694,0.28539326786994934,0.32005542516708374,0.9954069477306543,0.8959164503967918,0.9938960949220292,1826.11328125,0.4458284378051758,0.0,0.29233062267303467
smol,coco_karpathy,final_quarter,False,6,0.8571428571428571,20,20,20,23,4.0,4096,0.0003,True,1.25,1024,512,1200,0.46285703778266907,0.45914909600978715,0.4667997177486541,1.0,1.0,0.0,0.0,0.03234509378671646,0.4305119216442108,0.08483355452336204,3971.018320335694,0.28539326786994934,0.32005542516708374,0.9954069477306543,0.8959164503967918,0.9938960949220292,1826.11328125,0.4458284378051758,0.0,0.29233062267303467
smol,coco_karpathy,final_quarter,False,6,0.8571428571428571,20,20,20,23,4.0,4096,0.0003,True,1.5,1024,512,1200,0.46285703778266907,0.45914909600978715,0.4667997177486541,1.0,1.0,0.0,0.0,0.03234509378671646,0.4305119216442108,0.08483355452336204,3971.018320335694,0.28539326786994934,0.32005542516708374,0.9954069477306543,0.8959164503967918,0.9938960949220292,1826.11328125,0.4458284378051758,0.0,0.29233062267303467
smol,coco_karpathy,final_quarter,False,6,0.8571428571428571,20,20,20,23,4.0,4096,0.001,False,1.1,1024,512,1200,0.6754417419433594,0.6668441454821732,0.6829962021147367,0.158447265625,0.16015625,0.0,0.001708984375,0.04168698564171791,0.6337547302246094,0.8783346207529467,537.8526027123738,1.3521701097488403,4.322455406188965,0.9965561347090304,0.993393255261142,0.9981450645826739,589.138671875,0.14383268356323242,0.83837890625,1.3654606342315674
smol,coco_karpathy,final_quarter,False,6,0.8571428571428571,20,20,20,23,4.0,4096,0.001,False,1.25,1024,512,1200,0.6754417419433594,0.6668441454821732,0.6829962021147367,0.157958984375,0.159912109375,0.0,0.001953125,0.04168698564171791,0.6337547302246094,0.8783346207529467,537.8526027123738,1.3521701097488403,4.322455406188965,0.9965561347090304,0.993393255261142,0.9981450645826739,589.138671875,0.14383268356323242,0.83837890625,1.3654606342315674
smol,coco_karpathy,final_quarter,False,6,0.8571428571428571,20,20,20,23,4.0,4096,0.001,False,1.5,1024,512,1200,0.6754417419433594,0.6668441454821732,0.6829962021147367,0.155517578125,0.15869140625,0.0,0.003173828125,0.04168698564171791,0.6337547302246094,0.8783346207529467,537.8526027123738,1.3521701097488403,4.322455406188965,0.9965561347090304,0.993393255261142,0.9981450645826739,589.138671875,0.14383268356323242,0.83837890625,1.3654606342315674
smol,coco_karpathy,final_quarter,False,6,0.8571428571428571,20,20,20,23,4.0,4096,0.001,True,1.1,1024,512,1200,0.4566841125488281,0.4531525732279988,0.4606057962388149,1.0,1.0,0.0,0.0,0.03200226277112961,0.4246818423271179,0.08741347844548328,3962.6825376356487,0.28072136640548706,0.31515392661094666,0.9953360269959824,0.8962302234067157,0.9922266947175691,1816.212890625,0.44341135025024414,0.0,0.2875415086746216
smol,coco_karpathy,final_quarter,False,6,0.8571428571428571,20,20,20,23,4.0,4096,0.001,True,1.25,1024,512,1200,0.4566841125488281,0.4531525732279988,0.4606057962388149,1.0,1.0,0.0,0.0,0.03200226277112961,0.4246818423271179,0.08741347844548328,3962.6825376356487,0.28072136640548706,0.31515392661094666,0.9953360269959824,0.8962302234067157,0.9922266947175691,1816.212890625,0.44341135025024414,0.0,0.2875415086746216
smol,coco_karpathy,final_quarter,False,6,0.8571428571428571,20,20,20,23,4.0,4096,0.001,True,1.5,1024,512,1200,0.4566841125488281,0.4531525732279988,0.4606057962388149,1.0,1.0,0.0,0.0,0.03200226277112961,0.4246818423271179,0.08741347844548328,3962.6825376356487,0.28072136640548706,0.31515392661094666,0.9953360269959824,0.8962302234067157,0.9922266947175691,1816.212890625,0.44341135025024414,0.0,0.2875415086746216
smol,coco_karpathy,final_quarter,False,6,0.8571428571428571,20,20,20,37,2.0,4096,0.0003,False,1.1,1024,512,1200,0.6816685199737549,0.6738279421915649,0.6888802034256514,0.160888671875,0.16162109375,0.00048828125,0.001220703125,0.04180888086557388,0.6398595571517944,0.8772528236816044,549.4217769511365,1.388770341873169,4.278980731964111,0.9965017869208592,0.9933700867905139,0.9979760026178114,592.78515625,0.14472293853759766,0.8369140625,1.4013097286224365
smol,coco_karpathy,final_quarter,False,6,0.8571428571428571,20,20,20,37,2.0,4096,0.0003,False,1.25,1024,512,1200,0.6816685199737549,0.6738279421915649,0.6888802034256514,0.159912109375,0.1611328125,0.00048828125,0.001708984375,0.04180888086557388,0.6398595571517944,0.8772528236816044,549.4217769511365,1.388770341873169,4.278980731964111,0.9965017869208592,0.9933700867905139,0.9979760026178114,592.78515625,0.14472293853759766,0.8369140625,1.4013097286224365
smol,coco_karpathy,final_quarter,False,6,0.8571428571428571,20,20,20,37,2.0,4096,0.0003,False,1.5,1024,512,1200,0.6816685199737549,0.6738279421915649,0.6888802034256514,0.158447265625,0.160400390625,0.00048828125,0.00244140625,0.04180888086557388,0.6398595571517944,0.8772528236816044,549.4217769511365,1.388770341873169,4.278980731964111,0.9965017869208592,0.9933700867905139,0.9979760026178114,592.78515625,0.14472293853759766,0.8369140625,1.4013097286224365
smol,coco_karpathy,final_quarter,False,6,0.8571428571428571,20,20,20,37,2.0,4096,0.0003,True,1.1,1024,512,1200,0.4681352972984314,0.46454684162017656,0.4717441393688205,1.0,1.0,0.0,0.0,0.03272140771150589,0.4354138970375061,0.0864606218423677,3964.4051443009785,0.2873278856277466,0.320473849773407,0.9968629522621442,0.8974793766164754,0.994428303959072,1836.123046875,0.4482722282409668,0.0,0.29626333713531494
smol,coco_karpathy,final_quarter,False,6,0.8571428571428571,20,20,20,37,2.0,4096,0.0003,True,1.25,1024,512,1200,0.4681352972984314,0.46454684162017656,0.4717441393688205,1.0,1.0,0.0,0.0,0.03272140771150589,0.4354138970375061,0.0864606218423677,3964.4051443009785,0.2873278856277466,0.320473849773407,0.9968629522621442,0.8974793766164754,0.994428303959072,1836.123046875,0.4482722282409668,0.0,0.29626333713531494
smol,coco_karpathy,final_quarter,False,6,0.8571428571428571,20,20,20,37,2.0,4096,0.0003,True,1.5,1024,512,1200,0.4681352972984314,0.46454684162017656,0.4717441393688205,1.0,1.0,0.0,0.0,0.03272140771150589,0.4354138970375061,0.0864606218423677,3964.4051443009785,0.2873278856277466,0.320473849773407,0.9968629522621442,0.8974793766164754,0.994428303959072,1836.123046875,0.4482722282409668,0.0,0.29626333713531494
smol,coco_karpathy,final_quarter,False,6,0.8571428571428571,20,20,20,37,2.0,4096,0.001,False,1.1,1024,512,1200,0.6812299489974976,0.6733877531369217,0.6884278923491365,0.160888671875,0.16162109375,0.00048828125,0.001220703125,0.041783981025218964,0.639445960521698,0.8771935878531816,549.5893589736102,1.3815841674804688,4.264833450317383,0.9964991240508884,0.9933673019949505,0.9978382107129236,592.615234375,0.14468145370483398,0.8369140625,1.3942599296569824
smol,coco_karpathy,final_quarter,False,6,0.8571428571428571,20,20,20,37,2.0,4096,0.001,False,1.25,1024,512,1200,0.6812299489974976,0.6733877531369217,0.6884278923491365,0.159912109375,0.1611328125,0.00048828125,0.001708984375,0.041783981025218964,0.639445960521698,0.8771935878531816,549.5893589736102,1.3815841674804688,4.264833450317383,0.9964991240508884,0.9933673019949505,0.9978382107129236,592.615234375,0.14468145370483398,0.8369140625,1.3942599296569824
smol,coco_karpathy,final_quarter,False,6,0.8571428571428571,20,20,20,37,2.0,4096,0.001,False,1.5,1024,512,1200,0.6812299489974976,0.6733877531369217,0.6884278923491365,0.158447265625,0.160400390625,0.00048828125,0.00244140625,0.041783981025218964,0.639445960521698,0.8771935878531816,549.5893589736102,1.3815841674804688,4.264833450317383,0.9964991240508884,0.9933673019949505,0.9978382107129236,592.615234375,0.14468145370483398,0.8369140625,1.3942599296569824
smol,coco_karpathy,final_quarter,False,6,0.8571428571428571,20,20,20,37,2.0,4096,0.001,True,1.1,1024,512,1200,0.45654910802841187,0.45280793073761744,0.4599970591967576,1.0,1.0,0.0,0.0,0.03211819380521774,0.4244309067726135,0.08807830959217934,3956.091404028214,0.2791402041912079,0.31615325808525085,0.9961462086473123,0.8976282963983527,0.9920959989376741,1821.396484375,0.44467687606811523,0.0,0.28778618574142456
smol,coco_karpathy,final_quarter,False,6,0.8571428571428571,20,20,20,37,2.0,4096,0.001,True,1.25,1024,512,1200,0.45654910802841187,0.45280793073761744,0.4599970591967576,1.0,1.0,0.0,0.0,0.03211819380521774,0.4244309067726135,0.08807830959217934,3956.091404028214,0.2791402041912079,0.31615325808525085,0.9961462086473123,0.8976282963983527,0.9920959989376741,1821.396484375,0.44467687606811523,0.0,0.28778618574142456
smol,coco_karpathy,final_quarter,False,6,0.8571428571428571,20,20,20,37,2.0,4096,0.001,True,1.5,1024,512,1200,0.45654910802841187,0.45280793073761744,0.4599970591967576,1.0,1.0,0.0,0.0,0.03211819380521774,0.4244309067726135,0.08807830959217934,3956.091404028214,0.2791402041912079,0.31615325808525085,0.9961462086473123,0.8976282963983527,0.9920959989376741,1821.396484375,0.44467687606811523,0.0,0.28778618574142456
smol,coco_karpathy,final_quarter,False,6,0.8571428571428571,20,20,20,37,4.0,4096,0.0003,False,1.1,1024,512,1200,0.6816685199737549,0.6738279421915649,0.6888802034256514,0.160888671875,0.16162109375,0.00048828125,0.001220703125,0.04180888086557388,0.6398595571517944,0.8772528236816044,549.4217769511365,1.388770341873169,4.278980731964111,0.9965017869208592,0.9933700867905139,0.9979760026178114,592.78515625,0.14472293853759766,0.8369140625,1.4013097286224365
smol,coco_karpathy,final_quarter,False,6,0.8571428571428571,20,20,20,37,4.0,4096,0.0003,False,1.25,1024,512,1200,0.6816685199737549,0.6738279421915649,0.6888802034256514,0.159912109375,0.1611328125,0.00048828125,0.001708984375,0.04180888086557388,0.6398595571517944,0.8772528236816044,549.4217769511365,1.388770341873169,4.278980731964111,0.9965017869208592,0.9933700867905139,0.9979760026178114,592.78515625,0.14472293853759766,0.8369140625,1.4013097286224365
smol,coco_karpathy,final_quarter,False,6,0.8571428571428571,20,20,20,37,4.0,4096,0.0003,False,1.5,1024,512,1200,0.6816685199737549,0.6738279421915649,0.6888802034256514,0.158447265625,0.160400390625,0.00048828125,0.00244140625,0.04180888086557388,0.6398595571517944,0.8772528236816044,549.4217769511365,1.388770341873169,4.278980731964111,0.9965017869208592,0.9933700867905139,0.9979760026178114,592.78515625,0.14472293853759766,0.8369140625,1.4013097286224365
smol,coco_karpathy,final_quarter,False,6,0.8571428571428571,20,20,20,37,4.0,4096,0.0003,True,1.1,1024,512,1200,0.4681352972984314,0.46454684162017656,0.4717441393688205,1.0,1.0,0.0,0.0,0.03272140771150589,0.4354138970375061,0.0864606218423677,3964.4051443009785,0.2873278856277466,0.320473849773407,0.9968629522621442,0.8974793766164754,0.994428303959072,1836.123046875,0.4482722282409668,0.0,0.29626333713531494
smol,coco_karpathy,final_quarter,False,6,0.8571428571428571,20,20,20,37,4.0,4096,0.0003,True,1.25,1024,512,1200,0.4681352972984314,0.46454684162017656,0.4717441393688205,1.0,1.0,0.0,0.0,0.03272140771150589,0.4354138970375061,0.0864606218423677,3964.4051443009785,0.2873278856277466,0.320473849773407,0.9968629522621442,0.8974793766164754,0.994428303959072,1836.123046875,0.4482722282409668,0.0,0.29626333713531494
smol,coco_karpathy,final_quarter,False,6,0.8571428571428571,20,20,20,37,4.0,4096,0.0003,True,1.5,1024,512,1200,0.4681352972984314,0.46454684162017656,0.4717441393688205,1.0,1.0,0.0,0.0,0.03272140771150589,0.4354138970375061,0.0864606218423677,3964.4051443009785,0.2873278856277466,0.320473849773407,0.9968629522621442,0.8974793766164754,0.994428303959072,1836.123046875,0.4482722282409668,0.0,0.29626333713531494
smol,coco_karpathy,final_quarter,False,6,0.8571428571428571,20,20,20,37,4.0,4096,0.001,False,1.1,1024,512,1200,0.6812299489974976,0.6733877531369217,0.6884278923491365,0.160888671875,0.16162109375,0.00048828125,0.001220703125,0.041783981025218964,0.639445960521698,0.8771935878531816,549.5893589736102,1.3815841674804688,4.264833450317383,0.9964991240508884,0.9933673019949505,0.9978382107129236,592.615234375,0.14468145370483398,0.8369140625,1.3942599296569824
smol,coco_karpathy,final_quarter,False,6,0.8571428571428571,20,20,20,37,4.0,4096,0.001,False,1.25,1024,512,1200,0.6812299489974976,0.6733877531369217,0.6884278923491365,0.159912109375,0.1611328125,0.00048828125,0.001708984375,0.041783981025218964,0.639445960521698,0.8771935878531816,549.5893589736102,1.3815841674804688,4.264833450317383,0.9964991240508884,0.9933673019949505,0.9978382107129236,592.615234375,0.14468145370483398,0.8369140625,1.3942599296569824
smol,coco_karpathy,final_quarter,False,6,0.8571428571428571,20,20,20,37,4.0,4096,0.001,False,1.5,1024,512,1200,0.6812299489974976,0.6733877531369217,0.6884278923491365,0.158447265625,0.160400390625,0.00048828125,0.00244140625,0.041783981025218964,0.639445960521698,0.8771935878531816,549.5893589736102,1.3815841674804688,4.264833450317383,0.9964991240508884,0.9933673019949505,0.9978382107129236,592.615234375,0.14468145370483398,0.8369140625,1.3942599296569824
smol,coco_karpathy,final_quarter,False,6,0.8571428571428571,20,20,20,37,4.0,4096,0.001,True,1.1,1024,512,1200,0.45654910802841187,0.45280793073761744,0.4599970591967576,1.0,1.0,0.0,0.0,0.03211819380521774,0.4244309067726135,0.08807830959217934,3956.091404028214,0.2791402041912079,0.31615325808525085,0.9961462086473123,0.8976282963983527,0.9920959989376741,1821.396484375,0.44467687606811523,0.0,0.28778618574142456
smol,coco_karpathy,final_quarter,False,6,0.8571428571428571,20,20,20,37,4.0,4096,0.001,True,1.25,1024,512,1200,0.45654910802841187,0.45280793073761744,0.4599970591967576,1.0,1.0,0.0,0.0,0.03211819380521774,0.4244309067726135,0.08807830959217934,3956.091404028214,0.2791402041912079,0.31615325808525085,0.9961462086473123,0.8976282963983527,0.9920959989376741,1821.396484375,0.44467687606811523,0.0,0.28778618574142456
smol,coco_karpathy,final_quarter,False,6,0.8571428571428571,20,20,20,37,4.0,4096,0.001,True,1.5,1024,512,1200,0.45654910802841187,0.45280793073761744,0.4599970591967576,1.0,1.0,0.0,0.0,0.03211819380521774,0.4244309067726135,0.08807830959217934,3956.091404028214,0.2791402041912079,0.31615325808525085,0.9961462086473123,0.8976282963983527,0.9920959989376741,1821.396484375,0.44467687606811523,0.0,0.28778618574142456
smol,coco_karpathy,final_quarter,False,7,1.0,23,23,23,11,2.0,4096,0.0003,False,1.1,1024,512,1200,0.05698006972670555,0.05638400620773609,0.05760023790062405,0.07763671875,0.078369140625,0.0,0.000732421875,0.0019484101794660091,0.055031657218933105,0.9399471513517073,265.0855073286218,0.09322246164083481,0.24902091920375824,0.9885236120906581,0.9820176972039307,0.9970643473858255,274.59765625,0.06704044342041016,0.92138671875,0.09416887164115906
smol,coco_karpathy,final_quarter,False,7,1.0,23,23,23,11,2.0,4096,0.0003,False,1.25,1024,512,1200,0.05698006972670555,0.05638400620773609,0.05760023790062405,0.07568359375,0.077392578125,0.0,0.001708984375,0.0019484101794660091,0.055031657218933105,0.9399471513517073,265.0855073286218,0.09322246164083481,0.24902091920375824,0.9885236120906581,0.9820176972039307,0.9970643473858255,274.59765625,0.06704044342041016,0.92138671875,0.09416887164115906
smol,coco_karpathy,final_quarter,False,7,1.0,23,23,23,11,2.0,4096,0.0003,False,1.5,1024,512,1200,0.05698006972670555,0.05638400620773609,0.05760023790062405,0.07470703125,0.076904296875,0.0,0.002197265625,0.0019484101794660091,0.055031657218933105,0.9399471513517073,265.0855073286218,0.09322246164083481,0.24902091920375824,0.9885236120906581,0.9820176972039307,0.9970643473858255,274.59765625,0.06704044342041016,0.92138671875,0.09416887164115906
smol,coco_karpathy,final_quarter,False,7,1.0,23,23,23,11,2.0,4096,0.0003,True,1.1,1024,512,1200,0.46135416626930237,0.45777482480043546,0.4649168577394448,1.0,1.0,0.0,0.0,0.017937902361154556,0.4434162974357605,0.08653504267518905,3978.441371442227,0.2958851754665375,0.32366737723350525,0.9964600489191592,0.8759836879438769,0.9932050709944158,1839.986328125,0.4492154121398926,0.0,0.2986402213573456
smol,coco_karpathy,final_quarter,False,7,1.0,23,23,23,11,2.0,4096,0.0003,True,1.25,1024,512,1200,0.46135416626930237,0.45777482480043546,0.4649168577394448,1.0,1.0,0.0,0.0,0.017937902361154556,0.4434162974357605,0.08653504267518905,3978.441371442227,0.2958851754665375,0.32366737723350525,0.9964600489191592,0.8759836879438769,0.9932050709944158,1839.986328125,0.4492154121398926,0.0,0.2986402213573456
smol,coco_karpathy,final_quarter,False,7,1.0,23,23,23,11,2.0,4096,0.0003,True,1.5,1024,512,1200,0.46135416626930237,0.45777482480043546,0.4649168577394448,1.0,1.0,0.0,0.0,0.017937902361154556,0.4434162974357605,0.08653504267518905,3978.441371442227,0.2958851754665375,0.32366737723350525,0.9964600489191592,0.8759836879438769,0.9932050709944158,1839.986328125,0.4492154121398926,0.0,0.2986402213573456
smol,coco_karpathy,final_quarter,False,7,1.0,23,23,23,11,2.0,4096,0.001,False,1.1,1024,512,1200,0.05657177418470383,0.05597475469039637,0.057182487741374646,0.077880859375,0.07861328125,0.0,0.000732421875,0.0019345545442774892,0.05463721975684166,0.9403455754466984,263.46066958349957,0.0910935178399086,0.24584272503852844,0.9882282647438814,0.9816777906051495,0.9974131196783076,273.41015625,0.06675052642822266,0.921142578125,0.09200388193130493
smol,coco_karpathy,final_quarter,False,7,1.0,23,23,23,11,2.0,4096,0.001,False,1.25,1024,512,1200,0.05657177418470383,0.05597475469039637,0.057182487741374646,0.075927734375,0.07763671875,0.0,0.001708984375,0.0019345545442774892,0.05463721975684166,0.9403455754466984,263.46066958349957,0.0910935178399086,0.24584272503852844,0.9882282647438814,0.9816777906051495,0.9974131196783076,273.41015625,0.06675052642822266,0.921142578125,0.09200388193130493
smol,coco_karpathy,final_quarter,False,7,1.0,23,23,23,11,2.0,4096,0.001,False,1.5,1024,512,1200,0.05657177418470383,0.05597475469039637,0.057182487741374646,0.074951171875,0.0771484375,0.0,0.002197265625,0.0019345545442774892,0.05463721975684166,0.9403455754466984,263.46066958349957,0.0910935178399086,0.24584272503852844,0.9882282647438814,0.9816777906051495,0.9974131196783076,273.41015625,0.06675052642822266,0.921142578125,0.09200388193130493
smol,coco_karpathy,final_quarter,False,7,1.0,23,23,23,11,2.0,4096,0.001,True,1.1,1024,512,1200,0.45606502890586853,0.4527108200752991,0.4596815429656999,1.0,1.0,0.0,0.0,0.017766349017620087,0.43829867243766785,0.0854731336200108,3982.719482927014,0.2923137843608856,0.31714868545532227,0.9960972438874639,0.875971865468885,0.994176827205295,1835.09765625,0.44802188873291016,0.0,0.2948663830757141
smol,coco_karpathy,final_quarter,False,7,1.0,23,23,23,11,2.0,4096,0.001,True,1.25,1024,512,1200,0.45606502890586853,0.4527108200752991,0.4596815429656999,1.0,1.0,0.0,0.0,0.017766349017620087,0.43829867243766785,0.0854731336200108,3982.719482927014,0.2923137843608856,0.31714868545532227,0.9960972438874639,0.875971865468885,0.994176827205295,1835.09765625,0.44802188873291016,0.0,0.2948663830757141
smol,coco_karpathy,final_quarter,False,7,1.0,23,23,23,11,2.0,4096,0.001,True,1.5,1024,512,1200,0.45606502890586853,0.4527108200752991,0.4596815429656999,1.0,1.0,0.0,0.0,0.017766349017620087,0.43829867243766785,0.0854731336200108,3982.719482927014,0.2923137843608856,0.31714868545532227,0.9960972438874639,0.875971865468885,0.994176827205295,1835.09765625,0.44802188873291016,0.0,0.2948663830757141
smol,coco_karpathy,final_quarter,False,7,1.0,23,23,23,11,4.0,4096,0.0003,False,1.1,1024,512,1200,0.05698006972670555,0.05638400620773609,0.05760023790062405,0.07763671875,0.078369140625,0.0,0.000732421875,0.0019484101794660091,0.055031657218933105,0.9399471513517073,265.0855073286218,0.09322246164083481,0.24902091920375824,0.9885236120906581,0.9820176972039307,0.9970643473858255,274.59765625,0.06704044342041016,0.92138671875,0.09416887164115906
smol,coco_karpathy,final_quarter,False,7,1.0,23,23,23,11,4.0,4096,0.0003,False,1.25,1024,512,1200,0.05698006972670555,0.05638400620773609,0.05760023790062405,0.07568359375,0.077392578125,0.0,0.001708984375,0.0019484101794660091,0.055031657218933105,0.9399471513517073,265.0855073286218,0.09322246164083481,0.24902091920375824,0.9885236120906581,0.9820176972039307,0.9970643473858255,274.59765625,0.06704044342041016,0.92138671875,0.09416887164115906
smol,coco_karpathy,final_quarter,False,7,1.0,23,23,23,11,4.0,4096,0.0003,False,1.5,1024,512,1200,0.05698006972670555,0.05638400620773609,0.05760023790062405,0.07470703125,0.076904296875,0.0,0.002197265625,0.0019484101794660091,0.055031657218933105,0.9399471513517073,265.0855073286218,0.09322246164083481,0.24902091920375824,0.9885236120906581,0.9820176972039307,0.9970643473858255,274.59765625,0.06704044342041016,0.92138671875,0.09416887164115906
smol,coco_karpathy,final_quarter,False,7,1.0,23,23,23,11,4.0,4096,0.0003,True,1.1,1024,512,1200,0.46135416626930237,0.45777482480043546,0.4649168577394448,1.0,1.0,0.0,0.0,0.017937902361154556,0.4434162974357605,0.08653504267518905,3978.441371442227,0.2958851754665375,0.32366737723350525,0.9964600489191592,0.8759836879438769,0.9932050709944158,1839.986328125,0.4492154121398926,0.0,0.2986402213573456
smol,coco_karpathy,final_quarter,False,7,1.0,23,23,23,11,4.0,4096,0.0003,True,1.25,1024,512,1200,0.46135416626930237,0.45777482480043546,0.4649168577394448,1.0,1.0,0.0,0.0,0.017937902361154556,0.4434162974357605,0.08653504267518905,3978.441371442227,0.2958851754665375,0.32366737723350525,0.9964600489191592,0.8759836879438769,0.9932050709944158,1839.986328125,0.4492154121398926,0.0,0.2986402213573456
smol,coco_karpathy,final_quarter,False,7,1.0,23,23,23,11,4.0,4096,0.0003,True,1.5,1024,512,1200,0.46135416626930237,0.45777482480043546,0.4649168577394448,1.0,1.0,0.0,0.0,0.017937902361154556,0.4434162974357605,0.08653504267518905,3978.441371442227,0.2958851754665375,0.32366737723350525,0.9964600489191592,0.8759836879438769,0.9932050709944158,1839.986328125,0.4492154121398926,0.0,0.2986402213573456
smol,coco_karpathy,final_quarter,False,7,1.0,23,23,23,11,4.0,4096,0.001,False,1.1,1024,512,1200,0.05657177418470383,0.05597475469039637,0.057182487741374646,0.077880859375,0.07861328125,0.0,0.000732421875,0.0019345545442774892,0.05463721975684166,0.9403455754466984,263.46066958349957,0.0910935178399086,0.24584272503852844,0.9882282647438814,0.9816777906051495,0.9974131196783076,273.41015625,0.06675052642822266,0.921142578125,0.09200388193130493
smol,coco_karpathy,final_quarter,False,7,1.0,23,23,23,11,4.0,4096,0.001,False,1.25,1024,512,1200,0.05657177418470383,0.05597475469039637,0.057182487741374646,0.075927734375,0.07763671875,0.0,0.001708984375,0.0019345545442774892,0.05463721975684166,0.9403455754466984,263.46066958349957,0.0910935178399086,0.24584272503852844,0.9882282647438814,0.9816777906051495,0.9974131196783076,273.41015625,0.06675052642822266,0.921142578125,0.09200388193130493
smol,coco_karpathy,final_quarter,False,7,1.0,23,23,23,11,4.0,4096,0.001,False,1.5,1024,512,1200,0.05657177418470383,0.05597475469039637,0.057182487741374646,0.074951171875,0.0771484375,0.0,0.002197265625,0.0019345545442774892,0.05463721975684166,0.9403455754466984,263.46066958349957,0.0910935178399086,0.24584272503852844,0.9882282647438814,0.9816777906051495,0.9974131196783076,273.41015625,0.06675052642822266,0.921142578125,0.09200388193130493
smol,coco_karpathy,final_quarter,False,7,1.0,23,23,23,11,4.0,4096,0.001,True,1.1,1024,512,1200,0.45606502890586853,0.4527108200752991,0.4596815429656999,1.0,1.0,0.0,0.0,0.017766349017620087,0.43829867243766785,0.0854731336200108,3982.719482927014,0.2923137843608856,0.31714868545532227,0.9960972438874639,0.875971865468885,0.994176827205295,1835.09765625,0.44802188873291016,0.0,0.2948663830757141
smol,coco_karpathy,final_quarter,False,7,1.0,23,23,23,11,4.0,4096,0.001,True,1.25,1024,512,1200,0.45606502890586853,0.4527108200752991,0.4596815429656999,1.0,1.0,0.0,0.0,0.017766349017620087,0.43829867243766785,0.0854731336200108,3982.719482927014,0.2923137843608856,0.31714868545532227,0.9960972438874639,0.875971865468885,0.994176827205295,1835.09765625,0.44802188873291016,0.0,0.2948663830757141
smol,coco_karpathy,final_quarter,False,7,1.0,23,23,23,11,4.0,4096,0.001,True,1.5,1024,512,1200,0.45606502890586853,0.4527108200752991,0.4596815429656999,1.0,1.0,0.0,0.0,0.017766349017620087,0.43829867243766785,0.0854731336200108,3982.719482927014,0.2923137843608856,0.31714868545532227,0.9960972438874639,0.875971865468885,0.994176827205295,1835.09765625,0.44802188873291016,0.0,0.2948663830757141
smol,coco_karpathy,final_quarter,False,7,1.0,23,23,23,23,2.0,4096,0.0003,False,1.1,1024,512,1200,0.05365080386400223,0.05304719800878956,0.054312599868262625,0.0732421875,0.073486328125,0.000244140625,0.00048828125,0.0018495003459975123,0.05180130526423454,0.9449063462705453,242.13282580387377,0.0882444828748703,0.24928836524486542,0.9869426957413188,0.9805771160800951,0.9972767799620826,251.177734375,0.061322689056396484,0.9267578125,0.0890493169426918
smol,coco_karpathy,final_quarter,False,7,1.0,23,23,23,23,2.0,4096,0.0003,False,1.25,1024,512,1200,0.05365080386400223,0.05304719800878956,0.054312599868262625,0.0732421875,0.073486328125,0.000244140625,0.00048828125,0.0018495003459975123,0.05180130526423454,0.9449063462705453,242.13282580387377,0.0882444828748703,0.24928836524486542,0.9869426957413188,0.9805771160800951,0.9972767799620826,251.177734375,0.061322689056396484,0.9267578125,0.0890493169426918
smol,coco_karpathy,final_quarter,False,7,1.0,23,23,23,23,2.0,4096,0.0003,False,1.5,1024,512,1200,0.05365080386400223,0.05304719800878956,0.054312599868262625,0.072265625,0.072998046875,0.000244140625,0.0009765625,0.0018495003459975123,0.05180130526423454,0.9449063462705453,242.13282580387377,0.0882444828748703,0.24928836524486542,0.9869426957413188,0.9805771160800951,0.9972767799620826,251.177734375,0.061322689056396484,0.9267578125,0.0890493169426918
smol,coco_karpathy,final_quarter,False,7,1.0,23,23,23,23,2.0,4096,0.0003,True,1.1,1024,512,1200,0.46590545773506165,0.46222939045546807,0.4698178556689527,1.0,1.0,0.0,0.0,0.018023397773504257,0.4478820562362671,0.08436222744483261,3973.869247325304,0.29917511343955994,0.31967541575431824,0.9965448223730188,0.8761693515726171,0.9945188981320818,1849.107421875,0.45144224166870117,0.0,0.3020773231983185
smol,coco_karpathy,final_quarter,False,7,1.0,23,23,23,23,2.0,4096,0.0003,True,1.25,1024,512,1200,0.46590545773506165,0.46222939045546807,0.4698178556689527,1.0,1.0,0.0,0.0,0.018023397773504257,0.4478820562362671,0.08436222744483261,3973.869247325304,0.29917511343955994,0.31967541575431824,0.9965448223730188,0.8761693515726171,0.9945188981320818,1849.107421875,0.45144224166870117,0.0,0.3020773231983185
smol,coco_karpathy,final_quarter,False,7,1.0,23,23,23,23,2.0,4096,0.0003,True,1.5,1024,512,1200,0.46590545773506165,0.46222939045546807,0.4698178556689527,1.0,1.0,0.0,0.0,0.018023397773504257,0.4478820562362671,0.08436222744483261,3973.869247325304,0.29917511343955994,0.31967541575431824,0.9965448223730188,0.8761693515726171,0.9945188981320818,1849.107421875,0.45144224166870117,0.0,0.3020773231983185
smol,coco_karpathy,final_quarter,False,7,1.0,23,23,23,23,2.0,4096,0.001,False,1.1,1024,512,1200,0.053440194576978683,0.05284033665466268,0.05408774797351725,0.07373046875,0.073974609375,0.000244140625,0.00048828125,0.0018452235963195562,0.051594965159893036,0.9445743353721117,243.38474986648149,0.08724384754896164,0.24312375485897064,0.9880177451792654,0.9815904806965536,0.9972223905592045,251.52734375,0.061408042907714844,0.92626953125,0.08802778273820877
smol,coco_karpathy,final_quarter,False,7,1.0,23,23,23,23,2.0,4096,0.001,False,1.25,1024,512,1200,0.053440194576978683,0.05284033665466268,0.05408774797351725,0.07373046875,0.073974609375,0.000244140625,0.00048828125,0.0018452235963195562,0.051594965159893036,0.9445743353721117,243.38474986648149,0.08724384754896164,0.24312375485897064,0.9880177451792654,0.9815904806965536,0.9972223905592045,251.52734375,0.061408042907714844,0.92626953125,0.08802778273820877
smol,coco_karpathy,final_quarter,False,7,1.0,23,23,23,23,2.0,4096,0.001,False,1.5,1024,512,1200,0.053440194576978683,0.05284033665466268,0.05408774797351725,0.07275390625,0.073486328125,0.000244140625,0.0009765625,0.0018452235963195562,0.051594965159893036,0.9445743353721117,243.38474986648149,0.08724384754896164,0.24312375485897064,0.9880177451792654,0.9815904806965536,0.9972223905592045,251.52734375,0.061408042907714844,0.92626953125,0.08802778273820877
smol,coco_karpathy,final_quarter,False,7,1.0,23,23,23,23,2.0,4096,0.001,True,1.1,1024,512,1200,0.4563378691673279,0.45291713085607627,0.46005582783836874,1.0,1.0,0.0,0.0,0.017772886902093887,0.4385650157928467,0.08376018934996095,3978.284356496308,0.2926481366157532,0.3156154155731201,0.996611365492323,0.8762014535813991,0.9925261012669643,1840.466796875,0.44933271408081055,0.0,0.29544931650161743
smol,coco_karpathy,final_quarter,False,7,1.0,23,23,23,23,2.0,4096,0.001,True,1.25,1024,512,1200,0.4563378691673279,0.45291713085607627,0.46005582783836874,1.0,1.0,0.0,0.0,0.017772886902093887,0.4385650157928467,0.08376018934996095,3978.284356496308,0.2926481366157532,0.3156154155731201,0.996611365492323,0.8762014535813991,0.9925261012669643,1840.466796875,0.44933271408081055,0.0,0.29544931650161743
smol,coco_karpathy,final_quarter,False,7,1.0,23,23,23,23,2.0,4096,0.001,True,1.5,1024,512,1200,0.4563378691673279,0.45291713085607627,0.46005582783836874,1.0,1.0,0.0,0.0,0.017772886902093887,0.4385650157928467,0.08376018934996095,3978.284356496308,0.2926481366157532,0.3156154155731201,0.996611365492323,0.8762014535813991,0.9925261012669643,1840.466796875,0.44933271408081055,0.0,0.29544931650161743
smol,coco_karpathy,final_quarter,False,7,1.0,23,23,23,23,4.0,4096,0.0003,False,1.1,1024,512,1200,0.05365080386400223,0.05304719800878956,0.054312599868262625,0.0732421875,0.073486328125,0.000244140625,0.00048828125,0.0018495003459975123,0.05180130526423454,0.9449063462705453,242.13282580387377,0.0882444828748703,0.24928836524486542,0.9869426957413188,0.9805771160800951,0.9972767799620826,251.177734375,0.061322689056396484,0.9267578125,0.0890493169426918
smol,coco_karpathy,final_quarter,False,7,1.0,23,23,23,23,4.0,4096,0.0003,False,1.25,1024,512,1200,0.05365080386400223,0.05304719800878956,0.054312599868262625,0.0732421875,0.073486328125,0.000244140625,0.00048828125,0.0018495003459975123,0.05180130526423454,0.9449063462705453,242.13282580387377,0.0882444828748703,0.24928836524486542,0.9869426957413188,0.9805771160800951,0.9972767799620826,251.177734375,0.061322689056396484,0.9267578125,0.0890493169426918
smol,coco_karpathy,final_quarter,False,7,1.0,23,23,23,23,4.0,4096,0.0003,False,1.5,1024,512,1200,0.05365080386400223,0.05304719800878956,0.054312599868262625,0.072265625,0.072998046875,0.000244140625,0.0009765625,0.0018495003459975123,0.05180130526423454,0.9449063462705453,242.13282580387377,0.0882444828748703,0.24928836524486542,0.9869426957413188,0.9805771160800951,0.9972767799620826,251.177734375,0.061322689056396484,0.9267578125,0.0890493169426918
smol,coco_karpathy,final_quarter,False,7,1.0,23,23,23,23,4.0,4096,0.0003,True,1.1,1024,512,1200,0.46590545773506165,0.46222939045546807,0.4698178556689527,1.0,1.0,0.0,0.0,0.018023397773504257,0.4478820562362671,0.08436222744483261,3973.869247325304,0.29917511343955994,0.31967541575431824,0.9965448223730188,0.8761693515726171,0.9945188981320818,1849.107421875,0.45144224166870117,0.0,0.3020773231983185
smol,coco_karpathy,final_quarter,False,7,1.0,23,23,23,23,4.0,4096,0.0003,True,1.25,1024,512,1200,0.46590545773506165,0.46222939045546807,0.4698178556689527,1.0,1.0,0.0,0.0,0.018023397773504257,0.4478820562362671,0.08436222744483261,3973.869247325304,0.29917511343955994,0.31967541575431824,0.9965448223730188,0.8761693515726171,0.9945188981320818,1849.107421875,0.45144224166870117,0.0,0.3020773231983185
smol,coco_karpathy,final_quarter,False,7,1.0,23,23,23,23,4.0,4096,0.0003,True,1.5,1024,512,1200,0.46590545773506165,0.46222939045546807,0.4698178556689527,1.0,1.0,0.0,0.0,0.018023397773504257,0.4478820562362671,0.08436222744483261,3973.869247325304,0.29917511343955994,0.31967541575431824,0.9965448223730188,0.8761693515726171,0.9945188981320818,1849.107421875,0.45144224166870117,0.0,0.3020773231983185
smol,coco_karpathy,final_quarter,False,7,1.0,23,23,23,23,4.0,4096,0.001,False,1.1,1024,512,1200,0.053440194576978683,0.05284033665466268,0.05408774797351725,0.07373046875,0.073974609375,0.000244140625,0.00048828125,0.0018452235963195562,0.051594965159893036,0.9445743353721117,243.38474986648149,0.08724384754896164,0.24312375485897064,0.9880177451792654,0.9815904806965536,0.9972223905592045,251.52734375,0.061408042907714844,0.92626953125,0.08802778273820877
smol,coco_karpathy,final_quarter,False,7,1.0,23,23,23,23,4.0,4096,0.001,False,1.25,1024,512,1200,0.053440194576978683,0.05284033665466268,0.05408774797351725,0.07373046875,0.073974609375,0.000244140625,0.00048828125,0.0018452235963195562,0.051594965159893036,0.9445743353721117,243.38474986648149,0.08724384754896164,0.24312375485897064,0.9880177451792654,0.9815904806965536,0.9972223905592045,251.52734375,0.061408042907714844,0.92626953125,0.08802778273820877
smol,coco_karpathy,final_quarter,False,7,1.0,23,23,23,23,4.0,4096,0.001,False,1.5,1024,512,1200,0.053440194576978683,0.05284033665466268,0.05408774797351725,0.07275390625,0.073486328125,0.000244140625,0.0009765625,0.0018452235963195562,0.051594965159893036,0.9445743353721117,243.38474986648149,0.08724384754896164,0.24312375485897064,0.9880177451792654,0.9815904806965536,0.9972223905592045,251.52734375,0.061408042907714844,0.92626953125,0.08802778273820877
smol,coco_karpathy,final_quarter,False,7,1.0,23,23,23,23,4.0,4096,0.001,True,1.1,1024,512,1200,0.4563378691673279,0.45291713085607627,0.46005582783836874,1.0,1.0,0.0,0.0,0.017772886902093887,0.4385650157928467,0.08376018934996095,3978.284356496308,0.2926481366157532,0.3156154155731201,0.996611365492323,0.8762014535813991,0.9925261012669643,1840.466796875,0.44933271408081055,0.0,0.29544931650161743
smol,coco_karpathy,final_quarter,False,7,1.0,23,23,23,23,4.0,4096,0.001,True,1.25,1024,512,1200,0.4563378691673279,0.45291713085607627,0.46005582783836874,1.0,1.0,0.0,0.0,0.017772886902093887,0.4385650157928467,0.08376018934996095,3978.284356496308,0.2926481366157532,0.3156154155731201,0.996611365492323,0.8762014535813991,0.9925261012669643,1840.466796875,0.44933271408081055,0.0,0.29544931650161743
smol,coco_karpathy,final_quarter,False,7,1.0,23,23,23,23,4.0,4096,0.001,True,1.5,1024,512,1200,0.4563378691673279,0.45291713085607627,0.46005582783836874,1.0,1.0,0.0,0.0,0.017772886902093887,0.4385650157928467,0.08376018934996095,3978.284356496308,0.2926481366157532,0.3156154155731201,0.996611365492323,0.8762014535813991,0.9925261012669643,1840.466796875,0.44933271408081055,0.0,0.29544931650161743
smol,coco_karpathy,final_quarter,False,7,1.0,23,23,23,37,2.0,4096,0.0003,False,1.1,1024,512,1200,0.05516419559717178,0.05454410843030928,0.05583805752648914,0.07080078125,0.07177734375,0.0,0.0009765625,0.0018908297643065453,0.053273364901542664,0.9425357482339332,253.33273306265448,0.09203340113162994,0.2479124665260315,0.9880708806677846,0.9816623376497373,0.9971052801265508,262.14453125,0.06400012969970703,0.92724609375,0.09292744100093842
smol,coco_karpathy,final_quarter,False,7,1.0,23,23,23,37,2.0,4096,0.0003,False,1.25,1024,512,1200,0.05516419559717178,0.05454410843030928,0.05583805752648914,0.0703125,0.071533203125,0.0,0.001220703125,0.0018908297643065453,0.053273364901542664,0.9425357482339332,253.33273306265448,0.09203340113162994,0.2479124665260315,0.9880708806677846,0.9816623376497373,0.9971052801265508,262.14453125,0.06400012969970703,0.92724609375,0.09292744100093842
smol,coco_karpathy,final_quarter,False,7,1.0,23,23,23,37,2.0,4096,0.0003,False,1.5,1024,512,1200,0.05516419559717178,0.05454410843030928,0.05583805752648914,0.0703125,0.071533203125,0.0,0.001220703125,0.0018908297643065453,0.053273364901542664,0.9425357482339332,253.33273306265448,0.09203340113162994,0.2479124665260315,0.9880708806677846,0.9816623376497373,0.9971052801265508,262.14453125,0.06400012969970703,0.92724609375,0.09292744100093842
smol,coco_karpathy,final_quarter,False,7,1.0,23,23,23,37,2.0,4096,0.0003,True,1.1,1024,512,1200,0.46710172295570374,0.4634428843783098,0.4712368047403288,1.0,1.0,0.0,0.0,0.017950817942619324,0.4491509199142456,0.09434117258170019,3943.4973031873897,0.2995239496231079,0.3188011348247528,0.991893320543264,0.8720229122177691,0.9950546446230933,1833.92578125,0.4477357864379883,0.0,0.3020622730255127
smol,coco_karpathy,final_quarter,False,7,1.0,23,23,23,37,2.0,4096,0.0003,True,1.25,1024,512,1200,0.46710172295570374,0.4634428843783098,0.4712368047403288,1.0,1.0,0.0,0.0,0.017950817942619324,0.4491509199142456,0.09434117258170019,3943.4973031873897,0.2995239496231079,0.3188011348247528,0.991893320543264,0.8720229122177691,0.9950546446230933,1833.92578125,0.4477357864379883,0.0,0.3020622730255127
smol,coco_karpathy,final_quarter,False,7,1.0,23,23,23,37,2.0,4096,0.0003,True,1.5,1024,512,1200,0.46710172295570374,0.4634428843783098,0.4712368047403288,1.0,1.0,0.0,0.0,0.017950817942619324,0.4491509199142456,0.09434117258170019,3943.4973031873897,0.2995239496231079,0.3188011348247528,0.991893320543264,0.8720229122177691,0.9950546446230933,1833.92578125,0.4477357864379883,0.0,0.3020622730255127
smol,coco_karpathy,final_quarter,False,7,1.0,23,23,23,37,2.0,4096,0.001,False,1.1,1024,512,1200,0.05478893965482712,0.05418085599703772,0.05545697893940087,0.07080078125,0.07177734375,0.0,0.0009765625,0.0018784174462780356,0.05291052162647247,0.9427146821204205,252.744174207618,0.08952461928129196,0.2457447201013565,0.9881657712447022,0.9817407313593741,0.9972884929775545,261.462890625,0.06383371353149414,0.92724609375,0.09040158987045288
smol,coco_karpathy,final_quarter,False,7,1.0,23,23,23,37,2.0,4096,0.001,False,1.25,1024,512,1200,0.05478893965482712,0.05418085599703772,0.05545697893940087,0.0703125,0.071533203125,0.0,0.001220703125,0.0018784174462780356,0.05291052162647247,0.9427146821204205,252.744174207618,0.08952461928129196,0.2457447201013565,0.9881657712447022,0.9817407313593741,0.9972884929775545,261.462890625,0.06383371353149414,0.92724609375,0.09040158987045288
smol,coco_karpathy,final_quarter,False,7,1.0,23,23,23,37,2.0,4096,0.001,False,1.5,1024,512,1200,0.05478893965482712,0.05418085599703772,0.05545697893940087,0.0703125,0.071533203125,0.0,0.001220703125,0.0018784174462780356,0.05291052162647247,0.9427146821204205,252.744174207618,0.08952461928129196,0.2457447201013565,0.9881657712447022,0.9817407313593741,0.9972884929775545,261.462890625,0.06383371353149414,0.92724609375,0.09040158987045288
smol,coco_karpathy,final_quarter,False,7,1.0,23,23,23,37,2.0,4096,0.001,True,1.1,1024,512,1200,0.4563114643096924,0.45284232978883665,0.46023026728798866,1.0,1.0,0.0,0.0,0.017744677141308784,0.43856680393218994,0.08690220623808909,3976.787428765982,0.2919885814189911,0.3114762008190155,0.9966066441108814,0.8761208286537847,0.9944502658298724,1830.119140625,0.4468064308166504,0.0,0.29466262459754944
smol,coco_karpathy,final_quarter,False,7,1.0,23,23,23,37,2.0,4096,0.001,True,1.25,1024,512,1200,0.4563114643096924,0.45284232978883665,0.46023026728798866,1.0,1.0,0.0,0.0,0.017744677141308784,0.43856680393218994,0.08690220623808909,3976.787428765982,0.2919885814189911,0.3114762008190155,0.9966066441108814,0.8761208286537847,0.9944502658298724,1830.119140625,0.4468064308166504,0.0,0.29466262459754944
smol,coco_karpathy,final_quarter,False,7,1.0,23,23,23,37,2.0,4096,0.001,True,1.5,1024,512,1200,0.4563114643096924,0.45284232978883665,0.46023026728798866,1.0,1.0,0.0,0.0,0.017744677141308784,0.43856680393218994,0.08690220623808909,3976.787428765982,0.2919885814189911,0.3114762008190155,0.9966066441108814,0.8761208286537847,0.9944502658298724,1830.119140625,0.4468064308166504,0.0,0.29466262459754944
smol,coco_karpathy,final_quarter,False,7,1.0,23,23,23,37,4.0,4096,0.0003,False,1.1,1024,512,1200,0.05516419559717178,0.05454410843030928,0.05583805752648914,0.07080078125,0.07177734375,0.0,0.0009765625,0.0018908297643065453,0.053273364901542664,0.9425357482339332,253.33273306265448,0.09203340113162994,0.2479124665260315,0.9880708806677846,0.9816623376497373,0.9971052801265508,262.14453125,0.06400012969970703,0.92724609375,0.09292744100093842
smol,coco_karpathy,final_quarter,False,7,1.0,23,23,23,37,4.0,4096,0.0003,False,1.25,1024,512,1200,0.05516419559717178,0.05454410843030928,0.05583805752648914,0.0703125,0.071533203125,0.0,0.001220703125,0.0018908297643065453,0.053273364901542664,0.9425357482339332,253.33273306265448,0.09203340113162994,0.2479124665260315,0.9880708806677846,0.9816623376497373,0.9971052801265508,262.14453125,0.06400012969970703,0.92724609375,0.09292744100093842
smol,coco_karpathy,final_quarter,False,7,1.0,23,23,23,37,4.0,4096,0.0003,False,1.5,1024,512,1200,0.05516419559717178,0.05454410843030928,0.05583805752648914,0.0703125,0.071533203125,0.0,0.001220703125,0.0018908297643065453,0.053273364901542664,0.9425357482339332,253.33273306265448,0.09203340113162994,0.2479124665260315,0.9880708806677846,0.9816623376497373,0.9971052801265508,262.14453125,0.06400012969970703,0.92724609375,0.09292744100093842
smol,coco_karpathy,final_quarter,False,7,1.0,23,23,23,37,4.0,4096,0.0003,True,1.1,1024,512,1200,0.46710172295570374,0.4634428843783098,0.4712368047403288,1.0,1.0,0.0,0.0,0.017950817942619324,0.4491509199142456,0.09434117258170019,3943.4973031873897,0.2995239496231079,0.3188011348247528,0.991893320543264,0.8720229122177691,0.9950546446230933,1833.92578125,0.4477357864379883,0.0,0.3020622730255127
smol,coco_karpathy,final_quarter,False,7,1.0,23,23,23,37,4.0,4096,0.0003,True,1.25,1024,512,1200,0.46710172295570374,0.4634428843783098,0.4712368047403288,1.0,1.0,0.0,0.0,0.017950817942619324,0.4491509199142456,0.09434117258170019,3943.4973031873897,0.2995239496231079,0.3188011348247528,0.991893320543264,0.8720229122177691,0.9950546446230933,1833.92578125,0.4477357864379883,0.0,0.3020622730255127
smol,coco_karpathy,final_quarter,False,7,1.0,23,23,23,37,4.0,4096,0.0003,True,1.5,1024,512,1200,0.46710172295570374,0.4634428843783098,0.4712368047403288,1.0,1.0,0.0,0.0,0.017950817942619324,0.4491509199142456,0.09434117258170019,3943.4973031873897,0.2995239496231079,0.3188011348247528,0.991893320543264,0.8720229122177691,0.9950546446230933,1833.92578125,0.4477357864379883,0.0,0.3020622730255127
smol,coco_karpathy,final_quarter,False,7,1.0,23,23,23,37,4.0,4096,0.001,False,1.1,1024,512,1200,0.05478893965482712,0.05418085599703772,0.05545697893940087,0.07080078125,0.07177734375,0.0,0.0009765625,0.0018784174462780356,0.05291052162647247,0.9427146821204205,252.744174207618,0.08952461928129196,0.2457447201013565,0.9881657712447022,0.9817407313593741,0.9972884929775545,261.462890625,0.06383371353149414,0.92724609375,0.09040158987045288
smol,coco_karpathy,final_quarter,False,7,1.0,23,23,23,37,4.0,4096,0.001,False,1.25,1024,512,1200,0.05478893965482712,0.05418085599703772,0.05545697893940087,0.0703125,0.071533203125,0.0,0.001220703125,0.0018784174462780356,0.05291052162647247,0.9427146821204205,252.744174207618,0.08952461928129196,0.2457447201013565,0.9881657712447022,0.9817407313593741,0.9972884929775545,261.462890625,0.06383371353149414,0.92724609375,0.09040158987045288
smol,coco_karpathy,final_quarter,False,7,1.0,23,23,23,37,4.0,4096,0.001,False,1.5,1024,512,1200,0.05478893965482712,0.05418085599703772,0.05545697893940087,0.0703125,0.071533203125,0.0,0.001220703125,0.0018784174462780356,0.05291052162647247,0.9427146821204205,252.744174207618,0.08952461928129196,0.2457447201013565,0.9881657712447022,0.9817407313593741,0.9972884929775545,261.462890625,0.06383371353149414,0.92724609375,0.09040158987045288
smol,coco_karpathy,final_quarter,False,7,1.0,23,23,23,37,4.0,4096,0.001,True,1.1,1024,512,1200,0.4563114643096924,0.45284232978883665,0.46023026728798866,1.0,1.0,0.0,0.0,0.017744677141308784,0.43856680393218994,0.08690220623808909,3976.787428765982,0.2919885814189911,0.3114762008190155,0.9966066441108814,0.8761208286537847,0.9944502658298724,1830.119140625,0.4468064308166504,0.0,0.29466262459754944
smol,coco_karpathy,final_quarter,False,7,1.0,23,23,23,37,4.0,4096,0.001,True,1.25,1024,512,1200,0.4563114643096924,0.45284232978883665,0.46023026728798866,1.0,1.0,0.0,0.0,0.017744677141308784,0.43856680393218994,0.08690220623808909,3976.787428765982,0.2919885814189911,0.3114762008190155,0.9966066441108814,0.8761208286537847,0.9944502658298724,1830.119140625,0.4468064308166504,0.0,0.29466262459754944
smol,coco_karpathy,final_quarter,False,7,1.0,23,23,23,37,4.0,4096,0.001,True,1.5,1024,512,1200,0.4563114643096924,0.45284232978883665,0.46023026728798866,1.0,1.0,0.0,0.0,0.017744677141308784,0.43856680393218994,0.08690220623808909,3976.787428765982,0.2919885814189911,0.3114762008190155,0.9966066441108814,0.8761208286537847,0.9944502658298724,1830.119140625,0.4468064308166504,0.0,0.29466262459754944
