family,dataset,pooling,audit,layer_idx,depth_fraction,llm_layer_number,vlm_layer_number,layer_number,seed,width_factor,d_sae,l1,normalize,dom_margin,train_examples,eval_examples,sae_steps,MFI,MFI_ci_low,MFI_ci_high,FMP,image_driven_frac,text_driven_frac,both_driven_frac,mean_text_delta,mean_image_delta,matched_gini,matched_eff_dim,image_only_mean_activation,llm_mean_activation,vlm_train_rec_r2,vlm_eval_rec_r2,llm_train_rec_r2,vlm_eval_l0,vlm_eval_active_frac,vlm_eval_dead_frac,vlm_eval_z_abs_mean
qwen,coco_karpathy,final_quarter,False,0,0.0,0,0,0,11,2.0,4096,0.0003,False,1.1,1024,512,1200,0.10712604224681854,0.10553432950218848,0.10886727646866347,0.167236328125,0.167236328125,0.002197265625,0.002197265625,0.026533566415309906,0.08059246838092804,0.8800486302028758,536.6067692333685,0.13765157759189606,0.05396762117743492,0.9912765963117135,0.9449708419858474,0.9984668065373912,501.234375,0.12237167358398438,0.82958984375,0.10137961804866791
qwen,coco_karpathy,final_quarter,False,0,0.0,0,0,0,11,2.0,4096,0.0003,False,1.25,1024,512,1200,0.10712604224681854,0.10553432950218848,0.10886727646866347,0.165771484375,0.1669921875,0.001708984375,0.0029296875,0.026533566415309906,0.08059246838092804,0.8800486302028758,536.6067692333685,0.13765157759189606,0.05396762117743492,0.9912765963117135,0.9449708419858474,0.9984668065373912,501.234375,0.12237167358398438,0.82958984375,0.10137961804866791
qwen,coco_karpathy,final_quarter,False,0,0.0,0,0,0,11,2.0,4096,0.0003,False,1.5,1024,512,1200,0.10712604224681854,0.10553432950218848,0.10886727646866347,0.164794921875,0.16650390625,0.001708984375,0.00341796875,0.026533566415309906,0.08059246838092804,0.8800486302028758,536.6067692333685,0.13765157759189606,0.05396762117743492,0.9912765963117135,0.9449708419858474,0.9984668065373912,501.234375,0.12237167358398438,0.82958984375,0.10137961804866791
qwen,coco_karpathy,final_quarter,False,0,0.0,0,0,0,11,2.0,4096,0.0003,True,1.1,1024,512,1200,0.5814476013183594,0.5741785317484756,0.5889445882829023,1.0,1.0,0.0,0.0,0.1373514086008072,0.4440961480140686,0.07212537365500925,4008.525121436144,0.4447506070137024,0.3138343393802643,0.9923717523133997,0.8104447306312491,0.9910378401374065,1917.130859375,0.4680495262145996,0.0,0.31764835119247437
qwen,coco_karpathy,final_quarter,False,0,0.0,0,0,0,11,2.0,4096,0.0003,True,1.25,1024,512,1200,0.5814476013183594,0.5741785317484756,0.5889445882829023,1.0,1.0,0.0,0.0,0.1373514086008072,0.4440961480140686,0.07212537365500925,4008.525121436144,0.4447506070137024,0.3138343393802643,0.9923717523133997,0.8104447306312491,0.9910378401374065,1917.130859375,0.4680495262145996,0.0,0.31764835119247437
qwen,coco_karpathy,final_quarter,False,0,0.0,0,0,0,11,2.0,4096,0.0003,True,1.5,1024,512,1200,0.5814476013183594,0.5741785317484756,0.5889445882829023,1.0,1.0,0.0,0.0,0.1373514086008072,0.4440961480140686,0.07212537365500925,4008.525121436144,0.4447506070137024,0.3138343393802643,0.9923717523133997,0.8104447306312491,0.9910378401374065,1917.130859375,0.4680495262145996,0.0,0.31764835119247437
qwen,coco_karpathy,final_quarter,False,0,0.0,0,0,0,11,2.0,4096,0.001,False,1.1,1024,512,1200,0.1059035211801529,0.10434170453336264,0.10764582995270758,0.167236328125,0.167236328125,0.002197265625,0.002197265625,0.026191450655460358,0.07971206307411194,0.8799727929842566,537.4474093077898,0.13440386950969696,0.04844336584210396,0.9914101226832331,0.9445920288937916,0.9988482226750586,499.67578125,0.12199115753173828,0.82958984375,0.0992564857006073
qwen,coco_karpathy,final_quarter,False,0,0.0,0,0,0,11,2.0,4096,0.001,False,1.25,1024,512,1200,0.1059035211801529,0.10434170453336264,0.10764582995270758,0.165771484375,0.1669921875,0.001708984375,0.0029296875,0.026191450655460358,0.07971206307411194,0.8799727929842566,537.4474093077898,0.13440386950969696,0.04844336584210396,0.9914101226832331,0.9445920288937916,0.9988482226750586,499.67578125,0.12199115753173828,0.82958984375,0.0992564857006073
qwen,coco_karpathy,final_quarter,False,0,0.0,0,0,0,11,2.0,4096,0.001,False,1.5,1024,512,1200,0.1059035211801529,0.10434170453336264,0.10764582995270758,0.164794921875,0.16650390625,0.001708984375,0.00341796875,0.026191450655460358,0.07971206307411194,0.8799727929842566,537.4474093077898,0.13440386950969696,0.04844336584210396,0.9914101226832331,0.9445920288937916,0.9988482226750586,499.67578125,0.12199115753173828,0.82958984375,0.0992564857006073
qwen,coco_karpathy,final_quarter,False,0,0.0,0,0,0,11,2.0,4096,0.001,True,1.1,1024,512,1200,0.5711912512779236,0.5639748427944141,0.5784312911564484,1.0,1.0,0.0,0.0,0.13580921292304993,0.43538203835487366,0.0731574415309041,4004.86583767311,0.437828928232193,0.3094794750213623,0.9932618618487439,0.8116499862361435,0.9903899500667885,1903.22265625,0.46465396881103516,0.0,0.3106919527053833
qwen,coco_karpathy,final_quarter,False,0,0.0,0,0,0,11,2.0,4096,0.001,True,1.25,1024,512,1200,0.5711912512779236,0.5639748427944141,0.5784312911564484,1.0,1.0,0.0,0.0,0.13580921292304993,0.43538203835487366,0.0731574415309041,4004.86583767311,0.437828928232193,0.3094794750213623,0.9932618618487439,0.8116499862361435,0.9903899500667885,1903.22265625,0.46465396881103516,0.0,0.3106919527053833
qwen,coco_karpathy,final_quarter,False,0,0.0,0,0,0,11,2.0,4096,0.001,True,1.5,1024,512,1200,0.5711912512779236,0.5639748427944141,0.5784312911564484,1.0,1.0,0.0,0.0,0.13580921292304993,0.43538203835487366,0.0731574415309041,4004.86583767311,0.437828928232193,0.3094794750213623,0.9932618618487439,0.8116499862361435,0.9903899500667885,1903.22265625,0.46465396881103516,0.0,0.3106919527053833
qwen,coco_karpathy,final_quarter,False,0,0.0,0,0,0,11,4.0,4096,0.0003,False,1.1,1024,512,1200,0.10712604224681854,0.10553432950218848,0.10886727646866347,0.167236328125,0.167236328125,0.002197265625,0.002197265625,0.026533566415309906,0.08059246838092804,0.8800486302028758,536.6067692333685,0.13765157759189606,0.05396762117743492,0.9912765963117135,0.9449708419858474,0.9984668065373912,501.234375,0.12237167358398438,0.82958984375,0.10137961804866791
qwen,coco_karpathy,final_quarter,False,0,0.0,0,0,0,11,4.0,4096,0.0003,False,1.25,1024,512,1200,0.10712604224681854,0.10553432950218848,0.10886727646866347,0.165771484375,0.1669921875,0.001708984375,0.0029296875,0.026533566415309906,0.08059246838092804,0.8800486302028758,536.6067692333685,0.13765157759189606,0.05396762117743492,0.9912765963117135,0.9449708419858474,0.9984668065373912,501.234375,0.12237167358398438,0.82958984375,0.10137961804866791
qwen,coco_karpathy,final_quarter,False,0,0.0,0,0,0,11,4.0,4096,0.0003,False,1.5,1024,512,1200,0.10712604224681854,0.10553432950218848,0.10886727646866347,0.164794921875,0.16650390625,0.001708984375,0.00341796875,0.026533566415309906,0.08059246838092804,0.8800486302028758,536.6067692333685,0.13765157759189606,0.05396762117743492,0.9912765963117135,0.9449708419858474,0.9984668065373912,501.234375,0.12237167358398438,0.82958984375,0.10137961804866791
qwen,coco_karpathy,final_quarter,False,0,0.0,0,0,0,11,4.0,4096,0.0003,True,1.1,1024,512,1200,0.5814476013183594,0.5741785317484756,0.5889445882829023,1.0,1.0,0.0,0.0,0.1373514086008072,0.4440961480140686,0.07212537365500925,4008.525121436144,0.4447506070137024,0.3138343393802643,0.9923717523133997,0.8104447306312491,0.9910378401374065,1917.130859375,0.4680495262145996,0.0,0.31764835119247437
qwen,coco_karpathy,final_quarter,False,0,0.0,0,0,0,11,4.0,4096,0.0003,True,1.25,1024,512,1200,0.5814476013183594,0.5741785317484756,0.5889445882829023,1.0,1.0,0.0,0.0,0.1373514086008072,0.4440961480140686,0.07212537365500925,4008.525121436144,0.4447506070137024,0.3138343393802643,0.9923717523133997,0.8104447306312491,0.9910378401374065,1917.130859375,0.4680495262145996,0.0,0.31764835119247437
qwen,coco_karpathy,final_quarter,False,0,0.0,0,0,0,11,4.0,4096,0.0003,True,1.5,1024,512,1200,0.5814476013183594,0.5741785317484756,0.5889445882829023,1.0,1.0,0.0,0.0,0.1373514086008072,0.4440961480140686,0.07212537365500925,4008.525121436144,0.4447506070137024,0.3138343393802643,0.9923717523133997,0.8104447306312491,0.9910378401374065,1917.130859375,0.4680495262145996,0.0,0.31764835119247437
qwen,coco_karpathy,final_quarter,False,0,0.0,0,0,0,11,4.0,4096,0.001,False,1.1,1024,512,1200,0.1059035211801529,0.10434170453336264,0.10764582995270758,0.167236328125,0.167236328125,0.002197265625,0.002197265625,0.026191450655460358,0.07971206307411194,0.8799727929842566,537.4474093077898,0.13440386950969696,0.04844336584210396,0.9914101226832331,0.9445920288937916,0.9988482226750586,499.67578125,0.12199115753173828,0.82958984375,0.0992564857006073
qwen,coco_karpathy,final_quarter,False,0,0.0,0,0,0,11,4.0,4096,0.001,False,1.25,1024,512,1200,0.1059035211801529,0.10434170453336264,0.10764582995270758,0.165771484375,0.1669921875,0.001708984375,0.0029296875,0.026191450655460358,0.07971206307411194,0.8799727929842566,537.4474093077898,0.13440386950969696,0.04844336584210396,0.9914101226832331,0.9445920288937916,0.9988482226750586,499.67578125,0.12199115753173828,0.82958984375,0.0992564857006073
qwen,coco_karpathy,final_quarter,False,0,0.0,0,0,0,11,4.0,4096,0.001,False,1.5,1024,512,1200,0.1059035211801529,0.10434170453336264,0.10764582995270758,0.164794921875,0.16650390625,0.001708984375,0.00341796875,0.026191450655460358,0.07971206307411194,0.8799727929842566,537.4474093077898,0.13440386950969696,0.04844336584210396,0.9914101226832331,0.9445920288937916,0.9988482226750586,499.67578125,0.12199115753173828,0.82958984375,0.0992564857006073
qwen,coco_karpathy,final_quarter,False,0,0.0,0,0,0,11,4.0,4096,0.001,True,1.1,1024,512,1200,0.5711912512779236,0.5639748427944141,0.5784312911564484,1.0,1.0,0.0,0.0,0.13580921292304993,0.43538203835487366,0.0731574415309041,4004.86583767311,0.437828928232193,0.3094794750213623,0.9932618618487439,0.8116499862361435,0.9903899500667885,1903.22265625,0.46465396881103516,0.0,0.3106919527053833
qwen,coco_karpathy,final_quarter,False,0,0.0,0,0,0,11,4.0,4096,0.001,True,1.25,1024,512,1200,0.5711912512779236,0.5639748427944141,0.5784312911564484,1.0,1.0,0.0,0.0,0.13580921292304993,0.43538203835487366,0.0731574415309041,4004.86583767311,0.437828928232193,0.3094794750213623,0.9932618618487439,0.8116499862361435,0.9903899500667885,1903.22265625,0.46465396881103516,0.0,0.3106919527053833
qwen,coco_karpathy,final_quarter,False,0,0.0,0,0,0,11,4.0,4096,0.001,True,1.5,1024,512,1200,0.5711912512779236,0.5639748427944141,0.5784312911564484,1.0,1.0,0.0,0.0,0.13580921292304993,0.43538203835487366,0.0731574415309041,4004.86583767311,0.437828928232193,0.3094794750213623,0.9932618618487439,0.8116499862361435,0.9903899500667885,1903.22265625,0.46465396881103516,0.0,0.3106919527053833
qwen,coco_karpathy,final_quarter,False,0,0.0,0,0,0,23,2.0,4096,0.0003,False,1.1,1024,512,1200,0.10689429938793182,0.10511223794419493,0.10853804775870231,0.17041015625,0.170166015625,0.002197265625,0.001953125,0.026257451623678207,0.08063685148954391,0.8812349268528761,531.6250333061315,0.13653384149074554,0.05462520569562912,0.9914704199645465,0.9444130162698775,0.9990680277572882,493.865234375,0.12057256698608398,0.827392578125,0.10147761553525925
qwen,coco_karpathy,final_quarter,False,0,0.0,0,0,0,23,2.0,4096,0.0003,False,1.25,1024,512,1200,0.10689429938793182,0.10511223794419493,0.10853804775870231,0.16943359375,0.170166015625,0.001708984375,0.00244140625,0.026257451623678207,0.08063685148954391,0.8812349268528761,531.6250333061315,0.13653384149074554,0.05462520569562912,0.9914704199645465,0.9444130162698775,0.9990680277572882,493.865234375,0.12057256698608398,0.827392578125,0.10147761553525925
qwen,coco_karpathy,final_quarter,False,0,0.0,0,0,0,23,2.0,4096,0.0003,False,1.5,1024,512,1200,0.10689429938793182,0.10511223794419493,0.10853804775870231,0.1669921875,0.169189453125,0.00146484375,0.003662109375,0.026257451623678207,0.08063685148954391,0.8812349268528761,531.6250333061315,0.13653384149074554,0.05462520569562912,0.9914704199645465,0.9444130162698775,0.9990680277572882,493.865234375,0.12057256698608398,0.827392578125,0.10147761553525925
qwen,coco_karpathy,final_quarter,False,0,0.0,0,0,0,23,2.0,4096,0.0003,True,1.1,1024,512,1200,0.5758752822875977,0.5686968010006239,0.583313125926361,1.0,1.0,0.0,0.0,0.13631252944469452,0.43956273794174194,0.07199018145088118,3982.9548380838564,0.43092840909957886,0.3141234517097473,0.98975714141024,0.8078021205641012,0.9929425470526488,1909.626953125,0.4662175178527832,0.0,0.3137648105621338
qwen,coco_karpathy,final_quarter,False,0,0.0,0,0,0,23,2.0,4096,0.0003,True,1.25,1024,512,1200,0.5758752822875977,0.5686968010006239,0.583313125926361,0.99951171875,0.999755859375,0.0,0.000244140625,0.13631252944469452,0.43956273794174194,0.07199018145088118,3982.9548380838564,0.43092840909957886,0.3141234517097473,0.98975714141024,0.8078021205641012,0.9929425470526488,1909.626953125,0.4662175178527832,0.0,0.3137648105621338
qwen,coco_karpathy,final_quarter,False,0,0.0,0,0,0,23,2.0,4096,0.0003,True,1.5,1024,512,1200,0.5758752822875977,0.5686968010006239,0.583313125926361,0.9990234375,0.99951171875,0.0,0.00048828125,0.13631252944469452,0.43956273794174194,0.07199018145088118,3982.9548380838564,0.43092840909957886,0.3141234517097473,0.98975714141024,0.8078021205641012,0.9929425470526488,1909.626953125,0.4662175178527832,0.0,0.3137648105621338
qwen,coco_karpathy,final_quarter,False,0,0.0,0,0,0,23,2.0,4096,0.001,False,1.1,1024,512,1200,0.10523968189954758,0.1035084628550976,0.1068356577296072,0.169677734375,0.169677734375,0.001953125,0.001953125,0.025834139436483383,0.0794055387377739,0.8818585331241687,529.2416533380066,0.13293838500976562,0.049782510846853256,0.9913991372479106,0.9439910616857826,0.9989971507293618,488.921875,0.11936569213867188,0.828125,0.09862811118364334
qwen,coco_karpathy,final_quarter,False,0,0.0,0,0,0,23,2.0,4096,0.001,False,1.25,1024,512,1200,0.10523968189954758,0.1035084628550976,0.1068356577296072,0.168701171875,0.169677734375,0.00146484375,0.00244140625,0.025834139436483383,0.0794055387377739,0.8818585331241687,529.2416533380066,0.13293838500976562,0.049782510846853256,0.9913991372479106,0.9439910616857826,0.9989971507293618,488.921875,0.11936569213867188,0.828125,0.09862811118364334
qwen,coco_karpathy,final_quarter,False,0,0.0,0,0,0,23,2.0,4096,0.001,False,1.5,1024,512,1200,0.10523968189954758,0.1035084628550976,0.1068356577296072,0.166748046875,0.168701171875,0.00146484375,0.00341796875,0.025834139436483383,0.0794055387377739,0.8818585331241687,529.2416533380066,0.13293838500976562,0.049782510846853256,0.9913991372479106,0.9439910616857826,0.9989971507293618,488.921875,0.11936569213867188,0.828125,0.09862811118364334
qwen,coco_karpathy,final_quarter,False,0,0.0,0,0,0,23,2.0,4096,0.001,True,1.1,1024,512,1200,0.5784235000610352,0.5709122988686431,0.5861158689353033,1.0,1.0,0.0,0.0,0.13711872696876526,0.4413047432899475,0.07340841706627614,3984.6724304863938,0.43986859917640686,0.3083919584751129,0.9905197603551389,0.8101773896396973,0.9914385615682311,1907.423828125,0.4656796455383301,0.0,0.31485751271247864
qwen,coco_karpathy,final_quarter,False,0,0.0,0,0,0,23,2.0,4096,0.001,True,1.25,1024,512,1200,0.5784235000610352,0.5709122988686431,0.5861158689353033,0.99951171875,0.999755859375,0.0,0.000244140625,0.13711872696876526,0.4413047432899475,0.07340841706627614,3984.6724304863938,0.43986859917640686,0.3083919584751129,0.9905197603551389,0.8101773896396973,0.9914385615682311,1907.423828125,0.4656796455383301,0.0,0.31485751271247864
qwen,coco_karpathy,final_quarter,False,0,0.0,0,0,0,23,2.0,4096,0.001,True,1.5,1024,512,1200,0.5784235000610352,0.5709122988686431,0.5861158689353033,0.99853515625,0.999267578125,0.0,0.000732421875,0.13711872696876526,0.4413047432899475,0.07340841706627614,3984.6724304863938,0.43986859917640686,0.3083919584751129,0.9905197603551389,0.8101773896396973,0.9914385615682311,1907.423828125,0.4656796455383301,0.0,0.31485751271247864
qwen,coco_karpathy,final_quarter,False,0,0.0,0,0,0,23,4.0,4096,0.0003,False,1.1,1024,512,1200,0.10689429938793182,0.10511223794419493,0.10853804775870231,0.17041015625,0.170166015625,0.002197265625,0.001953125,0.026257451623678207,0.08063685148954391,0.8812349268528761,531.6250333061315,0.13653384149074554,0.05462520569562912,0.9914704199645465,0.9444130162698775,0.9990680277572882,493.865234375,0.12057256698608398,0.827392578125,0.10147761553525925
qwen,coco_karpathy,final_quarter,False,0,0.0,0,0,0,23,4.0,4096,0.0003,False,1.25,1024,512,1200,0.10689429938793182,0.10511223794419493,0.10853804775870231,0.16943359375,0.170166015625,0.001708984375,0.00244140625,0.026257451623678207,0.08063685148954391,0.8812349268528761,531.6250333061315,0.13653384149074554,0.05462520569562912,0.9914704199645465,0.9444130162698775,0.9990680277572882,493.865234375,0.12057256698608398,0.827392578125,0.10147761553525925
qwen,coco_karpathy,final_quarter,False,0,0.0,0,0,0,23,4.0,4096,0.0003,False,1.5,1024,512,1200,0.10689429938793182,0.10511223794419493,0.10853804775870231,0.1669921875,0.169189453125,0.00146484375,0.003662109375,0.026257451623678207,0.08063685148954391,0.8812349268528761,531.6250333061315,0.13653384149074554,0.05462520569562912,0.9914704199645465,0.9444130162698775,0.9990680277572882,493.865234375,0.12057256698608398,0.827392578125,0.10147761553525925
qwen,coco_karpathy,final_quarter,False,0,0.0,0,0,0,23,4.0,4096,0.0003,True,1.1,1024,512,1200,0.5758752822875977,0.5686968010006239,0.583313125926361,1.0,1.0,0.0,0.0,0.13631252944469452,0.43956273794174194,0.07199018145088118,3982.9548380838564,0.43092840909957886,0.3141234517097473,0.98975714141024,0.8078021205641012,0.9929425470526488,1909.626953125,0.4662175178527832,0.0,0.3137648105621338
qwen,coco_karpathy,final_quarter,False,0,0.0,0,0,0,23,4.0,4096,0.0003,True,1.25,1024,512,1200,0.5758752822875977,0.5686968010006239,0.583313125926361,0.99951171875,0.999755859375,0.0,0.000244140625,0.13631252944469452,0.43956273794174194,0.07199018145088118,3982.9548380838564,0.43092840909957886,0.3141234517097473,0.98975714141024,0.8078021205641012,0.9929425470526488,1909.626953125,0.4662175178527832,0.0,0.3137648105621338
qwen,coco_karpathy,final_quarter,False,0,0.0,0,0,0,23,4.0,4096,0.0003,True,1.5,1024,512,1200,0.5758752822875977,0.5686968010006239,0.583313125926361,0.9990234375,0.99951171875,0.0,0.00048828125,0.13631252944469452,0.43956273794174194,0.07199018145088118,3982.9548380838564,0.43092840909957886,0.3141234517097473,0.98975714141024,0.8078021205641012,0.9929425470526488,1909.626953125,0.4662175178527832,0.0,0.3137648105621338
qwen,coco_karpathy,final_quarter,False,0,0.0,0,0,0,23,4.0,4096,0.001,False,1.1,1024,512,1200,0.10523968189954758,0.1035084628550976,0.1068356577296072,0.169677734375,0.169677734375,0.001953125,0.001953125,0.025834139436483383,0.0794055387377739,0.8818585331241687,529.2416533380066,0.13293838500976562,0.049782510846853256,0.9913991372479106,0.9439910616857826,0.9989971507293618,488.921875,0.11936569213867188,0.828125,0.09862811118364334
qwen,coco_karpathy,final_quarter,False,0,0.0,0,0,0,23,4.0,4096,0.001,False,1.25,1024,512,1200,0.10523968189954758,0.1035084628550976,0.1068356577296072,0.168701171875,0.169677734375,0.00146484375,0.00244140625,0.025834139436483383,0.0794055387377739,0.8818585331241687,529.2416533380066,0.13293838500976562,0.049782510846853256,0.9913991372479106,0.9439910616857826,0.9989971507293618,488.921875,0.11936569213867188,0.828125,0.09862811118364334
qwen,coco_karpathy,final_quarter,False,0,0.0,0,0,0,23,4.0,4096,0.001,False,1.5,1024,512,1200,0.10523968189954758,0.1035084628550976,0.1068356577296072,0.166748046875,0.168701171875,0.00146484375,0.00341796875,0.025834139436483383,0.0794055387377739,0.8818585331241687,529.2416533380066,0.13293838500976562,0.049782510846853256,0.9913991372479106,0.9439910616857826,0.9989971507293618,488.921875,0.11936569213867188,0.828125,0.09862811118364334
qwen,coco_karpathy,final_quarter,False,0,0.0,0,0,0,23,4.0,4096,0.001,True,1.1,1024,512,1200,0.5784235000610352,0.5709122988686431,0.5861158689353033,1.0,1.0,0.0,0.0,0.13711872696876526,0.4413047432899475,0.07340841706627614,3984.6724304863938,0.43986859917640686,0.3083919584751129,0.9905197603551389,0.8101773896396973,0.9914385615682311,1907.423828125,0.4656796455383301,0.0,0.31485751271247864
qwen,coco_karpathy,final_quarter,False,0,0.0,0,0,0,23,4.0,4096,0.001,True,1.25,1024,512,1200,0.5784235000610352,0.5709122988686431,0.5861158689353033,0.99951171875,0.999755859375,0.0,0.000244140625,0.13711872696876526,0.4413047432899475,0.07340841706627614,3984.6724304863938,0.43986859917640686,0.3083919584751129,0.9905197603551389,0.8101773896396973,0.9914385615682311,1907.423828125,0.4656796455383301,0.0,0.31485751271247864
qwen,coco_karpathy,final_quarter,False,0,0.0,0,0,0,23,4.0,4096,0.001,True,1.5,1024,512,1200,0.5784235000610352,0.5709122988686431,0.5861158689353033,0.99853515625,0.999267578125,0.0,0.000732421875,0.13711872696876526,0.4413047432899475,0.07340841706627614,3984.6724304863938,0.43986859917640686,0.3083919584751129,0.9905197603551389,0.8101773896396973,0.9914385615682311,1907.423828125,0.4656796455383301,0.0,0.31485751271247864
qwen,coco_karpathy,final_quarter,False,0,0.0,0,0,0,37,2.0,4096,0.0003,False,1.1,1024,512,1200,0.10556931793689728,0.1037644440357326,0.10719105122007022,0.16796875,0.165771484375,0.00341796875,0.001220703125,0.026049144566059113,0.07952018082141876,0.8855079181383646,512.4240749456387,0.13638751208782196,0.054815132170915604,0.9901115493959863,0.9427501787245601,0.9987947865753343,476.9921875,0.11645317077636719,0.830810546875,0.10014660656452179
qwen,coco_karpathy,final_quarter,False,0,0.0,0,0,0,37,2.0,4096,0.0003,False,1.25,1024,512,1200,0.10556931793689728,0.1037644440357326,0.10719105122007022,0.16650390625,0.1650390625,0.00341796875,0.001953125,0.026049144566059113,0.07952018082141876,0.8855079181383646,512.4240749456387,0.13638751208782196,0.054815132170915604,0.9901115493959863,0.9427501787245601,0.9987947865753343,476.9921875,0.11645317077636719,0.830810546875,0.10014660656452179
qwen,coco_karpathy,final_quarter,False,0,0.0,0,0,0,37,2.0,4096,0.0003,False,1.5,1024,512,1200,0.10556931793689728,0.1037644440357326,0.10719105122007022,0.1640625,0.164306640625,0.0029296875,0.003173828125,0.026049144566059113,0.07952018082141876,0.8855079181383646,512.4240749456387,0.13638751208782196,0.054815132170915604,0.9901115493959863,0.9427501787245601,0.9987947865753343,476.9921875,0.11645317077636719,0.830810546875,0.10014660656452179
qwen,coco_karpathy,final_quarter,False,0,0.0,0,0,0,37,2.0,4096,0.0003,True,1.1,1024,512,1200,0.5705587863922119,0.5632174867714639,0.5772134544153232,1.0,1.0,0.0,0.0,0.13566401600837708,0.43489474058151245,0.0803570532536807,3985.534694282247,0.4172195494174957,0.31064632534980774,0.9969283648858271,0.8101200347938546,0.9841567353163926,1889.2890625,0.46125221252441406,0.0,0.3095695376396179
qwen,coco_karpathy,final_quarter,False,0,0.0,0,0,0,37,2.0,4096,0.0003,True,1.25,1024,512,1200,0.5705587863922119,0.5632174867714639,0.5772134544153232,1.0,1.0,0.0,0.0,0.13566401600837708,0.43489474058151245,0.0803570532536807,3985.534694282247,0.4172195494174957,0.31064632534980774,0.9969283648858271,0.8101200347938546,0.9841567353163926,1889.2890625,0.46125221252441406,0.0,0.3095695376396179
qwen,coco_karpathy,final_quarter,False,0,0.0,0,0,0,37,2.0,4096,0.0003,True,1.5,1024,512,1200,0.5705587863922119,0.5632174867714639,0.5772134544153232,1.0,1.0,0.0,0.0,0.13566401600837708,0.43489474058151245,0.0803570532536807,3985.534694282247,0.4172195494174957,0.31064632534980774,0.9969283648858271,0.8101200347938546,0.9841567353163926,1889.2890625,0.46125221252441406,0.0,0.3095695376396179
qwen,coco_karpathy,final_quarter,False,0,0.0,0,0,0,37,2.0,4096,0.001,False,1.1,1024,512,1200,0.10460923612117767,0.10284305405148189,0.10619501514847797,0.168212890625,0.166259765625,0.003173828125,0.001220703125,0.02581212669610977,0.0787971243262291,0.8853315058222749,513.5334070308185,0.13445551693439484,0.04894300177693367,0.9893033730753829,0.9416093827145724,0.9987368394829665,477.576171875,0.11659574508666992,0.83056640625,0.09908371418714523
qwen,coco_karpathy,final_quarter,False,0,0.0,0,0,0,37,2.0,4096,0.001,False,1.25,1024,512,1200,0.10460923612117767,0.10284305405148189,0.10619501514847797,0.166748046875,0.16552734375,0.003173828125,0.001953125,0.02581212669610977,0.0787971243262291,0.8853315058222749,513.5334070308185,0.13445551693439484,0.04894300177693367,0.9893033730753829,0.9416093827145724,0.9987368394829665,477.576171875,0.11659574508666992,0.83056640625,0.09908371418714523
qwen,coco_karpathy,final_quarter,False,0,0.0,0,0,0,37,2.0,4096,0.001,False,1.5,1024,512,1200,0.10460923612117767,0.10284305405148189,0.10619501514847797,0.162841796875,0.164306640625,0.00244140625,0.00390625,0.02581212669610977,0.0787971243262291,0.8853315058222749,513.5334070308185,0.13445551693439484,0.04894300177693367,0.9893033730753829,0.9416093827145724,0.9987368394829665,477.576171875,0.11659574508666992,0.83056640625,0.09908371418714523
qwen,coco_karpathy,final_quarter,False,0,0.0,0,0,0,37,2.0,4096,0.001,True,1.1,1024,512,1200,0.5708078145980835,0.5634250256131054,0.5775927951821359,1.0,1.0,0.0,0.0,0.13556882739067078,0.4352389872074127,0.0777821997239412,3995.543305149582,0.4204956293106079,0.30792465806007385,0.9944865341825303,0.8094909930188814,0.9870887950991626,1897.919921875,0.46335935592651367,0.0,0.3103126585483551
qwen,coco_karpathy,final_quarter,False,0,0.0,0,0,0,37,2.0,4096,0.001,True,1.25,1024,512,1200,0.5708078145980835,0.5634250256131054,0.5775927951821359,1.0,1.0,0.0,0.0,0.13556882739067078,0.4352389872074127,0.0777821997239412,3995.543305149582,0.4204956293106079,0.30792465806007385,0.9944865341825303,0.8094909930188814,0.9870887950991626,1897.919921875,0.46335935592651367,0.0,0.3103126585483551
qwen,coco_karpathy,final_quarter,False,0,0.0,0,0,0,37,2.0,4096,0.001,True,1.5,1024,512,1200,0.5708078145980835,0.5634250256131054,0.5775927951821359,0.99951171875,0.999755859375,0.0,0.000244140625,0.13556882739067078,0.4352389872074127,0.0777821997239412,3995.543305149582,0.4204956293106079,0.30792465806007385,0.9944865341825303,0.8094909930188814,0.9870887950991626,1897.919921875,0.46335935592651367,0.0,0.3103126585483551
qwen,coco_karpathy,final_quarter,False,0,0.0,0,0,0,37,4.0,4096,0.0003,False,1.1,1024,512,1200,0.10556931793689728,0.1037644440357326,0.10719105122007022,0.16796875,0.165771484375,0.00341796875,0.001220703125,0.026049144566059113,0.07952018082141876,0.8855079181383646,512.4240749456387,0.13638751208782196,0.054815132170915604,0.9901115493959863,0.9427501787245601,0.9987947865753343,476.9921875,0.11645317077636719,0.830810546875,0.10014660656452179
qwen,coco_karpathy,final_quarter,False,0,0.0,0,0,0,37,4.0,4096,0.0003,False,1.25,1024,512,1200,0.10556931793689728,0.1037644440357326,0.10719105122007022,0.16650390625,0.1650390625,0.00341796875,0.001953125,0.026049144566059113,0.07952018082141876,0.8855079181383646,512.4240749456387,0.13638751208782196,0.054815132170915604,0.9901115493959863,0.9427501787245601,0.9987947865753343,476.9921875,0.11645317077636719,0.830810546875,0.10014660656452179
qwen,coco_karpathy,final_quarter,False,0,0.0,0,0,0,37,4.0,4096,0.0003,False,1.5,1024,512,1200,0.10556931793689728,0.1037644440357326,0.10719105122007022,0.1640625,0.164306640625,0.0029296875,0.003173828125,0.026049144566059113,0.07952018082141876,0.8855079181383646,512.4240749456387,0.13638751208782196,0.054815132170915604,0.9901115493959863,0.9427501787245601,0.9987947865753343,476.9921875,0.11645317077636719,0.830810546875,0.10014660656452179
qwen,coco_karpathy,final_quarter,False,0,0.0,0,0,0,37,4.0,4096,0.0003,True,1.1,1024,512,1200,0.5705587863922119,0.5632174867714639,0.5772134544153232,1.0,1.0,0.0,0.0,0.13566401600837708,0.43489474058151245,0.0803570532536807,3985.534694282247,0.4172195494174957,0.31064632534980774,0.9969283648858271,0.8101200347938546,0.9841567353163926,1889.2890625,0.46125221252441406,0.0,0.3095695376396179
qwen,coco_karpathy,final_quarter,False,0,0.0,0,0,0,37,4.0,4096,0.0003,True,1.25,1024,512,1200,0.5705587863922119,0.5632174867714639,0.5772134544153232,1.0,1.0,0.0,0.0,0.13566401600837708,0.43489474058151245,0.0803570532536807,3985.534694282247,0.4172195494174957,0.31064632534980774,0.9969283648858271,0.8101200347938546,0.9841567353163926,1889.2890625,0.46125221252441406,0.0,0.3095695376396179
qwen,coco_karpathy,final_quarter,False,0,0.0,0,0,0,37,4.0,4096,0.0003,True,1.5,1024,512,1200,0.5705587863922119,0.5632174867714639,0.5772134544153232,1.0,1.0,0.0,0.0,0.13566401600837708,0.43489474058151245,0.0803570532536807,3985.534694282247,0.4172195494174957,0.31064632534980774,0.9969283648858271,0.8101200347938546,0.9841567353163926,1889.2890625,0.46125221252441406,0.0,0.3095695376396179
qwen,coco_karpathy,final_quarter,False,0,0.0,0,0,0,37,4.0,4096,0.001,False,1.1,1024,512,1200,0.10460923612117767,0.10284305405148189,0.10619501514847797,0.168212890625,0.166259765625,0.003173828125,0.001220703125,0.02581212669610977,0.0787971243262291,0.8853315058222749,513.5334070308185,0.13445551693439484,0.04894300177693367,0.9893033730753829,0.9416093827145724,0.9987368394829665,477.576171875,0.11659574508666992,0.83056640625,0.09908371418714523
qwen,coco_karpathy,final_quarter,False,0,0.0,0,0,0,37,4.0,4096,0.001,False,1.25,1024,512,1200,0.10460923612117767,0.10284305405148189,0.10619501514847797,0.166748046875,0.16552734375,0.003173828125,0.001953125,0.02581212669610977,0.0787971243262291,0.8853315058222749,513.5334070308185,0.13445551693439484,0.04894300177693367,0.9893033730753829,0.9416093827145724,0.9987368394829665,477.576171875,0.11659574508666992,0.83056640625,0.09908371418714523
qwen,coco_karpathy,final_quarter,False,0,0.0,0,0,0,37,4.0,4096,0.001,False,1.5,1024,512,1200,0.10460923612117767,0.10284305405148189,0.10619501514847797,0.162841796875,0.164306640625,0.00244140625,0.00390625,0.02581212669610977,0.0787971243262291,0.8853315058222749,513.5334070308185,0.13445551693439484,0.04894300177693367,0.9893033730753829,0.9416093827145724,0.9987368394829665,477.576171875,0.11659574508666992,0.83056640625,0.09908371418714523
qwen,coco_karpathy,final_quarter,False,0,0.0,0,0,0,37,4.0,4096,0.001,True,1.1,1024,512,1200,0.5708078145980835,0.5634250256131054,0.5775927951821359,1.0,1.0,0.0,0.0,0.13556882739067078,0.4352389872074127,0.0777821997239412,3995.543305149582,0.4204956293106079,0.30792465806007385,0.9944865341825303,0.8094909930188814,0.9870887950991626,1897.919921875,0.46335935592651367,0.0,0.3103126585483551
qwen,coco_karpathy,final_quarter,False,0,0.0,0,0,0,37,4.0,4096,0.001,True,1.25,1024,512,1200,0.5708078145980835,0.5634250256131054,0.5775927951821359,1.0,1.0,0.0,0.0,0.13556882739067078,0.4352389872074127,0.0777821997239412,3995.543305149582,0.4204956293106079,0.30792465806007385,0.9944865341825303,0.8094909930188814,0.9870887950991626,1897.919921875,0.46335935592651367,0.0,0.3103126585483551
qwen,coco_karpathy,final_quarter,False,0,0.0,0,0,0,37,4.0,4096,0.001,True,1.5,1024,512,1200,0.5708078145980835,0.5634250256131054,0.5775927951821359,0.99951171875,0.999755859375,0.0,0.000244140625,0.13556882739067078,0.4352389872074127,0.0777821997239412,3995.543305149582,0.4204956293106079,0.30792465806007385,0.9944865341825303,0.8094909930188814,0.9870887950991626,1897.919921875,0.46335935592651367,0.0,0.3103126585483551
qwen,coco_karpathy,final_quarter,False,1,0.14285714285714285,5,5,5,11,2.0,4096,0.0003,False,1.1,1024,512,1200,0.13955584168434143,0.13758640764135635,0.1414487072663178,0.18212890625,0.179931640625,0.006103515625,0.00390625,0.04324057698249817,0.09631526470184326,0.8562056731140465,633.1400844213254,0.16598255932331085,0.10707937926054001,0.9941429289564063,0.9679104349572716,0.9982508878634748,597.650390625,0.14591073989868164,0.81298828125,0.1407521516084671
qwen,coco_karpathy,final_quarter,False,1,0.14285714285714285,5,5,5,11,2.0,4096,0.0003,False,1.25,1024,512,1200,0.13955584168434143,0.13758640764135635,0.1414487072663178,0.1796875,0.179443359375,0.00537109375,0.005126953125,0.04324057698249817,0.09631526470184326,0.8562056731140465,633.1400844213254,0.16598255932331085,0.10707937926054001,0.9941429289564063,0.9679104349572716,0.9982508878634748,597.650390625,0.14591073989868164,0.81298828125,0.1407521516084671
qwen,coco_karpathy,final_quarter,False,1,0.14285714285714285,5,5,5,11,2.0,4096,0.0003,False,1.5,1024,512,1200,0.13955584168434143,0.13758640764135635,0.1414487072663178,0.173828125,0.177978515625,0.00390625,0.008056640625,0.04324057698249817,0.09631526470184326,0.8562056731140465,633.1400844213254,0.16598255932331085,0.10707937926054001,0.9941429289564063,0.9679104349572716,0.9982508878634748,597.650390625,0.14591073989868164,0.81298828125,0.1407521516084671
qwen,coco_karpathy,final_quarter,False,1,0.14285714285714285,5,5,5,11,2.0,4096,0.0003,True,1.1,1024,512,1200,0.6076034307479858,0.6010953769888147,0.6138371186461882,1.0,1.0,0.0,0.0,0.18767887353897095,0.4199245274066925,0.07342097498596852,3984.4856432294587,0.419036328792572,0.3161564767360687,0.9900015184764496,0.7729296481647266,0.9931669510176323,1905.673828125,0.4652523994445801,0.0,0.31557798385620117
qwen,coco_karpathy,final_quarter,False,1,0.14285714285714285,5,5,5,11,2.0,4096,0.0003,True,1.25,1024,512,1200,0.6076034307479858,0.6010953769888147,0.6138371186461882,0.998046875,0.9990234375,0.0,0.0009765625,0.18767887353897095,0.4199245274066925,0.07342097498596852,3984.4856432294587,0.419036328792572,0.3161564767360687,0.9900015184764496,0.7729296481647266,0.9931669510176323,1905.673828125,0.4652523994445801,0.0,0.31557798385620117
qwen,coco_karpathy,final_quarter,False,1,0.14285714285714285,5,5,5,11,2.0,4096,0.0003,True,1.5,1024,512,1200,0.6076034307479858,0.6010953769888147,0.6138371186461882,0.984375,0.9921875,0.0,0.0078125,0.18767887353897095,0.4199245274066925,0.07342097498596852,3984.4856432294587,0.419036328792572,0.3161564767360687,0.9900015184764496,0.7729296481647266,0.9931669510176323,1905.673828125,0.4652523994445801,0.0,0.31557798385620117
qwen,coco_karpathy,final_quarter,False,1,0.14285714285714285,5,5,5,11,2.0,4096,0.001,False,1.1,1024,512,1200,0.1381044089794159,0.13617064636491705,0.13999830663633475,0.1826171875,0.180908203125,0.005615234375,0.00390625,0.04282107204198837,0.09528334438800812,0.8558983730510146,634.7456127836676,0.16184858977794647,0.1020020842552185,0.9939901956220358,0.9675096349120648,0.998841247354934,596.591796875,0.14565229415893555,0.812255859375,0.13729120790958405
qwen,coco_karpathy,final_quarter,False,1,0.14285714285714285,5,5,5,11,2.0,4096,0.001,False,1.25,1024,512,1200,0.1381044089794159,0.13617064636491705,0.13999830663633475,0.18017578125,0.18017578125,0.005126953125,0.005126953125,0.04282107204198837,0.09528334438800812,0.8558983730510146,634.7456127836676,0.16184858977794647,0.1020020842552185,0.9939901956220358,0.9675096349120648,0.998841247354934,596.591796875,0.14565229415893555,0.812255859375,0.13729120790958405
qwen,coco_karpathy,final_quarter,False,1,0.14285714285714285,5,5,5,11,2.0,4096,0.001,False,1.5,1024,512,1200,0.1381044089794159,0.13617064636491705,0.13999830663633475,0.173828125,0.178466796875,0.003662109375,0.00830078125,0.04282107204198837,0.09528334438800812,0.8558983730510146,634.7456127836676,0.16184858977794647,0.1020020842552185,0.9939901956220358,0.9675096349120648,0.998841247354934,596.591796875,0.14565229415893555,0.812255859375,0.13729120790958405
qwen,coco_karpathy,final_quarter,False,1,0.14285714285714285,5,5,5,11,2.0,4096,0.001,True,1.1,1024,512,1200,0.5996371507644653,0.593389480492624,0.6059440421595355,1.0,1.0,0.0,0.0,0.18546555936336517,0.41417157649993896,0.07123728123631314,4009.95055604665,0.41752859950065613,0.3137010931968689,0.9955755309388808,0.778044036073205,0.9956498035141227,1899.734375,0.4638023376464844,0.0,0.310562402009964
qwen,coco_karpathy,final_quarter,False,1,0.14285714285714285,5,5,5,11,2.0,4096,0.001,True,1.25,1024,512,1200,0.5996371507644653,0.593389480492624,0.6059440421595355,0.9990234375,0.99951171875,0.0,0.00048828125,0.18546555936336517,0.41417157649993896,0.07123728123631314,4009.95055604665,0.41752859950065613,0.3137010931968689,0.9955755309388808,0.778044036073205,0.9956498035141227,1899.734375,0.4638023376464844,0.0,0.310562402009964
qwen,coco_karpathy,final_quarter,False,1,0.14285714285714285,5,5,5,11,2.0,4096,0.001,True,1.5,1024,512,1200,0.5996371507644653,0.593389480492624,0.6059440421595355,0.98974609375,0.994873046875,0.0,0.005126953125,0.18546555936336517,0.41417157649993896,0.07123728123631314,4009.95055604665,0.41752859950065613,0.3137010931968689,0.9955755309388808,0.778044036073205,0.9956498035141227,1899.734375,0.4638023376464844,0.0,0.310562402009964
qwen,coco_karpathy,final_quarter,False,1,0.14285714285714285,5,5,5,11,4.0,4096,0.0003,False,1.1,1024,512,1200,0.13955584168434143,0.13758640764135635,0.1414487072663178,0.18212890625,0.179931640625,0.006103515625,0.00390625,0.04324057698249817,0.09631526470184326,0.8562056731140465,633.1400844213254,0.16598255932331085,0.10707937926054001,0.9941429289564063,0.9679104349572716,0.9982508878634748,597.650390625,0.14591073989868164,0.81298828125,0.1407521516084671
qwen,coco_karpathy,final_quarter,False,1,0.14285714285714285,5,5,5,11,4.0,4096,0.0003,False,1.25,1024,512,1200,0.13955584168434143,0.13758640764135635,0.1414487072663178,0.1796875,0.179443359375,0.00537109375,0.005126953125,0.04324057698249817,0.09631526470184326,0.8562056731140465,633.1400844213254,0.16598255932331085,0.10707937926054001,0.9941429289564063,0.9679104349572716,0.9982508878634748,597.650390625,0.14591073989868164,0.81298828125,0.1407521516084671
qwen,coco_karpathy,final_quarter,False,1,0.14285714285714285,5,5,5,11,4.0,4096,0.0003,False,1.5,1024,512,1200,0.13955584168434143,0.13758640764135635,0.1414487072663178,0.173828125,0.177978515625,0.00390625,0.008056640625,0.04324057698249817,0.09631526470184326,0.8562056731140465,633.1400844213254,0.16598255932331085,0.10707937926054001,0.9941429289564063,0.9679104349572716,0.9982508878634748,597.650390625,0.14591073989868164,0.81298828125,0.1407521516084671
qwen,coco_karpathy,final_quarter,False,1,0.14285714285714285,5,5,5,11,4.0,4096,0.0003,True,1.1,1024,512,1200,0.6076034307479858,0.6010953769888147,0.6138371186461882,1.0,1.0,0.0,0.0,0.18767887353897095,0.4199245274066925,0.07342097498596852,3984.4856432294587,0.419036328792572,0.3161564767360687,0.9900015184764496,0.7729296481647266,0.9931669510176323,1905.673828125,0.4652523994445801,0.0,0.31557798385620117
qwen,coco_karpathy,final_quarter,False,1,0.14285714285714285,5,5,5,11,4.0,4096,0.0003,True,1.25,1024,512,1200,0.6076034307479858,0.6010953769888147,0.6138371186461882,0.998046875,0.9990234375,0.0,0.0009765625,0.18767887353897095,0.4199245274066925,0.07342097498596852,3984.4856432294587,0.419036328792572,0.3161564767360687,0.9900015184764496,0.7729296481647266,0.9931669510176323,1905.673828125,0.4652523994445801,0.0,0.31557798385620117
qwen,coco_karpathy,final_quarter,False,1,0.14285714285714285,5,5,5,11,4.0,4096,0.0003,True,1.5,1024,512,1200,0.6076034307479858,0.6010953769888147,0.6138371186461882,0.984375,0.9921875,0.0,0.0078125,0.18767887353897095,0.4199245274066925,0.07342097498596852,3984.4856432294587,0.419036328792572,0.3161564767360687,0.9900015184764496,0.7729296481647266,0.9931669510176323,1905.673828125,0.4652523994445801,0.0,0.31557798385620117
qwen,coco_karpathy,final_quarter,False,1,0.14285714285714285,5,5,5,11,4.0,4096,0.001,False,1.1,1024,512,1200,0.1381044089794159,0.13617064636491705,0.13999830663633475,0.1826171875,0.180908203125,0.005615234375,0.00390625,0.04282107204198837,0.09528334438800812,0.8558983730510146,634.7456127836676,0.16184858977794647,0.1020020842552185,0.9939901956220358,0.9675096349120648,0.998841247354934,596.591796875,0.14565229415893555,0.812255859375,0.13729120790958405
qwen,coco_karpathy,final_quarter,False,1,0.14285714285714285,5,5,5,11,4.0,4096,0.001,False,1.25,1024,512,1200,0.1381044089794159,0.13617064636491705,0.13999830663633475,0.18017578125,0.18017578125,0.005126953125,0.005126953125,0.04282107204198837,0.09528334438800812,0.8558983730510146,634.7456127836676,0.16184858977794647,0.1020020842552185,0.9939901956220358,0.9675096349120648,0.998841247354934,596.591796875,0.14565229415893555,0.812255859375,0.13729120790958405
qwen,coco_karpathy,final_quarter,False,1,0.14285714285714285,5,5,5,11,4.0,4096,0.001,False,1.5,1024,512,1200,0.1381044089794159,0.13617064636491705,0.13999830663633475,0.173828125,0.178466796875,0.003662109375,0.00830078125,0.04282107204198837,0.09528334438800812,0.8558983730510146,634.7456127836676,0.16184858977794647,0.1020020842552185,0.9939901956220358,0.9675096349120648,0.998841247354934,596.591796875,0.14565229415893555,0.812255859375,0.13729120790958405
qwen,coco_karpathy,final_quarter,False,1,0.14285714285714285,5,5,5,11,4.0,4096,0.001,True,1.1,1024,512,1200,0.5996371507644653,0.593389480492624,0.6059440421595355,1.0,1.0,0.0,0.0,0.18546555936336517,0.41417157649993896,0.07123728123631314,4009.95055604665,0.41752859950065613,0.3137010931968689,0.9955755309388808,0.778044036073205,0.9956498035141227,1899.734375,0.4638023376464844,0.0,0.310562402009964
qwen,coco_karpathy,final_quarter,False,1,0.14285714285714285,5,5,5,11,4.0,4096,0.001,True,1.25,1024,512,1200,0.5996371507644653,0.593389480492624,0.6059440421595355,0.9990234375,0.99951171875,0.0,0.00048828125,0.18546555936336517,0.41417157649993896,0.07123728123631314,4009.95055604665,0.41752859950065613,0.3137010931968689,0.9955755309388808,0.778044036073205,0.9956498035141227,1899.734375,0.4638023376464844,0.0,0.310562402009964
qwen,coco_karpathy,final_quarter,False,1,0.14285714285714285,5,5,5,11,4.0,4096,0.001,True,1.5,1024,512,1200,0.5996371507644653,0.593389480492624,0.6059440421595355,0.98974609375,0.994873046875,0.0,0.005126953125,0.18546555936336517,0.41417157649993896,0.07123728123631314,4009.95055604665,0.41752859950065613,0.3137010931968689,0.9955755309388808,0.778044036073205,0.9956498035141227,1899.734375,0.4638023376464844,0.0,0.310562402009964
qwen,coco_karpathy,final_quarter,False,1,0.14285714285714285,5,5,5,23,2.0,4096,0.0003,False,1.1,1024,512,1200,0.14040803909301758,0.13869730164224164,0.1424147206136695,0.184326171875,0.184814453125,0.004150390625,0.004638671875,0.043395280838012695,0.09701275825500488,0.8537498788381163,646.5670979392172,0.16621041297912598,0.1071343645453453,0.9944802643227156,0.967941934739164,0.9982115685573976,610.708984375,0.14909887313842773,0.80810546875,0.1402587741613388
qwen,coco_karpathy,final_quarter,False,1,0.14285714285714285,5,5,5,23,2.0,4096,0.0003,False,1.25,1024,512,1200,0.14040803909301758,0.13869730164224164,0.1424147206136695,0.181884765625,0.18408203125,0.003662109375,0.005859375,0.043395280838012695,0.09701275825500488,0.8537498788381163,646.5670979392172,0.16621041297912598,0.1071343645453453,0.9944802643227156,0.967941934739164,0.9982115685573976,610.708984375,0.14909887313842773,0.80810546875,0.1402587741613388
qwen,coco_karpathy,final_quarter,False,1,0.14285714285714285,5,5,5,23,2.0,4096,0.0003,False,1.5,1024,512,1200,0.14040803909301758,0.13869730164224164,0.1424147206136695,0.177978515625,0.1826171875,0.003173828125,0.0078125,0.043395280838012695,0.09701275825500488,0.8537498788381163,646.5670979392172,0.16621041297912598,0.1071343645453453,0.9944802643227156,0.967941934739164,0.9982115685573976,610.708984375,0.14909887313842773,0.80810546875,0.1402587741613388
qwen,coco_karpathy,final_quarter,False,1,0.14285714285714285,5,5,5,23,2.0,4096,0.0003,True,1.1,1024,512,1200,0.6082567572593689,0.6021344247579691,0.6149972087499919,1.0,0.999755859375,0.000244140625,0.0,0.18758085370063782,0.4206758737564087,0.06987732306945209,3998.3946166674596,0.4247176945209503,0.3144557476043701,0.9936009099287867,0.7775924801272518,0.9968548271293526,1911.4453125,0.4666614532470703,0.0,0.3162698447704315
qwen,coco_karpathy,final_quarter,False,1,0.14285714285714285,5,5,5,23,2.0,4096,0.0003,True,1.25,1024,512,1200,0.6082567572593689,0.6021344247579691,0.6149972087499919,0.998046875,0.9990234375,0.0,0.0009765625,0.18758085370063782,0.4206758737564087,0.06987732306945209,3998.3946166674596,0.4247176945209503,0.3144557476043701,0.9936009099287867,0.7775924801272518,0.9968548271293526,1911.4453125,0.4666614532470703,0.0,0.3162698447704315
qwen,coco_karpathy,final_quarter,False,1,0.14285714285714285,5,5,5,23,2.0,4096,0.0003,True,1.5,1024,512,1200,0.6082567572593689,0.6021344247579691,0.6149972087499919,0.990234375,0.9951171875,0.0,0.0048828125,0.18758085370063782,0.4206758737564087,0.06987732306945209,3998.3946166674596,0.4247176945209503,0.3144557476043701,0.9936009099287867,0.7775924801272518,0.9968548271293526,1911.4453125,0.4666614532470703,0.0,0.3162698447704315
qwen,coco_karpathy,final_quarter,False,1,0.14285714285714285,5,5,5,23,2.0,4096,0.001,False,1.1,1024,512,1200,0.1388443559408188,0.137187098204231,0.14082618365318922,0.184326171875,0.1845703125,0.004150390625,0.00439453125,0.042939238250255585,0.09590510278940201,0.8537757724462485,646.7901184298048,0.16180752217769623,0.1026170402765274,0.9944199443729248,0.9677289332451801,0.9984254510145247,608.1328125,0.1484699249267578,0.80859375,0.13646112382411957
qwen,coco_karpathy,final_quarter,False,1,0.14285714285714285,5,5,5,23,2.0,4096,0.001,False,1.25,1024,512,1200,0.1388443559408188,0.137187098204231,0.14082618365318922,0.181884765625,0.183837890625,0.003662109375,0.005615234375,0.042939238250255585,0.09590510278940201,0.8537757724462485,646.7901184298048,0.16180752217769623,0.1026170402765274,0.9944199443729248,0.9677289332451801,0.9984254510145247,608.1328125,0.1484699249267578,0.80859375,0.13646112382411957
qwen,coco_karpathy,final_quarter,False,1,0.14285714285714285,5,5,5,23,2.0,4096,0.001,False,1.5,1024,512,1200,0.1388443559408188,0.137187098204231,0.14082618365318922,0.177978515625,0.182373046875,0.003173828125,0.007568359375,0.042939238250255585,0.09590510278940201,0.8537757724462485,646.7901184298048,0.16180752217769623,0.1026170402765274,0.9944199443729248,0.9677289332451801,0.9984254510145247,608.1328125,0.1484699249267578,0.80859375,0.13646112382411957
qwen,coco_karpathy,final_quarter,False,1,0.14285714285714285,5,5,5,23,2.0,4096,0.001,True,1.1,1024,512,1200,0.6039633750915527,0.5981647923239507,0.6106956462012022,0.99951171875,0.999755859375,0.0,0.000244140625,0.18649673461914062,0.4174666404724121,0.06995062673560175,3993.329860544262,0.42501237988471985,0.31069910526275635,0.9894987180364931,0.7755827173157135,0.9945548727935449,1908.4921875,0.4659404754638672,0.0,0.31349098682403564
qwen,coco_karpathy,final_quarter,False,1,0.14285714285714285,5,5,5,23,2.0,4096,0.001,True,1.25,1024,512,1200,0.6039633750915527,0.5981647923239507,0.6106956462012022,0.998046875,0.9990234375,0.0,0.0009765625,0.18649673461914062,0.4174666404724121,0.06995062673560175,3993.329860544262,0.42501237988471985,0.31069910526275635,0.9894987180364931,0.7755827173157135,0.9945548727935449,1908.4921875,0.4659404754638672,0.0,0.31349098682403564
qwen,coco_karpathy,final_quarter,False,1,0.14285714285714285,5,5,5,23,2.0,4096,0.001,True,1.5,1024,512,1200,0.6039633750915527,0.5981647923239507,0.6106956462012022,0.99072265625,0.995361328125,0.0,0.004638671875,0.18649673461914062,0.4174666404724121,0.06995062673560175,3993.329860544262,0.42501237988471985,0.31069910526275635,0.9894987180364931,0.7755827173157135,0.9945548727935449,1908.4921875,0.4659404754638672,0.0,0.31349098682403564
qwen,coco_karpathy,final_quarter,False,1,0.14285714285714285,5,5,5,23,4.0,4096,0.0003,False,1.1,1024,512,1200,0.14040803909301758,0.13869730164224164,0.1424147206136695,0.184326171875,0.184814453125,0.004150390625,0.004638671875,0.043395280838012695,0.09701275825500488,0.8537498788381163,646.5670979392172,0.16621041297912598,0.1071343645453453,0.9944802643227156,0.967941934739164,0.9982115685573976,610.708984375,0.14909887313842773,0.80810546875,0.1402587741613388
qwen,coco_karpathy,final_quarter,False,1,0.14285714285714285,5,5,5,23,4.0,4096,0.0003,False,1.25,1024,512,1200,0.14040803909301758,0.13869730164224164,0.1424147206136695,0.181884765625,0.18408203125,0.003662109375,0.005859375,0.043395280838012695,0.09701275825500488,0.8537498788381163,646.5670979392172,0.16621041297912598,0.1071343645453453,0.9944802643227156,0.967941934739164,0.9982115685573976,610.708984375,0.14909887313842773,0.80810546875,0.1402587741613388
qwen,coco_karpathy,final_quarter,False,1,0.14285714285714285,5,5,5,23,4.0,4096,0.0003,False,1.5,1024,512,1200,0.14040803909301758,0.13869730164224164,0.1424147206136695,0.177978515625,0.1826171875,0.003173828125,0.0078125,0.043395280838012695,0.09701275825500488,0.8537498788381163,646.5670979392172,0.16621041297912598,0.1071343645453453,0.9944802643227156,0.967941934739164,0.9982115685573976,610.708984375,0.14909887313842773,0.80810546875,0.1402587741613388
qwen,coco_karpathy,final_quarter,False,1,0.14285714285714285,5,5,5,23,4.0,4096,0.0003,True,1.1,1024,512,1200,0.6082567572593689,0.6021344247579691,0.6149972087499919,1.0,0.999755859375,0.000244140625,0.0,0.18758085370063782,0.4206758737564087,0.06987732306945209,3998.3946166674596,0.4247176945209503,0.3144557476043701,0.9936009099287867,0.7775924801272518,0.9968548271293526,1911.4453125,0.4666614532470703,0.0,0.3162698447704315
qwen,coco_karpathy,final_quarter,False,1,0.14285714285714285,5,5,5,23,4.0,4096,0.0003,True,1.25,1024,512,1200,0.6082567572593689,0.6021344247579691,0.6149972087499919,0.998046875,0.9990234375,0.0,0.0009765625,0.18758085370063782,0.4206758737564087,0.06987732306945209,3998.3946166674596,0.4247176945209503,0.3144557476043701,0.9936009099287867,0.7775924801272518,0.9968548271293526,1911.4453125,0.4666614532470703,0.0,0.3162698447704315
qwen,coco_karpathy,final_quarter,False,1,0.14285714285714285,5,5,5,23,4.0,4096,0.0003,True,1.5,1024,512,1200,0.6082567572593689,0.6021344247579691,0.6149972087499919,0.990234375,0.9951171875,0.0,0.0048828125,0.18758085370063782,0.4206758737564087,0.06987732306945209,3998.3946166674596,0.4247176945209503,0.3144557476043701,0.9936009099287867,0.7775924801272518,0.9968548271293526,1911.4453125,0.4666614532470703,0.0,0.3162698447704315
qwen,coco_karpathy,final_quarter,False,1,0.14285714285714285,5,5,5,23,4.0,4096,0.001,False,1.1,1024,512,1200,0.1388443559408188,0.137187098204231,0.14082618365318922,0.184326171875,0.1845703125,0.004150390625,0.00439453125,0.042939238250255585,0.09590510278940201,0.8537757724462485,646.7901184298048,0.16180752217769623,0.1026170402765274,0.9944199443729248,0.9677289332451801,0.9984254510145247,608.1328125,0.1484699249267578,0.80859375,0.13646112382411957
qwen,coco_karpathy,final_quarter,False,1,0.14285714285714285,5,5,5,23,4.0,4096,0.001,False,1.25,1024,512,1200,0.1388443559408188,0.137187098204231,0.14082618365318922,0.181884765625,0.183837890625,0.003662109375,0.005615234375,0.042939238250255585,0.09590510278940201,0.8537757724462485,646.7901184298048,0.16180752217769623,0.1026170402765274,0.9944199443729248,0.9677289332451801,0.9984254510145247,608.1328125,0.1484699249267578,0.80859375,0.13646112382411957
qwen,coco_karpathy,final_quarter,False,1,0.14285714285714285,5,5,5,23,4.0,4096,0.001,False,1.5,1024,512,1200,0.1388443559408188,0.137187098204231,0.14082618365318922,0.177978515625,0.182373046875,0.003173828125,0.007568359375,0.042939238250255585,0.09590510278940201,0.8537757724462485,646.7901184298048,0.16180752217769623,0.1026170402765274,0.9944199443729248,0.9677289332451801,0.9984254510145247,608.1328125,0.1484699249267578,0.80859375,0.13646112382411957
qwen,coco_karpathy,final_quarter,False,1,0.14285714285714285,5,5,5,23,4.0,4096,0.001,True,1.1,1024,512,1200,0.6039633750915527,0.5981647923239507,0.6106956462012022,0.99951171875,0.999755859375,0.0,0.000244140625,0.18649673461914062,0.4174666404724121,0.06995062673560175,3993.329860544262,0.42501237988471985,0.31069910526275635,0.9894987180364931,0.7755827173157135,0.9945548727935449,1908.4921875,0.4659404754638672,0.0,0.31349098682403564
qwen,coco_karpathy,final_quarter,False,1,0.14285714285714285,5,5,5,23,4.0,4096,0.001,True,1.25,1024,512,1200,0.6039633750915527,0.5981647923239507,0.6106956462012022,0.998046875,0.9990234375,0.0,0.0009765625,0.18649673461914062,0.4174666404724121,0.06995062673560175,3993.329860544262,0.42501237988471985,0.31069910526275635,0.9894987180364931,0.7755827173157135,0.9945548727935449,1908.4921875,0.4659404754638672,0.0,0.31349098682403564
qwen,coco_karpathy,final_quarter,False,1,0.14285714285714285,5,5,5,23,4.0,4096,0.001,True,1.5,1024,512,1200,0.6039633750915527,0.5981647923239507,0.6106956462012022,0.99072265625,0.995361328125,0.0,0.004638671875,0.18649673461914062,0.4174666404724121,0.06995062673560175,3993.329860544262,0.42501237988471985,0.31069910526275635,0.9894987180364931,0.7755827173157135,0.9945548727935449,1908.4921875,0.4659404754638672,0.0,0.31349098682403564
qwen,coco_karpathy,final_quarter,False,1,0.14285714285714285,5,5,5,37,2.0,4096,0.0003,False,1.1,1024,512,1200,0.13935557007789612,0.13777027929718316,0.1413802976087027,0.17822265625,0.177734375,0.005126953125,0.004638671875,0.04299412667751312,0.0963614359498024,0.8570407267003236,630.0611174452627,0.16404026746749878,0.10682293027639389,0.9942013954239621,0.9678476567180305,0.9981524379681819,593.744140625,0.1449570655822754,0.81689453125,0.13950517773628235
qwen,coco_karpathy,final_quarter,False,1,0.14285714285714285,5,5,5,37,2.0,4096,0.0003,False,1.25,1024,512,1200,0.13935557007789612,0.13777027929718316,0.1413802976087027,0.177734375,0.177734375,0.0048828125,0.0048828125,0.04299412667751312,0.0963614359498024,0.8570407267003236,630.0611174452627,0.16404026746749878,0.10682293027639389,0.9942013954239621,0.9678476567180305,0.9981524379681819,593.744140625,0.1449570655822754,0.81689453125,0.13950517773628235
qwen,coco_karpathy,final_quarter,False,1,0.14285714285714285,5,5,5,37,2.0,4096,0.0003,False,1.5,1024,512,1200,0.13935557007789612,0.13777027929718316,0.1413802976087027,0.17431640625,0.1767578125,0.004150390625,0.006591796875,0.04299412667751312,0.0963614359498024,0.8570407267003236,630.0611174452627,0.16404026746749878,0.10682293027639389,0.9942013954239621,0.9678476567180305,0.9981524379681819,593.744140625,0.1449570655822754,0.81689453125,0.13950517773628235
qwen,coco_karpathy,final_quarter,False,1,0.14285714285714285,5,5,5,37,2.0,4096,0.0003,True,1.1,1024,512,1200,0.6137434244155884,0.6072968887368916,0.6213275602131034,1.0,0.999755859375,0.000244140625,0.0,0.18964335322380066,0.42410001158714294,0.0722866503576367,3975.875596697496,0.42689868807792664,0.31509140133857727,0.9922676650953258,0.7767784806286397,0.9912639482944573,1912.326171875,0.4668765068054199,0.0,0.31878167390823364
qwen,coco_karpathy,final_quarter,False,1,0.14285714285714285,5,5,5,37,2.0,4096,0.0003,True,1.25,1024,512,1200,0.6137434244155884,0.6072968887368916,0.6213275602131034,0.99755859375,0.998779296875,0.0,0.001220703125,0.18964335322380066,0.42410001158714294,0.0722866503576367,3975.875596697496,0.42689868807792664,0.31509140133857727,0.9922676650953258,0.7767784806286397,0.9912639482944573,1912.326171875,0.4668765068054199,0.0,0.31878167390823364
qwen,coco_karpathy,final_quarter,False,1,0.14285714285714285,5,5,5,37,2.0,4096,0.0003,True,1.5,1024,512,1200,0.6137434244155884,0.6072968887368916,0.6213275602131034,0.98193359375,0.990966796875,0.0,0.009033203125,0.18964335322380066,0.42410001158714294,0.0722866503576367,3975.875596697496,0.42689868807792664,0.31509140133857727,0.9922676650953258,0.7767784806286397,0.9912639482944573,1912.326171875,0.4668765068054199,0.0,0.31878167390823364
qwen,coco_karpathy,final_quarter,False,1,0.14285714285714285,5,5,5,37,2.0,4096,0.001,False,1.1,1024,512,1200,0.1378512680530548,0.13628021636432094,0.13982640165486374,0.178955078125,0.177490234375,0.005615234375,0.004150390625,0.04260289669036865,0.09524836391210556,0.857264443636397,629.4751481272353,0.16055262088775635,0.10312381386756897,0.9940176831434736,0.9674225109730137,0.9985868895791071,590.62890625,0.1441965103149414,0.817138671875,0.13650500774383545
qwen,coco_karpathy,final_quarter,False,1,0.14285714285714285,5,5,5,37,2.0,4096,0.001,False,1.25,1024,512,1200,0.1378512680530548,0.13628021636432094,0.13982640165486374,0.177490234375,0.17724609375,0.005126953125,0.0048828125,0.04260289669036865,0.09524836391210556,0.857264443636397,629.4751481272353,0.16055262088775635,0.10312381386756897,0.9940176831434736,0.9674225109730137,0.9985868895791071,590.62890625,0.1441965103149414,0.817138671875,0.13650500774383545
qwen,coco_karpathy,final_quarter,False,1,0.14285714285714285,5,5,5,37,2.0,4096,0.001,False,1.5,1024,512,1200,0.1378512680530548,0.13628021636432094,0.13982640165486374,0.174072265625,0.17626953125,0.00439453125,0.006591796875,0.04260289669036865,0.09524836391210556,0.857264443636397,629.4751481272353,0.16055262088775635,0.10312381386756897,0.9940176831434736,0.9674225109730137,0.9985868895791071,590.62890625,0.1441965103149414,0.817138671875,0.13650500774383545
qwen,coco_karpathy,final_quarter,False,1,0.14285714285714285,5,5,5,37,2.0,4096,0.001,True,1.1,1024,512,1200,0.6063295006752014,0.6001385283350829,0.6136782690839027,0.99951171875,0.999755859375,0.0,0.000244140625,0.18697552382946014,0.41935399174690247,0.07116723443513803,3996.649218137389,0.42325446009635925,0.3138362467288971,0.9925361598634308,0.7775699991448247,0.9654412628979759,1903.134765625,0.464632511138916,0.0,0.3143279254436493
qwen,coco_karpathy,final_quarter,False,1,0.14285714285714285,5,5,5,37,2.0,4096,0.001,True,1.25,1024,512,1200,0.6063295006752014,0.6001385283350829,0.6136782690839027,0.998046875,0.9990234375,0.0,0.0009765625,0.18697552382946014,0.41935399174690247,0.07116723443513803,3996.649218137389,0.42325446009635925,0.3138362467288971,0.9925361598634308,0.7775699991448247,0.9654412628979759,1903.134765625,0.464632511138916,0.0,0.3143279254436493
qwen,coco_karpathy,final_quarter,False,1,0.14285714285714285,5,5,5,37,2.0,4096,0.001,True,1.5,1024,512,1200,0.6063295006752014,0.6001385283350829,0.6136782690839027,0.98388671875,0.991943359375,0.0,0.008056640625,0.18697552382946014,0.41935399174690247,0.07116723443513803,3996.649218137389,0.42325446009635925,0.3138362467288971,0.9925361598634308,0.7775699991448247,0.9654412628979759,1903.134765625,0.464632511138916,0.0,0.3143279254436493
qwen,coco_karpathy,final_quarter,False,1,0.14285714285714285,5,5,5,37,4.0,4096,0.0003,False,1.1,1024,512,1200,0.13935557007789612,0.13777027929718316,0.1413802976087027,0.17822265625,0.177734375,0.005126953125,0.004638671875,0.04299412667751312,0.0963614359498024,0.8570407267003236,630.0611174452627,0.16404026746749878,0.10682293027639389,0.9942013954239621,0.9678476567180305,0.9981524379681819,593.744140625,0.1449570655822754,0.81689453125,0.13950517773628235
qwen,coco_karpathy,final_quarter,False,1,0.14285714285714285,5,5,5,37,4.0,4096,0.0003,False,1.25,1024,512,1200,0.13935557007789612,0.13777027929718316,0.1413802976087027,0.177734375,0.177734375,0.0048828125,0.0048828125,0.04299412667751312,0.0963614359498024,0.8570407267003236,630.0611174452627,0.16404026746749878,0.10682293027639389,0.9942013954239621,0.9678476567180305,0.9981524379681819,593.744140625,0.1449570655822754,0.81689453125,0.13950517773628235
qwen,coco_karpathy,final_quarter,False,1,0.14285714285714285,5,5,5,37,4.0,4096,0.0003,False,1.5,1024,512,1200,0.13935557007789612,0.13777027929718316,0.1413802976087027,0.17431640625,0.1767578125,0.004150390625,0.006591796875,0.04299412667751312,0.0963614359498024,0.8570407267003236,630.0611174452627,0.16404026746749878,0.10682293027639389,0.9942013954239621,0.9678476567180305,0.9981524379681819,593.744140625,0.1449570655822754,0.81689453125,0.13950517773628235
qwen,coco_karpathy,final_quarter,False,1,0.14285714285714285,5,5,5,37,4.0,4096,0.0003,True,1.1,1024,512,1200,0.6137434244155884,0.6072968887368916,0.6213275602131034,1.0,0.999755859375,0.000244140625,0.0,0.18964335322380066,0.42410001158714294,0.0722866503576367,3975.875596697496,0.42689868807792664,0.31509140133857727,0.9922676650953258,0.7767784806286397,0.9912639482944573,1912.326171875,0.4668765068054199,0.0,0.31878167390823364
qwen,coco_karpathy,final_quarter,False,1,0.14285714285714285,5,5,5,37,4.0,4096,0.0003,True,1.25,1024,512,1200,0.6137434244155884,0.6072968887368916,0.6213275602131034,0.99755859375,0.998779296875,0.0,0.001220703125,0.18964335322380066,0.42410001158714294,0.0722866503576367,3975.875596697496,0.42689868807792664,0.31509140133857727,0.9922676650953258,0.7767784806286397,0.9912639482944573,1912.326171875,0.4668765068054199,0.0,0.31878167390823364
qwen,coco_karpathy,final_quarter,False,1,0.14285714285714285,5,5,5,37,4.0,4096,0.0003,True,1.5,1024,512,1200,0.6137434244155884,0.6072968887368916,0.6213275602131034,0.98193359375,0.990966796875,0.0,0.009033203125,0.18964335322380066,0.42410001158714294,0.0722866503576367,3975.875596697496,0.42689868807792664,0.31509140133857727,0.9922676650953258,0.7767784806286397,0.9912639482944573,1912.326171875,0.4668765068054199,0.0,0.31878167390823364
qwen,coco_karpathy,final_quarter,False,1,0.14285714285714285,5,5,5,37,4.0,4096,0.001,False,1.1,1024,512,1200,0.1378512680530548,0.13628021636432094,0.13982640165486374,0.178955078125,0.177490234375,0.005615234375,0.004150390625,0.04260289669036865,0.09524836391210556,0.857264443636397,629.4751481272353,0.16055262088775635,0.10312381386756897,0.9940176831434736,0.9674225109730137,0.9985868895791071,590.62890625,0.1441965103149414,0.817138671875,0.13650500774383545
qwen,coco_karpathy,final_quarter,False,1,0.14285714285714285,5,5,5,37,4.0,4096,0.001,False,1.25,1024,512,1200,0.1378512680530548,0.13628021636432094,0.13982640165486374,0.177490234375,0.17724609375,0.005126953125,0.0048828125,0.04260289669036865,0.09524836391210556,0.857264443636397,629.4751481272353,0.16055262088775635,0.10312381386756897,0.9940176831434736,0.9674225109730137,0.9985868895791071,590.62890625,0.1441965103149414,0.817138671875,0.13650500774383545
qwen,coco_karpathy,final_quarter,False,1,0.14285714285714285,5,5,5,37,4.0,4096,0.001,False,1.5,1024,512,1200,0.1378512680530548,0.13628021636432094,0.13982640165486374,0.174072265625,0.17626953125,0.00439453125,0.006591796875,0.04260289669036865,0.09524836391210556,0.857264443636397,629.4751481272353,0.16055262088775635,0.10312381386756897,0.9940176831434736,0.9674225109730137,0.9985868895791071,590.62890625,0.1441965103149414,0.817138671875,0.13650500774383545
qwen,coco_karpathy,final_quarter,False,1,0.14285714285714285,5,5,5,37,4.0,4096,0.001,True,1.1,1024,512,1200,0.6063295006752014,0.6001385283350829,0.6136782690839027,0.99951171875,0.999755859375,0.0,0.000244140625,0.18697552382946014,0.41935399174690247,0.07116723443513803,3996.649218137389,0.42325446009635925,0.3138362467288971,0.9925361598634308,0.7775699991448247,0.9654412628979759,1903.134765625,0.464632511138916,0.0,0.3143279254436493
qwen,coco_karpathy,final_quarter,False,1,0.14285714285714285,5,5,5,37,4.0,4096,0.001,True,1.25,1024,512,1200,0.6063295006752014,0.6001385283350829,0.6136782690839027,0.998046875,0.9990234375,0.0,0.0009765625,0.18697552382946014,0.41935399174690247,0.07116723443513803,3996.649218137389,0.42325446009635925,0.3138362467288971,0.9925361598634308,0.7775699991448247,0.9654412628979759,1903.134765625,0.464632511138916,0.0,0.3143279254436493
qwen,coco_karpathy,final_quarter,False,1,0.14285714285714285,5,5,5,37,4.0,4096,0.001,True,1.5,1024,512,1200,0.6063295006752014,0.6001385283350829,0.6136782690839027,0.98388671875,0.991943359375,0.0,0.008056640625,0.18697552382946014,0.41935399174690247,0.07116723443513803,3996.649218137389,0.42325446009635925,0.3138362467288971,0.9925361598634308,0.7775699991448247,0.9654412628979759,1903.134765625,0.464632511138916,0.0,0.3143279254436493
qwen,coco_karpathy,final_quarter,False,2,0.2857142857142857,10,10,10,11,2.0,4096,0.0003,False,1.1,1024,512,1200,0.18395143747329712,0.1822505039293901,0.18582996624172665,0.1845703125,0.19677734375,0.00732421875,0.01953125,0.07952338457107544,0.10442806035280228,0.8318887705561843,739.8844254014558,0.20908929407596588,0.17946548759937286,0.9957024458106702,0.9726685362976684,0.99873783629138,706.38671875,0.17245769500732422,0.78173828125,0.19323879480361938
qwen,coco_karpathy,final_quarter,False,2,0.2857142857142857,10,10,10,11,2.0,4096,0.0003,False,1.25,1024,512,1200,0.18395143747329712,0.1822505039293901,0.18582996624172665,0.07763671875,0.14501953125,0.005615234375,0.072998046875,0.07952338457107544,0.10442806035280228,0.8318887705561843,739.8844254014558,0.20908929407596588,0.17946548759937286,0.9957024458106702,0.9726685362976684,0.99873783629138,706.38671875,0.17245769500732422,0.78173828125,0.19323879480361938
qwen,coco_karpathy,final_quarter,False,2,0.2857142857142857,10,10,10,11,2.0,4096,0.0003,False,1.5,1024,512,1200,0.18395143747329712,0.1822505039293901,0.18582996624172665,-0.1435546875,0.035400390625,0.004638671875,0.18359375,0.07952338457107544,0.10442806035280228,0.8318887705561843,739.8844254014558,0.20908929407596588,0.17946548759937286,0.9957024458106702,0.9726685362976684,0.99873783629138,706.38671875,0.17245769500732422,0.78173828125,0.19323879480361938
qwen,coco_karpathy,final_quarter,False,2,0.2857142857142857,10,10,10,11,2.0,4096,0.0003,True,1.1,1024,512,1200,0.6478259563446045,0.6426965888982522,0.6535693049081601,0.869140625,0.932861328125,0.001708984375,0.0654296875,0.2778986692428589,0.3699272871017456,0.0647945093373941,4033.2026527194735,0.3830106258392334,0.3206091821193695,0.9928810898881965,0.7313373563602343,0.9944066715425509,1919.138671875,0.4685397148132324,0.0,0.32718151807785034
qwen,coco_karpathy,final_quarter,False,2,0.2857142857142857,10,10,10,11,2.0,4096,0.0003,True,1.25,1024,512,1200,0.6478259563446045,0.6426965888982522,0.6535693049081601,0.361328125,0.6806640625,0.0,0.3193359375,0.2778986692428589,0.3699272871017456,0.0647945093373941,4033.2026527194735,0.3830106258392334,0.3206091821193695,0.9928810898881965,0.7313373563602343,0.9944066715425509,1919.138671875,0.4685397148132324,0.0,0.32718151807785034
qwen,coco_karpathy,final_quarter,False,2,0.2857142857142857,10,10,10,11,2.0,4096,0.0003,True,1.5,1024,512,1200,0.6478259563446045,0.6426965888982522,0.6535693049081601,-0.6826171875,0.15869140625,0.0,0.84130859375,0.2778986692428589,0.3699272871017456,0.0647945093373941,4033.2026527194735,0.3830106258392334,0.3206091821193695,0.9928810898881965,0.7313373563602343,0.9944066715425509,1919.138671875,0.4685397148132324,0.0,0.32718151807785034
qwen,coco_karpathy,final_quarter,False,2,0.2857142857142857,10,10,10,11,2.0,4096,0.001,False,1.1,1024,512,1200,0.18257781863212585,0.18087256356957368,0.18442721642568358,0.182373046875,0.1962890625,0.006591796875,0.0205078125,0.07898494601249695,0.10359286516904831,0.8316923053375074,740.4768388225098,0.20551979541778564,0.1737925261259079,0.9960010001378505,0.972837592731982,0.9987493170898178,705.435546875,0.1722254753112793,0.78173828125,0.18968600034713745
qwen,coco_karpathy,final_quarter,False,2,0.2857142857142857,10,10,10,11,2.0,4096,0.001,False,1.25,1024,512,1200,0.18257781863212585,0.18087256356957368,0.18442721642568358,0.074462890625,0.143798828125,0.005126953125,0.074462890625,0.07898494601249695,0.10359286516904831,0.8316923053375074,740.4768388225098,0.20551979541778564,0.1737925261259079,0.9960010001378505,0.972837592731982,0.9987493170898178,705.435546875,0.1722254753112793,0.78173828125,0.18968600034713745
qwen,coco_karpathy,final_quarter,False,2,0.2857142857142857,10,10,10,11,2.0,4096,0.001,False,1.5,1024,512,1200,0.18257781863212585,0.18087256356957368,0.18442721642568358,-0.144775390625,0.034912109375,0.00439453125,0.18408203125,0.07898494601249695,0.10359286516904831,0.8316923053375074,740.4768388225098,0.20551979541778564,0.1737925261259079,0.9960010001378505,0.972837592731982,0.9987493170898178,705.435546875,0.1722254753112793,0.78173828125,0.18968600034713745
qwen,coco_karpathy,final_quarter,False,2,0.2857142857142857,10,10,10,11,2.0,4096,0.001,True,1.1,1024,512,1200,0.6348251700401306,0.6298936661565676,0.6403428112360416,0.8671875,0.931640625,0.001953125,0.06640625,0.272946298122406,0.361878901720047,0.06485726997911993,4032.9279697424736,0.37498268485069275,0.31210827827453613,0.9934129824715344,0.732477802024448,0.9933605349437608,1903.72265625,0.46477603912353516,0.0,0.31859269738197327
qwen,coco_karpathy,final_quarter,False,2,0.2857142857142857,10,10,10,11,2.0,4096,0.001,True,1.25,1024,512,1200,0.6348251700401306,0.6298936661565676,0.6403428112360416,0.349609375,0.6748046875,0.0,0.3251953125,0.272946298122406,0.361878901720047,0.06485726997911993,4032.9279697424736,0.37498268485069275,0.31210827827453613,0.9934129824715344,0.732477802024448,0.9933605349437608,1903.72265625,0.46477603912353516,0.0,0.31859269738197327
qwen,coco_karpathy,final_quarter,False,2,0.2857142857142857,10,10,10,11,2.0,4096,0.001,True,1.5,1024,512,1200,0.6348251700401306,0.6298936661565676,0.6403428112360416,-0.69287109375,0.153564453125,0.0,0.846435546875,0.272946298122406,0.361878901720047,0.06485726997911993,4032.9279697424736,0.37498268485069275,0.31210827827453613,0.9934129824715344,0.732477802024448,0.9933605349437608,1903.72265625,0.46477603912353516,0.0,0.31859269738197327
qwen,coco_karpathy,final_quarter,False,2,0.2857142857142857,10,10,10,11,4.0,4096,0.0003,False,1.1,1024,512,1200,0.18395143747329712,0.1822505039293901,0.18582996624172665,0.1845703125,0.19677734375,0.00732421875,0.01953125,0.07952338457107544,0.10442806035280228,0.8318887705561843,739.8844254014558,0.20908929407596588,0.17946548759937286,0.9957024458106702,0.9726685362976684,0.99873783629138,706.38671875,0.17245769500732422,0.78173828125,0.19323879480361938
qwen,coco_karpathy,final_quarter,False,2,0.2857142857142857,10,10,10,11,4.0,4096,0.0003,False,1.25,1024,512,1200,0.18395143747329712,0.1822505039293901,0.18582996624172665,0.07763671875,0.14501953125,0.005615234375,0.072998046875,0.07952338457107544,0.10442806035280228,0.8318887705561843,739.8844254014558,0.20908929407596588,0.17946548759937286,0.9957024458106702,0.9726685362976684,0.99873783629138,706.38671875,0.17245769500732422,0.78173828125,0.19323879480361938
qwen,coco_karpathy,final_quarter,False,2,0.2857142857142857,10,10,10,11,4.0,4096,0.0003,False,1.5,1024,512,1200,0.18395143747329712,0.1822505039293901,0.18582996624172665,-0.1435546875,0.035400390625,0.004638671875,0.18359375,0.07952338457107544,0.10442806035280228,0.8318887705561843,739.8844254014558,0.20908929407596588,0.17946548759937286,0.9957024458106702,0.9726685362976684,0.99873783629138,706.38671875,0.17245769500732422,0.78173828125,0.19323879480361938
qwen,coco_karpathy,final_quarter,False,2,0.2857142857142857,10,10,10,11,4.0,4096,0.0003,True,1.1,1024,512,1200,0.6478259563446045,0.6426965888982522,0.6535693049081601,0.869140625,0.932861328125,0.001708984375,0.0654296875,0.2778986692428589,0.3699272871017456,0.0647945093373941,4033.2026527194735,0.3830106258392334,0.3206091821193695,0.9928810898881965,0.7313373563602343,0.9944066715425509,1919.138671875,0.4685397148132324,0.0,0.32718151807785034
qwen,coco_karpathy,final_quarter,False,2,0.2857142857142857,10,10,10,11,4.0,4096,0.0003,True,1.25,1024,512,1200,0.6478259563446045,0.6426965888982522,0.6535693049081601,0.361328125,0.6806640625,0.0,0.3193359375,0.2778986692428589,0.3699272871017456,0.0647945093373941,4033.2026527194735,0.3830106258392334,0.3206091821193695,0.9928810898881965,0.7313373563602343,0.9944066715425509,1919.138671875,0.4685397148132324,0.0,0.32718151807785034
qwen,coco_karpathy,final_quarter,False,2,0.2857142857142857,10,10,10,11,4.0,4096,0.0003,True,1.5,1024,512,1200,0.6478259563446045,0.6426965888982522,0.6535693049081601,-0.6826171875,0.15869140625,0.0,0.84130859375,0.2778986692428589,0.3699272871017456,0.0647945093373941,4033.2026527194735,0.3830106258392334,0.3206091821193695,0.9928810898881965,0.7313373563602343,0.9944066715425509,1919.138671875,0.4685397148132324,0.0,0.32718151807785034
qwen,coco_karpathy,final_quarter,False,2,0.2857142857142857,10,10,10,11,4.0,4096,0.001,False,1.1,1024,512,1200,0.18257781863212585,0.18087256356957368,0.18442721642568358,0.182373046875,0.1962890625,0.006591796875,0.0205078125,0.07898494601249695,0.10359286516904831,0.8316923053375074,740.4768388225098,0.20551979541778564,0.1737925261259079,0.9960010001378505,0.972837592731982,0.9987493170898178,705.435546875,0.1722254753112793,0.78173828125,0.18968600034713745
qwen,coco_karpathy,final_quarter,False,2,0.2857142857142857,10,10,10,11,4.0,4096,0.001,False,1.25,1024,512,1200,0.18257781863212585,0.18087256356957368,0.18442721642568358,0.074462890625,0.143798828125,0.005126953125,0.074462890625,0.07898494601249695,0.10359286516904831,0.8316923053375074,740.4768388225098,0.20551979541778564,0.1737925261259079,0.9960010001378505,0.972837592731982,0.9987493170898178,705.435546875,0.1722254753112793,0.78173828125,0.18968600034713745
qwen,coco_karpathy,final_quarter,False,2,0.2857142857142857,10,10,10,11,4.0,4096,0.001,False,1.5,1024,512,1200,0.18257781863212585,0.18087256356957368,0.18442721642568358,-0.144775390625,0.034912109375,0.00439453125,0.18408203125,0.07898494601249695,0.10359286516904831,0.8316923053375074,740.4768388225098,0.20551979541778564,0.1737925261259079,0.9960010001378505,0.972837592731982,0.9987493170898178,705.435546875,0.1722254753112793,0.78173828125,0.18968600034713745
qwen,coco_karpathy,final_quarter,False,2,0.2857142857142857,10,10,10,11,4.0,4096,0.001,True,1.1,1024,512,1200,0.6348251700401306,0.6298936661565676,0.6403428112360416,0.8671875,0.931640625,0.001953125,0.06640625,0.272946298122406,0.361878901720047,0.06485726997911993,4032.9279697424736,0.37498268485069275,0.31210827827453613,0.9934129824715344,0.732477802024448,0.9933605349437608,1903.72265625,0.46477603912353516,0.0,0.31859269738197327
qwen,coco_karpathy,final_quarter,False,2,0.2857142857142857,10,10,10,11,4.0,4096,0.001,True,1.25,1024,512,1200,0.6348251700401306,0.6298936661565676,0.6403428112360416,0.349609375,0.6748046875,0.0,0.3251953125,0.272946298122406,0.361878901720047,0.06485726997911993,4032.9279697424736,0.37498268485069275,0.31210827827453613,0.9934129824715344,0.732477802024448,0.9933605349437608,1903.72265625,0.46477603912353516,0.0,0.31859269738197327
qwen,coco_karpathy,final_quarter,False,2,0.2857142857142857,10,10,10,11,4.0,4096,0.001,True,1.5,1024,512,1200,0.6348251700401306,0.6298936661565676,0.6403428112360416,-0.69287109375,0.153564453125,0.0,0.846435546875,0.272946298122406,0.361878901720047,0.06485726997911993,4032.9279697424736,0.37498268485069275,0.31210827827453613,0.9934129824715344,0.732477802024448,0.9933605349437608,1903.72265625,0.46477603912353516,0.0,0.31859269738197327
qwen,coco_karpathy,final_quarter,False,2,0.2857142857142857,10,10,10,23,2.0,4096,0.0003,False,1.1,1024,512,1200,0.18411019444465637,0.18228141338258866,0.185890444645338,0.18994140625,0.200439453125,0.00927734375,0.019775390625,0.07945643365383148,0.10465377569198608,0.8333200404636143,735.1421177457923,0.20909403264522552,0.17949585616588593,0.995876549550928,0.9725724380436797,0.9989160296798703,703.533203125,0.17176103591918945,0.779052734375,0.19367466866970062
qwen,coco_karpathy,final_quarter,False,2,0.2857142857142857,10,10,10,23,2.0,4096,0.0003,False,1.25,1024,512,1200,0.18411019444465637,0.18228141338258866,0.185890444645338,0.07958984375,0.146484375,0.008056640625,0.074951171875,0.07945643365383148,0.10465377569198608,0.8333200404636143,735.1421177457923,0.20909403264522552,0.17949585616588593,0.995876549550928,0.9725724380436797,0.9989160296798703,703.533203125,0.17176103591918945,0.779052734375,0.19367466866970062
qwen,coco_karpathy,final_quarter,False,2,0.2857142857142857,10,10,10,23,2.0,4096,0.0003,False,1.5,1024,512,1200,0.18411019444465637,0.18228141338258866,0.185890444645338,-0.140625,0.0380859375,0.00634765625,0.18505859375,0.07945643365383148,0.10465377569198608,0.8333200404636143,735.1421177457923,0.20909403264522552,0.17949585616588593,0.995876549550928,0.9725724380436797,0.9989160296798703,703.533203125,0.17176103591918945,0.779052734375,0.19367466866970062
qwen,coco_karpathy,final_quarter,False,2,0.2857142857142857,10,10,10,23,2.0,4096,0.0003,True,1.1,1024,512,1200,0.6451916694641113,0.6393976694933372,0.6505708402226447,0.88330078125,0.940185546875,0.00146484375,0.058349609375,0.2767433226108551,0.36844831705093384,0.0636027794264756,4032.402212009542,0.3729015588760376,0.32163041830062866,0.9919695755820036,0.7304853266359628,0.9938373857046495,1914.396484375,0.46738195419311523,0.0,0.32538846135139465
qwen,coco_karpathy,final_quarter,False,2,0.2857142857142857,10,10,10,23,2.0,4096,0.0003,True,1.25,1024,512,1200,0.6451916694641113,0.6393976694933372,0.6505708402226447,0.37744140625,0.688720703125,0.0,0.311279296875,0.2767433226108551,0.36844831705093384,0.0636027794264756,4032.402212009542,0.3729015588760376,0.32163041830062866,0.9919695755820036,0.7304853266359628,0.9938373857046495,1914.396484375,0.46738195419311523,0.0,0.32538846135139465
qwen,coco_karpathy,final_quarter,False,2,0.2857142857142857,10,10,10,23,2.0,4096,0.0003,True,1.5,1024,512,1200,0.6451916694641113,0.6393976694933372,0.6505708402226447,-0.68798828125,0.156005859375,0.0,0.843994140625,0.2767433226108551,0.36844831705093384,0.0636027794264756,4032.402212009542,0.3729015588760376,0.32163041830062866,0.9919695755820036,0.7304853266359628,0.9938373857046495,1914.396484375,0.46738195419311523,0.0,0.32538846135139465
qwen,coco_karpathy,final_quarter,False,2,0.2857142857142857,10,10,10,23,2.0,4096,0.001,False,1.1,1024,512,1200,0.18245741724967957,0.18066080844146198,0.18422114952118135,0.18896484375,0.20068359375,0.008544921875,0.020263671875,0.07881021499633789,0.10364720970392227,0.83326928252393,735.0956130505543,0.204863503575325,0.17354799807071686,0.9959605299237332,0.9725373914751397,0.9987351225013018,701.068359375,0.1711592674255371,0.779052734375,0.18940141797065735
qwen,coco_karpathy,final_quarter,False,2,0.2857142857142857,10,10,10,23,2.0,4096,0.001,False,1.25,1024,512,1200,0.18245741724967957,0.18066080844146198,0.18422114952118135,0.0751953125,0.14453125,0.0078125,0.0771484375,0.07881021499633789,0.10364720970392227,0.83326928252393,735.0956130505543,0.204863503575325,0.17354799807071686,0.9959605299237332,0.9725373914751397,0.9987351225013018,701.068359375,0.1711592674255371,0.779052734375,0.18940141797065735
qwen,coco_karpathy,final_quarter,False,2,0.2857142857142857,10,10,10,23,2.0,4096,0.001,False,1.5,1024,512,1200,0.18245741724967957,0.18066080844146198,0.18422114952118135,-0.14208984375,0.037353515625,0.00634765625,0.185791015625,0.07881021499633789,0.10364720970392227,0.83326928252393,735.0956130505543,0.204863503575325,0.17354799807071686,0.9959605299237332,0.9725373914751397,0.9987351225013018,701.068359375,0.1711592674255371,0.779052734375,0.18940141797065735
qwen,coco_karpathy,final_quarter,False,2,0.2857142857142857,10,10,10,23,2.0,4096,0.001,True,1.1,1024,512,1200,0.637208104133606,0.6313751704321475,0.6425251662309165,0.8740234375,0.935546875,0.00146484375,0.06298828125,0.27385300397872925,0.3633551299571991,0.06363417613907613,4032.599896935537,0.3665110170841217,0.3182307779788971,0.9940315198320342,0.7325732337692819,0.994723387247402,1907.708984375,0.46574926376342773,0.0,0.3206447660923004
qwen,coco_karpathy,final_quarter,False,2,0.2857142857142857,10,10,10,23,2.0,4096,0.001,True,1.25,1024,512,1200,0.637208104133606,0.6313751704321475,0.6425251662309165,0.357421875,0.6787109375,0.0,0.3212890625,0.27385300397872925,0.3633551299571991,0.06363417613907613,4032.599896935537,0.3665110170841217,0.3182307779788971,0.9940315198320342,0.7325732337692819,0.994723387247402,1907.708984375,0.46574926376342773,0.0,0.3206447660923004
qwen,coco_karpathy,final_quarter,False,2,0.2857142857142857,10,10,10,23,2.0,4096,0.001,True,1.5,1024,512,1200,0.637208104133606,0.6313751704321475,0.6425251662309165,-0.6943359375,0.15283203125,0.0,0.84716796875,0.27385300397872925,0.3633551299571991,0.06363417613907613,4032.599896935537,0.3665110170841217,0.3182307779788971,0.9940315198320342,0.7325732337692819,0.994723387247402,1907.708984375,0.46574926376342773,0.0,0.3206447660923004
qwen,coco_karpathy,final_quarter,False,2,0.2857142857142857,10,10,10,23,4.0,4096,0.0003,False,1.1,1024,512,1200,0.18411019444465637,0.18228141338258866,0.185890444645338,0.18994140625,0.200439453125,0.00927734375,0.019775390625,0.07945643365383148,0.10465377569198608,0.8333200404636143,735.1421177457923,0.20909403264522552,0.17949585616588593,0.995876549550928,0.9725724380436797,0.9989160296798703,703.533203125,0.17176103591918945,0.779052734375,0.19367466866970062
qwen,coco_karpathy,final_quarter,False,2,0.2857142857142857,10,10,10,23,4.0,4096,0.0003,False,1.25,1024,512,1200,0.18411019444465637,0.18228141338258866,0.185890444645338,0.07958984375,0.146484375,0.008056640625,0.074951171875,0.07945643365383148,0.10465377569198608,0.8333200404636143,735.1421177457923,0.20909403264522552,0.17949585616588593,0.995876549550928,0.9725724380436797,0.9989160296798703,703.533203125,0.17176103591918945,0.779052734375,0.19367466866970062
qwen,coco_karpathy,final_quarter,False,2,0.2857142857142857,10,10,10,23,4.0,4096,0.0003,False,1.5,1024,512,1200,0.18411019444465637,0.18228141338258866,0.185890444645338,-0.140625,0.0380859375,0.00634765625,0.18505859375,0.07945643365383148,0.10465377569198608,0.8333200404636143,735.1421177457923,0.20909403264522552,0.17949585616588593,0.995876549550928,0.9725724380436797,0.9989160296798703,703.533203125,0.17176103591918945,0.779052734375,0.19367466866970062
qwen,coco_karpathy,final_quarter,False,2,0.2857142857142857,10,10,10,23,4.0,4096,0.0003,True,1.1,1024,512,1200,0.6451916694641113,0.6393976694933372,0.6505708402226447,0.88330078125,0.940185546875,0.00146484375,0.058349609375,0.2767433226108551,0.36844831705093384,0.0636027794264756,4032.402212009542,0.3729015588760376,0.32163041830062866,0.9919695755820036,0.7304853266359628,0.9938373857046495,1914.396484375,0.46738195419311523,0.0,0.32538846135139465
qwen,coco_karpathy,final_quarter,False,2,0.2857142857142857,10,10,10,23,4.0,4096,0.0003,True,1.25,1024,512,1200,0.6451916694641113,0.6393976694933372,0.6505708402226447,0.37744140625,0.688720703125,0.0,0.311279296875,0.2767433226108551,0.36844831705093384,0.0636027794264756,4032.402212009542,0.3729015588760376,0.32163041830062866,0.9919695755820036,0.7304853266359628,0.9938373857046495,1914.396484375,0.46738195419311523,0.0,0.32538846135139465
qwen,coco_karpathy,final_quarter,False,2,0.2857142857142857,10,10,10,23,4.0,4096,0.0003,True,1.5,1024,512,1200,0.6451916694641113,0.6393976694933372,0.6505708402226447,-0.68798828125,0.156005859375,0.0,0.843994140625,0.2767433226108551,0.36844831705093384,0.0636027794264756,4032.402212009542,0.3729015588760376,0.32163041830062866,0.9919695755820036,0.7304853266359628,0.9938373857046495,1914.396484375,0.46738195419311523,0.0,0.32538846135139465
qwen,coco_karpathy,final_quarter,False,2,0.2857142857142857,10,10,10,23,4.0,4096,0.001,False,1.1,1024,512,1200,0.18245741724967957,0.18066080844146198,0.18422114952118135,0.18896484375,0.20068359375,0.008544921875,0.020263671875,0.07881021499633789,0.10364720970392227,0.83326928252393,735.0956130505543,0.204863503575325,0.17354799807071686,0.9959605299237332,0.9725373914751397,0.9987351225013018,701.068359375,0.1711592674255371,0.779052734375,0.18940141797065735
qwen,coco_karpathy,final_quarter,False,2,0.2857142857142857,10,10,10,23,4.0,4096,0.001,False,1.25,1024,512,1200,0.18245741724967957,0.18066080844146198,0.18422114952118135,0.0751953125,0.14453125,0.0078125,0.0771484375,0.07881021499633789,0.10364720970392227,0.83326928252393,735.0956130505543,0.204863503575325,0.17354799807071686,0.9959605299237332,0.9725373914751397,0.9987351225013018,701.068359375,0.1711592674255371,0.779052734375,0.18940141797065735
qwen,coco_karpathy,final_quarter,False,2,0.2857142857142857,10,10,10,23,4.0,4096,0.001,False,1.5,1024,512,1200,0.18245741724967957,0.18066080844146198,0.18422114952118135,-0.14208984375,0.037353515625,0.00634765625,0.185791015625,0.07881021499633789,0.10364720970392227,0.83326928252393,735.0956130505543,0.204863503575325,0.17354799807071686,0.9959605299237332,0.9725373914751397,0.9987351225013018,701.068359375,0.1711592674255371,0.779052734375,0.18940141797065735
qwen,coco_karpathy,final_quarter,False,2,0.2857142857142857,10,10,10,23,4.0,4096,0.001,True,1.1,1024,512,1200,0.637208104133606,0.6313751704321475,0.6425251662309165,0.8740234375,0.935546875,0.00146484375,0.06298828125,0.27385300397872925,0.3633551299571991,0.06363417613907613,4032.599896935537,0.3665110170841217,0.3182307779788971,0.9940315198320342,0.7325732337692819,0.994723387247402,1907.708984375,0.46574926376342773,0.0,0.3206447660923004
qwen,coco_karpathy,final_quarter,False,2,0.2857142857142857,10,10,10,23,4.0,4096,0.001,True,1.25,1024,512,1200,0.637208104133606,0.6313751704321475,0.6425251662309165,0.357421875,0.6787109375,0.0,0.3212890625,0.27385300397872925,0.3633551299571991,0.06363417613907613,4032.599896935537,0.3665110170841217,0.3182307779788971,0.9940315198320342,0.7325732337692819,0.994723387247402,1907.708984375,0.46574926376342773,0.0,0.3206447660923004
qwen,coco_karpathy,final_quarter,False,2,0.2857142857142857,10,10,10,23,4.0,4096,0.001,True,1.5,1024,512,1200,0.637208104133606,0.6313751704321475,0.6425251662309165,-0.6943359375,0.15283203125,0.0,0.84716796875,0.27385300397872925,0.3633551299571991,0.06363417613907613,4032.599896935537,0.3665110170841217,0.3182307779788971,0.9940315198320342,0.7325732337692819,0.994723387247402,1907.708984375,0.46574926376342773,0.0,0.3206447660923004
qwen,coco_karpathy,final_quarter,False,2,0.2857142857142857,10,10,10,37,2.0,4096,0.0003,False,1.1,1024,512,1200,0.17962411046028137,0.17782851340307387,0.1811448108550394,0.1767578125,0.191162109375,0.006103515625,0.0205078125,0.07743905484676361,0.10218505561351776,0.8403886913821569,707.0211336876325,0.20452044904232025,0.17629677057266235,0.9957154790562038,0.9721879797960634,0.9990009481236509,679.1796875,0.1658153533935547,0.7880859375,0.18982581794261932
qwen,coco_karpathy,final_quarter,False,2,0.2857142857142857,10,10,10,37,2.0,4096,0.0003,False,1.25,1024,512,1200,0.17962411046028137,0.17782851340307387,0.1811448108550394,0.0693359375,0.138427734375,0.005126953125,0.07421875,0.07743905484676361,0.10218505561351776,0.8403886913821569,707.0211336876325,0.20452044904232025,0.17629677057266235,0.9957154790562038,0.9721879797960634,0.9990009481236509,679.1796875,0.1658153533935547,0.7880859375,0.18982581794261932
qwen,coco_karpathy,final_quarter,False,2,0.2857142857142857,10,10,10,37,2.0,4096,0.0003,False,1.5,1024,512,1200,0.17962411046028137,0.17782851340307387,0.1811448108550394,-0.14208984375,0.03369140625,0.004150390625,0.179931640625,0.07743905484676361,0.10218505561351776,0.8403886913821569,707.0211336876325,0.20452044904232025,0.17629677057266235,0.9957154790562038,0.9721879797960634,0.9990009481236509,679.1796875,0.1658153533935547,0.7880859375,0.18982581794261932
qwen,coco_karpathy,final_quarter,False,2,0.2857142857142857,10,10,10,37,2.0,4096,0.0003,True,1.1,1024,512,1200,0.6365278959274292,0.6310981072470895,0.6413014897931134,0.8681640625,0.93115234375,0.0029296875,0.06591796875,0.27350491285324097,0.36302295327186584,0.06471178855213838,4024.7014063811116,0.37799665331840515,0.31913435459136963,0.9935445731761935,0.7323305146739738,0.993080447375088,1903.2109375,0.46465110778808594,0.0,0.320171594619751
qwen,coco_karpathy,final_quarter,False,2,0.2857142857142857,10,10,10,37,2.0,4096,0.0003,True,1.25,1024,512,1200,0.6365278959274292,0.6310981072470895,0.6413014897931134,0.3388671875,0.66943359375,0.0,0.33056640625,0.27350491285324097,0.36302295327186584,0.06471178855213838,4024.7014063811116,0.37799665331840515,0.31913435459136963,0.9935445731761935,0.7323305146739738,0.993080447375088,1903.2109375,0.46465110778808594,0.0,0.320171594619751
qwen,coco_karpathy,final_quarter,False,2,0.2857142857142857,10,10,10,37,2.0,4096,0.0003,True,1.5,1024,512,1200,0.6365278959274292,0.6310981072470895,0.6413014897931134,-0.68017578125,0.159912109375,0.0,0.840087890625,0.27350491285324097,0.36302295327186584,0.06471178855213838,4024.7014063811116,0.37799665331840515,0.31913435459136963,0.9935445731761935,0.7323305146739738,0.993080447375088,1903.2109375,0.46465110778808594,0.0,0.320171594619751
qwen,coco_karpathy,final_quarter,False,2,0.2857142857142857,10,10,10,37,2.0,4096,0.001,False,1.1,1024,512,1200,0.17808715999126434,0.1763172074490285,0.17957002650000503,0.178955078125,0.192138671875,0.006103515625,0.019287109375,0.07682695984840393,0.10126019269227982,0.840037201746718,707.7339505826552,0.2000039964914322,0.17067202925682068,0.9957732567170898,0.9721163176658583,0.9991068350332168,676.7578125,0.1652240753173828,0.788330078125,0.18553228676319122
qwen,coco_karpathy,final_quarter,False,2,0.2857142857142857,10,10,10,37,2.0,4096,0.001,False,1.25,1024,512,1200,0.17808715999126434,0.1763172074490285,0.17957002650000503,0.067138671875,0.136962890625,0.00537109375,0.0751953125,0.07682695984840393,0.10126019269227982,0.840037201746718,707.7339505826552,0.2000039964914322,0.17067202925682068,0.9957732567170898,0.9721163176658583,0.9991068350332168,676.7578125,0.1652240753173828,0.788330078125,0.18553228676319122
qwen,coco_karpathy,final_quarter,False,2,0.2857142857142857,10,10,10,37,2.0,4096,0.001,False,1.5,1024,512,1200,0.17808715999126434,0.1763172074490285,0.17957002650000503,-0.144775390625,0.0322265625,0.004150390625,0.18115234375,0.07682695984840393,0.10126019269227982,0.840037201746718,707.7339505826552,0.2000039964914322,0.17067202925682068,0.9957732567170898,0.9721163176658583,0.9991068350332168,676.7578125,0.1652240753173828,0.788330078125,0.18553228676319122
qwen,coco_karpathy,final_quarter,False,2,0.2857142857142857,10,10,10,37,2.0,4096,0.001,True,1.1,1024,512,1200,0.6227545738220215,0.6174574277159991,0.6272576103787287,0.8603515625,0.927978515625,0.002197265625,0.06982421875,0.2682969570159912,0.3544576168060303,0.06663143570320387,4021.8642243366817,0.36334794759750366,0.31192952394485474,0.9951156545328134,0.7327478288336506,0.9933139336987756,1885.376953125,0.4602971076965332,0.0,0.31119850277900696
qwen,coco_karpathy,final_quarter,False,2,0.2857142857142857,10,10,10,37,2.0,4096,0.001,True,1.25,1024,512,1200,0.6227545738220215,0.6174574277159991,0.6272576103787287,0.31103515625,0.655517578125,0.0,0.344482421875,0.2682969570159912,0.3544576168060303,0.06663143570320387,4021.8642243366817,0.36334794759750366,0.31192952394485474,0.9951156545328134,0.7327478288336506,0.9933139336987756,1885.376953125,0.4602971076965332,0.0,0.31119850277900696
qwen,coco_karpathy,final_quarter,False,2,0.2857142857142857,10,10,10,37,2.0,4096,0.001,True,1.5,1024,512,1200,0.6227545738220215,0.6174574277159991,0.6272576103787287,-0.703125,0.1484375,0.0,0.8515625,0.2682969570159912,0.3544576168060303,0.06663143570320387,4021.8642243366817,0.36334794759750366,0.31192952394485474,0.9951156545328134,0.7327478288336506,0.9933139336987756,1885.376953125,0.4602971076965332,0.0,0.31119850277900696
qwen,coco_karpathy,final_quarter,False,2,0.2857142857142857,10,10,10,37,4.0,4096,0.0003,False,1.1,1024,512,1200,0.17962411046028137,0.17782851340307387,0.1811448108550394,0.1767578125,0.191162109375,0.006103515625,0.0205078125,0.07743905484676361,0.10218505561351776,0.8403886913821569,707.0211336876325,0.20452044904232025,0.17629677057266235,0.9957154790562038,0.9721879797960634,0.9990009481236509,679.1796875,0.1658153533935547,0.7880859375,0.18982581794261932
qwen,coco_karpathy,final_quarter,False,2,0.2857142857142857,10,10,10,37,4.0,4096,0.0003,False,1.25,1024,512,1200,0.17962411046028137,0.17782851340307387,0.1811448108550394,0.0693359375,0.138427734375,0.005126953125,0.07421875,0.07743905484676361,0.10218505561351776,0.8403886913821569,707.0211336876325,0.20452044904232025,0.17629677057266235,0.9957154790562038,0.9721879797960634,0.9990009481236509,679.1796875,0.1658153533935547,0.7880859375,0.18982581794261932
qwen,coco_karpathy,final_quarter,False,2,0.2857142857142857,10,10,10,37,4.0,4096,0.0003,False,1.5,1024,512,1200,0.17962411046028137,0.17782851340307387,0.1811448108550394,-0.14208984375,0.03369140625,0.004150390625,0.179931640625,0.07743905484676361,0.10218505561351776,0.8403886913821569,707.0211336876325,0.20452044904232025,0.17629677057266235,0.9957154790562038,0.9721879797960634,0.9990009481236509,679.1796875,0.1658153533935547,0.7880859375,0.18982581794261932
qwen,coco_karpathy,final_quarter,False,2,0.2857142857142857,10,10,10,37,4.0,4096,0.0003,True,1.1,1024,512,1200,0.6365278959274292,0.6310981072470895,0.6413014897931134,0.8681640625,0.93115234375,0.0029296875,0.06591796875,0.27350491285324097,0.36302295327186584,0.06471178855213838,4024.7014063811116,0.37799665331840515,0.31913435459136963,0.9935445731761935,0.7323305146739738,0.993080447375088,1903.2109375,0.46465110778808594,0.0,0.320171594619751
qwen,coco_karpathy,final_quarter,False,2,0.2857142857142857,10,10,10,37,4.0,4096,0.0003,True,1.25,1024,512,1200,0.6365278959274292,0.6310981072470895,0.6413014897931134,0.3388671875,0.66943359375,0.0,0.33056640625,0.27350491285324097,0.36302295327186584,0.06471178855213838,4024.7014063811116,0.37799665331840515,0.31913435459136963,0.9935445731761935,0.7323305146739738,0.993080447375088,1903.2109375,0.46465110778808594,0.0,0.320171594619751
qwen,coco_karpathy,final_quarter,False,2,0.2857142857142857,10,10,10,37,4.0,4096,0.0003,True,1.5,1024,512,1200,0.6365278959274292,0.6310981072470895,0.6413014897931134,-0.68017578125,0.159912109375,0.0,0.840087890625,0.27350491285324097,0.36302295327186584,0.06471178855213838,4024.7014063811116,0.37799665331840515,0.31913435459136963,0.9935445731761935,0.7323305146739738,0.993080447375088,1903.2109375,0.46465110778808594,0.0,0.320171594619751
qwen,coco_karpathy,final_quarter,False,2,0.2857142857142857,10,10,10,37,4.0,4096,0.001,False,1.1,1024,512,1200,0.17808715999126434,0.1763172074490285,0.17957002650000503,0.178955078125,0.192138671875,0.006103515625,0.019287109375,0.07682695984840393,0.10126019269227982,0.840037201746718,707.7339505826552,0.2000039964914322,0.17067202925682068,0.9957732567170898,0.9721163176658583,0.9991068350332168,676.7578125,0.1652240753173828,0.788330078125,0.18553228676319122
qwen,coco_karpathy,final_quarter,False,2,0.2857142857142857,10,10,10,37,4.0,4096,0.001,False,1.25,1024,512,1200,0.17808715999126434,0.1763172074490285,0.17957002650000503,0.067138671875,0.136962890625,0.00537109375,0.0751953125,0.07682695984840393,0.10126019269227982,0.840037201746718,707.7339505826552,0.2000039964914322,0.17067202925682068,0.9957732567170898,0.9721163176658583,0.9991068350332168,676.7578125,0.1652240753173828,0.788330078125,0.18553228676319122
qwen,coco_karpathy,final_quarter,False,2,0.2857142857142857,10,10,10,37,4.0,4096,0.001,False,1.5,1024,512,1200,0.17808715999126434,0.1763172074490285,0.17957002650000503,-0.144775390625,0.0322265625,0.004150390625,0.18115234375,0.07682695984840393,0.10126019269227982,0.840037201746718,707.7339505826552,0.2000039964914322,0.17067202925682068,0.9957732567170898,0.9721163176658583,0.9991068350332168,676.7578125,0.1652240753173828,0.788330078125,0.18553228676319122
qwen,coco_karpathy,final_quarter,False,2,0.2857142857142857,10,10,10,37,4.0,4096,0.001,True,1.1,1024,512,1200,0.6227545738220215,0.6174574277159991,0.6272576103787287,0.8603515625,0.927978515625,0.002197265625,0.06982421875,0.2682969570159912,0.3544576168060303,0.06663143570320387,4021.8642243366817,0.36334794759750366,0.31192952394485474,0.9951156545328134,0.7327478288336506,0.9933139336987756,1885.376953125,0.4602971076965332,0.0,0.31119850277900696
qwen,coco_karpathy,final_quarter,False,2,0.2857142857142857,10,10,10,37,4.0,4096,0.001,True,1.25,1024,512,1200,0.6227545738220215,0.6174574277159991,0.6272576103787287,0.31103515625,0.655517578125,0.0,0.344482421875,0.2682969570159912,0.3544576168060303,0.06663143570320387,4021.8642243366817,0.36334794759750366,0.31192952394485474,0.9951156545328134,0.7327478288336506,0.9933139336987756,1885.376953125,0.4602971076965332,0.0,0.31119850277900696
qwen,coco_karpathy,final_quarter,False,2,0.2857142857142857,10,10,10,37,4.0,4096,0.001,True,1.5,1024,512,1200,0.6227545738220215,0.6174574277159991,0.6272576103787287,-0.703125,0.1484375,0.0,0.8515625,0.2682969570159912,0.3544576168060303,0.06663143570320387,4021.8642243366817,0.36334794759750366,0.31192952394485474,0.9951156545328134,0.7327478288336506,0.9933139336987756,1885.376953125,0.4602971076965332,0.0,0.31119850277900696
qwen,coco_karpathy,final_quarter,False,3,0.42857142857142855,15,15,15,11,2.0,4096,0.0003,False,1.1,1024,512,1200,0.22736425697803497,0.22552455215263761,0.22935925659767237,0.124267578125,0.175048828125,0.010009765625,0.060791015625,0.10392044484615326,0.12344380468130112,0.8222188924919734,790.0079117367417,0.2352645844221115,0.24274218082427979,0.9968491035175235,0.9791335117496666,0.9988542809157569,764.359375,0.18661117553710938,0.76318359375,0.23671743273735046
qwen,coco_karpathy,final_quarter,False,3,0.42857142857142855,15,15,15,11,2.0,4096,0.0003,False,1.25,1024,512,1200,0.22736425697803497,0.22552455215263761,0.22935925659767237,-0.069091796875,0.08056640625,0.0078125,0.157470703125,0.10392044484615326,0.12344380468130112,0.8222188924919734,790.0079117367417,0.2352645844221115,0.24274218082427979,0.9968491035175235,0.9791335117496666,0.9988542809157569,764.359375,0.18661117553710938,0.76318359375,0.23671743273735046
qwen,coco_karpathy,final_quarter,False,3,0.42857142857142855,15,15,15,11,2.0,4096,0.0003,False,1.5,1024,512,1200,0.22736425697803497,0.22552455215263761,0.22935925659767237,-0.197998046875,0.018310546875,0.005615234375,0.221923828125,0.10392044484615326,0.12344380468130112,0.8222188924919734,790.0079117367417,0.2352645844221115,0.24274218082427979,0.9968491035175235,0.9791335117496666,0.9988542809157569,764.359375,0.18661117553710938,0.76318359375,0.23671743273735046
qwen,coco_karpathy,final_quarter,False,3,0.42857142857142855,15,15,15,11,2.0,4096,0.0003,True,1.1,1024,512,1200,0.6811781525611877,0.675806802767329,0.6870494632341433,0.767578125,0.881591796875,0.002197265625,0.1162109375,0.3026643991470337,0.37851375341415405,0.06363427190920609,4038.5998072152233,0.37450942397117615,0.3235279321670532,0.9940405689062223,0.7370068845474169,0.9897133117067066,1894.6875,0.4625701904296875,0.0,0.32232677936553955
qwen,coco_karpathy,final_quarter,False,3,0.42857142857142855,15,15,15,11,2.0,4096,0.0003,True,1.25,1024,512,1200,0.6811781525611877,0.675806802767329,0.6870494632341433,-0.037109375,0.481201171875,0.000244140625,0.5185546875,0.3026643991470337,0.37851375341415405,0.06363427190920609,4038.5998072152233,0.37450942397117615,0.3235279321670532,0.9940405689062223,0.7370068845474169,0.9897133117067066,1894.6875,0.4625701904296875,0.0,0.32232677936553955
qwen,coco_karpathy,final_quarter,False,3,0.42857142857142855,15,15,15,11,2.0,4096,0.0003,True,1.5,1024,512,1200,0.6811781525611877,0.675806802767329,0.6870494632341433,-0.88671875,0.056640625,0.0,0.943359375,0.3026643991470337,0.37851375341415405,0.06363427190920609,4038.5998072152233,0.37450942397117615,0.3235279321670532,0.9940405689062223,0.7370068845474169,0.9897133117067066,1894.6875,0.4625701904296875,0.0,0.32232677936553955
qwen,coco_karpathy,final_quarter,False,3,0.42857142857142855,15,15,15,11,2.0,4096,0.001,False,1.1,1024,512,1200,0.22535943984985352,0.2235865195245424,0.22735658370656892,0.125244140625,0.17578125,0.009765625,0.060302734375,0.10302586108446121,0.1223335713148117,0.8217973282109003,791.0970677579243,0.22958527505397797,0.23848341405391693,0.9967624283374494,0.9790050211846276,0.9988131925182635,760.98828125,0.18578815460205078,0.76318359375,0.2297174334526062
qwen,coco_karpathy,final_quarter,False,3,0.42857142857142855,15,15,15,11,2.0,4096,0.001,False,1.25,1024,512,1200,0.22535943984985352,0.2235865195245424,0.22735658370656892,-0.070068359375,0.080078125,0.0078125,0.157958984375,0.10302586108446121,0.1223335713148117,0.8217973282109003,791.0970677579243,0.22958527505397797,0.23848341405391693,0.9967624283374494,0.9790050211846276,0.9988131925182635,760.98828125,0.18578815460205078,0.76318359375,0.2297174334526062
qwen,coco_karpathy,final_quarter,False,3,0.42857142857142855,15,15,15,11,2.0,4096,0.001,False,1.5,1024,512,1200,0.22535943984985352,0.2235865195245424,0.22735658370656892,-0.198486328125,0.01806640625,0.005615234375,0.22216796875,0.10302586108446121,0.1223335713148117,0.8217973282109003,791.0970677579243,0.22958527505397797,0.23848341405391693,0.9967624283374494,0.9790050211846276,0.9988131925182635,760.98828125,0.18578815460205078,0.76318359375,0.2297174334526062
qwen,coco_karpathy,final_quarter,False,3,0.42857142857142855,15,15,15,11,2.0,4096,0.001,True,1.1,1024,512,1200,0.6757308840751648,0.6703594950900879,0.6812417083478067,0.763671875,0.87939453125,0.00244140625,0.1181640625,0.3003005087375641,0.3754304051399231,0.06219561436508011,4042.672175298957,0.3726106882095337,0.31879720091819763,0.9919440165006617,0.735342247951521,0.9887083687858301,1894.40234375,0.46250057220458984,0.0,0.3194394111633301
qwen,coco_karpathy,final_quarter,False,3,0.42857142857142855,15,15,15,11,2.0,4096,0.001,True,1.25,1024,512,1200,0.6757308840751648,0.6703594950900879,0.6812417083478067,-0.02734375,0.486328125,0.0,0.513671875,0.3003005087375641,0.3754304051399231,0.06219561436508011,4042.672175298957,0.3726106882095337,0.31879720091819763,0.9919440165006617,0.735342247951521,0.9887083687858301,1894.40234375,0.46250057220458984,0.0,0.3194394111633301
qwen,coco_karpathy,final_quarter,False,3,0.42857142857142855,15,15,15,11,2.0,4096,0.001,True,1.5,1024,512,1200,0.6757308840751648,0.6703594950900879,0.6812417083478067,-0.89501953125,0.052490234375,0.0,0.947509765625,0.3003005087375641,0.3754304051399231,0.06219561436508011,4042.672175298957,0.3726106882095337,0.31879720091819763,0.9919440165006617,0.735342247951521,0.9887083687858301,1894.40234375,0.46250057220458984,0.0,0.3194394111633301
qwen,coco_karpathy,final_quarter,False,3,0.42857142857142855,15,15,15,11,4.0,4096,0.0003,False,1.1,1024,512,1200,0.22736425697803497,0.22552455215263761,0.22935925659767237,0.124267578125,0.175048828125,0.010009765625,0.060791015625,0.10392044484615326,0.12344380468130112,0.8222188924919734,790.0079117367417,0.2352645844221115,0.24274218082427979,0.9968491035175235,0.9791335117496666,0.9988542809157569,764.359375,0.18661117553710938,0.76318359375,0.23671743273735046
qwen,coco_karpathy,final_quarter,False,3,0.42857142857142855,15,15,15,11,4.0,4096,0.0003,False,1.25,1024,512,1200,0.22736425697803497,0.22552455215263761,0.22935925659767237,-0.069091796875,0.08056640625,0.0078125,0.157470703125,0.10392044484615326,0.12344380468130112,0.8222188924919734,790.0079117367417,0.2352645844221115,0.24274218082427979,0.9968491035175235,0.9791335117496666,0.9988542809157569,764.359375,0.18661117553710938,0.76318359375,0.23671743273735046
qwen,coco_karpathy,final_quarter,False,3,0.42857142857142855,15,15,15,11,4.0,4096,0.0003,False,1.5,1024,512,1200,0.22736425697803497,0.22552455215263761,0.22935925659767237,-0.197998046875,0.018310546875,0.005615234375,0.221923828125,0.10392044484615326,0.12344380468130112,0.8222188924919734,790.0079117367417,0.2352645844221115,0.24274218082427979,0.9968491035175235,0.9791335117496666,0.9988542809157569,764.359375,0.18661117553710938,0.76318359375,0.23671743273735046
qwen,coco_karpathy,final_quarter,False,3,0.42857142857142855,15,15,15,11,4.0,4096,0.0003,True,1.1,1024,512,1200,0.6811781525611877,0.675806802767329,0.6870494632341433,0.767578125,0.881591796875,0.002197265625,0.1162109375,0.3026643991470337,0.37851375341415405,0.06363427190920609,4038.5998072152233,0.37450942397117615,0.3235279321670532,0.9940405689062223,0.7370068845474169,0.9897133117067066,1894.6875,0.4625701904296875,0.0,0.32232677936553955
qwen,coco_karpathy,final_quarter,False,3,0.42857142857142855,15,15,15,11,4.0,4096,0.0003,True,1.25,1024,512,1200,0.6811781525611877,0.675806802767329,0.6870494632341433,-0.037109375,0.481201171875,0.000244140625,0.5185546875,0.3026643991470337,0.37851375341415405,0.06363427190920609,4038.5998072152233,0.37450942397117615,0.3235279321670532,0.9940405689062223,0.7370068845474169,0.9897133117067066,1894.6875,0.4625701904296875,0.0,0.32232677936553955
qwen,coco_karpathy,final_quarter,False,3,0.42857142857142855,15,15,15,11,4.0,4096,0.0003,True,1.5,1024,512,1200,0.6811781525611877,0.675806802767329,0.6870494632341433,-0.88671875,0.056640625,0.0,0.943359375,0.3026643991470337,0.37851375341415405,0.06363427190920609,4038.5998072152233,0.37450942397117615,0.3235279321670532,0.9940405689062223,0.7370068845474169,0.9897133117067066,1894.6875,0.4625701904296875,0.0,0.32232677936553955
qwen,coco_karpathy,final_quarter,False,3,0.42857142857142855,15,15,15,11,4.0,4096,0.001,False,1.1,1024,512,1200,0.22535943984985352,0.2235865195245424,0.22735658370656892,0.125244140625,0.17578125,0.009765625,0.060302734375,0.10302586108446121,0.1223335713148117,0.8217973282109003,791.0970677579243,0.22958527505397797,0.23848341405391693,0.9967624283374494,0.9790050211846276,0.9988131925182635,760.98828125,0.18578815460205078,0.76318359375,0.2297174334526062
qwen,coco_karpathy,final_quarter,False,3,0.42857142857142855,15,15,15,11,4.0,4096,0.001,False,1.25,1024,512,1200,0.22535943984985352,0.2235865195245424,0.22735658370656892,-0.070068359375,0.080078125,0.0078125,0.157958984375,0.10302586108446121,0.1223335713148117,0.8217973282109003,791.0970677579243,0.22958527505397797,0.23848341405391693,0.9967624283374494,0.9790050211846276,0.9988131925182635,760.98828125,0.18578815460205078,0.76318359375,0.2297174334526062
qwen,coco_karpathy,final_quarter,False,3,0.42857142857142855,15,15,15,11,4.0,4096,0.001,False,1.5,1024,512,1200,0.22535943984985352,0.2235865195245424,0.22735658370656892,-0.198486328125,0.01806640625,0.005615234375,0.22216796875,0.10302586108446121,0.1223335713148117,0.8217973282109003,791.0970677579243,0.22958527505397797,0.23848341405391693,0.9967624283374494,0.9790050211846276,0.9988131925182635,760.98828125,0.18578815460205078,0.76318359375,0.2297174334526062
qwen,coco_karpathy,final_quarter,False,3,0.42857142857142855,15,15,15,11,4.0,4096,0.001,True,1.1,1024,512,1200,0.6757308840751648,0.6703594950900879,0.6812417083478067,0.763671875,0.87939453125,0.00244140625,0.1181640625,0.3003005087375641,0.3754304051399231,0.06219561436508011,4042.672175298957,0.3726106882095337,0.31879720091819763,0.9919440165006617,0.735342247951521,0.9887083687858301,1894.40234375,0.46250057220458984,0.0,0.3194394111633301
qwen,coco_karpathy,final_quarter,False,3,0.42857142857142855,15,15,15,11,4.0,4096,0.001,True,1.25,1024,512,1200,0.6757308840751648,0.6703594950900879,0.6812417083478067,-0.02734375,0.486328125,0.0,0.513671875,0.3003005087375641,0.3754304051399231,0.06219561436508011,4042.672175298957,0.3726106882095337,0.31879720091819763,0.9919440165006617,0.735342247951521,0.9887083687858301,1894.40234375,0.46250057220458984,0.0,0.3194394111633301
qwen,coco_karpathy,final_quarter,False,3,0.42857142857142855,15,15,15,11,4.0,4096,0.001,True,1.5,1024,512,1200,0.6757308840751648,0.6703594950900879,0.6812417083478067,-0.89501953125,0.052490234375,0.0,0.947509765625,0.3003005087375641,0.3754304051399231,0.06219561436508011,4042.672175298957,0.3726106882095337,0.31879720091819763,0.9919440165006617,0.735342247951521,0.9887083687858301,1894.40234375,0.46250057220458984,0.0,0.3194394111633301
qwen,coco_karpathy,final_quarter,False,3,0.42857142857142855,15,15,15,23,2.0,4096,0.0003,False,1.1,1024,512,1200,0.22310301661491394,0.22123440847135498,0.22495133092452307,0.11962890625,0.166748046875,0.009521484375,0.056640625,0.10198900103569031,0.12111402302980423,0.8287172263889651,758.0545175569508,0.2352164387702942,0.2457984834909439,0.9964652121303563,0.9790548610806669,0.9989308909004586,734.736328125,0.17937898635864258,0.7744140625,0.23565949499607086
qwen,coco_karpathy,final_quarter,False,3,0.42857142857142855,15,15,15,23,2.0,4096,0.0003,False,1.25,1024,512,1200,0.22310301661491394,0.22123440847135498,0.22495133092452307,-0.06787109375,0.075927734375,0.006591796875,0.150390625,0.10198900103569031,0.12111402302980423,0.8287172263889651,758.0545175569508,0.2352164387702942,0.2457984834909439,0.9964652121303563,0.9790548610806669,0.9989308909004586,734.736328125,0.17937898635864258,0.7744140625,0.23565949499607086
qwen,coco_karpathy,final_quarter,False,3,0.42857142857142855,15,15,15,23,2.0,4096,0.0003,False,1.5,1024,512,1200,0.22310301661491394,0.22123440847135498,0.22495133092452307,-0.189453125,0.016357421875,0.00537109375,0.211181640625,0.10198900103569031,0.12111402302980423,0.8287172263889651,758.0545175569508,0.2352164387702942,0.2457984834909439,0.9964652121303563,0.9790548610806669,0.9989308909004586,734.736328125,0.17937898635864258,0.7744140625,0.23565949499607086
qwen,coco_karpathy,final_quarter,False,3,0.42857142857142855,15,15,15,23,2.0,4096,0.0003,True,1.1,1024,512,1200,0.6842907071113586,0.6785948151664343,0.6896558287757216,0.77587890625,0.88525390625,0.002685546875,0.112060546875,0.3041391372680664,0.38015156984329224,0.06240046636242095,4041.419556604762,0.36951127648353577,0.3275560438632965,0.9921355741948341,0.735316350811454,0.9956135172131485,1899.37109375,0.4637136459350586,0.0,0.32345524430274963
qwen,coco_karpathy,final_quarter,False,3,0.42857142857142855,15,15,15,23,2.0,4096,0.0003,True,1.25,1024,512,1200,0.6842907071113586,0.6785948151664343,0.6896558287757216,-0.00537109375,0.497314453125,0.0,0.502685546875,0.3041391372680664,0.38015156984329224,0.06240046636242095,4041.419556604762,0.36951127648353577,0.3275560438632965,0.9921355741948341,0.735316350811454,0.9956135172131485,1899.37109375,0.4637136459350586,0.0,0.32345524430274963
qwen,coco_karpathy,final_quarter,False,3,0.42857142857142855,15,15,15,23,2.0,4096,0.0003,True,1.5,1024,512,1200,0.6842907071113586,0.6785948151664343,0.6896558287757216,-0.89501953125,0.052490234375,0.0,0.947509765625,0.3041391372680664,0.38015156984329224,0.06240046636242095,4041.419556604762,0.36951127648353577,0.3275560438632965,0.9921355741948341,0.735316350811454,0.9956135172131485,1899.37109375,0.4637136459350586,0.0,0.32345524430274963
qwen,coco_karpathy,final_quarter,False,3,0.42857142857142855,15,15,15,23,2.0,4096,0.001,False,1.1,1024,512,1200,0.22147001326084137,0.21961291446204995,0.22327605813989065,0.11669921875,0.1650390625,0.009765625,0.05810546875,0.10130433738231659,0.12016567587852478,0.8289819741358938,756.509897855335,0.23214077949523926,0.24075178802013397,0.9961984828804497,0.9786827526500753,0.9988327379901211,733.291015625,0.17902612686157227,0.7744140625,0.2317008376121521
qwen,coco_karpathy,final_quarter,False,3,0.42857142857142855,15,15,15,23,2.0,4096,0.001,False,1.25,1024,512,1200,0.22147001326084137,0.21961291446204995,0.22327605813989065,-0.0693359375,0.0751953125,0.006591796875,0.151123046875,0.10130433738231659,0.12016567587852478,0.8289819741358938,756.509897855335,0.23214077949523926,0.24075178802013397,0.9961984828804497,0.9786827526500753,0.9988327379901211,733.291015625,0.17902612686157227,0.7744140625,0.2317008376121521
qwen,coco_karpathy,final_quarter,False,3,0.42857142857142855,15,15,15,23,2.0,4096,0.001,False,1.5,1024,512,1200,0.22147001326084137,0.21961291446204995,0.22327605813989065,-0.18994140625,0.01611328125,0.00537109375,0.21142578125,0.10130433738231659,0.12016567587852478,0.8289819741358938,756.509897855335,0.23214077949523926,0.24075178802013397,0.9961984828804497,0.9786827526500753,0.9988327379901211,733.291015625,0.17902612686157227,0.7744140625,0.2317008376121521
qwen,coco_karpathy,final_quarter,False,3,0.42857142857142855,15,15,15,23,2.0,4096,0.001,True,1.1,1024,512,1200,0.6762799024581909,0.6707162819075165,0.6815014623280149,0.7666015625,0.881103515625,0.002197265625,0.11669921875,0.30089667439460754,0.3753832280635834,0.06223747453334145,4042.964639972128,0.3681313395500183,0.32415392994880676,0.9941051831431762,0.737035587698146,0.9964782510643232,1892.548828125,0.4620480537414551,0.0,0.31880149245262146
qwen,coco_karpathy,final_quarter,False,3,0.42857142857142855,15,15,15,23,2.0,4096,0.001,True,1.25,1024,512,1200,0.6762799024581909,0.6707162819075165,0.6815014623280149,-0.01611328125,0.491943359375,0.0,0.508056640625,0.30089667439460754,0.3753832280635834,0.06223747453334145,4042.964639972128,0.3681313395500183,0.32415392994880676,0.9941051831431762,0.737035587698146,0.9964782510643232,1892.548828125,0.4620480537414551,0.0,0.31880149245262146
qwen,coco_karpathy,final_quarter,False,3,0.42857142857142855,15,15,15,23,2.0,4096,0.001,True,1.5,1024,512,1200,0.6762799024581909,0.6707162819075165,0.6815014623280149,-0.90234375,0.048828125,0.0,0.951171875,0.30089667439460754,0.3753832280635834,0.06223747453334145,4042.964639972128,0.3681313395500183,0.32415392994880676,0.9941051831431762,0.737035587698146,0.9964782510643232,1892.548828125,0.4620480537414551,0.0,0.31880149245262146
qwen,coco_karpathy,final_quarter,False,3,0.42857142857142855,15,15,15,23,4.0,4096,0.0003,False,1.1,1024,512,1200,0.22310301661491394,0.22123440847135498,0.22495133092452307,0.11962890625,0.166748046875,0.009521484375,0.056640625,0.10198900103569031,0.12111402302980423,0.8287172263889651,758.0545175569508,0.2352164387702942,0.2457984834909439,0.9964652121303563,0.9790548610806669,0.9989308909004586,734.736328125,0.17937898635864258,0.7744140625,0.23565949499607086
qwen,coco_karpathy,final_quarter,False,3,0.42857142857142855,15,15,15,23,4.0,4096,0.0003,False,1.25,1024,512,1200,0.22310301661491394,0.22123440847135498,0.22495133092452307,-0.06787109375,0.075927734375,0.006591796875,0.150390625,0.10198900103569031,0.12111402302980423,0.8287172263889651,758.0545175569508,0.2352164387702942,0.2457984834909439,0.9964652121303563,0.9790548610806669,0.9989308909004586,734.736328125,0.17937898635864258,0.7744140625,0.23565949499607086
qwen,coco_karpathy,final_quarter,False,3,0.42857142857142855,15,15,15,23,4.0,4096,0.0003,False,1.5,1024,512,1200,0.22310301661491394,0.22123440847135498,0.22495133092452307,-0.189453125,0.016357421875,0.00537109375,0.211181640625,0.10198900103569031,0.12111402302980423,0.8287172263889651,758.0545175569508,0.2352164387702942,0.2457984834909439,0.9964652121303563,0.9790548610806669,0.9989308909004586,734.736328125,0.17937898635864258,0.7744140625,0.23565949499607086
qwen,coco_karpathy,final_quarter,False,3,0.42857142857142855,15,15,15,23,4.0,4096,0.0003,True,1.1,1024,512,1200,0.6842907071113586,0.6785948151664343,0.6896558287757216,0.77587890625,0.88525390625,0.002685546875,0.112060546875,0.3041391372680664,0.38015156984329224,0.06240046636242095,4041.419556604762,0.36951127648353577,0.3275560438632965,0.9921355741948341,0.735316350811454,0.9956135172131485,1899.37109375,0.4637136459350586,0.0,0.32345524430274963
qwen,coco_karpathy,final_quarter,False,3,0.42857142857142855,15,15,15,23,4.0,4096,0.0003,True,1.25,1024,512,1200,0.6842907071113586,0.6785948151664343,0.6896558287757216,-0.00537109375,0.497314453125,0.0,0.502685546875,0.3041391372680664,0.38015156984329224,0.06240046636242095,4041.419556604762,0.36951127648353577,0.3275560438632965,0.9921355741948341,0.735316350811454,0.9956135172131485,1899.37109375,0.4637136459350586,0.0,0.32345524430274963
qwen,coco_karpathy,final_quarter,False,3,0.42857142857142855,15,15,15,23,4.0,4096,0.0003,True,1.5,1024,512,1200,0.6842907071113586,0.6785948151664343,0.6896558287757216,-0.89501953125,0.052490234375,0.0,0.947509765625,0.3041391372680664,0.38015156984329224,0.06240046636242095,4041.419556604762,0.36951127648353577,0.3275560438632965,0.9921355741948341,0.735316350811454,0.9956135172131485,1899.37109375,0.4637136459350586,0.0,0.32345524430274963
qwen,coco_karpathy,final_quarter,False,3,0.42857142857142855,15,15,15,23,4.0,4096,0.001,False,1.1,1024,512,1200,0.22147001326084137,0.21961291446204995,0.22327605813989065,0.11669921875,0.1650390625,0.009765625,0.05810546875,0.10130433738231659,0.12016567587852478,0.8289819741358938,756.509897855335,0.23214077949523926,0.24075178802013397,0.9961984828804497,0.9786827526500753,0.9988327379901211,733.291015625,0.17902612686157227,0.7744140625,0.2317008376121521
qwen,coco_karpathy,final_quarter,False,3,0.42857142857142855,15,15,15,23,4.0,4096,0.001,False,1.25,1024,512,1200,0.22147001326084137,0.21961291446204995,0.22327605813989065,-0.0693359375,0.0751953125,0.006591796875,0.151123046875,0.10130433738231659,0.12016567587852478,0.8289819741358938,756.509897855335,0.23214077949523926,0.24075178802013397,0.9961984828804497,0.9786827526500753,0.9988327379901211,733.291015625,0.17902612686157227,0.7744140625,0.2317008376121521
qwen,coco_karpathy,final_quarter,False,3,0.42857142857142855,15,15,15,23,4.0,4096,0.001,False,1.5,1024,512,1200,0.22147001326084137,0.21961291446204995,0.22327605813989065,-0.18994140625,0.01611328125,0.00537109375,0.21142578125,0.10130433738231659,0.12016567587852478,0.8289819741358938,756.509897855335,0.23214077949523926,0.24075178802013397,0.9961984828804497,0.9786827526500753,0.9988327379901211,733.291015625,0.17902612686157227,0.7744140625,0.2317008376121521
qwen,coco_karpathy,final_quarter,False,3,0.42857142857142855,15,15,15,23,4.0,4096,0.001,True,1.1,1024,512,1200,0.6762799024581909,0.6707162819075165,0.6815014623280149,0.7666015625,0.881103515625,0.002197265625,0.11669921875,0.30089667439460754,0.3753832280635834,0.06223747453334145,4042.964639972128,0.3681313395500183,0.32415392994880676,0.9941051831431762,0.737035587698146,0.9964782510643232,1892.548828125,0.4620480537414551,0.0,0.31880149245262146
qwen,coco_karpathy,final_quarter,False,3,0.42857142857142855,15,15,15,23,4.0,4096,0.001,True,1.25,1024,512,1200,0.6762799024581909,0.6707162819075165,0.6815014623280149,-0.01611328125,0.491943359375,0.0,0.508056640625,0.30089667439460754,0.3753832280635834,0.06223747453334145,4042.964639972128,0.3681313395500183,0.32415392994880676,0.9941051831431762,0.737035587698146,0.9964782510643232,1892.548828125,0.4620480537414551,0.0,0.31880149245262146
qwen,coco_karpathy,final_quarter,False,3,0.42857142857142855,15,15,15,23,4.0,4096,0.001,True,1.5,1024,512,1200,0.6762799024581909,0.6707162819075165,0.6815014623280149,-0.90234375,0.048828125,0.0,0.951171875,0.30089667439460754,0.3753832280635834,0.06223747453334145,4042.964639972128,0.3681313395500183,0.32415392994880676,0.9941051831431762,0.737035587698146,0.9964782510643232,1892.548828125,0.4620480537414551,0.0,0.31880149245262146
qwen,coco_karpathy,final_quarter,False,3,0.42857142857142855,15,15,15,37,2.0,4096,0.0003,False,1.1,1024,512,1200,0.22617441415786743,0.2244266276109556,0.22794782866112656,0.1220703125,0.167724609375,0.00830078125,0.053955078125,0.10334354639053345,0.12283087521791458,0.8258677030600647,771.6809700548123,0.23708054423332214,0.24258214235305786,0.9966937092998875,0.9791322002356415,0.9983240797072002,745.51171875,0.18200969696044922,0.775634765625,0.23822079598903656
qwen,coco_karpathy,final_quarter,False,3,0.42857142857142855,15,15,15,37,2.0,4096,0.0003,False,1.25,1024,512,1200,0.22617441415786743,0.2244266276109556,0.22794782866112656,-0.0771484375,0.07080078125,0.005615234375,0.153564453125,0.10334354639053345,0.12283087521791458,0.8258677030600647,771.6809700548123,0.23708054423332214,0.24258214235305786,0.9966937092998875,0.9791322002356415,0.9983240797072002,745.51171875,0.18200969696044922,0.775634765625,0.23822079598903656
qwen,coco_karpathy,final_quarter,False,3,0.42857142857142855,15,15,15,37,2.0,4096,0.0003,False,1.5,1024,512,1200,0.22617441415786743,0.2244266276109556,0.22794782866112656,-0.19287109375,0.013916015625,0.004638671875,0.21142578125,0.10334354639053345,0.12283087521791458,0.8258677030600647,771.6809700548123,0.23708054423332214,0.24258214235305786,0.9966937092998875,0.9791322002356415,0.9983240797072002,745.51171875,0.18200969696044922,0.775634765625,0.23822079598903656
qwen,coco_karpathy,final_quarter,False,3,0.42857142857142855,15,15,15,37,2.0,4096,0.0003,True,1.1,1024,512,1200,0.6740763187408447,0.6685589441040065,0.6800546357873827,0.76708984375,0.882568359375,0.0009765625,0.116455078125,0.3002611994743347,0.37381511926651,0.08573538815287252,3977.7576754783113,0.3404051661491394,0.3241976499557495,0.9966490789051659,0.7321679191609662,0.9915169600096049,1825.5625,0.4456939697265625,0.0,0.3077312409877777
qwen,coco_karpathy,final_quarter,False,3,0.42857142857142855,15,15,15,37,2.0,4096,0.0003,True,1.25,1024,512,1200,0.6740763187408447,0.6685589441040065,0.6800546357873827,-0.06689453125,0.466552734375,0.0,0.533447265625,0.3002611994743347,0.37381511926651,0.08573538815287252,3977.7576754783113,0.3404051661491394,0.3241976499557495,0.9966490789051659,0.7321679191609662,0.9915169600096049,1825.5625,0.4456939697265625,0.0,0.3077312409877777
qwen,coco_karpathy,final_quarter,False,3,0.42857142857142855,15,15,15,37,2.0,4096,0.0003,True,1.5,1024,512,1200,0.6740763187408447,0.6685589441040065,0.6800546357873827,-0.91845703125,0.040771484375,0.0,0.959228515625,0.3002611994743347,0.37381511926651,0.08573538815287252,3977.7576754783113,0.3404051661491394,0.3241976499557495,0.9966490789051659,0.7321679191609662,0.9915169600096049,1825.5625,0.4456939697265625,0.0,0.3077312409877777
qwen,coco_karpathy,final_quarter,False,3,0.42857142857142855,15,15,15,37,2.0,4096,0.001,False,1.1,1024,512,1200,0.224639430642128,0.22287769103058963,0.22636243404776907,0.117919921875,0.16650390625,0.00732421875,0.055908203125,0.10270021855831146,0.12193920463323593,0.8256093320816162,771.9836021193128,0.23290304839611053,0.23766882717609406,0.9966656341934236,0.9789667226120086,0.9985233035443971,744.017578125,0.18164491653442383,0.77587890625,0.2332891821861267
qwen,coco_karpathy,final_quarter,False,3,0.42857142857142855,15,15,15,37,2.0,4096,0.001,False,1.25,1024,512,1200,0.224639430642128,0.22287769103058963,0.22636243404776907,-0.071533203125,0.0732421875,0.005859375,0.150634765625,0.10270021855831146,0.12193920463323593,0.8256093320816162,771.9836021193128,0.23290304839611053,0.23766882717609406,0.9966656341934236,0.9789667226120086,0.9985233035443971,744.017578125,0.18164491653442383,0.77587890625,0.2332891821861267
qwen,coco_karpathy,final_quarter,False,3,0.42857142857142855,15,15,15,37,2.0,4096,0.001,False,1.5,1024,512,1200,0.224639430642128,0.22287769103058963,0.22636243404776907,-0.192138671875,0.014404296875,0.00439453125,0.2109375,0.10270021855831146,0.12193920463323593,0.8256093320816162,771.9836021193128,0.23290304839611053,0.23766882717609406,0.9966656341934236,0.9789667226120086,0.9985233035443971,744.017578125,0.18164491653442383,0.77587890625,0.2332891821861267
qwen,coco_karpathy,final_quarter,False,3,0.42857142857142855,15,15,15,37,2.0,4096,0.001,True,1.1,1024,512,1200,0.6750038862228394,0.6702979961293749,0.6800443740445189,0.76220703125,0.8798828125,0.001220703125,0.118896484375,0.30024009943008423,0.37476372718811035,0.06441693263956269,4037.684274104837,0.3601851463317871,0.3210906684398651,0.9919198391893718,0.7361547341845305,0.991563815032657,1883.04296875,0.45972728729248047,0.0,0.3160773515701294
qwen,coco_karpathy,final_quarter,False,3,0.42857142857142855,15,15,15,37,2.0,4096,0.001,True,1.25,1024,512,1200,0.6750038862228394,0.6702979961293749,0.6800443740445189,-0.03515625,0.482421875,0.0,0.517578125,0.30024009943008423,0.37476372718811035,0.06441693263956269,4037.684274104837,0.3601851463317871,0.3210906684398651,0.9919198391893718,0.7361547341845305,0.991563815032657,1883.04296875,0.45972728729248047,0.0,0.3160773515701294
qwen,coco_karpathy,final_quarter,False,3,0.42857142857142855,15,15,15,37,2.0,4096,0.001,True,1.5,1024,512,1200,0.6750038862228394,0.6702979961293749,0.6800443740445189,-0.90087890625,0.049560546875,0.0,0.950439453125,0.30024009943008423,0.37476372718811035,0.06441693263956269,4037.684274104837,0.3601851463317871,0.3210906684398651,0.9919198391893718,0.7361547341845305,0.991563815032657,1883.04296875,0.45972728729248047,0.0,0.3160773515701294
qwen,coco_karpathy,final_quarter,False,3,0.42857142857142855,15,15,15,37,4.0,4096,0.0003,False,1.1,1024,512,1200,0.22617441415786743,0.2244266276109556,0.22794782866112656,0.1220703125,0.167724609375,0.00830078125,0.053955078125,0.10334354639053345,0.12283087521791458,0.8258677030600647,771.6809700548123,0.23708054423332214,0.24258214235305786,0.9966937092998875,0.9791322002356415,0.9983240797072002,745.51171875,0.18200969696044922,0.775634765625,0.23822079598903656
qwen,coco_karpathy,final_quarter,False,3,0.42857142857142855,15,15,15,37,4.0,4096,0.0003,False,1.25,1024,512,1200,0.22617441415786743,0.2244266276109556,0.22794782866112656,-0.0771484375,0.07080078125,0.005615234375,0.153564453125,0.10334354639053345,0.12283087521791458,0.8258677030600647,771.6809700548123,0.23708054423332214,0.24258214235305786,0.9966937092998875,0.9791322002356415,0.9983240797072002,745.51171875,0.18200969696044922,0.775634765625,0.23822079598903656
qwen,coco_karpathy,final_quarter,False,3,0.42857142857142855,15,15,15,37,4.0,4096,0.0003,False,1.5,1024,512,1200,0.22617441415786743,0.2244266276109556,0.22794782866112656,-0.19287109375,0.013916015625,0.004638671875,0.21142578125,0.10334354639053345,0.12283087521791458,0.8258677030600647,771.6809700548123,0.23708054423332214,0.24258214235305786,0.9966937092998875,0.9791322002356415,0.9983240797072002,745.51171875,0.18200969696044922,0.775634765625,0.23822079598903656
qwen,coco_karpathy,final_quarter,False,3,0.42857142857142855,15,15,15,37,4.0,4096,0.0003,True,1.1,1024,512,1200,0.6740763187408447,0.6685589441040065,0.6800546357873827,0.76708984375,0.882568359375,0.0009765625,0.116455078125,0.3002611994743347,0.37381511926651,0.08573538815287252,3977.7576754783113,0.3404051661491394,0.3241976499557495,0.9966490789051659,0.7321679191609662,0.9915169600096049,1825.5625,0.4456939697265625,0.0,0.3077312409877777
qwen,coco_karpathy,final_quarter,False,3,0.42857142857142855,15,15,15,37,4.0,4096,0.0003,True,1.25,1024,512,1200,0.6740763187408447,0.6685589441040065,0.6800546357873827,-0.06689453125,0.466552734375,0.0,0.533447265625,0.3002611994743347,0.37381511926651,0.08573538815287252,3977.7576754783113,0.3404051661491394,0.3241976499557495,0.9966490789051659,0.7321679191609662,0.9915169600096049,1825.5625,0.4456939697265625,0.0,0.3077312409877777
qwen,coco_karpathy,final_quarter,False,3,0.42857142857142855,15,15,15,37,4.0,4096,0.0003,True,1.5,1024,512,1200,0.6740763187408447,0.6685589441040065,0.6800546357873827,-0.91845703125,0.040771484375,0.0,0.959228515625,0.3002611994743347,0.37381511926651,0.08573538815287252,3977.7576754783113,0.3404051661491394,0.3241976499557495,0.9966490789051659,0.7321679191609662,0.9915169600096049,1825.5625,0.4456939697265625,0.0,0.3077312409877777
qwen,coco_karpathy,final_quarter,False,3,0.42857142857142855,15,15,15,37,4.0,4096,0.001,False,1.1,1024,512,1200,0.224639430642128,0.22287769103058963,0.22636243404776907,0.117919921875,0.16650390625,0.00732421875,0.055908203125,0.10270021855831146,0.12193920463323593,0.8256093320816162,771.9836021193128,0.23290304839611053,0.23766882717609406,0.9966656341934236,0.9789667226120086,0.9985233035443971,744.017578125,0.18164491653442383,0.77587890625,0.2332891821861267
qwen,coco_karpathy,final_quarter,False,3,0.42857142857142855,15,15,15,37,4.0,4096,0.001,False,1.25,1024,512,1200,0.224639430642128,0.22287769103058963,0.22636243404776907,-0.071533203125,0.0732421875,0.005859375,0.150634765625,0.10270021855831146,0.12193920463323593,0.8256093320816162,771.9836021193128,0.23290304839611053,0.23766882717609406,0.9966656341934236,0.9789667226120086,0.9985233035443971,744.017578125,0.18164491653442383,0.77587890625,0.2332891821861267
qwen,coco_karpathy,final_quarter,False,3,0.42857142857142855,15,15,15,37,4.0,4096,0.001,False,1.5,1024,512,1200,0.224639430642128,0.22287769103058963,0.22636243404776907,-0.192138671875,0.014404296875,0.00439453125,0.2109375,0.10270021855831146,0.12193920463323593,0.8256093320816162,771.9836021193128,0.23290304839611053,0.23766882717609406,0.9966656341934236,0.9789667226120086,0.9985233035443971,744.017578125,0.18164491653442383,0.77587890625,0.2332891821861267
qwen,coco_karpathy,final_quarter,False,3,0.42857142857142855,15,15,15,37,4.0,4096,0.001,True,1.1,1024,512,1200,0.6750038862228394,0.6702979961293749,0.6800443740445189,0.76220703125,0.8798828125,0.001220703125,0.118896484375,0.30024009943008423,0.37476372718811035,0.06441693263956269,4037.684274104837,0.3601851463317871,0.3210906684398651,0.9919198391893718,0.7361547341845305,0.991563815032657,1883.04296875,0.45972728729248047,0.0,0.3160773515701294
qwen,coco_karpathy,final_quarter,False,3,0.42857142857142855,15,15,15,37,4.0,4096,0.001,True,1.25,1024,512,1200,0.6750038862228394,0.6702979961293749,0.6800443740445189,-0.03515625,0.482421875,0.0,0.517578125,0.30024009943008423,0.37476372718811035,0.06441693263956269,4037.684274104837,0.3601851463317871,0.3210906684398651,0.9919198391893718,0.7361547341845305,0.991563815032657,1883.04296875,0.45972728729248047,0.0,0.3160773515701294
qwen,coco_karpathy,final_quarter,False,3,0.42857142857142855,15,15,15,37,4.0,4096,0.001,True,1.5,1024,512,1200,0.6750038862228394,0.6702979961293749,0.6800443740445189,-0.90087890625,0.049560546875,0.0,0.950439453125,0.30024009943008423,0.37476372718811035,0.06441693263956269,4037.684274104837,0.3601851463317871,0.3210906684398651,0.9919198391893718,0.7361547341845305,0.991563815032657,1883.04296875,0.45972728729248047,0.0,0.3160773515701294
qwen,coco_karpathy,final_quarter,False,4,0.5714285714285714,20,20,20,11,2.0,4096,0.0003,False,1.1,1024,512,1200,0.2757255434989929,0.2735649323643884,0.27808945098295224,0.034423828125,0.11474609375,0.013427734375,0.09375,0.13027551770210266,0.14544999599456787,0.8327792239836431,739.0565706966389,0.3140714168548584,0.30438488721847534,0.9965755661148751,0.9848863210391143,0.9972237194368713,742.033203125,0.18116044998168945,0.786865234375,0.29918673634529114
qwen,coco_karpathy,final_quarter,False,4,0.5714285714285714,20,20,20,11,2.0,4096,0.0003,False,1.25,1024,512,1200,0.2757255434989929,0.2735649323643884,0.27808945098295224,-0.140869140625,0.0322265625,0.00830078125,0.181396484375,0.13027551770210266,0.14544999599456787,0.8327792239836431,739.0565706966389,0.3140714168548584,0.30438488721847534,0.9965755661148751,0.9848863210391143,0.9972237194368713,742.033203125,0.18116044998168945,0.786865234375,0.29918673634529114
qwen,coco_karpathy,final_quarter,False,4,0.5714285714285714,20,20,20,11,2.0,4096,0.0003,False,1.5,1024,512,1200,0.2757255434989929,0.2735649323643884,0.27808945098295224,-0.189697265625,0.0087890625,0.00732421875,0.205810546875,0.13027551770210266,0.14544999599456787,0.8327792239836431,739.0565706966389,0.3140714168548584,0.30438488721847534,0.9965755661148751,0.9848863210391143,0.9972237194368713,742.033203125,0.18116044998168945,0.786865234375,0.29918673634529114
qwen,coco_karpathy,final_quarter,False,4,0.5714285714285714,20,20,20,11,2.0,4096,0.0003,True,1.1,1024,512,1200,0.7915024161338806,0.7853197066026041,0.7978986956877634,0.369140625,0.68115234375,0.00341796875,0.3154296875,0.36734461784362793,0.4241577684879303,0.0626054052787977,4037.1782336976667,0.37659308314323425,0.3215672969818115,0.9954304515017002,0.7299452618208404,0.9935984167075919,1918.474609375,0.46837759017944336,0.0,0.3242347240447998
qwen,coco_karpathy,final_quarter,False,4,0.5714285714285714,20,20,20,11,2.0,4096,0.0003,True,1.25,1024,512,1200,0.7915024161338806,0.7853197066026041,0.7978986956877634,-0.57763671875,0.2109375,0.000244140625,0.788818359375,0.36734461784362793,0.4241577684879303,0.0626054052787977,4037.1782336976667,0.37659308314323425,0.3215672969818115,0.9954304515017002,0.7299452618208404,0.9935984167075919,1918.474609375,0.46837759017944336,0.0,0.3242347240447998
qwen,coco_karpathy,final_quarter,False,4,0.5714285714285714,20,20,20,11,2.0,4096,0.0003,True,1.5,1024,512,1200,0.7915024161338806,0.7853197066026041,0.7978986956877634,-0.97998046875,0.010009765625,0.0,0.989990234375,0.36734461784362793,0.4241577684879303,0.0626054052787977,4037.1782336976667,0.37659308314323425,0.3215672969818115,0.9954304515017002,0.7299452618208404,0.9935984167075919,1918.474609375,0.46837759017944336,0.0,0.3242347240447998
qwen,coco_karpathy,final_quarter,False,4,0.5714285714285714,20,20,20,11,2.0,4096,0.001,False,1.1,1024,512,1200,0.2741122841835022,0.27194941678535545,0.2764521475255606,0.028564453125,0.1123046875,0.012939453125,0.0966796875,0.12954609096050262,0.14456617832183838,0.8322215487733544,740.8261781492221,0.3080284893512726,0.29949167370796204,0.9965592285875912,0.9848203984813243,0.9972482970499154,740.498046875,0.1807856559753418,0.786865234375,0.2926836907863617
qwen,coco_karpathy,final_quarter,False,4,0.5714285714285714,20,20,20,11,2.0,4096,0.001,False,1.25,1024,512,1200,0.2741122841835022,0.27194941678535545,0.2764521475255606,-0.137939453125,0.033447265625,0.008544921875,0.179931640625,0.12954609096050262,0.14456617832183838,0.8322215487733544,740.8261781492221,0.3080284893512726,0.29949167370796204,0.9965592285875912,0.9848203984813243,0.9972482970499154,740.498046875,0.1807856559753418,0.786865234375,0.2926836907863617
qwen,coco_karpathy,final_quarter,False,4,0.5714285714285714,20,20,20,11,2.0,4096,0.001,False,1.5,1024,512,1200,0.2741122841835022,0.27194941678535545,0.2764521475255606,-0.190185546875,0.00830078125,0.007568359375,0.2060546875,0.12954609096050262,0.14456617832183838,0.8322215487733544,740.8261781492221,0.3080284893512726,0.29949167370796204,0.9965592285875912,0.9848203984813243,0.9972482970499154,740.498046875,0.1807856559753418,0.786865234375,0.2926836907863617
qwen,coco_karpathy,final_quarter,False,4,0.5714285714285714,20,20,20,11,2.0,4096,0.001,True,1.1,1024,512,1200,0.7805070877075195,0.7743533266359008,0.786862651782576,0.37158203125,0.681396484375,0.00439453125,0.314208984375,0.3622620701789856,0.4182450473308563,0.06326396725473049,4035.286594662468,0.3687850534915924,0.31516939401626587,0.9944914768541427,0.7292592599548173,0.9925671932801899,1910.859375,0.4665184020996094,0.0,0.31976693868637085
qwen,coco_karpathy,final_quarter,False,4,0.5714285714285714,20,20,20,11,2.0,4096,0.001,True,1.25,1024,512,1200,0.7805070877075195,0.7743533266359008,0.786862651782576,-0.57958984375,0.2099609375,0.000244140625,0.789794921875,0.3622620701789856,0.4182450473308563,0.06326396725473049,4035.286594662468,0.3687850534915924,0.31516939401626587,0.9944914768541427,0.7292592599548173,0.9925671932801899,1910.859375,0.4665184020996094,0.0,0.31976693868637085
qwen,coco_karpathy,final_quarter,False,4,0.5714285714285714,20,20,20,11,2.0,4096,0.001,True,1.5,1024,512,1200,0.7805070877075195,0.7743533266359008,0.786862651782576,-0.978515625,0.0107421875,0.0,0.9892578125,0.3622620701789856,0.4182450473308563,0.06326396725473049,4035.286594662468,0.3687850534915924,0.31516939401626587,0.9944914768541427,0.7292592599548173,0.9925671932801899,1910.859375,0.4665184020996094,0.0,0.31976693868637085
qwen,coco_karpathy,final_quarter,False,4,0.5714285714285714,20,20,20,11,4.0,4096,0.0003,False,1.1,1024,512,1200,0.2757255434989929,0.2735649323643884,0.27808945098295224,0.034423828125,0.11474609375,0.013427734375,0.09375,0.13027551770210266,0.14544999599456787,0.8327792239836431,739.0565706966389,0.3140714168548584,0.30438488721847534,0.9965755661148751,0.9848863210391143,0.9972237194368713,742.033203125,0.18116044998168945,0.786865234375,0.29918673634529114
qwen,coco_karpathy,final_quarter,False,4,0.5714285714285714,20,20,20,11,4.0,4096,0.0003,False,1.25,1024,512,1200,0.2757255434989929,0.2735649323643884,0.27808945098295224,-0.140869140625,0.0322265625,0.00830078125,0.181396484375,0.13027551770210266,0.14544999599456787,0.8327792239836431,739.0565706966389,0.3140714168548584,0.30438488721847534,0.9965755661148751,0.9848863210391143,0.9972237194368713,742.033203125,0.18116044998168945,0.786865234375,0.29918673634529114
qwen,coco_karpathy,final_quarter,False,4,0.5714285714285714,20,20,20,11,4.0,4096,0.0003,False,1.5,1024,512,1200,0.2757255434989929,0.2735649323643884,0.27808945098295224,-0.189697265625,0.0087890625,0.00732421875,0.205810546875,0.13027551770210266,0.14544999599456787,0.8327792239836431,739.0565706966389,0.3140714168548584,0.30438488721847534,0.9965755661148751,0.9848863210391143,0.9972237194368713,742.033203125,0.18116044998168945,0.786865234375,0.29918673634529114
qwen,coco_karpathy,final_quarter,False,4,0.5714285714285714,20,20,20,11,4.0,4096,0.0003,True,1.1,1024,512,1200,0.7915024161338806,0.7853197066026041,0.7978986956877634,0.369140625,0.68115234375,0.00341796875,0.3154296875,0.36734461784362793,0.4241577684879303,0.0626054052787977,4037.1782336976667,0.37659308314323425,0.3215672969818115,0.9954304515017002,0.7299452618208404,0.9935984167075919,1918.474609375,0.46837759017944336,0.0,0.3242347240447998
qwen,coco_karpathy,final_quarter,False,4,0.5714285714285714,20,20,20,11,4.0,4096,0.0003,True,1.25,1024,512,1200,0.7915024161338806,0.7853197066026041,0.7978986956877634,-0.57763671875,0.2109375,0.000244140625,0.788818359375,0.36734461784362793,0.4241577684879303,0.0626054052787977,4037.1782336976667,0.37659308314323425,0.3215672969818115,0.9954304515017002,0.7299452618208404,0.9935984167075919,1918.474609375,0.46837759017944336,0.0,0.3242347240447998
qwen,coco_karpathy,final_quarter,False,4,0.5714285714285714,20,20,20,11,4.0,4096,0.0003,True,1.5,1024,512,1200,0.7915024161338806,0.7853197066026041,0.7978986956877634,-0.97998046875,0.010009765625,0.0,0.989990234375,0.36734461784362793,0.4241577684879303,0.0626054052787977,4037.1782336976667,0.37659308314323425,0.3215672969818115,0.9954304515017002,0.7299452618208404,0.9935984167075919,1918.474609375,0.46837759017944336,0.0,0.3242347240447998
qwen,coco_karpathy,final_quarter,False,4,0.5714285714285714,20,20,20,11,4.0,4096,0.001,False,1.1,1024,512,1200,0.2741122841835022,0.27194941678535545,0.2764521475255606,0.028564453125,0.1123046875,0.012939453125,0.0966796875,0.12954609096050262,0.14456617832183838,0.8322215487733544,740.8261781492221,0.3080284893512726,0.29949167370796204,0.9965592285875912,0.9848203984813243,0.9972482970499154,740.498046875,0.1807856559753418,0.786865234375,0.2926836907863617
qwen,coco_karpathy,final_quarter,False,4,0.5714285714285714,20,20,20,11,4.0,4096,0.001,False,1.25,1024,512,1200,0.2741122841835022,0.27194941678535545,0.2764521475255606,-0.137939453125,0.033447265625,0.008544921875,0.179931640625,0.12954609096050262,0.14456617832183838,0.8322215487733544,740.8261781492221,0.3080284893512726,0.29949167370796204,0.9965592285875912,0.9848203984813243,0.9972482970499154,740.498046875,0.1807856559753418,0.786865234375,0.2926836907863617
qwen,coco_karpathy,final_quarter,False,4,0.5714285714285714,20,20,20,11,4.0,4096,0.001,False,1.5,1024,512,1200,0.2741122841835022,0.27194941678535545,0.2764521475255606,-0.190185546875,0.00830078125,0.007568359375,0.2060546875,0.12954609096050262,0.14456617832183838,0.8322215487733544,740.8261781492221,0.3080284893512726,0.29949167370796204,0.9965592285875912,0.9848203984813243,0.9972482970499154,740.498046875,0.1807856559753418,0.786865234375,0.2926836907863617
qwen,coco_karpathy,final_quarter,False,4,0.5714285714285714,20,20,20,11,4.0,4096,0.001,True,1.1,1024,512,1200,0.7805070877075195,0.7743533266359008,0.786862651782576,0.37158203125,0.681396484375,0.00439453125,0.314208984375,0.3622620701789856,0.4182450473308563,0.06326396725473049,4035.286594662468,0.3687850534915924,0.31516939401626587,0.9944914768541427,0.7292592599548173,0.9925671932801899,1910.859375,0.4665184020996094,0.0,0.31976693868637085
qwen,coco_karpathy,final_quarter,False,4,0.5714285714285714,20,20,20,11,4.0,4096,0.001,True,1.25,1024,512,1200,0.7805070877075195,0.7743533266359008,0.786862651782576,-0.57958984375,0.2099609375,0.000244140625,0.789794921875,0.3622620701789856,0.4182450473308563,0.06326396725473049,4035.286594662468,0.3687850534915924,0.31516939401626587,0.9944914768541427,0.7292592599548173,0.9925671932801899,1910.859375,0.4665184020996094,0.0,0.31976693868637085
qwen,coco_karpathy,final_quarter,False,4,0.5714285714285714,20,20,20,11,4.0,4096,0.001,True,1.5,1024,512,1200,0.7805070877075195,0.7743533266359008,0.786862651782576,-0.978515625,0.0107421875,0.0,0.9892578125,0.3622620701789856,0.4182450473308563,0.06326396725473049,4035.286594662468,0.3687850534915924,0.31516939401626587,0.9944914768541427,0.7292592599548173,0.9925671932801899,1910.859375,0.4665184020996094,0.0,0.31976693868637085
qwen,coco_karpathy,final_quarter,False,4,0.5714285714285714,20,20,20,23,2.0,4096,0.0003,False,1.1,1024,512,1200,0.2700229585170746,0.26762385012189044,0.27226323492868687,0.029541015625,0.10888671875,0.013427734375,0.0927734375,0.12772150337696075,0.14230145514011383,0.8420876773978209,699.4960439189605,0.3097601532936096,0.3088526725769043,0.9963828589808627,0.98452337452744,0.9974139020594902,705.169921875,0.17216062545776367,0.797607421875,0.2961133122444153
qwen,coco_karpathy,final_quarter,False,4,0.5714285714285714,20,20,20,23,2.0,4096,0.0003,False,1.25,1024,512,1200,0.2700229585170746,0.26762385012189044,0.27226323492868687,-0.133056640625,0.033203125,0.0078125,0.174072265625,0.12772150337696075,0.14230145514011383,0.8420876773978209,699.4960439189605,0.3097601532936096,0.3088526725769043,0.9963828589808627,0.98452337452744,0.9974139020594902,705.169921875,0.17216062545776367,0.797607421875,0.2961133122444153
qwen,coco_karpathy,final_quarter,False,4,0.5714285714285714,20,20,20,23,2.0,4096,0.0003,False,1.5,1024,512,1200,0.2700229585170746,0.26762385012189044,0.27226323492868687,-0.178955078125,0.010498046875,0.007568359375,0.197021484375,0.12772150337696075,0.14230145514011383,0.8420876773978209,699.4960439189605,0.3097601532936096,0.3088526725769043,0.9963828589808627,0.98452337452744,0.9974139020594902,705.169921875,0.17216062545776367,0.797607421875,0.2961133122444153
qwen,coco_karpathy,final_quarter,False,4,0.5714285714285714,20,20,20,23,2.0,4096,0.0003,True,1.1,1024,512,1200,0.7908693552017212,0.7849781933182385,0.7972625148744555,0.39013671875,0.69140625,0.003662109375,0.304931640625,0.36639919877052307,0.42447012662887573,0.0621763480330124,4037.054970336868,0.37961286306381226,0.3226204514503479,0.9940471840726783,0.7290084660969264,0.994486654100326,1920.431640625,0.4688553810119629,0.0,0.32514244318008423
qwen,coco_karpathy,final_quarter,False,4,0.5714285714285714,20,20,20,23,2.0,4096,0.0003,True,1.25,1024,512,1200,0.7908693552017212,0.7849781933182385,0.7972625148744555,-0.55224609375,0.223876953125,0.0,0.776123046875,0.36639919877052307,0.42447012662887573,0.0621763480330124,4037.054970336868,0.37961286306381226,0.3226204514503479,0.9940471840726783,0.7290084660969264,0.994486654100326,1920.431640625,0.4688553810119629,0.0,0.32514244318008423
qwen,coco_karpathy,final_quarter,False,4,0.5714285714285714,20,20,20,23,2.0,4096,0.0003,True,1.5,1024,512,1200,0.7908693552017212,0.7849781933182385,0.7972625148744555,-0.9765625,0.01171875,0.0,0.98828125,0.36639919877052307,0.42447012662887573,0.0621763480330124,4037.054970336868,0.37961286306381226,0.3226204514503479,0.9940471840726783,0.7290084660969264,0.994486654100326,1920.431640625,0.4688553810119629,0.0,0.32514244318008423
qwen,coco_karpathy,final_quarter,False,4,0.5714285714285714,20,20,20,23,2.0,4096,0.001,False,1.1,1024,512,1200,0.26833391189575195,0.2659776897446136,0.2705585650306602,0.025634765625,0.108154296875,0.01220703125,0.0947265625,0.12695759534835815,0.1413763463497162,0.8412136967881646,702.0557478346318,0.3024665415287018,0.3027570843696594,0.9964368830103552,0.9845523926311895,0.997226298795942,703.435546875,0.1717371940612793,0.797607421875,0.2886945903301239
qwen,coco_karpathy,final_quarter,False,4,0.5714285714285714,20,20,20,23,2.0,4096,0.001,False,1.25,1024,512,1200,0.26833391189575195,0.2659776897446136,0.2705585650306602,-0.133544921875,0.032958984375,0.0078125,0.17431640625,0.12695759534835815,0.1413763463497162,0.8412136967881646,702.0557478346318,0.3024665415287018,0.3027570843696594,0.9964368830103552,0.9845523926311895,0.997226298795942,703.435546875,0.1717371940612793,0.797607421875,0.2886945903301239
qwen,coco_karpathy,final_quarter,False,4,0.5714285714285714,20,20,20,23,2.0,4096,0.001,False,1.5,1024,512,1200,0.26833391189575195,0.2659776897446136,0.2705585650306602,-0.178955078125,0.010498046875,0.007568359375,0.197021484375,0.12695759534835815,0.1413763463497162,0.8412136967881646,702.0557478346318,0.3024665415287018,0.3027570843696594,0.9964368830103552,0.9845523926311895,0.997226298795942,703.435546875,0.1717371940612793,0.797607421875,0.2886945903301239
qwen,coco_karpathy,final_quarter,False,4,0.5714285714285714,20,20,20,23,2.0,4096,0.001,True,1.1,1024,512,1200,0.7777131795883179,0.7718658289959421,0.7840602331765695,0.37109375,0.68359375,0.001953125,0.314453125,0.3604748845100403,0.4172382652759552,0.06303850499448417,4033.77044747819,0.37007513642311096,0.31974998116493225,0.9934250442582462,0.7283926865111129,0.9944895426083099,1913.134765625,0.467073917388916,0.0,0.3194386661052704
qwen,coco_karpathy,final_quarter,False,4,0.5714285714285714,20,20,20,23,2.0,4096,0.001,True,1.25,1024,512,1200,0.7777131795883179,0.7718658289959421,0.7840602331765695,-0.5615234375,0.21923828125,0.0,0.78076171875,0.3604748845100403,0.4172382652759552,0.06303850499448417,4033.77044747819,0.37007513642311096,0.31974998116493225,0.9934250442582462,0.7283926865111129,0.9944895426083099,1913.134765625,0.467073917388916,0.0,0.3194386661052704
qwen,coco_karpathy,final_quarter,False,4,0.5714285714285714,20,20,20,23,2.0,4096,0.001,True,1.5,1024,512,1200,0.7777131795883179,0.7718658289959421,0.7840602331765695,-0.97314453125,0.013427734375,0.0,0.986572265625,0.3604748845100403,0.4172382652759552,0.06303850499448417,4033.77044747819,0.37007513642311096,0.31974998116493225,0.9934250442582462,0.7283926865111129,0.9944895426083099,1913.134765625,0.467073917388916,0.0,0.3194386661052704
qwen,coco_karpathy,final_quarter,False,4,0.5714285714285714,20,20,20,23,4.0,4096,0.0003,False,1.1,1024,512,1200,0.2700229585170746,0.26762385012189044,0.27226323492868687,0.029541015625,0.10888671875,0.013427734375,0.0927734375,0.12772150337696075,0.14230145514011383,0.8420876773978209,699.4960439189605,0.3097601532936096,0.3088526725769043,0.9963828589808627,0.98452337452744,0.9974139020594902,705.169921875,0.17216062545776367,0.797607421875,0.2961133122444153
qwen,coco_karpathy,final_quarter,False,4,0.5714285714285714,20,20,20,23,4.0,4096,0.0003,False,1.25,1024,512,1200,0.2700229585170746,0.26762385012189044,0.27226323492868687,-0.133056640625,0.033203125,0.0078125,0.174072265625,0.12772150337696075,0.14230145514011383,0.8420876773978209,699.4960439189605,0.3097601532936096,0.3088526725769043,0.9963828589808627,0.98452337452744,0.9974139020594902,705.169921875,0.17216062545776367,0.797607421875,0.2961133122444153
qwen,coco_karpathy,final_quarter,False,4,0.5714285714285714,20,20,20,23,4.0,4096,0.0003,False,1.5,1024,512,1200,0.2700229585170746,0.26762385012189044,0.27226323492868687,-0.178955078125,0.010498046875,0.007568359375,0.197021484375,0.12772150337696075,0.14230145514011383,0.8420876773978209,699.4960439189605,0.3097601532936096,0.3088526725769043,0.9963828589808627,0.98452337452744,0.9974139020594902,705.169921875,0.17216062545776367,0.797607421875,0.2961133122444153
qwen,coco_karpathy,final_quarter,False,4,0.5714285714285714,20,20,20,23,4.0,4096,0.0003,True,1.1,1024,512,1200,0.7908693552017212,0.7849781933182385,0.7972625148744555,0.39013671875,0.69140625,0.003662109375,0.304931640625,0.36639919877052307,0.42447012662887573,0.0621763480330124,4037.054970336868,0.37961286306381226,0.3226204514503479,0.9940471840726783,0.7290084660969264,0.994486654100326,1920.431640625,0.4688553810119629,0.0,0.32514244318008423
qwen,coco_karpathy,final_quarter,False,4,0.5714285714285714,20,20,20,23,4.0,4096,0.0003,True,1.25,1024,512,1200,0.7908693552017212,0.7849781933182385,0.7972625148744555,-0.55224609375,0.223876953125,0.0,0.776123046875,0.36639919877052307,0.42447012662887573,0.0621763480330124,4037.054970336868,0.37961286306381226,0.3226204514503479,0.9940471840726783,0.7290084660969264,0.994486654100326,1920.431640625,0.4688553810119629,0.0,0.32514244318008423
qwen,coco_karpathy,final_quarter,False,4,0.5714285714285714,20,20,20,23,4.0,4096,0.0003,True,1.5,1024,512,1200,0.7908693552017212,0.7849781933182385,0.7972625148744555,-0.9765625,0.01171875,0.0,0.98828125,0.36639919877052307,0.42447012662887573,0.0621763480330124,4037.054970336868,0.37961286306381226,0.3226204514503479,0.9940471840726783,0.7290084660969264,0.994486654100326,1920.431640625,0.4688553810119629,0.0,0.32514244318008423
qwen,coco_karpathy,final_quarter,False,4,0.5714285714285714,20,20,20,23,4.0,4096,0.001,False,1.1,1024,512,1200,0.26833391189575195,0.2659776897446136,0.2705585650306602,0.025634765625,0.108154296875,0.01220703125,0.0947265625,0.12695759534835815,0.1413763463497162,0.8412136967881646,702.0557478346318,0.3024665415287018,0.3027570843696594,0.9964368830103552,0.9845523926311895,0.997226298795942,703.435546875,0.1717371940612793,0.797607421875,0.2886945903301239
qwen,coco_karpathy,final_quarter,False,4,0.5714285714285714,20,20,20,23,4.0,4096,0.001,False,1.25,1024,512,1200,0.26833391189575195,0.2659776897446136,0.2705585650306602,-0.133544921875,0.032958984375,0.0078125,0.17431640625,0.12695759534835815,0.1413763463497162,0.8412136967881646,702.0557478346318,0.3024665415287018,0.3027570843696594,0.9964368830103552,0.9845523926311895,0.997226298795942,703.435546875,0.1717371940612793,0.797607421875,0.2886945903301239
qwen,coco_karpathy,final_quarter,False,4,0.5714285714285714,20,20,20,23,4.0,4096,0.001,False,1.5,1024,512,1200,0.26833391189575195,0.2659776897446136,0.2705585650306602,-0.178955078125,0.010498046875,0.007568359375,0.197021484375,0.12695759534835815,0.1413763463497162,0.8412136967881646,702.0557478346318,0.3024665415287018,0.3027570843696594,0.9964368830103552,0.9845523926311895,0.997226298795942,703.435546875,0.1717371940612793,0.797607421875,0.2886945903301239
qwen,coco_karpathy,final_quarter,False,4,0.5714285714285714,20,20,20,23,4.0,4096,0.001,True,1.1,1024,512,1200,0.7777131795883179,0.7718658289959421,0.7840602331765695,0.37109375,0.68359375,0.001953125,0.314453125,0.3604748845100403,0.4172382652759552,0.06303850499448417,4033.77044747819,0.37007513642311096,0.31974998116493225,0.9934250442582462,0.7283926865111129,0.9944895426083099,1913.134765625,0.467073917388916,0.0,0.3194386661052704
qwen,coco_karpathy,final_quarter,False,4,0.5714285714285714,20,20,20,23,4.0,4096,0.001,True,1.25,1024,512,1200,0.7777131795883179,0.7718658289959421,0.7840602331765695,-0.5615234375,0.21923828125,0.0,0.78076171875,0.3604748845100403,0.4172382652759552,0.06303850499448417,4033.77044747819,0.37007513642311096,0.31974998116493225,0.9934250442582462,0.7283926865111129,0.9944895426083099,1913.134765625,0.467073917388916,0.0,0.3194386661052704
qwen,coco_karpathy,final_quarter,False,4,0.5714285714285714,20,20,20,23,4.0,4096,0.001,True,1.5,1024,512,1200,0.7777131795883179,0.7718658289959421,0.7840602331765695,-0.97314453125,0.013427734375,0.0,0.986572265625,0.3604748845100403,0.4172382652759552,0.06303850499448417,4033.77044747819,0.37007513642311096,0.31974998116493225,0.9934250442582462,0.7283926865111129,0.9944895426083099,1913.134765625,0.467073917388916,0.0,0.3194386661052704
qwen,coco_karpathy,final_quarter,False,4,0.5714285714285714,20,20,20,37,2.0,4096,0.0003,False,1.1,1024,512,1200,0.27226489782333374,0.27004884527195827,0.2746254568992299,0.028564453125,0.113037109375,0.009033203125,0.093505859375,0.12862011790275574,0.143644779920578,0.8390584651237859,709.6409586351558,0.3110644817352295,0.30762979388237,0.9964071411419048,0.984548320874246,0.9973205554387128,713.947265625,0.17430353164672852,0.79443359375,0.2965891361236572
qwen,coco_karpathy,final_quarter,False,4,0.5714285714285714,20,20,20,37,2.0,4096,0.0003,False,1.25,1024,512,1200,0.27226489782333374,0.27004884527195827,0.2746254568992299,-0.133056640625,0.035888671875,0.00537109375,0.17431640625,0.12862011790275574,0.143644779920578,0.8390584651237859,709.6409586351558,0.3110644817352295,0.30762979388237,0.9964071411419048,0.984548320874246,0.9973205554387128,713.947265625,0.17430353164672852,0.79443359375,0.2965891361236572
qwen,coco_karpathy,final_quarter,False,4,0.5714285714285714,20,20,20,37,2.0,4096,0.0003,False,1.5,1024,512,1200,0.27226489782333374,0.27004884527195827,0.2746254568992299,-0.183837890625,0.01123046875,0.004638671875,0.19970703125,0.12862011790275574,0.143644779920578,0.8390584651237859,709.6409586351558,0.3110644817352295,0.30762979388237,0.9964071411419048,0.984548320874246,0.9973205554387128,713.947265625,0.17430353164672852,0.79443359375,0.2965891361236572
qwen,coco_karpathy,final_quarter,False,4,0.5714285714285714,20,20,20,37,2.0,4096,0.0003,True,1.1,1024,512,1200,0.78614741563797,0.7796748375229072,0.7917115289514186,0.36328125,0.67919921875,0.00244140625,0.318359375,0.36458849906921387,0.4215589761734009,0.06352523721007527,4036.556173837464,0.3792787194252014,0.3237508237361908,0.9955463437420583,0.7304448549188052,0.9898833181355912,1916.97265625,0.46801090240478516,0.0,0.32460644841194153
qwen,coco_karpathy,final_quarter,False,4,0.5714285714285714,20,20,20,37,2.0,4096,0.0003,True,1.25,1024,512,1200,0.78614741563797,0.7796748375229072,0.7917115289514186,-0.57421875,0.212890625,0.0,0.787109375,0.36458849906921387,0.4215589761734009,0.06352523721007527,4036.556173837464,0.3792787194252014,0.3237508237361908,0.9955463437420583,0.7304448549188052,0.9898833181355912,1916.97265625,0.46801090240478516,0.0,0.32460644841194153
qwen,coco_karpathy,final_quarter,False,4,0.5714285714285714,20,20,20,37,2.0,4096,0.0003,True,1.5,1024,512,1200,0.78614741563797,0.7796748375229072,0.7917115289514186,-0.97119140625,0.014404296875,0.0,0.985595703125,0.36458849906921387,0.4215589761734009,0.06352523721007527,4036.556173837464,0.3792787194252014,0.3237508237361908,0.9955463437420583,0.7304448549188052,0.9898833181355912,1916.97265625,0.46801090240478516,0.0,0.32460644841194153
qwen,coco_karpathy,final_quarter,False,4,0.5714285714285714,20,20,20,37,2.0,4096,0.001,False,1.1,1024,512,1200,0.27063071727752686,0.2684310575408745,0.2729749547346728,0.029541015625,0.11328125,0.00927734375,0.093017578125,0.12787047028541565,0.1427602767944336,0.8382839332050076,712.0084309947955,0.3046490550041199,0.3035256862640381,0.9964611900540853,0.9845703541782441,0.9972832825233878,712.53515625,0.17395877838134766,0.79443359375,0.2898874282836914
qwen,coco_karpathy,final_quarter,False,4,0.5714285714285714,20,20,20,37,2.0,4096,0.001,False,1.25,1024,512,1200,0.27063071727752686,0.2684310575408745,0.2729749547346728,-0.134521484375,0.035400390625,0.005126953125,0.175048828125,0.12787047028541565,0.1427602767944336,0.8382839332050076,712.0084309947955,0.3046490550041199,0.3035256862640381,0.9964611900540853,0.9845703541782441,0.9972832825233878,712.53515625,0.17395877838134766,0.79443359375,0.2898874282836914
qwen,coco_karpathy,final_quarter,False,4,0.5714285714285714,20,20,20,37,2.0,4096,0.001,False,1.5,1024,512,1200,0.27063071727752686,0.2684310575408745,0.2729749547346728,-0.183837890625,0.01123046875,0.004638671875,0.19970703125,0.12787047028541565,0.1427602767944336,0.8382839332050076,712.0084309947955,0.3046490550041199,0.3035256862640381,0.9964611900540853,0.9845703541782441,0.9972832825233878,712.53515625,0.17395877838134766,0.79443359375,0.2898874282836914
qwen,coco_karpathy,final_quarter,False,4,0.5714285714285714,20,20,20,37,2.0,4096,0.001,True,1.1,1024,512,1200,0.7765524387359619,0.7699491566658253,0.7821297226561,0.38427734375,0.689453125,0.002685546875,0.307861328125,0.36005324125289917,0.41649922728538513,0.06308134104426047,4037.377441691529,0.373407244682312,0.3197740614414215,0.9948059656697615,0.7293850675403722,0.9894936820176736,1911.62109375,0.4667043685913086,0.0,0.3191981613636017
qwen,coco_karpathy,final_quarter,False,4,0.5714285714285714,20,20,20,37,2.0,4096,0.001,True,1.25,1024,512,1200,0.7765524387359619,0.7699491566658253,0.7821297226561,-0.58349609375,0.208251953125,0.0,0.791748046875,0.36005324125289917,0.41649922728538513,0.06308134104426047,4037.377441691529,0.373407244682312,0.3197740614414215,0.9948059656697615,0.7293850675403722,0.9894936820176736,1911.62109375,0.4667043685913086,0.0,0.3191981613636017
qwen,coco_karpathy,final_quarter,False,4,0.5714285714285714,20,20,20,37,2.0,4096,0.001,True,1.5,1024,512,1200,0.7765524387359619,0.7699491566658253,0.7821297226561,-0.970703125,0.0146484375,0.0,0.9853515625,0.36005324125289917,0.41649922728538513,0.06308134104426047,4037.377441691529,0.373407244682312,0.3197740614414215,0.9948059656697615,0.7293850675403722,0.9894936820176736,1911.62109375,0.4667043685913086,0.0,0.3191981613636017
qwen,coco_karpathy,final_quarter,False,4,0.5714285714285714,20,20,20,37,4.0,4096,0.0003,False,1.1,1024,512,1200,0.27226489782333374,0.27004884527195827,0.2746254568992299,0.028564453125,0.113037109375,0.009033203125,0.093505859375,0.12862011790275574,0.143644779920578,0.8390584651237859,709.6409586351558,0.3110644817352295,0.30762979388237,0.9964071411419048,0.984548320874246,0.9973205554387128,713.947265625,0.17430353164672852,0.79443359375,0.2965891361236572
qwen,coco_karpathy,final_quarter,False,4,0.5714285714285714,20,20,20,37,4.0,4096,0.0003,False,1.25,1024,512,1200,0.27226489782333374,0.27004884527195827,0.2746254568992299,-0.133056640625,0.035888671875,0.00537109375,0.17431640625,0.12862011790275574,0.143644779920578,0.8390584651237859,709.6409586351558,0.3110644817352295,0.30762979388237,0.9964071411419048,0.984548320874246,0.9973205554387128,713.947265625,0.17430353164672852,0.79443359375,0.2965891361236572
qwen,coco_karpathy,final_quarter,False,4,0.5714285714285714,20,20,20,37,4.0,4096,0.0003,False,1.5,1024,512,1200,0.27226489782333374,0.27004884527195827,0.2746254568992299,-0.183837890625,0.01123046875,0.004638671875,0.19970703125,0.12862011790275574,0.143644779920578,0.8390584651237859,709.6409586351558,0.3110644817352295,0.30762979388237,0.9964071411419048,0.984548320874246,0.9973205554387128,713.947265625,0.17430353164672852,0.79443359375,0.2965891361236572
qwen,coco_karpathy,final_quarter,False,4,0.5714285714285714,20,20,20,37,4.0,4096,0.0003,True,1.1,1024,512,1200,0.78614741563797,0.7796748375229072,0.7917115289514186,0.36328125,0.67919921875,0.00244140625,0.318359375,0.36458849906921387,0.4215589761734009,0.06352523721007527,4036.556173837464,0.3792787194252014,0.3237508237361908,0.9955463437420583,0.7304448549188052,0.9898833181355912,1916.97265625,0.46801090240478516,0.0,0.32460644841194153
qwen,coco_karpathy,final_quarter,False,4,0.5714285714285714,20,20,20,37,4.0,4096,0.0003,True,1.25,1024,512,1200,0.78614741563797,0.7796748375229072,0.7917115289514186,-0.57421875,0.212890625,0.0,0.787109375,0.36458849906921387,0.4215589761734009,0.06352523721007527,4036.556173837464,0.3792787194252014,0.3237508237361908,0.9955463437420583,0.7304448549188052,0.9898833181355912,1916.97265625,0.46801090240478516,0.0,0.32460644841194153
qwen,coco_karpathy,final_quarter,False,4,0.5714285714285714,20,20,20,37,4.0,4096,0.0003,True,1.5,1024,512,1200,0.78614741563797,0.7796748375229072,0.7917115289514186,-0.97119140625,0.014404296875,0.0,0.985595703125,0.36458849906921387,0.4215589761734009,0.06352523721007527,4036.556173837464,0.3792787194252014,0.3237508237361908,0.9955463437420583,0.7304448549188052,0.9898833181355912,1916.97265625,0.46801090240478516,0.0,0.32460644841194153
qwen,coco_karpathy,final_quarter,False,4,0.5714285714285714,20,20,20,37,4.0,4096,0.001,False,1.1,1024,512,1200,0.27063071727752686,0.2684310575408745,0.2729749547346728,0.029541015625,0.11328125,0.00927734375,0.093017578125,0.12787047028541565,0.1427602767944336,0.8382839332050076,712.0084309947955,0.3046490550041199,0.3035256862640381,0.9964611900540853,0.9845703541782441,0.9972832825233878,712.53515625,0.17395877838134766,0.79443359375,0.2898874282836914
qwen,coco_karpathy,final_quarter,False,4,0.5714285714285714,20,20,20,37,4.0,4096,0.001,False,1.25,1024,512,1200,0.27063071727752686,0.2684310575408745,0.2729749547346728,-0.134521484375,0.035400390625,0.005126953125,0.175048828125,0.12787047028541565,0.1427602767944336,0.8382839332050076,712.0084309947955,0.3046490550041199,0.3035256862640381,0.9964611900540853,0.9845703541782441,0.9972832825233878,712.53515625,0.17395877838134766,0.79443359375,0.2898874282836914
qwen,coco_karpathy,final_quarter,False,4,0.5714285714285714,20,20,20,37,4.0,4096,0.001,False,1.5,1024,512,1200,0.27063071727752686,0.2684310575408745,0.2729749547346728,-0.183837890625,0.01123046875,0.004638671875,0.19970703125,0.12787047028541565,0.1427602767944336,0.8382839332050076,712.0084309947955,0.3046490550041199,0.3035256862640381,0.9964611900540853,0.9845703541782441,0.9972832825233878,712.53515625,0.17395877838134766,0.79443359375,0.2898874282836914
qwen,coco_karpathy,final_quarter,False,4,0.5714285714285714,20,20,20,37,4.0,4096,0.001,True,1.1,1024,512,1200,0.7765524387359619,0.7699491566658253,0.7821297226561,0.38427734375,0.689453125,0.002685546875,0.307861328125,0.36005324125289917,0.41649922728538513,0.06308134104426047,4037.377441691529,0.373407244682312,0.3197740614414215,0.9948059656697615,0.7293850675403722,0.9894936820176736,1911.62109375,0.4667043685913086,0.0,0.3191981613636017
qwen,coco_karpathy,final_quarter,False,4,0.5714285714285714,20,20,20,37,4.0,4096,0.001,True,1.25,1024,512,1200,0.7765524387359619,0.7699491566658253,0.7821297226561,-0.58349609375,0.208251953125,0.0,0.791748046875,0.36005324125289917,0.41649922728538513,0.06308134104426047,4037.377441691529,0.373407244682312,0.3197740614414215,0.9948059656697615,0.7293850675403722,0.9894936820176736,1911.62109375,0.4667043685913086,0.0,0.3191981613636017
qwen,coco_karpathy,final_quarter,False,4,0.5714285714285714,20,20,20,37,4.0,4096,0.001,True,1.5,1024,512,1200,0.7765524387359619,0.7699491566658253,0.7821297226561,-0.970703125,0.0146484375,0.0,0.9853515625,0.36005324125289917,0.41649922728538513,0.06308134104426047,4037.377441691529,0.373407244682312,0.3197740614414215,0.9948059656697615,0.7293850675403722,0.9894936820176736,1911.62109375,0.4667043685913086,0.0,0.3191981613636017
qwen,coco_karpathy,final_quarter,False,5,0.7142857142857142,25,25,25,11,2.0,4096,0.0003,False,1.1,1024,512,1200,0.28607550263404846,0.2837657535710605,0.28854939179145733,0.015380859375,0.088134765625,0.013427734375,0.086181640625,0.13617321848869324,0.14990228414535522,0.862616012138334,604.1261644720008,0.35847336053848267,0.34874042868614197,0.9956368673663212,0.9859751438250235,0.9966326796114191,620.298828125,0.15144014358520508,0.82568359375,0.35226497054100037
qwen,coco_karpathy,final_quarter,False,5,0.7142857142857142,25,25,25,11,2.0,4096,0.0003,False,1.25,1024,512,1200,0.28607550263404846,0.2837657535710605,0.28854939179145733,-0.120849609375,0.024169921875,0.00927734375,0.154296875,0.13617321848869324,0.14990228414535522,0.862616012138334,604.1261644720008,0.35847336053848267,0.34874042868614197,0.9956368673663212,0.9859751438250235,0.9966326796114191,620.298828125,0.15144014358520508,0.82568359375,0.35226497054100037
qwen,coco_karpathy,final_quarter,False,5,0.7142857142857142,25,25,25,11,2.0,4096,0.0003,False,1.5,1024,512,1200,0.28607550263404846,0.2837657535710605,0.28854939179145733,-0.153564453125,0.00927734375,0.0078125,0.170654296875,0.13617321848869324,0.14990228414535522,0.862616012138334,604.1261644720008,0.35847336053848267,0.34874042868614197,0.9956368673663212,0.9859751438250235,0.9966326796114191,620.298828125,0.15144014358520508,0.82568359375,0.35226497054100037
qwen,coco_karpathy,final_quarter,False,5,0.7142857142857142,25,25,25,11,2.0,4096,0.0003,True,1.1,1024,512,1200,0.7710063457489014,0.7653979251801502,0.7768199958110926,0.49951171875,0.7470703125,0.002685546875,0.250244140625,0.35467529296875,0.4163309931755066,0.06163516797888336,4037.526503998772,0.39041101932525635,0.32241058349609375,0.9945832442052053,0.716467270795279,0.9871532233446405,1922.998046875,0.4694819450378418,0.0,0.3238556385040283
qwen,coco_karpathy,final_quarter,False,5,0.7142857142857142,25,25,25,11,2.0,4096,0.0003,True,1.25,1024,512,1200,0.7710063457489014,0.7653979251801502,0.7768199958110926,-0.4677734375,0.265380859375,0.000732421875,0.73388671875,0.35467529296875,0.4163309931755066,0.06163516797888336,4037.526503998772,0.39041101932525635,0.32241058349609375,0.9945832442052053,0.716467270795279,0.9871532233446405,1922.998046875,0.4694819450378418,0.0,0.3238556385040283
qwen,coco_karpathy,final_quarter,False,5,0.7142857142857142,25,25,25,11,2.0,4096,0.0003,True,1.5,1024,512,1200,0.7710063457489014,0.7653979251801502,0.7768199958110926,-0.974609375,0.0126953125,0.0,0.9873046875,0.35467529296875,0.4163309931755066,0.06163516797888336,4037.526503998772,0.39041101932525635,0.32241058349609375,0.9945832442052053,0.716467270795279,0.9871532233446405,1922.998046875,0.4694819450378418,0.0,0.3238556385040283
qwen,coco_karpathy,final_quarter,False,5,0.7142857142857142,25,25,25,11,2.0,4096,0.001,False,1.1,1024,512,1200,0.2850673198699951,0.282767916519515,0.2875301716368995,0.013916015625,0.087646484375,0.01318359375,0.0869140625,0.13566133379936218,0.14940598607063293,0.8621939251763675,605.3286701782207,0.3517919182777405,0.34255969524383545,0.9956530820863625,0.9859627008480263,0.9965583500031713,619.091796875,0.15114545822143555,0.82568359375,0.34614530205726624
qwen,coco_karpathy,final_quarter,False,5,0.7142857142857142,25,25,25,11,2.0,4096,0.001,False,1.25,1024,512,1200,0.2850673198699951,0.282767916519515,0.2875301716368995,-0.117431640625,0.02587890625,0.00927734375,0.152587890625,0.13566133379936218,0.14940598607063293,0.8621939251763675,605.3286701782207,0.3517919182777405,0.34255969524383545,0.9956530820863625,0.9859627008480263,0.9965583500031713,619.091796875,0.15114545822143555,0.82568359375,0.34614530205726624
qwen,coco_karpathy,final_quarter,False,5,0.7142857142857142,25,25,25,11,2.0,4096,0.001,False,1.5,1024,512,1200,0.2850673198699951,0.282767916519515,0.2875301716368995,-0.153564453125,0.00927734375,0.0078125,0.170654296875,0.13566133379936218,0.14940598607063293,0.8621939251763675,605.3286701782207,0.3517919182777405,0.34255969524383545,0.9956530820863625,0.9859627008480263,0.9965583500031713,619.091796875,0.15114545822143555,0.82568359375,0.34614530205726624
qwen,coco_karpathy,final_quarter,False,5,0.7142857142857142,25,25,25,11,2.0,4096,0.001,True,1.1,1024,512,1200,0.7600345015525818,0.7544321945897536,0.7659430768195307,0.4921875,0.74267578125,0.00341796875,0.25390625,0.3494815230369568,0.4105530083179474,0.06209589834741263,4030.5988872359553,0.3786243796348572,0.3165026903152466,0.9954331088980806,0.7177406384351805,0.9843373316059214,1918.17578125,0.4683046340942383,0.0,0.31897395849227905
qwen,coco_karpathy,final_quarter,False,5,0.7142857142857142,25,25,25,11,2.0,4096,0.001,True,1.25,1024,512,1200,0.7600345015525818,0.7544321945897536,0.7659430768195307,-0.458984375,0.27001953125,0.00048828125,0.7294921875,0.3494815230369568,0.4105530083179474,0.06209589834741263,4030.5988872359553,0.3786243796348572,0.3165026903152466,0.9954331088980806,0.7177406384351805,0.9843373316059214,1918.17578125,0.4683046340942383,0.0,0.31897395849227905
qwen,coco_karpathy,final_quarter,False,5,0.7142857142857142,25,25,25,11,2.0,4096,0.001,True,1.5,1024,512,1200,0.7600345015525818,0.7544321945897536,0.7659430768195307,-0.9765625,0.01171875,0.0,0.98828125,0.3494815230369568,0.4105530083179474,0.06209589834741263,4030.5988872359553,0.3786243796348572,0.3165026903152466,0.9954331088980806,0.7177406384351805,0.9843373316059214,1918.17578125,0.4683046340942383,0.0,0.31897395849227905
qwen,coco_karpathy,final_quarter,False,5,0.7142857142857142,25,25,25,11,4.0,4096,0.0003,False,1.1,1024,512,1200,0.28607550263404846,0.2837657535710605,0.28854939179145733,0.015380859375,0.088134765625,0.013427734375,0.086181640625,0.13617321848869324,0.14990228414535522,0.862616012138334,604.1261644720008,0.35847336053848267,0.34874042868614197,0.9956368673663212,0.9859751438250235,0.9966326796114191,620.298828125,0.15144014358520508,0.82568359375,0.35226497054100037
qwen,coco_karpathy,final_quarter,False,5,0.7142857142857142,25,25,25,11,4.0,4096,0.0003,False,1.25,1024,512,1200,0.28607550263404846,0.2837657535710605,0.28854939179145733,-0.120849609375,0.024169921875,0.00927734375,0.154296875,0.13617321848869324,0.14990228414535522,0.862616012138334,604.1261644720008,0.35847336053848267,0.34874042868614197,0.9956368673663212,0.9859751438250235,0.9966326796114191,620.298828125,0.15144014358520508,0.82568359375,0.35226497054100037
qwen,coco_karpathy,final_quarter,False,5,0.7142857142857142,25,25,25,11,4.0,4096,0.0003,False,1.5,1024,512,1200,0.28607550263404846,0.2837657535710605,0.28854939179145733,-0.153564453125,0.00927734375,0.0078125,0.170654296875,0.13617321848869324,0.14990228414535522,0.862616012138334,604.1261644720008,0.35847336053848267,0.34874042868614197,0.9956368673663212,0.9859751438250235,0.9966326796114191,620.298828125,0.15144014358520508,0.82568359375,0.35226497054100037
qwen,coco_karpathy,final_quarter,False,5,0.7142857142857142,25,25,25,11,4.0,4096,0.0003,True,1.1,1024,512,1200,0.7710063457489014,0.7653979251801502,0.7768199958110926,0.49951171875,0.7470703125,0.002685546875,0.250244140625,0.35467529296875,0.4163309931755066,0.06163516797888336,4037.526503998772,0.39041101932525635,0.32241058349609375,0.9945832442052053,0.716467270795279,0.9871532233446405,1922.998046875,0.4694819450378418,0.0,0.3238556385040283
qwen,coco_karpathy,final_quarter,False,5,0.7142857142857142,25,25,25,11,4.0,4096,0.0003,True,1.25,1024,512,1200,0.7710063457489014,0.7653979251801502,0.7768199958110926,-0.4677734375,0.265380859375,0.000732421875,0.73388671875,0.35467529296875,0.4163309931755066,0.06163516797888336,4037.526503998772,0.39041101932525635,0.32241058349609375,0.9945832442052053,0.716467270795279,0.9871532233446405,1922.998046875,0.4694819450378418,0.0,0.3238556385040283
qwen,coco_karpathy,final_quarter,False,5,0.7142857142857142,25,25,25,11,4.0,4096,0.0003,True,1.5,1024,512,1200,0.7710063457489014,0.7653979251801502,0.7768199958110926,-0.974609375,0.0126953125,0.0,0.9873046875,0.35467529296875,0.4163309931755066,0.06163516797888336,4037.526503998772,0.39041101932525635,0.32241058349609375,0.9945832442052053,0.716467270795279,0.9871532233446405,1922.998046875,0.4694819450378418,0.0,0.3238556385040283
qwen,coco_karpathy,final_quarter,False,5,0.7142857142857142,25,25,25,11,4.0,4096,0.001,False,1.1,1024,512,1200,0.2850673198699951,0.282767916519515,0.2875301716368995,0.013916015625,0.087646484375,0.01318359375,0.0869140625,0.13566133379936218,0.14940598607063293,0.8621939251763675,605.3286701782207,0.3517919182777405,0.34255969524383545,0.9956530820863625,0.9859627008480263,0.9965583500031713,619.091796875,0.15114545822143555,0.82568359375,0.34614530205726624
qwen,coco_karpathy,final_quarter,False,5,0.7142857142857142,25,25,25,11,4.0,4096,0.001,False,1.25,1024,512,1200,0.2850673198699951,0.282767916519515,0.2875301716368995,-0.117431640625,0.02587890625,0.00927734375,0.152587890625,0.13566133379936218,0.14940598607063293,0.8621939251763675,605.3286701782207,0.3517919182777405,0.34255969524383545,0.9956530820863625,0.9859627008480263,0.9965583500031713,619.091796875,0.15114545822143555,0.82568359375,0.34614530205726624
qwen,coco_karpathy,final_quarter,False,5,0.7142857142857142,25,25,25,11,4.0,4096,0.001,False,1.5,1024,512,1200,0.2850673198699951,0.282767916519515,0.2875301716368995,-0.153564453125,0.00927734375,0.0078125,0.170654296875,0.13566133379936218,0.14940598607063293,0.8621939251763675,605.3286701782207,0.3517919182777405,0.34255969524383545,0.9956530820863625,0.9859627008480263,0.9965583500031713,619.091796875,0.15114545822143555,0.82568359375,0.34614530205726624
qwen,coco_karpathy,final_quarter,False,5,0.7142857142857142,25,25,25,11,4.0,4096,0.001,True,1.1,1024,512,1200,0.7600345015525818,0.7544321945897536,0.7659430768195307,0.4921875,0.74267578125,0.00341796875,0.25390625,0.3494815230369568,0.4105530083179474,0.06209589834741263,4030.5988872359553,0.3786243796348572,0.3165026903152466,0.9954331088980806,0.7177406384351805,0.9843373316059214,1918.17578125,0.4683046340942383,0.0,0.31897395849227905
qwen,coco_karpathy,final_quarter,False,5,0.7142857142857142,25,25,25,11,4.0,4096,0.001,True,1.25,1024,512,1200,0.7600345015525818,0.7544321945897536,0.7659430768195307,-0.458984375,0.27001953125,0.00048828125,0.7294921875,0.3494815230369568,0.4105530083179474,0.06209589834741263,4030.5988872359553,0.3786243796348572,0.3165026903152466,0.9954331088980806,0.7177406384351805,0.9843373316059214,1918.17578125,0.4683046340942383,0.0,0.31897395849227905
qwen,coco_karpathy,final_quarter,False,5,0.7142857142857142,25,25,25,11,4.0,4096,0.001,True,1.5,1024,512,1200,0.7600345015525818,0.7544321945897536,0.7659430768195307,-0.9765625,0.01171875,0.0,0.98828125,0.3494815230369568,0.4105530083179474,0.06209589834741263,4030.5988872359553,0.3786243796348572,0.3165026903152466,0.9954331088980806,0.7177406384351805,0.9843373316059214,1918.17578125,0.4683046340942383,0.0,0.31897395849227905
qwen,coco_karpathy,final_quarter,False,5,0.7142857142857142,25,25,25,23,2.0,4096,0.0003,False,1.1,1024,512,1200,0.28960496187210083,0.28715787327673753,0.29217967905133263,0.013427734375,0.088134765625,0.01220703125,0.0869140625,0.13767693936824799,0.15192803740501404,0.8594248688003785,614.0074003828802,0.35329166054725647,0.34014055132865906,0.9957553970839862,0.9859967240861975,0.9964491201282766,639.833984375,0.15620946884155273,0.82421875,0.3529183566570282
qwen,coco_karpathy,final_quarter,False,5,0.7142857142857142,25,25,25,23,2.0,4096,0.0003,False,1.25,1024,512,1200,0.28960496187210083,0.28715787327673753,0.29217967905133263,-0.124267578125,0.02392578125,0.007568359375,0.15576171875,0.13767693936824799,0.15192803740501404,0.8594248688003785,614.0074003828802,0.35329166054725647,0.34014055132865906,0.9957553970839862,0.9859967240861975,0.9964491201282766,639.833984375,0.15620946884155273,0.82421875,0.3529183566570282
qwen,coco_karpathy,final_quarter,False,5,0.7142857142857142,25,25,25,23,2.0,4096,0.0003,False,1.5,1024,512,1200,0.28960496187210083,0.28715787327673753,0.29217967905133263,-0.156005859375,0.009033203125,0.006591796875,0.171630859375,0.13767693936824799,0.15192803740501404,0.8594248688003785,614.0074003828802,0.35329166054725647,0.34014055132865906,0.9957553970839862,0.9859967240861975,0.9964491201282766,639.833984375,0.15620946884155273,0.82421875,0.3529183566570282
qwen,coco_karpathy,final_quarter,False,5,0.7142857142857142,25,25,25,23,2.0,4096,0.0003,True,1.1,1024,512,1200,0.7711480855941772,0.7660983911395306,0.7768038608919596,0.501953125,0.74853515625,0.00244140625,0.2490234375,0.354142427444458,0.41700559854507446,0.0647886017710199,4035.4077256126625,0.3913516402244568,0.32559239864349365,0.9950906128573445,0.7174042849301142,0.989799214290544,1923.091796875,0.46950483322143555,0.0,0.32685545086860657
qwen,coco_karpathy,final_quarter,False,5,0.7142857142857142,25,25,25,23,2.0,4096,0.0003,True,1.25,1024,512,1200,0.7711480855941772,0.7660983911395306,0.7768038608919596,-0.46337890625,0.268310546875,0.0,0.731689453125,0.354142427444458,0.41700559854507446,0.0647886017710199,4035.4077256126625,0.3913516402244568,0.32559239864349365,0.9950906128573445,0.7174042849301142,0.989799214290544,1923.091796875,0.46950483322143555,0.0,0.32685545086860657
qwen,coco_karpathy,final_quarter,False,5,0.7142857142857142,25,25,25,23,2.0,4096,0.0003,True,1.5,1024,512,1200,0.7711480855941772,0.7660983911395306,0.7768038608919596,-0.96240234375,0.018798828125,0.0,0.981201171875,0.354142427444458,0.41700559854507446,0.0647886017710199,4035.4077256126625,0.3913516402244568,0.32559239864349365,0.9950906128573445,0.7174042849301142,0.989799214290544,1923.091796875,0.46950483322143555,0.0,0.32685545086860657
qwen,coco_karpathy,final_quarter,False,5,0.7142857142857142,25,25,25,23,2.0,4096,0.001,False,1.1,1024,512,1200,0.2885116934776306,0.28607202347848215,0.2910605013865279,0.013916015625,0.088134765625,0.012451171875,0.086669921875,0.13716855645179749,0.15134315192699432,0.8588048264744098,616.1674242759246,0.34673863649368286,0.33522650599479675,0.9957798569050347,0.9860096154945138,0.9967292988566321,638.98828125,0.15600299835205078,0.82421875,0.34632113575935364
qwen,coco_karpathy,final_quarter,False,5,0.7142857142857142,25,25,25,23,2.0,4096,0.001,False,1.25,1024,512,1200,0.2885116934776306,0.28607202347848215,0.2910605013865279,-0.125244140625,0.0234375,0.007568359375,0.15625,0.13716855645179749,0.15134315192699432,0.8588048264744098,616.1674242759246,0.34673863649368286,0.33522650599479675,0.9957798569050347,0.9860096154945138,0.9967292988566321,638.98828125,0.15600299835205078,0.82421875,0.34632113575935364
qwen,coco_karpathy,final_quarter,False,5,0.7142857142857142,25,25,25,23,2.0,4096,0.001,False,1.5,1024,512,1200,0.2885116934776306,0.28607202347848215,0.2910605013865279,-0.156005859375,0.009033203125,0.006591796875,0.171630859375,0.13716855645179749,0.15134315192699432,0.8588048264744098,616.1674242759246,0.34673863649368286,0.33522650599479675,0.9957798569050347,0.9860096154945138,0.9967292988566321,638.98828125,0.15600299835205078,0.82421875,0.34632113575935364
qwen,coco_karpathy,final_quarter,False,5,0.7142857142857142,25,25,25,23,2.0,4096,0.001,True,1.1,1024,512,1200,0.7667906880378723,0.7616203834273619,0.7726973164128139,0.50927734375,0.751953125,0.002685546875,0.245361328125,0.3520379066467285,0.4147527813911438,0.06553743262558755,4028.741880982796,0.3862331509590149,0.31824472546577454,0.9938833578533551,0.716713368072519,0.9912973464686784,1920.138671875,0.4687838554382324,0.0,0.3239394724369049
qwen,coco_karpathy,final_quarter,False,5,0.7142857142857142,25,25,25,23,2.0,4096,0.001,True,1.25,1024,512,1200,0.7667906880378723,0.7616203834273619,0.7726973164128139,-0.46875,0.265625,0.0,0.734375,0.3520379066467285,0.4147527813911438,0.06553743262558755,4028.741880982796,0.3862331509590149,0.31824472546577454,0.9938833578533551,0.716713368072519,0.9912973464686784,1920.138671875,0.4687838554382324,0.0,0.3239394724369049
qwen,coco_karpathy,final_quarter,False,5,0.7142857142857142,25,25,25,23,2.0,4096,0.001,True,1.5,1024,512,1200,0.7667906880378723,0.7616203834273619,0.7726973164128139,-0.9638671875,0.01806640625,0.0,0.98193359375,0.3520379066467285,0.4147527813911438,0.06553743262558755,4028.741880982796,0.3862331509590149,0.31824472546577454,0.9938833578533551,0.716713368072519,0.9912973464686784,1920.138671875,0.4687838554382324,0.0,0.3239394724369049
qwen,coco_karpathy,final_quarter,False,5,0.7142857142857142,25,25,25,23,4.0,4096,0.0003,False,1.1,1024,512,1200,0.28960496187210083,0.28715787327673753,0.29217967905133263,0.013427734375,0.088134765625,0.01220703125,0.0869140625,0.13767693936824799,0.15192803740501404,0.8594248688003785,614.0074003828802,0.35329166054725647,0.34014055132865906,0.9957553970839862,0.9859967240861975,0.9964491201282766,639.833984375,0.15620946884155273,0.82421875,0.3529183566570282
qwen,coco_karpathy,final_quarter,False,5,0.7142857142857142,25,25,25,23,4.0,4096,0.0003,False,1.25,1024,512,1200,0.28960496187210083,0.28715787327673753,0.29217967905133263,-0.124267578125,0.02392578125,0.007568359375,0.15576171875,0.13767693936824799,0.15192803740501404,0.8594248688003785,614.0074003828802,0.35329166054725647,0.34014055132865906,0.9957553970839862,0.9859967240861975,0.9964491201282766,639.833984375,0.15620946884155273,0.82421875,0.3529183566570282
qwen,coco_karpathy,final_quarter,False,5,0.7142857142857142,25,25,25,23,4.0,4096,0.0003,False,1.5,1024,512,1200,0.28960496187210083,0.28715787327673753,0.29217967905133263,-0.156005859375,0.009033203125,0.006591796875,0.171630859375,0.13767693936824799,0.15192803740501404,0.8594248688003785,614.0074003828802,0.35329166054725647,0.34014055132865906,0.9957553970839862,0.9859967240861975,0.9964491201282766,639.833984375,0.15620946884155273,0.82421875,0.3529183566570282
qwen,coco_karpathy,final_quarter,False,5,0.7142857142857142,25,25,25,23,4.0,4096,0.0003,True,1.1,1024,512,1200,0.7711480855941772,0.7660983911395306,0.7768038608919596,0.501953125,0.74853515625,0.00244140625,0.2490234375,0.354142427444458,0.41700559854507446,0.0647886017710199,4035.4077256126625,0.3913516402244568,0.32559239864349365,0.9950906128573445,0.7174042849301142,0.989799214290544,1923.091796875,0.46950483322143555,0.0,0.32685545086860657
qwen,coco_karpathy,final_quarter,False,5,0.7142857142857142,25,25,25,23,4.0,4096,0.0003,True,1.25,1024,512,1200,0.7711480855941772,0.7660983911395306,0.7768038608919596,-0.46337890625,0.268310546875,0.0,0.731689453125,0.354142427444458,0.41700559854507446,0.0647886017710199,4035.4077256126625,0.3913516402244568,0.32559239864349365,0.9950906128573445,0.7174042849301142,0.989799214290544,1923.091796875,0.46950483322143555,0.0,0.32685545086860657
qwen,coco_karpathy,final_quarter,False,5,0.7142857142857142,25,25,25,23,4.0,4096,0.0003,True,1.5,1024,512,1200,0.7711480855941772,0.7660983911395306,0.7768038608919596,-0.96240234375,0.018798828125,0.0,0.981201171875,0.354142427444458,0.41700559854507446,0.0647886017710199,4035.4077256126625,0.3913516402244568,0.32559239864349365,0.9950906128573445,0.7174042849301142,0.989799214290544,1923.091796875,0.46950483322143555,0.0,0.32685545086860657
qwen,coco_karpathy,final_quarter,False,5,0.7142857142857142,25,25,25,23,4.0,4096,0.001,False,1.1,1024,512,1200,0.2885116934776306,0.28607202347848215,0.2910605013865279,0.013916015625,0.088134765625,0.012451171875,0.086669921875,0.13716855645179749,0.15134315192699432,0.8588048264744098,616.1674242759246,0.34673863649368286,0.33522650599479675,0.9957798569050347,0.9860096154945138,0.9967292988566321,638.98828125,0.15600299835205078,0.82421875,0.34632113575935364
qwen,coco_karpathy,final_quarter,False,5,0.7142857142857142,25,25,25,23,4.0,4096,0.001,False,1.25,1024,512,1200,0.2885116934776306,0.28607202347848215,0.2910605013865279,-0.125244140625,0.0234375,0.007568359375,0.15625,0.13716855645179749,0.15134315192699432,0.8588048264744098,616.1674242759246,0.34673863649368286,0.33522650599479675,0.9957798569050347,0.9860096154945138,0.9967292988566321,638.98828125,0.15600299835205078,0.82421875,0.34632113575935364
qwen,coco_karpathy,final_quarter,False,5,0.7142857142857142,25,25,25,23,4.0,4096,0.001,False,1.5,1024,512,1200,0.2885116934776306,0.28607202347848215,0.2910605013865279,-0.156005859375,0.009033203125,0.006591796875,0.171630859375,0.13716855645179749,0.15134315192699432,0.8588048264744098,616.1674242759246,0.34673863649368286,0.33522650599479675,0.9957798569050347,0.9860096154945138,0.9967292988566321,638.98828125,0.15600299835205078,0.82421875,0.34632113575935364
qwen,coco_karpathy,final_quarter,False,5,0.7142857142857142,25,25,25,23,4.0,4096,0.001,True,1.1,1024,512,1200,0.7667906880378723,0.7616203834273619,0.7726973164128139,0.50927734375,0.751953125,0.002685546875,0.245361328125,0.3520379066467285,0.4147527813911438,0.06553743262558755,4028.741880982796,0.3862331509590149,0.31824472546577454,0.9938833578533551,0.716713368072519,0.9912973464686784,1920.138671875,0.4687838554382324,0.0,0.3239394724369049
qwen,coco_karpathy,final_quarter,False,5,0.7142857142857142,25,25,25,23,4.0,4096,0.001,True,1.25,1024,512,1200,0.7667906880378723,0.7616203834273619,0.7726973164128139,-0.46875,0.265625,0.0,0.734375,0.3520379066467285,0.4147527813911438,0.06553743262558755,4028.741880982796,0.3862331509590149,0.31824472546577454,0.9938833578533551,0.716713368072519,0.9912973464686784,1920.138671875,0.4687838554382324,0.0,0.3239394724369049
qwen,coco_karpathy,final_quarter,False,5,0.7142857142857142,25,25,25,23,4.0,4096,0.001,True,1.5,1024,512,1200,0.7667906880378723,0.7616203834273619,0.7726973164128139,-0.9638671875,0.01806640625,0.0,0.98193359375,0.3520379066467285,0.4147527813911438,0.06553743262558755,4028.741880982796,0.3862331509590149,0.31824472546577454,0.9938833578533551,0.716713368072519,0.9912973464686784,1920.138671875,0.4687838554382324,0.0,0.3239394724369049
qwen,coco_karpathy,final_quarter,False,5,0.7142857142857142,25,25,25,37,2.0,4096,0.0003,False,1.1,1024,512,1200,0.28861361742019653,0.28610552886166263,0.2908354591745592,0.02392578125,0.091552734375,0.015869140625,0.08349609375,0.13724137842655182,0.15137220919132233,0.8613864754511459,609.4334393774005,0.35634347796440125,0.3462607264518738,0.9956879104532504,0.985989827966511,0.9960698111723657,626.76171875,0.15301799774169922,0.82568359375,0.3507560193538666
qwen,coco_karpathy,final_quarter,False,5,0.7142857142857142,25,25,25,37,2.0,4096,0.0003,False,1.25,1024,512,1200,0.28861361742019653,0.28610552886166263,0.2908354591745592,-0.11083984375,0.02880859375,0.01123046875,0.15087890625,0.13724137842655182,0.15137220919132233,0.8613864754511459,609.4334393774005,0.35634347796440125,0.3462607264518738,0.9956879104532504,0.985989827966511,0.9960698111723657,626.76171875,0.15301799774169922,0.82568359375,0.3507560193538666
qwen,coco_karpathy,final_quarter,False,5,0.7142857142857142,25,25,25,37,2.0,4096,0.0003,False,1.5,1024,512,1200,0.28861361742019653,0.28610552886166263,0.2908354591745592,-0.15087890625,0.01123046875,0.0087890625,0.1708984375,0.13724137842655182,0.15137220919132233,0.8613864754511459,609.4334393774005,0.35634347796440125,0.3462607264518738,0.9956879104532504,0.985989827966511,0.9960698111723657,626.76171875,0.15301799774169922,0.82568359375,0.3507560193538666
qwen,coco_karpathy,final_quarter,False,5,0.7142857142857142,25,25,25,37,2.0,4096,0.0003,True,1.1,1024,512,1200,0.7739110589027405,0.7678713350818726,0.7801865443296265,0.48779296875,0.74169921875,0.002197265625,0.256103515625,0.35545140504837036,0.4184596538543701,0.0646563801935417,4023.311787625599,0.3940303921699524,0.3244532346725464,0.9937529965493226,0.7159431208955748,0.9912154559424381,1922.3828125,0.4693317413330078,0.0,0.3250933289527893
qwen,coco_karpathy,final_quarter,False,5,0.7142857142857142,25,25,25,37,2.0,4096,0.0003,True,1.25,1024,512,1200,0.7739110589027405,0.7678713350818726,0.7801865443296265,-0.4697265625,0.26513671875,0.0,0.73486328125,0.35545140504837036,0.4184596538543701,0.0646563801935417,4023.311787625599,0.3940303921699524,0.3244532346725464,0.9937529965493226,0.7159431208955748,0.9912154559424381,1922.3828125,0.4693317413330078,0.0,0.3250933289527893
qwen,coco_karpathy,final_quarter,False,5,0.7142857142857142,25,25,25,37,2.0,4096,0.0003,True,1.5,1024,512,1200,0.7739110589027405,0.7678713350818726,0.7801865443296265,-0.95751953125,0.021240234375,0.0,0.978759765625,0.35545140504837036,0.4184596538543701,0.0646563801935417,4023.311787625599,0.3940303921699524,0.3244532346725464,0.9937529965493226,0.7159431208955748,0.9912154559424381,1922.3828125,0.4693317413330078,0.0,0.3250933289527893
qwen,coco_karpathy,final_quarter,False,5,0.7142857142857142,25,25,25,37,2.0,4096,0.001,False,1.1,1024,512,1200,0.2879309058189392,0.28543804423243274,0.29014774771494556,0.0234375,0.09130859375,0.015869140625,0.083740234375,0.13694465160369873,0.15098626911640167,0.8608328893128953,611.2946059393965,0.35215261578559875,0.34238460659980774,0.9956200465859387,0.9859015177519155,0.9961178501648343,626.716796875,0.15300703048706055,0.82568359375,0.34671926498413086
qwen,coco_karpathy,final_quarter,False,5,0.7142857142857142,25,25,25,37,2.0,4096,0.001,False,1.25,1024,512,1200,0.2879309058189392,0.28543804423243274,0.29014774771494556,-0.11083984375,0.02880859375,0.01123046875,0.15087890625,0.13694465160369873,0.15098626911640167,0.8608328893128953,611.2946059393965,0.35215261578559875,0.34238460659980774,0.9956200465859387,0.9859015177519155,0.9961178501648343,626.716796875,0.15300703048706055,0.82568359375,0.34671926498413086
qwen,coco_karpathy,final_quarter,False,5,0.7142857142857142,25,25,25,37,2.0,4096,0.001,False,1.5,1024,512,1200,0.2879309058189392,0.28543804423243274,0.29014774771494556,-0.150390625,0.01123046875,0.009033203125,0.170654296875,0.13694465160369873,0.15098626911640167,0.8608328893128953,611.2946059393965,0.35215261578559875,0.34238460659980774,0.9956200465859387,0.9859015177519155,0.9961178501648343,626.716796875,0.15300703048706055,0.82568359375,0.34671926498413086
qwen,coco_karpathy,final_quarter,False,5,0.7142857142857142,25,25,25,37,2.0,4096,0.001,True,1.1,1024,512,1200,0.7672716379165649,0.7612953880656278,0.773487596315681,0.490234375,0.74267578125,0.00244140625,0.2548828125,0.35248756408691406,0.41478413343429565,0.06415298917185865,4024.2587257991545,0.3894176185131073,0.3188606798648834,0.9943512544770878,0.7166872868716372,0.9911106874035162,1920.1328125,0.4687824249267578,0.0,0.3214528560638428
qwen,coco_karpathy,final_quarter,False,5,0.7142857142857142,25,25,25,37,2.0,4096,0.001,True,1.25,1024,512,1200,0.7672716379165649,0.7612953880656278,0.773487596315681,-0.47607421875,0.261962890625,0.0,0.738037109375,0.35248756408691406,0.41478413343429565,0.06415298917185865,4024.2587257991545,0.3894176185131073,0.3188606798648834,0.9943512544770878,0.7166872868716372,0.9911106874035162,1920.1328125,0.4687824249267578,0.0,0.3214528560638428
qwen,coco_karpathy,final_quarter,False,5,0.7142857142857142,25,25,25,37,2.0,4096,0.001,True,1.5,1024,512,1200,0.7672716379165649,0.7612953880656278,0.773487596315681,-0.962890625,0.0185546875,0.0,0.9814453125,0.35248756408691406,0.41478413343429565,0.06415298917185865,4024.2587257991545,0.3894176185131073,0.3188606798648834,0.9943512544770878,0.7166872868716372,0.9911106874035162,1920.1328125,0.4687824249267578,0.0,0.3214528560638428
qwen,coco_karpathy,final_quarter,False,5,0.7142857142857142,25,25,25,37,4.0,4096,0.0003,False,1.1,1024,512,1200,0.28861361742019653,0.28610552886166263,0.2908354591745592,0.02392578125,0.091552734375,0.015869140625,0.08349609375,0.13724137842655182,0.15137220919132233,0.8613864754511459,609.4334393774005,0.35634347796440125,0.3462607264518738,0.9956879104532504,0.985989827966511,0.9960698111723657,626.76171875,0.15301799774169922,0.82568359375,0.3507560193538666
qwen,coco_karpathy,final_quarter,False,5,0.7142857142857142,25,25,25,37,4.0,4096,0.0003,False,1.25,1024,512,1200,0.28861361742019653,0.28610552886166263,0.2908354591745592,-0.11083984375,0.02880859375,0.01123046875,0.15087890625,0.13724137842655182,0.15137220919132233,0.8613864754511459,609.4334393774005,0.35634347796440125,0.3462607264518738,0.9956879104532504,0.985989827966511,0.9960698111723657,626.76171875,0.15301799774169922,0.82568359375,0.3507560193538666
qwen,coco_karpathy,final_quarter,False,5,0.7142857142857142,25,25,25,37,4.0,4096,0.0003,False,1.5,1024,512,1200,0.28861361742019653,0.28610552886166263,0.2908354591745592,-0.15087890625,0.01123046875,0.0087890625,0.1708984375,0.13724137842655182,0.15137220919132233,0.8613864754511459,609.4334393774005,0.35634347796440125,0.3462607264518738,0.9956879104532504,0.985989827966511,0.9960698111723657,626.76171875,0.15301799774169922,0.82568359375,0.3507560193538666
qwen,coco_karpathy,final_quarter,False,5,0.7142857142857142,25,25,25,37,4.0,4096,0.0003,True,1.1,1024,512,1200,0.7739110589027405,0.7678713350818726,0.7801865443296265,0.48779296875,0.74169921875,0.002197265625,0.256103515625,0.35545140504837036,0.4184596538543701,0.0646563801935417,4023.311787625599,0.3940303921699524,0.3244532346725464,0.9937529965493226,0.7159431208955748,0.9912154559424381,1922.3828125,0.4693317413330078,0.0,0.3250933289527893
qwen,coco_karpathy,final_quarter,False,5,0.7142857142857142,25,25,25,37,4.0,4096,0.0003,True,1.25,1024,512,1200,0.7739110589027405,0.7678713350818726,0.7801865443296265,-0.4697265625,0.26513671875,0.0,0.73486328125,0.35545140504837036,0.4184596538543701,0.0646563801935417,4023.311787625599,0.3940303921699524,0.3244532346725464,0.9937529965493226,0.7159431208955748,0.9912154559424381,1922.3828125,0.4693317413330078,0.0,0.3250933289527893
qwen,coco_karpathy,final_quarter,False,5,0.7142857142857142,25,25,25,37,4.0,4096,0.0003,True,1.5,1024,512,1200,0.7739110589027405,0.7678713350818726,0.7801865443296265,-0.95751953125,0.021240234375,0.0,0.978759765625,0.35545140504837036,0.4184596538543701,0.0646563801935417,4023.311787625599,0.3940303921699524,0.3244532346725464,0.9937529965493226,0.7159431208955748,0.9912154559424381,1922.3828125,0.4693317413330078,0.0,0.3250933289527893
qwen,coco_karpathy,final_quarter,False,5,0.7142857142857142,25,25,25,37,4.0,4096,0.001,False,1.1,1024,512,1200,0.2879309058189392,0.28543804423243274,0.29014774771494556,0.0234375,0.09130859375,0.015869140625,0.083740234375,0.13694465160369873,0.15098626911640167,0.8608328893128953,611.2946059393965,0.35215261578559875,0.34238460659980774,0.9956200465859387,0.9859015177519155,0.9961178501648343,626.716796875,0.15300703048706055,0.82568359375,0.34671926498413086
qwen,coco_karpathy,final_quarter,False,5,0.7142857142857142,25,25,25,37,4.0,4096,0.001,False,1.25,1024,512,1200,0.2879309058189392,0.28543804423243274,0.29014774771494556,-0.11083984375,0.02880859375,0.01123046875,0.15087890625,0.13694465160369873,0.15098626911640167,0.8608328893128953,611.2946059393965,0.35215261578559875,0.34238460659980774,0.9956200465859387,0.9859015177519155,0.9961178501648343,626.716796875,0.15300703048706055,0.82568359375,0.34671926498413086
qwen,coco_karpathy,final_quarter,False,5,0.7142857142857142,25,25,25,37,4.0,4096,0.001,False,1.5,1024,512,1200,0.2879309058189392,0.28543804423243274,0.29014774771494556,-0.150390625,0.01123046875,0.009033203125,0.170654296875,0.13694465160369873,0.15098626911640167,0.8608328893128953,611.2946059393965,0.35215261578559875,0.34238460659980774,0.9956200465859387,0.9859015177519155,0.9961178501648343,626.716796875,0.15300703048706055,0.82568359375,0.34671926498413086
qwen,coco_karpathy,final_quarter,False,5,0.7142857142857142,25,25,25,37,4.0,4096,0.001,True,1.1,1024,512,1200,0.7672716379165649,0.7612953880656278,0.773487596315681,0.490234375,0.74267578125,0.00244140625,0.2548828125,0.35248756408691406,0.41478413343429565,0.06415298917185865,4024.2587257991545,0.3894176185131073,0.3188606798648834,0.9943512544770878,0.7166872868716372,0.9911106874035162,1920.1328125,0.4687824249267578,0.0,0.3214528560638428
qwen,coco_karpathy,final_quarter,False,5,0.7142857142857142,25,25,25,37,4.0,4096,0.001,True,1.25,1024,512,1200,0.7672716379165649,0.7612953880656278,0.773487596315681,-0.47607421875,0.261962890625,0.0,0.738037109375,0.35248756408691406,0.41478413343429565,0.06415298917185865,4024.2587257991545,0.3894176185131073,0.3188606798648834,0.9943512544770878,0.7166872868716372,0.9911106874035162,1920.1328125,0.4687824249267578,0.0,0.3214528560638428
qwen,coco_karpathy,final_quarter,False,5,0.7142857142857142,25,25,25,37,4.0,4096,0.001,True,1.5,1024,512,1200,0.7672716379165649,0.7612953880656278,0.773487596315681,-0.962890625,0.0185546875,0.0,0.9814453125,0.35248756408691406,0.41478413343429565,0.06415298917185865,4024.2587257991545,0.3894176185131073,0.3188606798648834,0.9943512544770878,0.7166872868716372,0.9911106874035162,1920.1328125,0.4687824249267578,0.0,0.3214528560638428
qwen,coco_karpathy,final_quarter,False,6,0.8571428571428571,30,30,30,11,2.0,4096,0.0003,False,1.1,1024,512,1200,0.4438718259334564,0.4403095679517719,0.44752455968991856,0.04052734375,0.106201171875,0.006591796875,0.072265625,0.20881357789039612,0.2350582629442215,0.86553321362276,579.8019401014683,0.6629350781440735,0.7256004214286804,0.9958650595070353,0.9885857976451295,0.9968393675706715,655.228515625,0.15996789932250977,0.819091796875,0.6838709115982056
qwen,coco_karpathy,final_quarter,False,6,0.8571428571428571,30,30,30,11,2.0,4096,0.0003,False,1.25,1024,512,1200,0.4438718259334564,0.4403095679517719,0.44752455968991856,-0.12451171875,0.02685546875,0.00341796875,0.15478515625,0.20881357789039612,0.2350582629442215,0.86553321362276,579.8019401014683,0.6629350781440735,0.7256004214286804,0.9958650595070353,0.9885857976451295,0.9968393675706715,655.228515625,0.15996789932250977,0.819091796875,0.6838709115982056
qwen,coco_karpathy,final_quarter,False,6,0.8571428571428571,30,30,30,11,2.0,4096,0.0003,False,1.5,1024,512,1200,0.4438718259334564,0.4403095679517719,0.44752455968991856,-0.17236328125,0.004150390625,0.002197265625,0.1787109375,0.20881357789039612,0.2350582629442215,0.86553321362276,579.8019401014683,0.6629350781440735,0.7256004214286804,0.9958650595070353,0.9885857976451295,0.9968393675706715,655.228515625,0.15996789932250977,0.819091796875,0.6838709115982056
qwen,coco_karpathy,final_quarter,False,6,0.8571428571428571,30,30,30,11,2.0,4096,0.0003,True,1.1,1024,512,1200,0.6797162890434265,0.6748241957931895,0.6847532550120377,0.3955078125,0.686279296875,0.011474609375,0.30224609375,0.3159065842628479,0.3638097047805786,0.06367210912043739,4038.9821580126577,0.3611300587654114,0.3185955286026001,0.9943946258587025,0.7640305825022029,0.9930695854353263,1900.0625,0.4638824462890625,0.0,0.32623937726020813
qwen,coco_karpathy,final_quarter,False,6,0.8571428571428571,30,30,30,11,2.0,4096,0.0003,True,1.25,1024,512,1200,0.6797162890434265,0.6748241957931895,0.6847532550120377,-0.603515625,0.19775390625,0.00048828125,0.8017578125,0.3159065842628479,0.3638097047805786,0.06367210912043739,4038.9821580126577,0.3611300587654114,0.3185955286026001,0.9943946258587025,0.7640305825022029,0.9930695854353263,1900.0625,0.4638824462890625,0.0,0.32623937726020813
qwen,coco_karpathy,final_quarter,False,6,0.8571428571428571,30,30,30,11,2.0,4096,0.0003,True,1.5,1024,512,1200,0.6797162890434265,0.6748241957931895,0.6847532550120377,-0.98828125,0.005859375,0.0,0.994140625,0.3159065842628479,0.3638097047805786,0.06367210912043739,4038.9821580126577,0.3611300587654114,0.3185955286026001,0.9943946258587025,0.7640305825022029,0.9930695854353263,1900.0625,0.4638824462890625,0.0,0.32623937726020813
qwen,coco_karpathy,final_quarter,False,6,0.8571428571428571,30,30,30,11,2.0,4096,0.001,False,1.1,1024,512,1200,0.44318628311157227,0.4396304893307388,0.4468382675448083,0.041015625,0.106689453125,0.00634765625,0.072021484375,0.2084880769252777,0.23469822108745575,0.8652728143525686,580.3531073803875,0.655388355255127,0.7168010473251343,0.9958745387164095,0.9885883825254436,0.9968655733151556,654.595703125,0.15981340408325195,0.819091796875,0.6760071516036987
qwen,coco_karpathy,final_quarter,False,6,0.8571428571428571,30,30,30,11,2.0,4096,0.001,False,1.25,1024,512,1200,0.44318628311157227,0.4396304893307388,0.4468382675448083,-0.12353515625,0.02734375,0.00341796875,0.154296875,0.2084880769252777,0.23469822108745575,0.8652728143525686,580.3531073803875,0.655388355255127,0.7168010473251343,0.9958745387164095,0.9885883825254436,0.9968655733151556,654.595703125,0.15981340408325195,0.819091796875,0.6760071516036987
qwen,coco_karpathy,final_quarter,False,6,0.8571428571428571,30,30,30,11,2.0,4096,0.001,False,1.5,1024,512,1200,0.44318628311157227,0.4396304893307388,0.4468382675448083,-0.17236328125,0.004150390625,0.002197265625,0.1787109375,0.2084880769252777,0.23469822108745575,0.8652728143525686,580.3531073803875,0.655388355255127,0.7168010473251343,0.9958745387164095,0.9885883825254436,0.9968655733151556,654.595703125,0.15981340408325195,0.819091796875,0.6760071516036987
qwen,coco_karpathy,final_quarter,False,6,0.8571428571428571,30,30,30,11,2.0,4096,0.001,True,1.1,1024,512,1200,0.6677825450897217,0.6630381574534112,0.6726705804525409,0.39453125,0.6865234375,0.0107421875,0.302734375,0.31042414903640747,0.3573583960533142,0.06230741390847172,4043.9320219421375,0.34933698177337646,0.31176865100860596,0.9949977745791889,0.764605761313936,0.9849395528208124,1889.6640625,0.46134376525878906,0.0,0.31845417618751526
qwen,coco_karpathy,final_quarter,False,6,0.8571428571428571,30,30,30,11,2.0,4096,0.001,True,1.25,1024,512,1200,0.6677825450897217,0.6630381574534112,0.6726705804525409,-0.60009765625,0.19970703125,0.000244140625,0.800048828125,0.31042414903640747,0.3573583960533142,0.06230741390847172,4043.9320219421375,0.34933698177337646,0.31176865100860596,0.9949977745791889,0.764605761313936,0.9849395528208124,1889.6640625,0.46134376525878906,0.0,0.31845417618751526
qwen,coco_karpathy,final_quarter,False,6,0.8571428571428571,30,30,30,11,2.0,4096,0.001,True,1.5,1024,512,1200,0.6677825450897217,0.6630381574534112,0.6726705804525409,-0.98779296875,0.006103515625,0.0,0.993896484375,0.31042414903640747,0.3573583960533142,0.06230741390847172,4043.9320219421375,0.34933698177337646,0.31176865100860596,0.9949977745791889,0.764605761313936,0.9849395528208124,1889.6640625,0.46134376525878906,0.0,0.31845417618751526
qwen,coco_karpathy,final_quarter,False,6,0.8571428571428571,30,30,30,11,4.0,4096,0.0003,False,1.1,1024,512,1200,0.4438718259334564,0.4403095679517719,0.44752455968991856,0.04052734375,0.106201171875,0.006591796875,0.072265625,0.20881357789039612,0.2350582629442215,0.86553321362276,579.8019401014683,0.6629350781440735,0.7256004214286804,0.9958650595070353,0.9885857976451295,0.9968393675706715,655.228515625,0.15996789932250977,0.819091796875,0.6838709115982056
qwen,coco_karpathy,final_quarter,False,6,0.8571428571428571,30,30,30,11,4.0,4096,0.0003,False,1.25,1024,512,1200,0.4438718259334564,0.4403095679517719,0.44752455968991856,-0.12451171875,0.02685546875,0.00341796875,0.15478515625,0.20881357789039612,0.2350582629442215,0.86553321362276,579.8019401014683,0.6629350781440735,0.7256004214286804,0.9958650595070353,0.9885857976451295,0.9968393675706715,655.228515625,0.15996789932250977,0.819091796875,0.6838709115982056
qwen,coco_karpathy,final_quarter,False,6,0.8571428571428571,30,30,30,11,4.0,4096,0.0003,False,1.5,1024,512,1200,0.4438718259334564,0.4403095679517719,0.44752455968991856,-0.17236328125,0.004150390625,0.002197265625,0.1787109375,0.20881357789039612,0.2350582629442215,0.86553321362276,579.8019401014683,0.6629350781440735,0.7256004214286804,0.9958650595070353,0.9885857976451295,0.9968393675706715,655.228515625,0.15996789932250977,0.819091796875,0.6838709115982056
qwen,coco_karpathy,final_quarter,False,6,0.8571428571428571,30,30,30,11,4.0,4096,0.0003,True,1.1,1024,512,1200,0.6797162890434265,0.6748241957931895,0.6847532550120377,0.3955078125,0.686279296875,0.011474609375,0.30224609375,0.3159065842628479,0.3638097047805786,0.06367210912043739,4038.9821580126577,0.3611300587654114,0.3185955286026001,0.9943946258587025,0.7640305825022029,0.9930695854353263,1900.0625,0.4638824462890625,0.0,0.32623937726020813
qwen,coco_karpathy,final_quarter,False,6,0.8571428571428571,30,30,30,11,4.0,4096,0.0003,True,1.25,1024,512,1200,0.6797162890434265,0.6748241957931895,0.6847532550120377,-0.603515625,0.19775390625,0.00048828125,0.8017578125,0.3159065842628479,0.3638097047805786,0.06367210912043739,4038.9821580126577,0.3611300587654114,0.3185955286026001,0.9943946258587025,0.7640305825022029,0.9930695854353263,1900.0625,0.4638824462890625,0.0,0.32623937726020813
qwen,coco_karpathy,final_quarter,False,6,0.8571428571428571,30,30,30,11,4.0,4096,0.0003,True,1.5,1024,512,1200,0.6797162890434265,0.6748241957931895,0.6847532550120377,-0.98828125,0.005859375,0.0,0.994140625,0.3159065842628479,0.3638097047805786,0.06367210912043739,4038.9821580126577,0.3611300587654114,0.3185955286026001,0.9943946258587025,0.7640305825022029,0.9930695854353263,1900.0625,0.4638824462890625,0.0,0.32623937726020813
qwen,coco_karpathy,final_quarter,False,6,0.8571428571428571,30,30,30,11,4.0,4096,0.001,False,1.1,1024,512,1200,0.44318628311157227,0.4396304893307388,0.4468382675448083,0.041015625,0.106689453125,0.00634765625,0.072021484375,0.2084880769252777,0.23469822108745575,0.8652728143525686,580.3531073803875,0.655388355255127,0.7168010473251343,0.9958745387164095,0.9885883825254436,0.9968655733151556,654.595703125,0.15981340408325195,0.819091796875,0.6760071516036987
qwen,coco_karpathy,final_quarter,False,6,0.8571428571428571,30,30,30,11,4.0,4096,0.001,False,1.25,1024,512,1200,0.44318628311157227,0.4396304893307388,0.4468382675448083,-0.12353515625,0.02734375,0.00341796875,0.154296875,0.2084880769252777,0.23469822108745575,0.8652728143525686,580.3531073803875,0.655388355255127,0.7168010473251343,0.9958745387164095,0.9885883825254436,0.9968655733151556,654.595703125,0.15981340408325195,0.819091796875,0.6760071516036987
qwen,coco_karpathy,final_quarter,False,6,0.8571428571428571,30,30,30,11,4.0,4096,0.001,False,1.5,1024,512,1200,0.44318628311157227,0.4396304893307388,0.4468382675448083,-0.17236328125,0.004150390625,0.002197265625,0.1787109375,0.2084880769252777,0.23469822108745575,0.8652728143525686,580.3531073803875,0.655388355255127,0.7168010473251343,0.9958745387164095,0.9885883825254436,0.9968655733151556,654.595703125,0.15981340408325195,0.819091796875,0.6760071516036987
qwen,coco_karpathy,final_quarter,False,6,0.8571428571428571,30,30,30,11,4.0,4096,0.001,True,1.1,1024,512,1200,0.6677825450897217,0.6630381574534112,0.6726705804525409,0.39453125,0.6865234375,0.0107421875,0.302734375,0.31042414903640747,0.3573583960533142,0.06230741390847172,4043.9320219421375,0.34933698177337646,0.31176865100860596,0.9949977745791889,0.764605761313936,0.9849395528208124,1889.6640625,0.46134376525878906,0.0,0.31845417618751526
qwen,coco_karpathy,final_quarter,False,6,0.8571428571428571,30,30,30,11,4.0,4096,0.001,True,1.25,1024,512,1200,0.6677825450897217,0.6630381574534112,0.6726705804525409,-0.60009765625,0.19970703125,0.000244140625,0.800048828125,0.31042414903640747,0.3573583960533142,0.06230741390847172,4043.9320219421375,0.34933698177337646,0.31176865100860596,0.9949977745791889,0.764605761313936,0.9849395528208124,1889.6640625,0.46134376525878906,0.0,0.31845417618751526
qwen,coco_karpathy,final_quarter,False,6,0.8571428571428571,30,30,30,11,4.0,4096,0.001,True,1.5,1024,512,1200,0.6677825450897217,0.6630381574534112,0.6726705804525409,-0.98779296875,0.006103515625,0.0,0.993896484375,0.31042414903640747,0.3573583960533142,0.06230741390847172,4043.9320219421375,0.34933698177337646,0.31176865100860596,0.9949977745791889,0.764605761313936,0.9849395528208124,1889.6640625,0.46134376525878906,0.0,0.31845417618751526
qwen,coco_karpathy,final_quarter,False,6,0.8571428571428571,30,30,30,23,2.0,4096,0.0003,False,1.1,1024,512,1200,0.4424741566181183,0.43817472702939997,0.44655028841661987,0.03173828125,0.096923828125,0.00634765625,0.071533203125,0.20874884724617004,0.23372530937194824,0.8683723924414712,575.4542281748751,0.646561861038208,0.7668542861938477,0.9956720794064203,0.9884025941028028,0.9967180615241767,627.84765625,0.15328311920166016,0.82763671875,0.6688856482505798
qwen,coco_karpathy,final_quarter,False,6,0.8571428571428571,30,30,30,23,2.0,4096,0.0003,False,1.25,1024,512,1200,0.4424741566181183,0.43817472702939997,0.44655028841661987,-0.125,0.022705078125,0.002197265625,0.14990234375,0.20874884724617004,0.23372530937194824,0.8683723924414712,575.4542281748751,0.646561861038208,0.7668542861938477,0.9956720794064203,0.9884025941028028,0.9967180615241767,627.84765625,0.15328311920166016,0.82763671875,0.6688856482505798
qwen,coco_karpathy,final_quarter,False,6,0.8571428571428571,30,30,30,23,2.0,4096,0.0003,False,1.5,1024,512,1200,0.4424741566181183,0.43817472702939997,0.44655028841661987,-0.16552734375,0.00244140625,0.002197265625,0.170166015625,0.20874884724617004,0.23372530937194824,0.8683723924414712,575.4542281748751,0.646561861038208,0.7668542861938477,0.9956720794064203,0.9884025941028028,0.9967180615241767,627.84765625,0.15328311920166016,0.82763671875,0.6688856482505798
qwen,coco_karpathy,final_quarter,False,6,0.8571428571428571,30,30,30,23,2.0,4096,0.0003,True,1.1,1024,512,1200,0.6825213432312012,0.6764440983854001,0.6880842593382113,0.376953125,0.679443359375,0.009033203125,0.3115234375,0.3174353241920471,0.3650861382484436,0.06327694867794309,4043.0004682835374,0.36284127831459045,0.3213673233985901,0.9958599579724898,0.7654680777364926,0.9939908488804412,1899.142578125,0.46365785598754883,0.0,0.3249228596687317
qwen,coco_karpathy,final_quarter,False,6,0.8571428571428571,30,30,30,23,2.0,4096,0.0003,True,1.25,1024,512,1200,0.6825213432312012,0.6764440983854001,0.6880842593382113,-0.599609375,0.19921875,0.0009765625,0.7998046875,0.3174353241920471,0.3650861382484436,0.06327694867794309,4043.0004682835374,0.36284127831459045,0.3213673233985901,0.9958599579724898,0.7654680777364926,0.9939908488804412,1899.142578125,0.46365785598754883,0.0,0.3249228596687317
qwen,coco_karpathy,final_quarter,False,6,0.8571428571428571,30,30,30,23,2.0,4096,0.0003,True,1.5,1024,512,1200,0.6825213432312012,0.6764440983854001,0.6880842593382113,-0.9912109375,0.00439453125,0.0,0.99560546875,0.3174353241920471,0.3650861382484436,0.06327694867794309,4043.0004682835374,0.36284127831459045,0.3213673233985901,0.9958599579724898,0.7654680777364926,0.9939908488804412,1899.142578125,0.46365785598754883,0.0,0.3249228596687317
qwen,coco_karpathy,final_quarter,False,6,0.8571428571428571,30,30,30,23,2.0,4096,0.001,False,1.1,1024,512,1200,0.44153302907943726,0.43727154157386394,0.4455617329746019,0.0322265625,0.095947265625,0.007568359375,0.0712890625,0.20827879011631012,0.23325422406196594,0.8677743404560901,576.5273414438103,0.6378422379493713,0.7514444589614868,0.9956843801584343,0.9884113956622927,0.9966879857840923,627.556640625,0.1532120704650879,0.82763671875,0.6595661640167236
qwen,coco_karpathy,final_quarter,False,6,0.8571428571428571,30,30,30,23,2.0,4096,0.001,False,1.25,1024,512,1200,0.44153302907943726,0.43727154157386394,0.4455617329746019,-0.1240234375,0.023193359375,0.002197265625,0.1494140625,0.20827879011631012,0.23325422406196594,0.8677743404560901,576.5273414438103,0.6378422379493713,0.7514444589614868,0.9956843801584343,0.9884113956622927,0.9966879857840923,627.556640625,0.1532120704650879,0.82763671875,0.6595661640167236
qwen,coco_karpathy,final_quarter,False,6,0.8571428571428571,30,30,30,23,2.0,4096,0.001,False,1.5,1024,512,1200,0.44153302907943726,0.43727154157386394,0.4455617329746019,-0.16552734375,0.00244140625,0.002197265625,0.170166015625,0.20827879011631012,0.23325422406196594,0.8677743404560901,576.5273414438103,0.6378422379493713,0.7514444589614868,0.9956843801584343,0.9884113956622927,0.9966879857840923,627.556640625,0.1532120704650879,0.82763671875,0.6595661640167236
qwen,coco_karpathy,final_quarter,False,6,0.8571428571428571,30,30,30,23,2.0,4096,0.001,True,1.1,1024,512,1200,0.6716976761817932,0.6657884823958738,0.6772878235686222,0.38232421875,0.682373046875,0.0087890625,0.308837890625,0.3122003674507141,0.3594972789287567,0.0630573226383092,4043.7435689613985,0.35415229201316833,0.3170662820339203,0.9954322351128639,0.7649387634086323,0.996551611731936,1892.208984375,0.46196508407592773,0.0,0.3188200891017914
qwen,coco_karpathy,final_quarter,False,6,0.8571428571428571,30,30,30,23,2.0,4096,0.001,True,1.25,1024,512,1200,0.6716976761817932,0.6657884823958738,0.6772878235686222,-0.59521484375,0.2021484375,0.000244140625,0.797607421875,0.3122003674507141,0.3594972789287567,0.0630573226383092,4043.7435689613985,0.35415229201316833,0.3170662820339203,0.9954322351128639,0.7649387634086323,0.996551611731936,1892.208984375,0.46196508407592773,0.0,0.3188200891017914
qwen,coco_karpathy,final_quarter,False,6,0.8571428571428571,30,30,30,23,2.0,4096,0.001,True,1.5,1024,512,1200,0.6716976761817932,0.6657884823958738,0.6772878235686222,-0.99072265625,0.004638671875,0.0,0.995361328125,0.3122003674507141,0.3594972789287567,0.0630573226383092,4043.7435689613985,0.35415229201316833,0.3170662820339203,0.9954322351128639,0.7649387634086323,0.996551611731936,1892.208984375,0.46196508407592773,0.0,0.3188200891017914
qwen,coco_karpathy,final_quarter,False,6,0.8571428571428571,30,30,30,23,4.0,4096,0.0003,False,1.1,1024,512,1200,0.4424741566181183,0.43817472702939997,0.44655028841661987,0.03173828125,0.096923828125,0.00634765625,0.071533203125,0.20874884724617004,0.23372530937194824,0.8683723924414712,575.4542281748751,0.646561861038208,0.7668542861938477,0.9956720794064203,0.9884025941028028,0.9967180615241767,627.84765625,0.15328311920166016,0.82763671875,0.6688856482505798
qwen,coco_karpathy,final_quarter,False,6,0.8571428571428571,30,30,30,23,4.0,4096,0.0003,False,1.25,1024,512,1200,0.4424741566181183,0.43817472702939997,0.44655028841661987,-0.125,0.022705078125,0.002197265625,0.14990234375,0.20874884724617004,0.23372530937194824,0.8683723924414712,575.4542281748751,0.646561861038208,0.7668542861938477,0.9956720794064203,0.9884025941028028,0.9967180615241767,627.84765625,0.15328311920166016,0.82763671875,0.6688856482505798
qwen,coco_karpathy,final_quarter,False,6,0.8571428571428571,30,30,30,23,4.0,4096,0.0003,False,1.5,1024,512,1200,0.4424741566181183,0.43817472702939997,0.44655028841661987,-0.16552734375,0.00244140625,0.002197265625,0.170166015625,0.20874884724617004,0.23372530937194824,0.8683723924414712,575.4542281748751,0.646561861038208,0.7668542861938477,0.9956720794064203,0.9884025941028028,0.9967180615241767,627.84765625,0.15328311920166016,0.82763671875,0.6688856482505798
qwen,coco_karpathy,final_quarter,False,6,0.8571428571428571,30,30,30,23,4.0,4096,0.0003,True,1.1,1024,512,1200,0.6825213432312012,0.6764440983854001,0.6880842593382113,0.376953125,0.679443359375,0.009033203125,0.3115234375,0.3174353241920471,0.3650861382484436,0.06327694867794309,4043.0004682835374,0.36284127831459045,0.3213673233985901,0.9958599579724898,0.7654680777364926,0.9939908488804412,1899.142578125,0.46365785598754883,0.0,0.3249228596687317
qwen,coco_karpathy,final_quarter,False,6,0.8571428571428571,30,30,30,23,4.0,4096,0.0003,True,1.25,1024,512,1200,0.6825213432312012,0.6764440983854001,0.6880842593382113,-0.599609375,0.19921875,0.0009765625,0.7998046875,0.3174353241920471,0.3650861382484436,0.06327694867794309,4043.0004682835374,0.36284127831459045,0.3213673233985901,0.9958599579724898,0.7654680777364926,0.9939908488804412,1899.142578125,0.46365785598754883,0.0,0.3249228596687317
qwen,coco_karpathy,final_quarter,False,6,0.8571428571428571,30,30,30,23,4.0,4096,0.0003,True,1.5,1024,512,1200,0.6825213432312012,0.6764440983854001,0.6880842593382113,-0.9912109375,0.00439453125,0.0,0.99560546875,0.3174353241920471,0.3650861382484436,0.06327694867794309,4043.0004682835374,0.36284127831459045,0.3213673233985901,0.9958599579724898,0.7654680777364926,0.9939908488804412,1899.142578125,0.46365785598754883,0.0,0.3249228596687317
qwen,coco_karpathy,final_quarter,False,6,0.8571428571428571,30,30,30,23,4.0,4096,0.001,False,1.1,1024,512,1200,0.44153302907943726,0.43727154157386394,0.4455617329746019,0.0322265625,0.095947265625,0.007568359375,0.0712890625,0.20827879011631012,0.23325422406196594,0.8677743404560901,576.5273414438103,0.6378422379493713,0.7514444589614868,0.9956843801584343,0.9884113956622927,0.9966879857840923,627.556640625,0.1532120704650879,0.82763671875,0.6595661640167236
qwen,coco_karpathy,final_quarter,False,6,0.8571428571428571,30,30,30,23,4.0,4096,0.001,False,1.25,1024,512,1200,0.44153302907943726,0.43727154157386394,0.4455617329746019,-0.1240234375,0.023193359375,0.002197265625,0.1494140625,0.20827879011631012,0.23325422406196594,0.8677743404560901,576.5273414438103,0.6378422379493713,0.7514444589614868,0.9956843801584343,0.9884113956622927,0.9966879857840923,627.556640625,0.1532120704650879,0.82763671875,0.6595661640167236
qwen,coco_karpathy,final_quarter,False,6,0.8571428571428571,30,30,30,23,4.0,4096,0.001,False,1.5,1024,512,1200,0.44153302907943726,0.43727154157386394,0.4455617329746019,-0.16552734375,0.00244140625,0.002197265625,0.170166015625,0.20827879011631012,0.23325422406196594,0.8677743404560901,576.5273414438103,0.6378422379493713,0.7514444589614868,0.9956843801584343,0.9884113956622927,0.9966879857840923,627.556640625,0.1532120704650879,0.82763671875,0.6595661640167236
qwen,coco_karpathy,final_quarter,False,6,0.8571428571428571,30,30,30,23,4.0,4096,0.001,True,1.1,1024,512,1200,0.6716976761817932,0.6657884823958738,0.6772878235686222,0.38232421875,0.682373046875,0.0087890625,0.308837890625,0.3122003674507141,0.3594972789287567,0.0630573226383092,4043.7435689613985,0.35415229201316833,0.3170662820339203,0.9954322351128639,0.7649387634086323,0.996551611731936,1892.208984375,0.46196508407592773,0.0,0.3188200891017914
qwen,coco_karpathy,final_quarter,False,6,0.8571428571428571,30,30,30,23,4.0,4096,0.001,True,1.25,1024,512,1200,0.6716976761817932,0.6657884823958738,0.6772878235686222,-0.59521484375,0.2021484375,0.000244140625,0.797607421875,0.3122003674507141,0.3594972789287567,0.0630573226383092,4043.7435689613985,0.35415229201316833,0.3170662820339203,0.9954322351128639,0.7649387634086323,0.996551611731936,1892.208984375,0.46196508407592773,0.0,0.3188200891017914
qwen,coco_karpathy,final_quarter,False,6,0.8571428571428571,30,30,30,23,4.0,4096,0.001,True,1.5,1024,512,1200,0.6716976761817932,0.6657884823958738,0.6772878235686222,-0.99072265625,0.004638671875,0.0,0.995361328125,0.3122003674507141,0.3594972789287567,0.0630573226383092,4043.7435689613985,0.35415229201316833,0.3170662820339203,0.9954322351128639,0.7649387634086323,0.996551611731936,1892.208984375,0.46196508407592773,0.0,0.3188200891017914
qwen,coco_karpathy,final_quarter,False,6,0.8571428571428571,30,30,30,37,2.0,4096,0.0003,False,1.1,1024,512,1200,0.44645702838897705,0.44235962973034476,0.4507045236605336,0.027587890625,0.098876953125,0.006103515625,0.077392578125,0.21139675378799438,0.23506027460098267,0.8641607265676268,591.9881885673423,0.6704734563827515,0.7389618158340454,0.995843251695566,0.9885381028214637,0.9968078526819045,661.10546875,0.16140270233154297,0.822265625,0.6900851130485535
qwen,coco_karpathy,final_quarter,False,6,0.8571428571428571,30,30,30,37,2.0,4096,0.0003,False,1.25,1024,512,1200,0.44645702838897705,0.44235962973034476,0.4507045236605336,-0.128173828125,0.0244140625,0.002685546875,0.1552734375,0.21139675378799438,0.23506027460098267,0.8641607265676268,591.9881885673423,0.6704734563827515,0.7389618158340454,0.995843251695566,0.9885381028214637,0.9968078526819045,661.10546875,0.16140270233154297,0.822265625,0.6900851130485535
qwen,coco_karpathy,final_quarter,False,6,0.8571428571428571,30,30,30,37,2.0,4096,0.0003,False,1.5,1024,512,1200,0.44645702838897705,0.44235962973034476,0.4507045236605336,-0.171142578125,0.003662109375,0.001953125,0.1767578125,0.21139675378799438,0.23506027460098267,0.8641607265676268,591.9881885673423,0.6704734563827515,0.7389618158340454,0.995843251695566,0.9885381028214637,0.9968078526819045,661.10546875,0.16140270233154297,0.822265625,0.6900851130485535
qwen,coco_karpathy,final_quarter,False,6,0.8571428571428571,30,30,30,37,2.0,4096,0.0003,True,1.1,1024,512,1200,0.6840435862541199,0.6785577131027821,0.6898167044913862,0.376953125,0.67919921875,0.00927734375,0.3115234375,0.3181168735027313,0.36592668294906616,0.06487593198938348,4039.310345305434,0.3608359098434448,0.3251696228981018,0.9950691923408559,0.7657388487075356,0.9999779194521844,1900.22265625,0.46392154693603516,0.0,0.32579243183135986
qwen,coco_karpathy,final_quarter,False,6,0.8571428571428571,30,30,30,37,2.0,4096,0.0003,True,1.25,1024,512,1200,0.6840435862541199,0.6785577131027821,0.6898167044913862,-0.60498046875,0.197509765625,0.0,0.802490234375,0.3181168735027313,0.36592668294906616,0.06487593198938348,4039.310345305434,0.3608359098434448,0.3251696228981018,0.9950691923408559,0.7657388487075356,0.9999779194521844,1900.22265625,0.46392154693603516,0.0,0.32579243183135986
qwen,coco_karpathy,final_quarter,False,6,0.8571428571428571,30,30,30,37,2.0,4096,0.0003,True,1.5,1024,512,1200,0.6840435862541199,0.6785577131027821,0.6898167044913862,-0.99072265625,0.004638671875,0.0,0.995361328125,0.3181168735027313,0.36592668294906616,0.06487593198938348,4039.310345305434,0.3608359098434448,0.3251696228981018,0.9950691923408559,0.7657388487075356,0.9999779194521844,1900.22265625,0.46392154693603516,0.0,0.32579243183135986
qwen,coco_karpathy,final_quarter,False,6,0.8571428571428571,30,30,30,37,2.0,4096,0.001,False,1.1,1024,512,1200,0.4457721710205078,0.44167788073100384,0.4500091408845037,0.027099609375,0.0986328125,0.006103515625,0.07763671875,0.21105995774269104,0.23471218347549438,0.8636897603395148,592.9090368550874,0.6642053127288818,0.7338954210281372,0.9958625377270979,0.9885509443820016,0.9967598378799438,660.9921875,0.1613750457763672,0.822265625,0.6827912330627441
qwen,coco_karpathy,final_quarter,False,6,0.8571428571428571,30,30,30,37,2.0,4096,0.001,False,1.25,1024,512,1200,0.4457721710205078,0.44167788073100384,0.4500091408845037,-0.129638671875,0.023681640625,0.002685546875,0.156005859375,0.21105995774269104,0.23471218347549438,0.8636897603395148,592.9090368550874,0.6642053127288818,0.7338954210281372,0.9958625377270979,0.9885509443820016,0.9967598378799438,660.9921875,0.1613750457763672,0.822265625,0.6827912330627441
qwen,coco_karpathy,final_quarter,False,6,0.8571428571428571,30,30,30,37,2.0,4096,0.001,False,1.5,1024,512,1200,0.4457721710205078,0.44167788073100384,0.4500091408845037,-0.171630859375,0.00341796875,0.001953125,0.177001953125,0.21105995774269104,0.23471218347549438,0.8636897603395148,592.9090368550874,0.6642053127288818,0.7338954210281372,0.9958625377270979,0.9885509443820016,0.9967598378799438,660.9921875,0.1613750457763672,0.822265625,0.6827912330627441
qwen,coco_karpathy,final_quarter,False,6,0.8571428571428571,30,30,30,37,2.0,4096,0.001,True,1.1,1024,512,1200,0.6744048595428467,0.6688060058106202,0.6798485903666005,0.3798828125,0.678955078125,0.010986328125,0.31005859375,0.3134895861148834,0.36091527342796326,0.06477618732970886,4039.2548282598846,0.3541429936885834,0.32115790247917175,0.9961394461822519,0.7663920131732894,0.9982160686444198,1890.96875,0.46166229248046875,0.0,0.3193672299385071
qwen,coco_karpathy,final_quarter,False,6,0.8571428571428571,30,30,30,37,2.0,4096,0.001,True,1.25,1024,512,1200,0.6744048595428467,0.6688060058106202,0.6798485903666005,-0.6025390625,0.1982421875,0.00048828125,0.80126953125,0.3134895861148834,0.36091527342796326,0.06477618732970886,4039.2548282598846,0.3541429936885834,0.32115790247917175,0.9961394461822519,0.7663920131732894,0.9982160686444198,1890.96875,0.46166229248046875,0.0,0.3193672299385071
qwen,coco_karpathy,final_quarter,False,6,0.8571428571428571,30,30,30,37,2.0,4096,0.001,True,1.5,1024,512,1200,0.6744048595428467,0.6688060058106202,0.6798485903666005,-0.9892578125,0.00537109375,0.0,0.99462890625,0.3134895861148834,0.36091527342796326,0.06477618732970886,4039.2548282598846,0.3541429936885834,0.32115790247917175,0.9961394461822519,0.7663920131732894,0.9982160686444198,1890.96875,0.46166229248046875,0.0,0.3193672299385071
qwen,coco_karpathy,final_quarter,False,6,0.8571428571428571,30,30,30,37,4.0,4096,0.0003,False,1.1,1024,512,1200,0.44645702838897705,0.44235962973034476,0.4507045236605336,0.027587890625,0.098876953125,0.006103515625,0.077392578125,0.21139675378799438,0.23506027460098267,0.8641607265676268,591.9881885673423,0.6704734563827515,0.7389618158340454,0.995843251695566,0.9885381028214637,0.9968078526819045,661.10546875,0.16140270233154297,0.822265625,0.6900851130485535
qwen,coco_karpathy,final_quarter,False,6,0.8571428571428571,30,30,30,37,4.0,4096,0.0003,False,1.25,1024,512,1200,0.44645702838897705,0.44235962973034476,0.4507045236605336,-0.128173828125,0.0244140625,0.002685546875,0.1552734375,0.21139675378799438,0.23506027460098267,0.8641607265676268,591.9881885673423,0.6704734563827515,0.7389618158340454,0.995843251695566,0.9885381028214637,0.9968078526819045,661.10546875,0.16140270233154297,0.822265625,0.6900851130485535
qwen,coco_karpathy,final_quarter,False,6,0.8571428571428571,30,30,30,37,4.0,4096,0.0003,False,1.5,1024,512,1200,0.44645702838897705,0.44235962973034476,0.4507045236605336,-0.171142578125,0.003662109375,0.001953125,0.1767578125,0.21139675378799438,0.23506027460098267,0.8641607265676268,591.9881885673423,0.6704734563827515,0.7389618158340454,0.995843251695566,0.9885381028214637,0.9968078526819045,661.10546875,0.16140270233154297,0.822265625,0.6900851130485535
qwen,coco_karpathy,final_quarter,False,6,0.8571428571428571,30,30,30,37,4.0,4096,0.0003,True,1.1,1024,512,1200,0.6840435862541199,0.6785577131027821,0.6898167044913862,0.376953125,0.67919921875,0.00927734375,0.3115234375,0.3181168735027313,0.36592668294906616,0.06487593198938348,4039.310345305434,0.3608359098434448,0.3251696228981018,0.9950691923408559,0.7657388487075356,0.9999779194521844,1900.22265625,0.46392154693603516,0.0,0.32579243183135986
qwen,coco_karpathy,final_quarter,False,6,0.8571428571428571,30,30,30,37,4.0,4096,0.0003,True,1.25,1024,512,1200,0.6840435862541199,0.6785577131027821,0.6898167044913862,-0.60498046875,0.197509765625,0.0,0.802490234375,0.3181168735027313,0.36592668294906616,0.06487593198938348,4039.310345305434,0.3608359098434448,0.3251696228981018,0.9950691923408559,0.7657388487075356,0.9999779194521844,1900.22265625,0.46392154693603516,0.0,0.32579243183135986
qwen,coco_karpathy,final_quarter,False,6,0.8571428571428571,30,30,30,37,4.0,4096,0.0003,True,1.5,1024,512,1200,0.6840435862541199,0.6785577131027821,0.6898167044913862,-0.99072265625,0.004638671875,0.0,0.995361328125,0.3181168735027313,0.36592668294906616,0.06487593198938348,4039.310345305434,0.3608359098434448,0.3251696228981018,0.9950691923408559,0.7657388487075356,0.9999779194521844,1900.22265625,0.46392154693603516,0.0,0.32579243183135986
qwen,coco_karpathy,final_quarter,False,6,0.8571428571428571,30,30,30,37,4.0,4096,0.001,False,1.1,1024,512,1200,0.4457721710205078,0.44167788073100384,0.4500091408845037,0.027099609375,0.0986328125,0.006103515625,0.07763671875,0.21105995774269104,0.23471218347549438,0.8636897603395148,592.9090368550874,0.6642053127288818,0.7338954210281372,0.9958625377270979,0.9885509443820016,0.9967598378799438,660.9921875,0.1613750457763672,0.822265625,0.6827912330627441
qwen,coco_karpathy,final_quarter,False,6,0.8571428571428571,30,30,30,37,4.0,4096,0.001,False,1.25,1024,512,1200,0.4457721710205078,0.44167788073100384,0.4500091408845037,-0.129638671875,0.023681640625,0.002685546875,0.156005859375,0.21105995774269104,0.23471218347549438,0.8636897603395148,592.9090368550874,0.6642053127288818,0.7338954210281372,0.9958625377270979,0.9885509443820016,0.9967598378799438,660.9921875,0.1613750457763672,0.822265625,0.6827912330627441
qwen,coco_karpathy,final_quarter,False,6,0.8571428571428571,30,30,30,37,4.0,4096,0.001,False,1.5,1024,512,1200,0.4457721710205078,0.44167788073100384,0.4500091408845037,-0.171630859375,0.00341796875,0.001953125,0.177001953125,0.21105995774269104,0.23471218347549438,0.8636897603395148,592.9090368550874,0.6642053127288818,0.7338954210281372,0.9958625377270979,0.9885509443820016,0.9967598378799438,660.9921875,0.1613750457763672,0.822265625,0.6827912330627441
qwen,coco_karpathy,final_quarter,False,6,0.8571428571428571,30,30,30,37,4.0,4096,0.001,True,1.1,1024,512,1200,0.6744048595428467,0.6688060058106202,0.6798485903666005,0.3798828125,0.678955078125,0.010986328125,0.31005859375,0.3134895861148834,0.36091527342796326,0.06477618732970886,4039.2548282598846,0.3541429936885834,0.32115790247917175,0.9961394461822519,0.7663920131732894,0.9982160686444198,1890.96875,0.46166229248046875,0.0,0.3193672299385071
qwen,coco_karpathy,final_quarter,False,6,0.8571428571428571,30,30,30,37,4.0,4096,0.001,True,1.25,1024,512,1200,0.6744048595428467,0.6688060058106202,0.6798485903666005,-0.6025390625,0.1982421875,0.00048828125,0.80126953125,0.3134895861148834,0.36091527342796326,0.06477618732970886,4039.2548282598846,0.3541429936885834,0.32115790247917175,0.9961394461822519,0.7663920131732894,0.9982160686444198,1890.96875,0.46166229248046875,0.0,0.3193672299385071
qwen,coco_karpathy,final_quarter,False,6,0.8571428571428571,30,30,30,37,4.0,4096,0.001,True,1.5,1024,512,1200,0.6744048595428467,0.6688060058106202,0.6798485903666005,-0.9892578125,0.00537109375,0.0,0.99462890625,0.3134895861148834,0.36091527342796326,0.06477618732970886,4039.2548282598846,0.3541429936885834,0.32115790247917175,0.9961394461822519,0.7663920131732894,0.9982160686444198,1890.96875,0.46166229248046875,0.0,0.3193672299385071
qwen,coco_karpathy,final_quarter,False,7,1.0,35,35,35,11,2.0,4096,0.0003,False,1.1,1024,512,1200,0.3278598189353943,0.3242571998904168,0.3314163521346927,0.095947265625,0.10205078125,0.000732421875,0.0068359375,0.1240609884262085,0.2037988007068634,0.9162588430634059,367.70408496677203,0.34124985337257385,0.5520062446594238,0.9894475865086328,0.9793461353475396,0.9943833176316966,368.787109375,0.09003591537475586,0.891845703125,0.4102049469947815
qwen,coco_karpathy,final_quarter,False,7,1.0,35,35,35,11,2.0,4096,0.0003,False,1.25,1024,512,1200,0.3278598189353943,0.3242571998904168,0.3314163521346927,0.092041015625,0.100341796875,0.00048828125,0.0087890625,0.1240609884262085,0.2037988007068634,0.9162588430634059,367.70408496677203,0.34124985337257385,0.5520062446594238,0.9894475865086328,0.9793461353475396,0.9943833176316966,368.787109375,0.09003591537475586,0.891845703125,0.4102049469947815
qwen,coco_karpathy,final_quarter,False,7,1.0,35,35,35,11,2.0,4096,0.0003,False,1.5,1024,512,1200,0.3278598189353943,0.3242571998904168,0.3314163521346927,0.049072265625,0.078857421875,0.00048828125,0.0302734375,0.1240609884262085,0.2037988007068634,0.9162588430634059,367.70408496677203,0.34124985337257385,0.5520062446594238,0.9894475865086328,0.9793461353475396,0.9943833176316966,368.787109375,0.09003591537475586,0.891845703125,0.4102049469947815
qwen,coco_karpathy,final_quarter,False,7,1.0,35,35,35,11,2.0,4096,0.0003,True,1.1,1024,512,1200,0.5925564169883728,0.5872462923070998,0.5982051641069119,0.99951171875,0.999755859375,0.0,0.000244140625,0.22327202558517456,0.36928439140319824,0.07117802104177175,4020.447712557126,0.33607688546180725,0.31643858551979065,0.9955727099591698,0.8152118133367537,0.9971294910823232,1878.798828125,0.4586911201477051,0.0,0.31435418128967285
qwen,coco_karpathy,final_quarter,False,7,1.0,35,35,35,11,2.0,4096,0.0003,True,1.25,1024,512,1200,0.5925564169883728,0.5872462923070998,0.5982051641069119,0.98291015625,0.991455078125,0.0,0.008544921875,0.22327202558517456,0.36928439140319824,0.07117802104177175,4020.447712557126,0.33607688546180725,0.31643858551979065,0.9955727099591698,0.8152118133367537,0.9971294910823232,1878.798828125,0.4586911201477051,0.0,0.31435418128967285
qwen,coco_karpathy,final_quarter,False,7,1.0,35,35,35,11,2.0,4096,0.0003,True,1.5,1024,512,1200,0.5925564169883728,0.5872462923070998,0.5982051641069119,0.6123046875,0.80615234375,0.0,0.19384765625,0.22327202558517456,0.36928439140319824,0.07117802104177175,4020.447712557126,0.33607688546180725,0.31643858551979065,0.9955727099591698,0.8152118133367537,0.9971294910823232,1878.798828125,0.4586911201477051,0.0,0.31435418128967285
qwen,coco_karpathy,final_quarter,False,7,1.0,35,35,35,11,2.0,4096,0.001,False,1.1,1024,512,1200,0.3271857500076294,0.32359401553330824,0.33073109245306115,0.095458984375,0.101806640625,0.000732421875,0.007080078125,0.12379316985607147,0.20339259505271912,0.9163301402186719,367.62738312030444,0.3378320038318634,0.5488038659095764,0.9895690816586418,0.9794923240796694,0.9941378789085473,368.09765625,0.08986759185791016,0.891845703125,0.4053303003311157
qwen,coco_karpathy,final_quarter,False,7,1.0,35,35,35,11,2.0,4096,0.001,False,1.25,1024,512,1200,0.3271857500076294,0.32359401553330824,0.33073109245306115,0.092041015625,0.100341796875,0.00048828125,0.0087890625,0.12379316985607147,0.20339259505271912,0.9163301402186719,367.62738312030444,0.3378320038318634,0.5488038659095764,0.9895690816586418,0.9794923240796694,0.9941378789085473,368.09765625,0.08986759185791016,0.891845703125,0.4053303003311157
qwen,coco_karpathy,final_quarter,False,7,1.0,35,35,35,11,2.0,4096,0.001,False,1.5,1024,512,1200,0.3271857500076294,0.32359401553330824,0.33073109245306115,0.049072265625,0.078857421875,0.00048828125,0.0302734375,0.12379316985607147,0.20339259505271912,0.9163301402186719,367.62738312030444,0.3378320038318634,0.5488038659095764,0.9895690816586418,0.9794923240796694,0.9941378789085473,368.09765625,0.08986759185791016,0.891845703125,0.4053303003311157
qwen,coco_karpathy,final_quarter,False,7,1.0,35,35,35,11,2.0,4096,0.001,True,1.1,1024,512,1200,0.5824798345565796,0.5771755066365586,0.58800309002836,0.99951171875,0.999755859375,0.0,0.000244140625,0.2197628617286682,0.3627169728279114,0.07055488183647143,4024.6008819422113,0.33132851123809814,0.31209856271743774,0.9940383535649885,0.8139548021566566,0.997294499231712,1872.224609375,0.45708608627319336,0.0,0.30805283784866333
qwen,coco_karpathy,final_quarter,False,7,1.0,35,35,35,11,2.0,4096,0.001,True,1.25,1024,512,1200,0.5824798345565796,0.5771755066365586,0.58800309002836,0.984375,0.9921875,0.0,0.0078125,0.2197628617286682,0.3627169728279114,0.07055488183647143,4024.6008819422113,0.33132851123809814,0.31209856271743774,0.9940383535649885,0.8139548021566566,0.997294499231712,1872.224609375,0.45708608627319336,0.0,0.30805283784866333
qwen,coco_karpathy,final_quarter,False,7,1.0,35,35,35,11,2.0,4096,0.001,True,1.5,1024,512,1200,0.5824798345565796,0.5771755066365586,0.58800309002836,0.599609375,0.7998046875,0.0,0.2001953125,0.2197628617286682,0.3627169728279114,0.07055488183647143,4024.6008819422113,0.33132851123809814,0.31209856271743774,0.9940383535649885,0.8139548021566566,0.997294499231712,1872.224609375,0.45708608627319336,0.0,0.30805283784866333
qwen,coco_karpathy,final_quarter,False,7,1.0,35,35,35,11,4.0,4096,0.0003,False,1.1,1024,512,1200,0.3278598189353943,0.3242571998904168,0.3314163521346927,0.095947265625,0.10205078125,0.000732421875,0.0068359375,0.1240609884262085,0.2037988007068634,0.9162588430634059,367.70408496677203,0.34124985337257385,0.5520062446594238,0.9894475865086328,0.9793461353475396,0.9943833176316966,368.787109375,0.09003591537475586,0.891845703125,0.4102049469947815
qwen,coco_karpathy,final_quarter,False,7,1.0,35,35,35,11,4.0,4096,0.0003,False,1.25,1024,512,1200,0.3278598189353943,0.3242571998904168,0.3314163521346927,0.092041015625,0.100341796875,0.00048828125,0.0087890625,0.1240609884262085,0.2037988007068634,0.9162588430634059,367.70408496677203,0.34124985337257385,0.5520062446594238,0.9894475865086328,0.9793461353475396,0.9943833176316966,368.787109375,0.09003591537475586,0.891845703125,0.4102049469947815
qwen,coco_karpathy,final_quarter,False,7,1.0,35,35,35,11,4.0,4096,0.0003,False,1.5,1024,512,1200,0.3278598189353943,0.3242571998904168,0.3314163521346927,0.049072265625,0.078857421875,0.00048828125,0.0302734375,0.1240609884262085,0.2037988007068634,0.9162588430634059,367.70408496677203,0.34124985337257385,0.5520062446594238,0.9894475865086328,0.9793461353475396,0.9943833176316966,368.787109375,0.09003591537475586,0.891845703125,0.4102049469947815
qwen,coco_karpathy,final_quarter,False,7,1.0,35,35,35,11,4.0,4096,0.0003,True,1.1,1024,512,1200,0.5925564169883728,0.5872462923070998,0.5982051641069119,0.99951171875,0.999755859375,0.0,0.000244140625,0.22327202558517456,0.36928439140319824,0.07117802104177175,4020.447712557126,0.33607688546180725,0.31643858551979065,0.9955727099591698,0.8152118133367537,0.9971294910823232,1878.798828125,0.4586911201477051,0.0,0.31435418128967285
qwen,coco_karpathy,final_quarter,False,7,1.0,35,35,35,11,4.0,4096,0.0003,True,1.25,1024,512,1200,0.5925564169883728,0.5872462923070998,0.5982051641069119,0.98291015625,0.991455078125,0.0,0.008544921875,0.22327202558517456,0.36928439140319824,0.07117802104177175,4020.447712557126,0.33607688546180725,0.31643858551979065,0.9955727099591698,0.8152118133367537,0.9971294910823232,1878.798828125,0.4586911201477051,0.0,0.31435418128967285
qwen,coco_karpathy,final_quarter,False,7,1.0,35,35,35,11,4.0,4096,0.0003,True,1.5,1024,512,1200,0.5925564169883728,0.5872462923070998,0.5982051641069119,0.6123046875,0.80615234375,0.0,0.19384765625,0.22327202558517456,0.36928439140319824,0.07117802104177175,4020.447712557126,0.33607688546180725,0.31643858551979065,0.9955727099591698,0.8152118133367537,0.9971294910823232,1878.798828125,0.4586911201477051,0.0,0.31435418128967285
qwen,coco_karpathy,final_quarter,False,7,1.0,35,35,35,11,4.0,4096,0.001,False,1.1,1024,512,1200,0.3271857500076294,0.32359401553330824,0.33073109245306115,0.095458984375,0.101806640625,0.000732421875,0.007080078125,0.12379316985607147,0.20339259505271912,0.9163301402186719,367.62738312030444,0.3378320038318634,0.5488038659095764,0.9895690816586418,0.9794923240796694,0.9941378789085473,368.09765625,0.08986759185791016,0.891845703125,0.4053303003311157
qwen,coco_karpathy,final_quarter,False,7,1.0,35,35,35,11,4.0,4096,0.001,False,1.25,1024,512,1200,0.3271857500076294,0.32359401553330824,0.33073109245306115,0.092041015625,0.100341796875,0.00048828125,0.0087890625,0.12379316985607147,0.20339259505271912,0.9163301402186719,367.62738312030444,0.3378320038318634,0.5488038659095764,0.9895690816586418,0.9794923240796694,0.9941378789085473,368.09765625,0.08986759185791016,0.891845703125,0.4053303003311157
qwen,coco_karpathy,final_quarter,False,7,1.0,35,35,35,11,4.0,4096,0.001,False,1.5,1024,512,1200,0.3271857500076294,0.32359401553330824,0.33073109245306115,0.049072265625,0.078857421875,0.00048828125,0.0302734375,0.12379316985607147,0.20339259505271912,0.9163301402186719,367.62738312030444,0.3378320038318634,0.5488038659095764,0.9895690816586418,0.9794923240796694,0.9941378789085473,368.09765625,0.08986759185791016,0.891845703125,0.4053303003311157
qwen,coco_karpathy,final_quarter,False,7,1.0,35,35,35,11,4.0,4096,0.001,True,1.1,1024,512,1200,0.5824798345565796,0.5771755066365586,0.58800309002836,0.99951171875,0.999755859375,0.0,0.000244140625,0.2197628617286682,0.3627169728279114,0.07055488183647143,4024.6008819422113,0.33132851123809814,0.31209856271743774,0.9940383535649885,0.8139548021566566,0.997294499231712,1872.224609375,0.45708608627319336,0.0,0.30805283784866333
qwen,coco_karpathy,final_quarter,False,7,1.0,35,35,35,11,4.0,4096,0.001,True,1.25,1024,512,1200,0.5824798345565796,0.5771755066365586,0.58800309002836,0.984375,0.9921875,0.0,0.0078125,0.2197628617286682,0.3627169728279114,0.07055488183647143,4024.6008819422113,0.33132851123809814,0.31209856271743774,0.9940383535649885,0.8139548021566566,0.997294499231712,1872.224609375,0.45708608627319336,0.0,0.30805283784866333
qwen,coco_karpathy,final_quarter,False,7,1.0,35,35,35,11,4.0,4096,0.001,True,1.5,1024,512,1200,0.5824798345565796,0.5771755066365586,0.58800309002836,0.599609375,0.7998046875,0.0,0.2001953125,0.2197628617286682,0.3627169728279114,0.07055488183647143,4024.6008819422113,0.33132851123809814,0.31209856271743774,0.9940383535649885,0.8139548021566566,0.997294499231712,1872.224609375,0.45708608627319336,0.0,0.30805283784866333
qwen,coco_karpathy,final_quarter,False,7,1.0,35,35,35,23,2.0,4096,0.0003,False,1.1,1024,512,1200,0.3487659990787506,0.3449042396903678,0.35243921581932225,0.10595703125,0.1142578125,0.001220703125,0.009521484375,0.13190631568431854,0.21685971319675446,0.9037111954075793,423.1365608450642,0.3571517765522003,0.5610145330429077,0.9902976501042379,0.9799638273677828,0.9947731904972337,421.884765625,0.10299921035766602,0.8759765625,0.42798912525177
qwen,coco_karpathy,final_quarter,False,7,1.0,35,35,35,23,2.0,4096,0.0003,False,1.25,1024,512,1200,0.3487659990787506,0.3449042396903678,0.35243921581932225,0.1005859375,0.111572265625,0.001220703125,0.01220703125,0.13190631568431854,0.21685971319675446,0.9037111954075793,423.1365608450642,0.3571517765522003,0.5610145330429077,0.9902976501042379,0.9799638273677828,0.9947731904972337,421.884765625,0.10299921035766602,0.8759765625,0.42798912525177
qwen,coco_karpathy,final_quarter,False,7,1.0,35,35,35,23,2.0,4096,0.0003,False,1.5,1024,512,1200,0.3487659990787506,0.3449042396903678,0.35243921581932225,0.0517578125,0.08740234375,0.0009765625,0.03662109375,0.13190631568431854,0.21685971319675446,0.9037111954075793,423.1365608450642,0.3571517765522003,0.5610145330429077,0.9902976501042379,0.9799638273677828,0.9947731904972337,421.884765625,0.10299921035766602,0.8759765625,0.42798912525177
qwen,coco_karpathy,final_quarter,False,7,1.0,35,35,35,23,2.0,4096,0.0003,True,1.1,1024,512,1200,0.5923077464103699,0.5870562850905117,0.5971115229811403,0.99755859375,0.998779296875,0.0,0.001220703125,0.2233632206916809,0.36894452571868896,0.07013506654066184,4022.6980612097127,0.3371933400630951,0.31572359800338745,0.9946759034810077,0.8139732541844547,0.9918093812469616,1881.4765625,0.45934486389160156,0.0,0.3148578405380249
qwen,coco_karpathy,final_quarter,False,7,1.0,35,35,35,23,2.0,4096,0.0003,True,1.25,1024,512,1200,0.5923077464103699,0.5870562850905117,0.5971115229811403,0.98388671875,0.991943359375,0.0,0.008056640625,0.2233632206916809,0.36894452571868896,0.07013506654066184,4022.6980612097127,0.3371933400630951,0.31572359800338745,0.9946759034810077,0.8139732541844547,0.9918093812469616,1881.4765625,0.45934486389160156,0.0,0.3148578405380249
qwen,coco_karpathy,final_quarter,False,7,1.0,35,35,35,23,2.0,4096,0.0003,True,1.5,1024,512,1200,0.5923077464103699,0.5870562850905117,0.5971115229811403,0.62841796875,0.814208984375,0.0,0.185791015625,0.2233632206916809,0.36894452571868896,0.07013506654066184,4022.6980612097127,0.3371933400630951,0.31572359800338745,0.9946759034810077,0.8139732541844547,0.9918093812469616,1881.4765625,0.45934486389160156,0.0,0.3148578405380249
qwen,coco_karpathy,final_quarter,False,7,1.0,35,35,35,23,2.0,4096,0.001,False,1.1,1024,512,1200,0.34708333015441895,0.34323790804191956,0.350725568341295,0.106201171875,0.1142578125,0.001220703125,0.00927734375,0.13111138343811035,0.2159719616174698,0.9036514656557929,423.57962313272964,0.3515549898147583,0.5570036768913269,0.9902406504971754,0.979967527415177,0.9950562426666588,420.384765625,0.10263299942016602,0.876220703125,0.4185570776462555
qwen,coco_karpathy,final_quarter,False,7,1.0,35,35,35,23,2.0,4096,0.001,False,1.25,1024,512,1200,0.34708333015441895,0.34323790804191956,0.350725568341295,0.101318359375,0.11181640625,0.001220703125,0.01171875,0.13111138343811035,0.2159719616174698,0.9036514656557929,423.57962313272964,0.3515549898147583,0.5570036768913269,0.9902406504971754,0.979967527415177,0.9950562426666588,420.384765625,0.10263299942016602,0.876220703125,0.4185570776462555
qwen,coco_karpathy,final_quarter,False,7,1.0,35,35,35,23,2.0,4096,0.001,False,1.5,1024,512,1200,0.34708333015441895,0.34323790804191956,0.350725568341295,0.052490234375,0.087646484375,0.0009765625,0.0361328125,0.13111138343811035,0.2159719616174698,0.9036514656557929,423.57962313272964,0.3515549898147583,0.5570036768913269,0.9902406504971754,0.979967527415177,0.9950562426666588,420.384765625,0.10263299942016602,0.876220703125,0.4185570776462555
qwen,coco_karpathy,final_quarter,False,7,1.0,35,35,35,23,2.0,4096,0.001,True,1.1,1024,512,1200,0.5854001045227051,0.5801042554114246,0.5902574349063798,0.9990234375,0.99951171875,0.0,0.00048828125,0.22075554728507996,0.3646445572376251,0.06832390452684549,4029.2791437325372,0.3338344395160675,0.31015077233314514,0.9952721375081937,0.8143383976721462,0.9924319014832308,1879.337890625,0.45882272720336914,0.0,0.31049874424934387
qwen,coco_karpathy,final_quarter,False,7,1.0,35,35,35,23,2.0,4096,0.001,True,1.25,1024,512,1200,0.5854001045227051,0.5801042554114246,0.5902574349063798,0.98681640625,0.993408203125,0.0,0.006591796875,0.22075554728507996,0.3646445572376251,0.06832390452684549,4029.2791437325372,0.3338344395160675,0.31015077233314514,0.9952721375081937,0.8143383976721462,0.9924319014832308,1879.337890625,0.45882272720336914,0.0,0.31049874424934387
qwen,coco_karpathy,final_quarter,False,7,1.0,35,35,35,23,2.0,4096,0.001,True,1.5,1024,512,1200,0.5854001045227051,0.5801042554114246,0.5902574349063798,0.62109375,0.810546875,0.0,0.189453125,0.22075554728507996,0.3646445572376251,0.06832390452684549,4029.2791437325372,0.3338344395160675,0.31015077233314514,0.9952721375081937,0.8143383976721462,0.9924319014832308,1879.337890625,0.45882272720336914,0.0,0.31049874424934387
qwen,coco_karpathy,final_quarter,False,7,1.0,35,35,35,23,4.0,4096,0.0003,False,1.1,1024,512,1200,0.3487659990787506,0.3449042396903678,0.35243921581932225,0.10595703125,0.1142578125,0.001220703125,0.009521484375,0.13190631568431854,0.21685971319675446,0.9037111954075793,423.1365608450642,0.3571517765522003,0.5610145330429077,0.9902976501042379,0.9799638273677828,0.9947731904972337,421.884765625,0.10299921035766602,0.8759765625,0.42798912525177
qwen,coco_karpathy,final_quarter,False,7,1.0,35,35,35,23,4.0,4096,0.0003,False,1.25,1024,512,1200,0.3487659990787506,0.3449042396903678,0.35243921581932225,0.1005859375,0.111572265625,0.001220703125,0.01220703125,0.13190631568431854,0.21685971319675446,0.9037111954075793,423.1365608450642,0.3571517765522003,0.5610145330429077,0.9902976501042379,0.9799638273677828,0.9947731904972337,421.884765625,0.10299921035766602,0.8759765625,0.42798912525177
qwen,coco_karpathy,final_quarter,False,7,1.0,35,35,35,23,4.0,4096,0.0003,False,1.5,1024,512,1200,0.3487659990787506,0.3449042396903678,0.35243921581932225,0.0517578125,0.08740234375,0.0009765625,0.03662109375,0.13190631568431854,0.21685971319675446,0.9037111954075793,423.1365608450642,0.3571517765522003,0.5610145330429077,0.9902976501042379,0.9799638273677828,0.9947731904972337,421.884765625,0.10299921035766602,0.8759765625,0.42798912525177
qwen,coco_karpathy,final_quarter,False,7,1.0,35,35,35,23,4.0,4096,0.0003,True,1.1,1024,512,1200,0.5923077464103699,0.5870562850905117,0.5971115229811403,0.99755859375,0.998779296875,0.0,0.001220703125,0.2233632206916809,0.36894452571868896,0.07013506654066184,4022.6980612097127,0.3371933400630951,0.31572359800338745,0.9946759034810077,0.8139732541844547,0.9918093812469616,1881.4765625,0.45934486389160156,0.0,0.3148578405380249
qwen,coco_karpathy,final_quarter,False,7,1.0,35,35,35,23,4.0,4096,0.0003,True,1.25,1024,512,1200,0.5923077464103699,0.5870562850905117,0.5971115229811403,0.98388671875,0.991943359375,0.0,0.008056640625,0.2233632206916809,0.36894452571868896,0.07013506654066184,4022.6980612097127,0.3371933400630951,0.31572359800338745,0.9946759034810077,0.8139732541844547,0.9918093812469616,1881.4765625,0.45934486389160156,0.0,0.3148578405380249
qwen,coco_karpathy,final_quarter,False,7,1.0,35,35,35,23,4.0,4096,0.0003,True,1.5,1024,512,1200,0.5923077464103699,0.5870562850905117,0.5971115229811403,0.62841796875,0.814208984375,0.0,0.185791015625,0.2233632206916809,0.36894452571868896,0.07013506654066184,4022.6980612097127,0.3371933400630951,0.31572359800338745,0.9946759034810077,0.8139732541844547,0.9918093812469616,1881.4765625,0.45934486389160156,0.0,0.3148578405380249
qwen,coco_karpathy,final_quarter,False,7,1.0,35,35,35,23,4.0,4096,0.001,False,1.1,1024,512,1200,0.34708333015441895,0.34323790804191956,0.350725568341295,0.106201171875,0.1142578125,0.001220703125,0.00927734375,0.13111138343811035,0.2159719616174698,0.9036514656557929,423.57962313272964,0.3515549898147583,0.5570036768913269,0.9902406504971754,0.979967527415177,0.9950562426666588,420.384765625,0.10263299942016602,0.876220703125,0.4185570776462555
qwen,coco_karpathy,final_quarter,False,7,1.0,35,35,35,23,4.0,4096,0.001,False,1.25,1024,512,1200,0.34708333015441895,0.34323790804191956,0.350725568341295,0.101318359375,0.11181640625,0.001220703125,0.01171875,0.13111138343811035,0.2159719616174698,0.9036514656557929,423.57962313272964,0.3515549898147583,0.5570036768913269,0.9902406504971754,0.979967527415177,0.9950562426666588,420.384765625,0.10263299942016602,0.876220703125,0.4185570776462555
qwen,coco_karpathy,final_quarter,False,7,1.0,35,35,35,23,4.0,4096,0.001,False,1.5,1024,512,1200,0.34708333015441895,0.34323790804191956,0.350725568341295,0.052490234375,0.087646484375,0.0009765625,0.0361328125,0.13111138343811035,0.2159719616174698,0.9036514656557929,423.57962313272964,0.3515549898147583,0.5570036768913269,0.9902406504971754,0.979967527415177,0.9950562426666588,420.384765625,0.10263299942016602,0.876220703125,0.4185570776462555
qwen,coco_karpathy,final_quarter,False,7,1.0,35,35,35,23,4.0,4096,0.001,True,1.1,1024,512,1200,0.5854001045227051,0.5801042554114246,0.5902574349063798,0.9990234375,0.99951171875,0.0,0.00048828125,0.22075554728507996,0.3646445572376251,0.06832390452684549,4029.2791437325372,0.3338344395160675,0.31015077233314514,0.9952721375081937,0.8143383976721462,0.9924319014832308,1879.337890625,0.45882272720336914,0.0,0.31049874424934387
qwen,coco_karpathy,final_quarter,False,7,1.0,35,35,35,23,4.0,4096,0.001,True,1.25,1024,512,1200,0.5854001045227051,0.5801042554114246,0.5902574349063798,0.98681640625,0.993408203125,0.0,0.006591796875,0.22075554728507996,0.3646445572376251,0.06832390452684549,4029.2791437325372,0.3338344395160675,0.31015077233314514,0.9952721375081937,0.8143383976721462,0.9924319014832308,1879.337890625,0.45882272720336914,0.0,0.31049874424934387
qwen,coco_karpathy,final_quarter,False,7,1.0,35,35,35,23,4.0,4096,0.001,True,1.5,1024,512,1200,0.5854001045227051,0.5801042554114246,0.5902574349063798,0.62109375,0.810546875,0.0,0.189453125,0.22075554728507996,0.3646445572376251,0.06832390452684549,4029.2791437325372,0.3338344395160675,0.31015077233314514,0.9952721375081937,0.8143383976721462,0.9924319014832308,1879.337890625,0.45882272720336914,0.0,0.31049874424934387
qwen,coco_karpathy,final_quarter,False,7,1.0,35,35,35,37,2.0,4096,0.0003,False,1.1,1024,512,1200,0.3325020968914032,0.3286206219039741,0.33582713551368215,0.09716796875,0.104248046875,0.0,0.007080078125,0.1259395331144333,0.2065625786781311,0.9116713314160414,388.169253216548,0.3425808548927307,0.5507118105888367,0.9899320991250092,0.9797058280478613,0.9947111666021381,385.0390625,0.09400367736816406,0.88916015625,0.41090235114097595
qwen,coco_karpathy,final_quarter,False,7,1.0,35,35,35,37,2.0,4096,0.0003,False,1.25,1024,512,1200,0.3325020968914032,0.3286206219039741,0.33582713551368215,0.0927734375,0.10205078125,0.0,0.00927734375,0.1259395331144333,0.2065625786781311,0.9116713314160414,388.169253216548,0.3425808548927307,0.5507118105888367,0.9899320991250092,0.9797058280478613,0.9947111666021381,385.0390625,0.09400367736816406,0.88916015625,0.41090235114097595
qwen,coco_karpathy,final_quarter,False,7,1.0,35,35,35,37,2.0,4096,0.0003,False,1.5,1024,512,1200,0.3325020968914032,0.3286206219039741,0.33582713551368215,0.048828125,0.080078125,0.0,0.03125,0.1259395331144333,0.2065625786781311,0.9116713314160414,388.169253216548,0.3425808548927307,0.5507118105888367,0.9899320991250092,0.9797058280478613,0.9947111666021381,385.0390625,0.09400367736816406,0.88916015625,0.41090235114097595
qwen,coco_karpathy,final_quarter,False,7,1.0,35,35,35,37,2.0,4096,0.0003,True,1.1,1024,512,1200,0.5894069671630859,0.5842702386289602,0.5942327278113225,0.9990234375,0.99951171875,0.0,0.00048828125,0.22201970219612122,0.3673872649669647,0.070907544576171,4018.5444313003513,0.3295552730560303,0.31334081292152405,0.9961370309838034,0.815686369968477,0.9973926068365785,1879.302734375,0.4588141441345215,0.0,0.3130701780319214
qwen,coco_karpathy,final_quarter,False,7,1.0,35,35,35,37,2.0,4096,0.0003,True,1.25,1024,512,1200,0.5894069671630859,0.5842702386289602,0.5942327278113225,0.978515625,0.9892578125,0.0,0.0107421875,0.22201970219612122,0.3673872649669647,0.070907544576171,4018.5444313003513,0.3295552730560303,0.31334081292152405,0.9961370309838034,0.815686369968477,0.9973926068365785,1879.302734375,0.4588141441345215,0.0,0.3130701780319214
qwen,coco_karpathy,final_quarter,False,7,1.0,35,35,35,37,2.0,4096,0.0003,True,1.5,1024,512,1200,0.5894069671630859,0.5842702386289602,0.5942327278113225,0.6201171875,0.81005859375,0.0,0.18994140625,0.22201970219612122,0.3673872649669647,0.070907544576171,4018.5444313003513,0.3295552730560303,0.31334081292152405,0.9961370309838034,0.815686369968477,0.9973926068365785,1879.302734375,0.4588141441345215,0.0,0.3130701780319214
qwen,coco_karpathy,final_quarter,False,7,1.0,35,35,35,37,2.0,4096,0.001,False,1.1,1024,512,1200,0.33177047967910767,0.3278901247853355,0.33508021490997636,0.096923828125,0.10400390625,0.0,0.007080078125,0.12564927339553833,0.20612120628356934,0.9117640926056932,387.9157002261416,0.33946219086647034,0.5512720942497253,0.9899563589733215,0.9797328236498178,0.9945428696401188,384.419921875,0.09385251998901367,0.889404296875,0.4069133400917053
qwen,coco_karpathy,final_quarter,False,7,1.0,35,35,35,37,2.0,4096,0.001,False,1.25,1024,512,1200,0.33177047967910767,0.3278901247853355,0.33508021490997636,0.093017578125,0.10205078125,0.0,0.009033203125,0.12564927339553833,0.20612120628356934,0.9117640926056932,387.9157002261416,0.33946219086647034,0.5512720942497253,0.9899563589733215,0.9797328236498178,0.9945428696401188,384.419921875,0.09385251998901367,0.889404296875,0.4069133400917053
qwen,coco_karpathy,final_quarter,False,7,1.0,35,35,35,37,2.0,4096,0.001,False,1.5,1024,512,1200,0.33177047967910767,0.3278901247853355,0.33508021490997636,0.048583984375,0.079833984375,0.0,0.03125,0.12564927339553833,0.20612120628356934,0.9117640926056932,387.9157002261416,0.33946219086647034,0.5512720942497253,0.9899563589733215,0.9797328236498178,0.9945428696401188,384.419921875,0.09385251998901367,0.889404296875,0.4069133400917053
qwen,coco_karpathy,final_quarter,False,7,1.0,35,35,35,37,2.0,4096,0.001,True,1.1,1024,512,1200,0.5787571668624878,0.5735391776019242,0.5835379544558237,0.99853515625,0.999267578125,0.0,0.000732421875,0.21848753094673157,0.360269695520401,0.0725748093065222,4015.8853857837908,0.32750141620635986,0.30935603380203247,0.9965437434758881,0.8165867108320475,0.9951184812264066,1862.517578125,0.45471620559692383,0.0,0.305841326713562
qwen,coco_karpathy,final_quarter,False,7,1.0,35,35,35,37,2.0,4096,0.001,True,1.25,1024,512,1200,0.5787571668624878,0.5735391776019242,0.5835379544558237,0.9755859375,0.98779296875,0.0,0.01220703125,0.21848753094673157,0.360269695520401,0.0725748093065222,4015.8853857837908,0.32750141620635986,0.30935603380203247,0.9965437434758881,0.8165867108320475,0.9951184812264066,1862.517578125,0.45471620559692383,0.0,0.305841326713562
qwen,coco_karpathy,final_quarter,False,7,1.0,35,35,35,37,2.0,4096,0.001,True,1.5,1024,512,1200,0.5787571668624878,0.5735391776019242,0.5835379544558237,0.60498046875,0.802490234375,0.0,0.197509765625,0.21848753094673157,0.360269695520401,0.0725748093065222,4015.8853857837908,0.32750141620635986,0.30935603380203247,0.9965437434758881,0.8165867108320475,0.9951184812264066,1862.517578125,0.45471620559692383,0.0,0.305841326713562
qwen,coco_karpathy,final_quarter,False,7,1.0,35,35,35,37,4.0,4096,0.0003,False,1.1,1024,512,1200,0.3325020968914032,0.3286206219039741,0.33582713551368215,0.09716796875,0.104248046875,0.0,0.007080078125,0.1259395331144333,0.2065625786781311,0.9116713314160414,388.169253216548,0.3425808548927307,0.5507118105888367,0.9899320991250092,0.9797058280478613,0.9947111666021381,385.0390625,0.09400367736816406,0.88916015625,0.41090235114097595
qwen,coco_karpathy,final_quarter,False,7,1.0,35,35,35,37,4.0,4096,0.0003,False,1.25,1024,512,1200,0.3325020968914032,0.3286206219039741,0.33582713551368215,0.0927734375,0.10205078125,0.0,0.00927734375,0.1259395331144333,0.2065625786781311,0.9116713314160414,388.169253216548,0.3425808548927307,0.5507118105888367,0.9899320991250092,0.9797058280478613,0.9947111666021381,385.0390625,0.09400367736816406,0.88916015625,0.41090235114097595
qwen,coco_karpathy,final_quarter,False,7,1.0,35,35,35,37,4.0,4096,0.0003,False,1.5,1024,512,1200,0.3325020968914032,0.3286206219039741,0.33582713551368215,0.048828125,0.080078125,0.0,0.03125,0.1259395331144333,0.2065625786781311,0.9116713314160414,388.169253216548,0.3425808548927307,0.5507118105888367,0.9899320991250092,0.9797058280478613,0.9947111666021381,385.0390625,0.09400367736816406,0.88916015625,0.41090235114097595
qwen,coco_karpathy,final_quarter,False,7,1.0,35,35,35,37,4.0,4096,0.0003,True,1.1,1024,512,1200,0.5894069671630859,0.5842702386289602,0.5942327278113225,0.9990234375,0.99951171875,0.0,0.00048828125,0.22201970219612122,0.3673872649669647,0.070907544576171,4018.5444313003513,0.3295552730560303,0.31334081292152405,0.9961370309838034,0.815686369968477,0.9973926068365785,1879.302734375,0.4588141441345215,0.0,0.3130701780319214
qwen,coco_karpathy,final_quarter,False,7,1.0,35,35,35,37,4.0,4096,0.0003,True,1.25,1024,512,1200,0.5894069671630859,0.5842702386289602,0.5942327278113225,0.978515625,0.9892578125,0.0,0.0107421875,0.22201970219612122,0.3673872649669647,0.070907544576171,4018.5444313003513,0.3295552730560303,0.31334081292152405,0.9961370309838034,0.815686369968477,0.9973926068365785,1879.302734375,0.4588141441345215,0.0,0.3130701780319214
qwen,coco_karpathy,final_quarter,False,7,1.0,35,35,35,37,4.0,4096,0.0003,True,1.5,1024,512,1200,0.5894069671630859,0.5842702386289602,0.5942327278113225,0.6201171875,0.81005859375,0.0,0.18994140625,0.22201970219612122,0.3673872649669647,0.070907544576171,4018.5444313003513,0.3295552730560303,0.31334081292152405,0.9961370309838034,0.815686369968477,0.9973926068365785,1879.302734375,0.4588141441345215,0.0,0.3130701780319214
qwen,coco_karpathy,final_quarter,False,7,1.0,35,35,35,37,4.0,4096,0.001,False,1.1,1024,512,1200,0.33177047967910767,0.3278901247853355,0.33508021490997636,0.096923828125,0.10400390625,0.0,0.007080078125,0.12564927339553833,0.20612120628356934,0.9117640926056932,387.9157002261416,0.33946219086647034,0.5512720942497253,0.9899563589733215,0.9797328236498178,0.9945428696401188,384.419921875,0.09385251998901367,0.889404296875,0.4069133400917053
qwen,coco_karpathy,final_quarter,False,7,1.0,35,35,35,37,4.0,4096,0.001,False,1.25,1024,512,1200,0.33177047967910767,0.3278901247853355,0.33508021490997636,0.093017578125,0.10205078125,0.0,0.009033203125,0.12564927339553833,0.20612120628356934,0.9117640926056932,387.9157002261416,0.33946219086647034,0.5512720942497253,0.9899563589733215,0.9797328236498178,0.9945428696401188,384.419921875,0.09385251998901367,0.889404296875,0.4069133400917053
qwen,coco_karpathy,final_quarter,False,7,1.0,35,35,35,37,4.0,4096,0.001,False,1.5,1024,512,1200,0.33177047967910767,0.3278901247853355,0.33508021490997636,0.048583984375,0.079833984375,0.0,0.03125,0.12564927339553833,0.20612120628356934,0.9117640926056932,387.9157002261416,0.33946219086647034,0.5512720942497253,0.9899563589733215,0.9797328236498178,0.9945428696401188,384.419921875,0.09385251998901367,0.889404296875,0.4069133400917053
qwen,coco_karpathy,final_quarter,False,7,1.0,35,35,35,37,4.0,4096,0.001,True,1.1,1024,512,1200,0.5787571668624878,0.5735391776019242,0.5835379544558237,0.99853515625,0.999267578125,0.0,0.000732421875,0.21848753094673157,0.360269695520401,0.0725748093065222,4015.8853857837908,0.32750141620635986,0.30935603380203247,0.9965437434758881,0.8165867108320475,0.9951184812264066,1862.517578125,0.45471620559692383,0.0,0.305841326713562
qwen,coco_karpathy,final_quarter,False,7,1.0,35,35,35,37,4.0,4096,0.001,True,1.25,1024,512,1200,0.5787571668624878,0.5735391776019242,0.5835379544558237,0.9755859375,0.98779296875,0.0,0.01220703125,0.21848753094673157,0.360269695520401,0.0725748093065222,4015.8853857837908,0.32750141620635986,0.30935603380203247,0.9965437434758881,0.8165867108320475,0.9951184812264066,1862.517578125,0.45471620559692383,0.0,0.305841326713562
qwen,coco_karpathy,final_quarter,False,7,1.0,35,35,35,37,4.0,4096,0.001,True,1.5,1024,512,1200,0.5787571668624878,0.5735391776019242,0.5835379544558237,0.60498046875,0.802490234375,0.0,0.197509765625,0.21848753094673157,0.360269695520401,0.0725748093065222,4015.8853857837908,0.32750141620635986,0.30935603380203247,0.9965437434758881,0.8165867108320475,0.9951184812264066,1862.517578125,0.45471620559692383,0.0,0.305841326713562
