family,dataset,pooling,audit,layer_idx,depth_fraction,llm_layer_number,vlm_layer_number,layer_number,seed,width_factor,d_sae,l1,normalize,dom_margin,train_examples,eval_examples,sae_steps,MFI,MFI_ci_low,MFI_ci_high,FMP,image_driven_frac,text_driven_frac,both_driven_frac,mean_text_delta,mean_image_delta,matched_gini,matched_eff_dim,image_only_mean_activation,llm_mean_activation,vlm_train_rec_r2,vlm_eval_rec_r2,llm_train_rec_r2,vlm_eval_l0,vlm_eval_active_frac,vlm_eval_dead_frac,vlm_eval_z_abs_mean
qwen,flickr30k,final_quarter,False,0,0.0,0,0,0,11,2.0,4096,0.0003,False,1.1,1024,512,1200,0.07646076381206512,0.07393966060972161,0.07884008466571686,-0.013671875,0.032470703125,0.054443359375,0.1005859375,0.03948405012488365,0.03697671741247177,0.8703811957034435,582.1025270748459,0.12222268432378769,0.05401528254151344,0.9934692545959539,0.9381386044901547,0.997809060505551,539.76171875,0.13177776336669922,0.814697265625,0.06112850829958916
qwen,flickr30k,final_quarter,False,0,0.0,0,0,0,11,2.0,4096,0.0003,False,1.25,1024,512,1200,0.07646076381206512,0.07393966060972161,0.07884008466571686,-0.0927734375,0.01513671875,0.0322265625,0.14013671875,0.03948405012488365,0.03697671741247177,0.8703811957034435,582.1025270748459,0.12222268432378769,0.05401528254151344,0.9934692545959539,0.9381386044901547,0.997809060505551,539.76171875,0.13177776336669922,0.814697265625,0.06112850829958916
qwen,flickr30k,final_quarter,False,0,0.0,0,0,0,11,2.0,4096,0.0003,False,1.5,1024,512,1200,0.07646076381206512,0.07393966060972161,0.07884008466571686,-0.1259765625,0.00537109375,0.025390625,0.15673828125,0.03948405012488365,0.03697671741247177,0.8703811957034435,582.1025270748459,0.12222268432378769,0.05401528254151344,0.9934692545959539,0.9381386044901547,0.997809060505551,539.76171875,0.13177776336669922,0.814697265625,0.06112850829958916
qwen,flickr30k,final_quarter,False,0,0.0,0,0,0,11,2.0,4096,0.0003,True,1.1,1024,512,1200,0.6013142466545105,0.5865613730129553,0.6162462169435458,-0.01318359375,0.284423828125,0.208984375,0.506591796875,0.29942241311073303,0.3018918037414551,0.08146932763303485,3876.1321711329942,0.5344390869140625,0.32930371165275574,0.9912115398983804,0.7561940759197787,0.9969525765777127,2033.537109375,0.49646902084350586,0.0,0.28712356090545654
qwen,flickr30k,final_quarter,False,0,0.0,0,0,0,11,2.0,4096,0.0003,True,1.25,1024,512,1200,0.6013142466545105,0.5865613730129553,0.6162462169435458,-0.765625,0.052001953125,0.065185546875,0.8828125,0.29942241311073303,0.3018918037414551,0.08146932763303485,3876.1321711329942,0.5344390869140625,0.32930371165275574,0.9912115398983804,0.7561940759197787,0.9969525765777127,2033.537109375,0.49646902084350586,0.0,0.28712356090545654
qwen,flickr30k,final_quarter,False,0,0.0,0,0,0,11,2.0,4096,0.0003,True,1.5,1024,512,1200,0.6013142466545105,0.5865613730129553,0.6162462169435458,-0.96240234375,0.00048828125,0.018310546875,0.981201171875,0.29942241311073303,0.3018918037414551,0.08146932763303485,3876.1321711329942,0.5344390869140625,0.32930371165275574,0.9912115398983804,0.7561940759197787,0.9969525765777127,2033.537109375,0.49646902084350586,0.0,0.28712356090545654
qwen,flickr30k,final_quarter,False,0,0.0,0,0,0,11,2.0,4096,0.001,False,1.1,1024,512,1200,0.07476218044757843,0.07229856213070888,0.07706503871513633,-0.013427734375,0.03271484375,0.05419921875,0.100341796875,0.0385587215423584,0.03620345890522003,0.8705458784335541,581.9116974896224,0.11796677112579346,0.0505199208855629,0.9933709016343149,0.9373056189789564,0.9988028897103594,533.7265625,0.13030433654785156,0.814697265625,0.05835666507482529
qwen,flickr30k,final_quarter,False,0,0.0,0,0,0,11,2.0,4096,0.001,False,1.25,1024,512,1200,0.07476218044757843,0.07229856213070888,0.07706503871513633,-0.096923828125,0.0146484375,0.030517578125,0.14208984375,0.0385587215423584,0.03620345890522003,0.8705458784335541,581.9116974896224,0.11796677112579346,0.0505199208855629,0.9933709016343149,0.9373056189789564,0.9988028897103594,533.7265625,0.13030433654785156,0.814697265625,0.05835666507482529
qwen,flickr30k,final_quarter,False,0,0.0,0,0,0,11,2.0,4096,0.001,False,1.5,1024,512,1200,0.07476218044757843,0.07229856213070888,0.07706503871513633,-0.124267578125,0.006591796875,0.02490234375,0.15576171875,0.0385587215423584,0.03620345890522003,0.8705458784335541,581.9116974896224,0.11796677112579346,0.0505199208855629,0.9933709016343149,0.9373056189789564,0.9988028897103594,533.7265625,0.13030433654785156,0.814697265625,0.05835666507482529
qwen,flickr30k,final_quarter,False,0,0.0,0,0,0,11,2.0,4096,0.001,True,1.1,1024,512,1200,0.6004836559295654,0.5851355862680065,0.6150462982164754,0.04052734375,0.30224609375,0.218017578125,0.479736328125,0.2987431287765503,0.30174046754837036,0.08648562246471198,3841.725894285089,0.5449855327606201,0.3207206726074219,0.977032884593365,0.7498795065427626,0.9893595868241679,2028.541015625,0.49524927139282227,0.0,0.28665030002593994
qwen,flickr30k,final_quarter,False,0,0.0,0,0,0,11,2.0,4096,0.001,True,1.25,1024,512,1200,0.6004836559295654,0.5851355862680065,0.6150462982164754,-0.76220703125,0.0498046875,0.069091796875,0.881103515625,0.2987431287765503,0.30174046754837036,0.08648562246471198,3841.725894285089,0.5449855327606201,0.3207206726074219,0.977032884593365,0.7498795065427626,0.9893595868241679,2028.541015625,0.49524927139282227,0.0,0.28665030002593994
qwen,flickr30k,final_quarter,False,0,0.0,0,0,0,11,2.0,4096,0.001,True,1.5,1024,512,1200,0.6004836559295654,0.5851355862680065,0.6150462982164754,-0.9677734375,0.0009765625,0.01513671875,0.98388671875,0.2987431287765503,0.30174046754837036,0.08648562246471198,3841.725894285089,0.5449855327606201,0.3207206726074219,0.977032884593365,0.7498795065427626,0.9893595868241679,2028.541015625,0.49524927139282227,0.0,0.28665030002593994
qwen,flickr30k,final_quarter,False,0,0.0,0,0,0,11,4.0,4096,0.0003,False,1.1,1024,512,1200,0.07646076381206512,0.07393966060972161,0.07884008466571686,-0.013671875,0.032470703125,0.054443359375,0.1005859375,0.03948405012488365,0.03697671741247177,0.8703811957034435,582.1025270748459,0.12222268432378769,0.05401528254151344,0.9934692545959539,0.9381386044901547,0.997809060505551,539.76171875,0.13177776336669922,0.814697265625,0.06112850829958916
qwen,flickr30k,final_quarter,False,0,0.0,0,0,0,11,4.0,4096,0.0003,False,1.25,1024,512,1200,0.07646076381206512,0.07393966060972161,0.07884008466571686,-0.0927734375,0.01513671875,0.0322265625,0.14013671875,0.03948405012488365,0.03697671741247177,0.8703811957034435,582.1025270748459,0.12222268432378769,0.05401528254151344,0.9934692545959539,0.9381386044901547,0.997809060505551,539.76171875,0.13177776336669922,0.814697265625,0.06112850829958916
qwen,flickr30k,final_quarter,False,0,0.0,0,0,0,11,4.0,4096,0.0003,False,1.5,1024,512,1200,0.07646076381206512,0.07393966060972161,0.07884008466571686,-0.1259765625,0.00537109375,0.025390625,0.15673828125,0.03948405012488365,0.03697671741247177,0.8703811957034435,582.1025270748459,0.12222268432378769,0.05401528254151344,0.9934692545959539,0.9381386044901547,0.997809060505551,539.76171875,0.13177776336669922,0.814697265625,0.06112850829958916
qwen,flickr30k,final_quarter,False,0,0.0,0,0,0,11,4.0,4096,0.0003,True,1.1,1024,512,1200,0.6013142466545105,0.5865613730129553,0.6162462169435458,-0.01318359375,0.284423828125,0.208984375,0.506591796875,0.29942241311073303,0.3018918037414551,0.08146932763303485,3876.1321711329942,0.5344390869140625,0.32930371165275574,0.9912115398983804,0.7561940759197787,0.9969525765777127,2033.537109375,0.49646902084350586,0.0,0.28712356090545654
qwen,flickr30k,final_quarter,False,0,0.0,0,0,0,11,4.0,4096,0.0003,True,1.25,1024,512,1200,0.6013142466545105,0.5865613730129553,0.6162462169435458,-0.765625,0.052001953125,0.065185546875,0.8828125,0.29942241311073303,0.3018918037414551,0.08146932763303485,3876.1321711329942,0.5344390869140625,0.32930371165275574,0.9912115398983804,0.7561940759197787,0.9969525765777127,2033.537109375,0.49646902084350586,0.0,0.28712356090545654
qwen,flickr30k,final_quarter,False,0,0.0,0,0,0,11,4.0,4096,0.0003,True,1.5,1024,512,1200,0.6013142466545105,0.5865613730129553,0.6162462169435458,-0.96240234375,0.00048828125,0.018310546875,0.981201171875,0.29942241311073303,0.3018918037414551,0.08146932763303485,3876.1321711329942,0.5344390869140625,0.32930371165275574,0.9912115398983804,0.7561940759197787,0.9969525765777127,2033.537109375,0.49646902084350586,0.0,0.28712356090545654
qwen,flickr30k,final_quarter,False,0,0.0,0,0,0,11,4.0,4096,0.001,False,1.1,1024,512,1200,0.07476218044757843,0.07229856213070888,0.07706503871513633,-0.013427734375,0.03271484375,0.05419921875,0.100341796875,0.0385587215423584,0.03620345890522003,0.8705458784335541,581.9116974896224,0.11796677112579346,0.0505199208855629,0.9933709016343149,0.9373056189789564,0.9988028897103594,533.7265625,0.13030433654785156,0.814697265625,0.05835666507482529
qwen,flickr30k,final_quarter,False,0,0.0,0,0,0,11,4.0,4096,0.001,False,1.25,1024,512,1200,0.07476218044757843,0.07229856213070888,0.07706503871513633,-0.096923828125,0.0146484375,0.030517578125,0.14208984375,0.0385587215423584,0.03620345890522003,0.8705458784335541,581.9116974896224,0.11796677112579346,0.0505199208855629,0.9933709016343149,0.9373056189789564,0.9988028897103594,533.7265625,0.13030433654785156,0.814697265625,0.05835666507482529
qwen,flickr30k,final_quarter,False,0,0.0,0,0,0,11,4.0,4096,0.001,False,1.5,1024,512,1200,0.07476218044757843,0.07229856213070888,0.07706503871513633,-0.124267578125,0.006591796875,0.02490234375,0.15576171875,0.0385587215423584,0.03620345890522003,0.8705458784335541,581.9116974896224,0.11796677112579346,0.0505199208855629,0.9933709016343149,0.9373056189789564,0.9988028897103594,533.7265625,0.13030433654785156,0.814697265625,0.05835666507482529
qwen,flickr30k,final_quarter,False,0,0.0,0,0,0,11,4.0,4096,0.001,True,1.1,1024,512,1200,0.6004836559295654,0.5851355862680065,0.6150462982164754,0.04052734375,0.30224609375,0.218017578125,0.479736328125,0.2987431287765503,0.30174046754837036,0.08648562246471198,3841.725894285089,0.5449855327606201,0.3207206726074219,0.977032884593365,0.7498795065427626,0.9893595868241679,2028.541015625,0.49524927139282227,0.0,0.28665030002593994
qwen,flickr30k,final_quarter,False,0,0.0,0,0,0,11,4.0,4096,0.001,True,1.25,1024,512,1200,0.6004836559295654,0.5851355862680065,0.6150462982164754,-0.76220703125,0.0498046875,0.069091796875,0.881103515625,0.2987431287765503,0.30174046754837036,0.08648562246471198,3841.725894285089,0.5449855327606201,0.3207206726074219,0.977032884593365,0.7498795065427626,0.9893595868241679,2028.541015625,0.49524927139282227,0.0,0.28665030002593994
qwen,flickr30k,final_quarter,False,0,0.0,0,0,0,11,4.0,4096,0.001,True,1.5,1024,512,1200,0.6004836559295654,0.5851355862680065,0.6150462982164754,-0.9677734375,0.0009765625,0.01513671875,0.98388671875,0.2987431287765503,0.30174046754837036,0.08648562246471198,3841.725894285089,0.5449855327606201,0.3207206726074219,0.977032884593365,0.7498795065427626,0.9893595868241679,2028.541015625,0.49524927139282227,0.0,0.28665030002593994
qwen,flickr30k,final_quarter,False,0,0.0,0,0,0,23,2.0,4096,0.0003,False,1.1,1024,512,1200,0.07804609090089798,0.07533022778925443,0.08067484914790839,-0.01025390625,0.038818359375,0.0556640625,0.104736328125,0.04008360579609871,0.03796248883008957,0.8615920443637157,620.4074786998382,0.12210001796483994,0.05496588349342346,0.9943566702461081,0.9388509942256856,0.9988884523803603,568.15625,0.13871002197265625,0.80322265625,0.06160203740000725
qwen,flickr30k,final_quarter,False,0,0.0,0,0,0,23,2.0,4096,0.0003,False,1.25,1024,512,1200,0.07804609090089798,0.07533022778925443,0.08067484914790839,-0.1064453125,0.018798828125,0.027587890625,0.15283203125,0.04008360579609871,0.03796248883008957,0.8615920443637157,620.4074786998382,0.12210001796483994,0.05496588349342346,0.9943566702461081,0.9388509942256856,0.9988884523803603,568.15625,0.13871002197265625,0.80322265625,0.06160203740000725
qwen,flickr30k,final_quarter,False,0,0.0,0,0,0,23,2.0,4096,0.0003,False,1.5,1024,512,1200,0.07804609090089798,0.07533022778925443,0.08067484914790839,-0.13720703125,0.00927734375,0.021728515625,0.168212890625,0.04008360579609871,0.03796248883008957,0.8615920443637157,620.4074786998382,0.12210001796483994,0.05496588349342346,0.9943566702461081,0.9388509942256856,0.9988884523803603,568.15625,0.13871002197265625,0.80322265625,0.06160203740000725
qwen,flickr30k,final_quarter,False,0,0.0,0,0,0,23,2.0,4096,0.0003,True,1.1,1024,512,1200,0.6028058528900146,0.5864682360246661,0.618533406642382,-0.013671875,0.304931640625,0.188232421875,0.5068359375,0.2988356649875641,0.3039701581001282,0.08325837939979594,3890.321459638848,0.555878221988678,0.3299429714679718,0.9867878559491026,0.7577738047400215,0.9957563357831952,2013.92578125,0.4916810989379883,0.0,0.28575462102890015
qwen,flickr30k,final_quarter,False,0,0.0,0,0,0,23,2.0,4096,0.0003,True,1.25,1024,512,1200,0.6028058528900146,0.5864682360246661,0.618533406642382,-0.76025390625,0.059814453125,0.06005859375,0.880126953125,0.2988356649875641,0.3039701581001282,0.08325837939979594,3890.321459638848,0.555878221988678,0.3299429714679718,0.9867878559491026,0.7577738047400215,0.9957563357831952,2013.92578125,0.4916810989379883,0.0,0.28575462102890015
qwen,flickr30k,final_quarter,False,0,0.0,0,0,0,23,2.0,4096,0.0003,True,1.5,1024,512,1200,0.6028058528900146,0.5864682360246661,0.618533406642382,-0.9658203125,0.00048828125,0.0166015625,0.98291015625,0.2988356649875641,0.3039701581001282,0.08325837939979594,3890.321459638848,0.555878221988678,0.3299429714679718,0.9867878559491026,0.7577738047400215,0.9957563357831952,2013.92578125,0.4916810989379883,0.0,0.28575462102890015
qwen,flickr30k,final_quarter,False,0,0.0,0,0,0,23,2.0,4096,0.001,False,1.1,1024,512,1200,0.07651574909687042,0.07386152145008965,0.07909080774161338,-0.013427734375,0.039306640625,0.05322265625,0.10595703125,0.03927025943994522,0.0372454971075058,0.8615217691767397,621.2593576014382,0.11878415942192078,0.05079977214336395,0.9943477743587507,0.9382243095978262,0.9990854482271706,563.677734375,0.13761663436889648,0.803955078125,0.05905204638838768
qwen,flickr30k,final_quarter,False,0,0.0,0,0,0,23,2.0,4096,0.001,False,1.25,1024,512,1200,0.07651574909687042,0.07386152145008965,0.07909080774161338,-0.104736328125,0.019287109375,0.027587890625,0.151611328125,0.03927025943994522,0.0372454971075058,0.8615217691767397,621.2593576014382,0.11878415942192078,0.05079977214336395,0.9943477743587507,0.9382243095978262,0.9990854482271706,563.677734375,0.13761663436889648,0.803955078125,0.05905204638838768
qwen,flickr30k,final_quarter,False,0,0.0,0,0,0,23,2.0,4096,0.001,False,1.5,1024,512,1200,0.07651574909687042,0.07386152145008965,0.07909080774161338,-0.134521484375,0.01025390625,0.021728515625,0.16650390625,0.03927025943994522,0.0372454971075058,0.8615217691767397,621.2593576014382,0.11878415942192078,0.05079977214336395,0.9943477743587507,0.9382243095978262,0.9990854482271706,563.677734375,0.13761663436889648,0.803955078125,0.05905204638838768
qwen,flickr30k,final_quarter,False,0,0.0,0,0,0,23,2.0,4096,0.001,True,1.1,1024,512,1200,0.589930534362793,0.5740932430198882,0.604871458740672,0.00244140625,0.289794921875,0.21142578125,0.498779296875,0.29385513067245483,0.29607540369033813,0.08359710702064459,3870.3817916126986,0.5231696963310242,0.32240206003189087,0.9932908754190994,0.7588112257928235,0.9957825594315067,2013.130859375,0.4914870262145996,0.0,0.2801072299480438
qwen,flickr30k,final_quarter,False,0,0.0,0,0,0,23,2.0,4096,0.001,True,1.25,1024,512,1200,0.589930534362793,0.5740932430198882,0.604871458740672,-0.7705078125,0.0537109375,0.06103515625,0.88525390625,0.29385513067245483,0.29607540369033813,0.08359710702064459,3870.3817916126986,0.5231696963310242,0.32240206003189087,0.9932908754190994,0.7588112257928235,0.9957825594315067,2013.130859375,0.4914870262145996,0.0,0.2801072299480438
qwen,flickr30k,final_quarter,False,0,0.0,0,0,0,23,2.0,4096,0.001,True,1.5,1024,512,1200,0.589930534362793,0.5740932430198882,0.604871458740672,-0.966796875,0.000244140625,0.016357421875,0.9833984375,0.29385513067245483,0.29607540369033813,0.08359710702064459,3870.3817916126986,0.5231696963310242,0.32240206003189087,0.9932908754190994,0.7588112257928235,0.9957825594315067,2013.130859375,0.4914870262145996,0.0,0.2801072299480438
qwen,flickr30k,final_quarter,False,0,0.0,0,0,0,23,4.0,4096,0.0003,False,1.1,1024,512,1200,0.07804609090089798,0.07533022778925443,0.08067484914790839,-0.01025390625,0.038818359375,0.0556640625,0.104736328125,0.04008360579609871,0.03796248883008957,0.8615920443637157,620.4074786998382,0.12210001796483994,0.05496588349342346,0.9943566702461081,0.9388509942256856,0.9988884523803603,568.15625,0.13871002197265625,0.80322265625,0.06160203740000725
qwen,flickr30k,final_quarter,False,0,0.0,0,0,0,23,4.0,4096,0.0003,False,1.25,1024,512,1200,0.07804609090089798,0.07533022778925443,0.08067484914790839,-0.1064453125,0.018798828125,0.027587890625,0.15283203125,0.04008360579609871,0.03796248883008957,0.8615920443637157,620.4074786998382,0.12210001796483994,0.05496588349342346,0.9943566702461081,0.9388509942256856,0.9988884523803603,568.15625,0.13871002197265625,0.80322265625,0.06160203740000725
qwen,flickr30k,final_quarter,False,0,0.0,0,0,0,23,4.0,4096,0.0003,False,1.5,1024,512,1200,0.07804609090089798,0.07533022778925443,0.08067484914790839,-0.13720703125,0.00927734375,0.021728515625,0.168212890625,0.04008360579609871,0.03796248883008957,0.8615920443637157,620.4074786998382,0.12210001796483994,0.05496588349342346,0.9943566702461081,0.9388509942256856,0.9988884523803603,568.15625,0.13871002197265625,0.80322265625,0.06160203740000725
qwen,flickr30k,final_quarter,False,0,0.0,0,0,0,23,4.0,4096,0.0003,True,1.1,1024,512,1200,0.6028058528900146,0.5864682360246661,0.618533406642382,-0.013671875,0.304931640625,0.188232421875,0.5068359375,0.2988356649875641,0.3039701581001282,0.08325837939979594,3890.321459638848,0.555878221988678,0.3299429714679718,0.9867878559491026,0.7577738047400215,0.9957563357831952,2013.92578125,0.4916810989379883,0.0,0.28575462102890015
qwen,flickr30k,final_quarter,False,0,0.0,0,0,0,23,4.0,4096,0.0003,True,1.25,1024,512,1200,0.6028058528900146,0.5864682360246661,0.618533406642382,-0.76025390625,0.059814453125,0.06005859375,0.880126953125,0.2988356649875641,0.3039701581001282,0.08325837939979594,3890.321459638848,0.555878221988678,0.3299429714679718,0.9867878559491026,0.7577738047400215,0.9957563357831952,2013.92578125,0.4916810989379883,0.0,0.28575462102890015
qwen,flickr30k,final_quarter,False,0,0.0,0,0,0,23,4.0,4096,0.0003,True,1.5,1024,512,1200,0.6028058528900146,0.5864682360246661,0.618533406642382,-0.9658203125,0.00048828125,0.0166015625,0.98291015625,0.2988356649875641,0.3039701581001282,0.08325837939979594,3890.321459638848,0.555878221988678,0.3299429714679718,0.9867878559491026,0.7577738047400215,0.9957563357831952,2013.92578125,0.4916810989379883,0.0,0.28575462102890015
qwen,flickr30k,final_quarter,False,0,0.0,0,0,0,23,4.0,4096,0.001,False,1.1,1024,512,1200,0.07651574909687042,0.07386152145008965,0.07909080774161338,-0.013427734375,0.039306640625,0.05322265625,0.10595703125,0.03927025943994522,0.0372454971075058,0.8615217691767397,621.2593576014382,0.11878415942192078,0.05079977214336395,0.9943477743587507,0.9382243095978262,0.9990854482271706,563.677734375,0.13761663436889648,0.803955078125,0.05905204638838768
qwen,flickr30k,final_quarter,False,0,0.0,0,0,0,23,4.0,4096,0.001,False,1.25,1024,512,1200,0.07651574909687042,0.07386152145008965,0.07909080774161338,-0.104736328125,0.019287109375,0.027587890625,0.151611328125,0.03927025943994522,0.0372454971075058,0.8615217691767397,621.2593576014382,0.11878415942192078,0.05079977214336395,0.9943477743587507,0.9382243095978262,0.9990854482271706,563.677734375,0.13761663436889648,0.803955078125,0.05905204638838768
qwen,flickr30k,final_quarter,False,0,0.0,0,0,0,23,4.0,4096,0.001,False,1.5,1024,512,1200,0.07651574909687042,0.07386152145008965,0.07909080774161338,-0.134521484375,0.01025390625,0.021728515625,0.16650390625,0.03927025943994522,0.0372454971075058,0.8615217691767397,621.2593576014382,0.11878415942192078,0.05079977214336395,0.9943477743587507,0.9382243095978262,0.9990854482271706,563.677734375,0.13761663436889648,0.803955078125,0.05905204638838768
qwen,flickr30k,final_quarter,False,0,0.0,0,0,0,23,4.0,4096,0.001,True,1.1,1024,512,1200,0.589930534362793,0.5740932430198882,0.604871458740672,0.00244140625,0.289794921875,0.21142578125,0.498779296875,0.29385513067245483,0.29607540369033813,0.08359710702064459,3870.3817916126986,0.5231696963310242,0.32240206003189087,0.9932908754190994,0.7588112257928235,0.9957825594315067,2013.130859375,0.4914870262145996,0.0,0.2801072299480438
qwen,flickr30k,final_quarter,False,0,0.0,0,0,0,23,4.0,4096,0.001,True,1.25,1024,512,1200,0.589930534362793,0.5740932430198882,0.604871458740672,-0.7705078125,0.0537109375,0.06103515625,0.88525390625,0.29385513067245483,0.29607540369033813,0.08359710702064459,3870.3817916126986,0.5231696963310242,0.32240206003189087,0.9932908754190994,0.7588112257928235,0.9957825594315067,2013.130859375,0.4914870262145996,0.0,0.2801072299480438
qwen,flickr30k,final_quarter,False,0,0.0,0,0,0,23,4.0,4096,0.001,True,1.5,1024,512,1200,0.589930534362793,0.5740932430198882,0.604871458740672,-0.966796875,0.000244140625,0.016357421875,0.9833984375,0.29385513067245483,0.29607540369033813,0.08359710702064459,3870.3817916126986,0.5231696963310242,0.32240206003189087,0.9932908754190994,0.7588112257928235,0.9957825594315067,2013.130859375,0.4914870262145996,0.0,0.2801072299480438
qwen,flickr30k,final_quarter,False,0,0.0,0,0,0,37,2.0,4096,0.0003,False,1.1,1024,512,1200,0.07586592435836792,0.07340393172789846,0.07845714839995707,-0.00634765625,0.02978515625,0.0576171875,0.09375,0.03928578644990921,0.03658013790845871,0.8749816128837333,560.4572436875218,0.1227731928229332,0.0544566735625267,0.9930244272731762,0.9373988381163895,0.9976598275036426,518.6171875,0.1266155242919922,0.821044921875,0.060839101672172546
qwen,flickr30k,final_quarter,False,0,0.0,0,0,0,37,2.0,4096,0.0003,False,1.25,1024,512,1200,0.07586592435836792,0.07340393172789846,0.07845714839995707,-0.091796875,0.01416015625,0.030517578125,0.136474609375,0.03928578644990921,0.03658013790845871,0.8749816128837333,560.4572436875218,0.1227731928229332,0.0544566735625267,0.9930244272731762,0.9373988381163895,0.9976598275036426,518.6171875,0.1266155242919922,0.821044921875,0.060839101672172546
qwen,flickr30k,final_quarter,False,0,0.0,0,0,0,37,2.0,4096,0.0003,False,1.5,1024,512,1200,0.07586592435836792,0.07340393172789846,0.07845714839995707,-0.11865234375,0.005615234375,0.025634765625,0.14990234375,0.03928578644990921,0.03658013790845871,0.8749816128837333,560.4572436875218,0.1227731928229332,0.0544566735625267,0.9930244272731762,0.9373988381163895,0.9976598275036426,518.6171875,0.1266155242919922,0.821044921875,0.060839101672172546
qwen,flickr30k,final_quarter,False,0,0.0,0,0,0,37,2.0,4096,0.0003,True,1.1,1024,512,1200,0.5920584201812744,0.5769576470760512,0.6083641437158803,0.0341796875,0.258056640625,0.259033203125,0.48291015625,0.297152578830719,0.2949059009552002,0.08480787604959594,3841.9286554036034,0.5107523798942566,0.32427743077278137,0.9785698424833049,0.7478099260332514,0.9961026926952871,2025.712890625,0.49455881118774414,0.0,0.28340262174606323
qwen,flickr30k,final_quarter,False,0,0.0,0,0,0,37,2.0,4096,0.0003,True,1.25,1024,512,1200,0.5920584201812744,0.5769576470760512,0.6083641437158803,-0.71923828125,0.04833984375,0.092041015625,0.859619140625,0.297152578830719,0.2949059009552002,0.08480787604959594,3841.9286554036034,0.5107523798942566,0.32427743077278137,0.9785698424833049,0.7478099260332514,0.9961026926952871,2025.712890625,0.49455881118774414,0.0,0.28340262174606323
qwen,flickr30k,final_quarter,False,0,0.0,0,0,0,37,2.0,4096,0.0003,True,1.5,1024,512,1200,0.5920584201812744,0.5769576470760512,0.6083641437158803,-0.95751953125,0.00146484375,0.019775390625,0.978759765625,0.297152578830719,0.2949059009552002,0.08480787604959594,3841.9286554036034,0.5107523798942566,0.32427743077278137,0.9785698424833049,0.7478099260332514,0.9961026926952871,2025.712890625,0.49455881118774414,0.0,0.28340262174606323
qwen,flickr30k,final_quarter,False,0,0.0,0,0,0,37,2.0,4096,0.001,False,1.1,1024,512,1200,0.07442837208509445,0.07201102568997157,0.07696073168654038,-0.010986328125,0.029052734375,0.05615234375,0.09619140625,0.03847872465848923,0.03594965487718582,0.8743081631056856,564.0722906608329,0.11911109834909439,0.05086977779865265,0.9933043511307365,0.9369735585776433,0.9984964768293175,516.232421875,0.12603330612182617,0.82080078125,0.05843601003289223
qwen,flickr30k,final_quarter,False,0,0.0,0,0,0,37,2.0,4096,0.001,False,1.25,1024,512,1200,0.07442837208509445,0.07201102568997157,0.07696073168654038,-0.091552734375,0.01513671875,0.02978515625,0.136474609375,0.03847872465848923,0.03594965487718582,0.8743081631056856,564.0722906608329,0.11911109834909439,0.05086977779865265,0.9933043511307365,0.9369735585776433,0.9984964768293175,516.232421875,0.12603330612182617,0.82080078125,0.05843601003289223
qwen,flickr30k,final_quarter,False,0,0.0,0,0,0,37,2.0,4096,0.001,False,1.5,1024,512,1200,0.07442837208509445,0.07201102568997157,0.07696073168654038,-0.120361328125,0.005126953125,0.025390625,0.15087890625,0.03847872465848923,0.03594965487718582,0.8743081631056856,564.0722906608329,0.11911109834909439,0.05086977779865265,0.9933043511307365,0.9369735585776433,0.9984964768293175,516.232421875,0.12603330612182617,0.82080078125,0.05843601003289223
qwen,flickr30k,final_quarter,False,0,0.0,0,0,0,37,2.0,4096,0.001,True,1.1,1024,512,1200,0.581453800201416,0.5671030382451135,0.5968996578012593,0.02734375,0.25634765625,0.25732421875,0.486328125,0.2912980020046234,0.2901557683944702,0.08292553952604399,3833.9936184048115,0.4881201386451721,0.3224320411682129,0.98868780306722,0.7518185645856655,0.9977550197969428,2025.494140625,0.4945054054260254,0.0,0.27788060903549194
qwen,flickr30k,final_quarter,False,0,0.0,0,0,0,37,2.0,4096,0.001,True,1.25,1024,512,1200,0.581453800201416,0.5671030382451135,0.5968996578012593,-0.744140625,0.05224609375,0.07568359375,0.8720703125,0.2912980020046234,0.2901557683944702,0.08292553952604399,3833.9936184048115,0.4881201386451721,0.3224320411682129,0.98868780306722,0.7518185645856655,0.9977550197969428,2025.494140625,0.4945054054260254,0.0,0.27788060903549194
qwen,flickr30k,final_quarter,False,0,0.0,0,0,0,37,2.0,4096,0.001,True,1.5,1024,512,1200,0.581453800201416,0.5671030382451135,0.5968996578012593,-0.966796875,0.001708984375,0.014892578125,0.9833984375,0.2912980020046234,0.2901557683944702,0.08292553952604399,3833.9936184048115,0.4881201386451721,0.3224320411682129,0.98868780306722,0.7518185645856655,0.9977550197969428,2025.494140625,0.4945054054260254,0.0,0.27788060903549194
qwen,flickr30k,final_quarter,False,0,0.0,0,0,0,37,4.0,4096,0.0003,False,1.1,1024,512,1200,0.07586592435836792,0.07340393172789846,0.07845714839995707,-0.00634765625,0.02978515625,0.0576171875,0.09375,0.03928578644990921,0.03658013790845871,0.8749816128837333,560.4572436875218,0.1227731928229332,0.0544566735625267,0.9930244272731762,0.9373988381163895,0.9976598275036426,518.6171875,0.1266155242919922,0.821044921875,0.060839101672172546
qwen,flickr30k,final_quarter,False,0,0.0,0,0,0,37,4.0,4096,0.0003,False,1.25,1024,512,1200,0.07586592435836792,0.07340393172789846,0.07845714839995707,-0.091796875,0.01416015625,0.030517578125,0.136474609375,0.03928578644990921,0.03658013790845871,0.8749816128837333,560.4572436875218,0.1227731928229332,0.0544566735625267,0.9930244272731762,0.9373988381163895,0.9976598275036426,518.6171875,0.1266155242919922,0.821044921875,0.060839101672172546
qwen,flickr30k,final_quarter,False,0,0.0,0,0,0,37,4.0,4096,0.0003,False,1.5,1024,512,1200,0.07586592435836792,0.07340393172789846,0.07845714839995707,-0.11865234375,0.005615234375,0.025634765625,0.14990234375,0.03928578644990921,0.03658013790845871,0.8749816128837333,560.4572436875218,0.1227731928229332,0.0544566735625267,0.9930244272731762,0.9373988381163895,0.9976598275036426,518.6171875,0.1266155242919922,0.821044921875,0.060839101672172546
qwen,flickr30k,final_quarter,False,0,0.0,0,0,0,37,4.0,4096,0.0003,True,1.1,1024,512,1200,0.5920584201812744,0.5769576470760512,0.6083641437158803,0.0341796875,0.258056640625,0.259033203125,0.48291015625,0.297152578830719,0.2949059009552002,0.08480787604959594,3841.9286554036034,0.5107523798942566,0.32427743077278137,0.9785698424833049,0.7478099260332514,0.9961026926952871,2025.712890625,0.49455881118774414,0.0,0.28340262174606323
qwen,flickr30k,final_quarter,False,0,0.0,0,0,0,37,4.0,4096,0.0003,True,1.25,1024,512,1200,0.5920584201812744,0.5769576470760512,0.6083641437158803,-0.71923828125,0.04833984375,0.092041015625,0.859619140625,0.297152578830719,0.2949059009552002,0.08480787604959594,3841.9286554036034,0.5107523798942566,0.32427743077278137,0.9785698424833049,0.7478099260332514,0.9961026926952871,2025.712890625,0.49455881118774414,0.0,0.28340262174606323
qwen,flickr30k,final_quarter,False,0,0.0,0,0,0,37,4.0,4096,0.0003,True,1.5,1024,512,1200,0.5920584201812744,0.5769576470760512,0.6083641437158803,-0.95751953125,0.00146484375,0.019775390625,0.978759765625,0.297152578830719,0.2949059009552002,0.08480787604959594,3841.9286554036034,0.5107523798942566,0.32427743077278137,0.9785698424833049,0.7478099260332514,0.9961026926952871,2025.712890625,0.49455881118774414,0.0,0.28340262174606323
qwen,flickr30k,final_quarter,False,0,0.0,0,0,0,37,4.0,4096,0.001,False,1.1,1024,512,1200,0.07442837208509445,0.07201102568997157,0.07696073168654038,-0.010986328125,0.029052734375,0.05615234375,0.09619140625,0.03847872465848923,0.03594965487718582,0.8743081631056856,564.0722906608329,0.11911109834909439,0.05086977779865265,0.9933043511307365,0.9369735585776433,0.9984964768293175,516.232421875,0.12603330612182617,0.82080078125,0.05843601003289223
qwen,flickr30k,final_quarter,False,0,0.0,0,0,0,37,4.0,4096,0.001,False,1.25,1024,512,1200,0.07442837208509445,0.07201102568997157,0.07696073168654038,-0.091552734375,0.01513671875,0.02978515625,0.136474609375,0.03847872465848923,0.03594965487718582,0.8743081631056856,564.0722906608329,0.11911109834909439,0.05086977779865265,0.9933043511307365,0.9369735585776433,0.9984964768293175,516.232421875,0.12603330612182617,0.82080078125,0.05843601003289223
qwen,flickr30k,final_quarter,False,0,0.0,0,0,0,37,4.0,4096,0.001,False,1.5,1024,512,1200,0.07442837208509445,0.07201102568997157,0.07696073168654038,-0.120361328125,0.005126953125,0.025390625,0.15087890625,0.03847872465848923,0.03594965487718582,0.8743081631056856,564.0722906608329,0.11911109834909439,0.05086977779865265,0.9933043511307365,0.9369735585776433,0.9984964768293175,516.232421875,0.12603330612182617,0.82080078125,0.05843601003289223
qwen,flickr30k,final_quarter,False,0,0.0,0,0,0,37,4.0,4096,0.001,True,1.1,1024,512,1200,0.581453800201416,0.5671030382451135,0.5968996578012593,0.02734375,0.25634765625,0.25732421875,0.486328125,0.2912980020046234,0.2901557683944702,0.08292553952604399,3833.9936184048115,0.4881201386451721,0.3224320411682129,0.98868780306722,0.7518185645856655,0.9977550197969428,2025.494140625,0.4945054054260254,0.0,0.27788060903549194
qwen,flickr30k,final_quarter,False,0,0.0,0,0,0,37,4.0,4096,0.001,True,1.25,1024,512,1200,0.581453800201416,0.5671030382451135,0.5968996578012593,-0.744140625,0.05224609375,0.07568359375,0.8720703125,0.2912980020046234,0.2901557683944702,0.08292553952604399,3833.9936184048115,0.4881201386451721,0.3224320411682129,0.98868780306722,0.7518185645856655,0.9977550197969428,2025.494140625,0.4945054054260254,0.0,0.27788060903549194
qwen,flickr30k,final_quarter,False,0,0.0,0,0,0,37,4.0,4096,0.001,True,1.5,1024,512,1200,0.581453800201416,0.5671030382451135,0.5968996578012593,-0.966796875,0.001708984375,0.014892578125,0.9833984375,0.2912980020046234,0.2901557683944702,0.08292553952604399,3833.9936184048115,0.4881201386451721,0.3224320411682129,0.98868780306722,0.7518185645856655,0.9977550197969428,2025.494140625,0.4945054054260254,0.0,0.27788060903549194
qwen,flickr30k,final_quarter,False,1,0.14285714285714285,5,5,5,11,2.0,4096,0.0003,False,1.1,1024,512,1200,0.10991740226745605,0.10772487159665615,0.11261702746651281,0.158935546875,0.013671875,0.171875,0.026611328125,0.06220925599336624,0.04770815372467041,0.849668823386488,668.3944147696078,0.1496148705482483,0.10510627925395966,0.9952916233683616,0.971135460122193,0.997633219411623,643.146484375,0.15701818466186523,0.795166015625,0.10834148526191711
qwen,flickr30k,final_quarter,False,1,0.14285714285714285,5,5,5,11,2.0,4096,0.0003,False,1.25,1024,512,1200,0.10991740226745605,0.10772487159665615,0.11261702746651281,0.025146484375,0.00927734375,0.109375,0.093505859375,0.06220925599336624,0.04770815372467041,0.849668823386488,668.3944147696078,0.1496148705482483,0.10510627925395966,0.9952916233683616,0.971135460122193,0.997633219411623,643.146484375,0.15701818466186523,0.795166015625,0.10834148526191711
qwen,flickr30k,final_quarter,False,1,0.14285714285714285,5,5,5,11,2.0,4096,0.0003,False,1.5,1024,512,1200,0.10991740226745605,0.10772487159665615,0.11261702746651281,-0.135986328125,0.00537109375,0.03271484375,0.174072265625,0.06220925599336624,0.04770815372467041,0.849668823386488,668.3944147696078,0.1496148705482483,0.10510627925395966,0.9952916233683616,0.971135460122193,0.997633219411623,643.146484375,0.15701818466186523,0.795166015625,0.10834148526191711
qwen,flickr30k,final_quarter,False,1,0.14285714285714285,5,5,5,11,2.0,4096,0.0003,True,1.1,1024,512,1200,0.6310595273971558,0.6216505286589381,0.6426793488222756,0.52294921875,0.015625,0.745849609375,0.238525390625,0.34691762924194336,0.2841419279575348,0.07548871856585936,3940.894942275445,0.490244060754776,0.3273884952068329,0.9931980418154035,0.7212035034589555,0.9901212635747174,1967.75,0.48040771484375,0.0,0.3018053472042084
qwen,flickr30k,final_quarter,False,1,0.14285714285714285,5,5,5,11,2.0,4096,0.0003,True,1.25,1024,512,1200,0.6310595273971558,0.6216505286589381,0.6426793488222756,-0.19091796875,0.00146484375,0.403076171875,0.595458984375,0.34691762924194336,0.2841419279575348,0.07548871856585936,3940.894942275445,0.490244060754776,0.3273884952068329,0.9931980418154035,0.7212035034589555,0.9901212635747174,1967.75,0.48040771484375,0.0,0.3018053472042084
qwen,flickr30k,final_quarter,False,1,0.14285714285714285,5,5,5,11,2.0,4096,0.0003,True,1.5,1024,512,1200,0.6310595273971558,0.6216505286589381,0.6426793488222756,-0.8046875,0.0,0.09765625,0.90234375,0.34691762924194336,0.2841419279575348,0.07548871856585936,3940.894942275445,0.490244060754776,0.3273884952068329,0.9931980418154035,0.7212035034589555,0.9901212635747174,1967.75,0.48040771484375,0.0,0.3018053472042084
qwen,flickr30k,final_quarter,False,1,0.14285714285714285,5,5,5,11,2.0,4096,0.001,False,1.1,1024,512,1200,0.10853360593318939,0.10638071310404484,0.11119554940323724,0.15673828125,0.013671875,0.1708984375,0.02783203125,0.061322279274463654,0.047211334109306335,0.8499215070655134,667.0297790886702,0.14652971923351288,0.10097287595272064,0.9952731687458874,0.9708625944074714,0.9973998993470999,640.04296875,0.15626049041748047,0.79541015625,0.10525696724653244
qwen,flickr30k,final_quarter,False,1,0.14285714285714285,5,5,5,11,2.0,4096,0.001,False,1.25,1024,512,1200,0.10853360593318939,0.10638071310404484,0.11119554940323724,0.01953125,0.00927734375,0.106689453125,0.096435546875,0.061322279274463654,0.047211334109306335,0.8499215070655134,667.0297790886702,0.14652971923351288,0.10097287595272064,0.9952731687458874,0.9708625944074714,0.9973998993470999,640.04296875,0.15626049041748047,0.79541015625,0.10525696724653244
qwen,flickr30k,final_quarter,False,1,0.14285714285714285,5,5,5,11,2.0,4096,0.001,False,1.5,1024,512,1200,0.10853360593318939,0.10638071310404484,0.11119554940323724,-0.13623046875,0.005859375,0.0322265625,0.17431640625,0.061322279274463654,0.047211334109306335,0.8499215070655134,667.0297790886702,0.14652971923351288,0.10097287595272064,0.9952731687458874,0.9708625944074714,0.9973998993470999,640.04296875,0.15626049041748047,0.79541015625,0.10525696724653244
qwen,flickr30k,final_quarter,False,1,0.14285714285714285,5,5,5,11,2.0,4096,0.001,True,1.1,1024,512,1200,0.6258339881896973,0.6163182785196113,0.6376404838723829,0.5087890625,0.01953125,0.73486328125,0.24560546875,0.34363746643066406,0.2821965217590332,0.07508071249337953,3946.699150444792,0.49050936102867126,0.32238420844078064,0.993069331204359,0.7217885432958124,0.9891845169283293,1961.1484375,0.47879600524902344,0.0,0.29862579703330994
qwen,flickr30k,final_quarter,False,1,0.14285714285714285,5,5,5,11,2.0,4096,0.001,True,1.25,1024,512,1200,0.6258339881896973,0.6163182785196113,0.6376404838723829,-0.19873046875,0.00146484375,0.399169921875,0.599365234375,0.34363746643066406,0.2821965217590332,0.07508071249337953,3946.699150444792,0.49050936102867126,0.32238420844078064,0.993069331204359,0.7217885432958124,0.9891845169283293,1961.1484375,0.47879600524902344,0.0,0.29862579703330994
qwen,flickr30k,final_quarter,False,1,0.14285714285714285,5,5,5,11,2.0,4096,0.001,True,1.5,1024,512,1200,0.6258339881896973,0.6163182785196113,0.6376404838723829,-0.7958984375,0.0,0.10205078125,0.89794921875,0.34363746643066406,0.2821965217590332,0.07508071249337953,3946.699150444792,0.49050936102867126,0.32238420844078064,0.993069331204359,0.7217885432958124,0.9891845169283293,1961.1484375,0.47879600524902344,0.0,0.29862579703330994
qwen,flickr30k,final_quarter,False,1,0.14285714285714285,5,5,5,11,4.0,4096,0.0003,False,1.1,1024,512,1200,0.10991740226745605,0.10772487159665615,0.11261702746651281,0.158935546875,0.013671875,0.171875,0.026611328125,0.06220925599336624,0.04770815372467041,0.849668823386488,668.3944147696078,0.1496148705482483,0.10510627925395966,0.9952916233683616,0.971135460122193,0.997633219411623,643.146484375,0.15701818466186523,0.795166015625,0.10834148526191711
qwen,flickr30k,final_quarter,False,1,0.14285714285714285,5,5,5,11,4.0,4096,0.0003,False,1.25,1024,512,1200,0.10991740226745605,0.10772487159665615,0.11261702746651281,0.025146484375,0.00927734375,0.109375,0.093505859375,0.06220925599336624,0.04770815372467041,0.849668823386488,668.3944147696078,0.1496148705482483,0.10510627925395966,0.9952916233683616,0.971135460122193,0.997633219411623,643.146484375,0.15701818466186523,0.795166015625,0.10834148526191711
qwen,flickr30k,final_quarter,False,1,0.14285714285714285,5,5,5,11,4.0,4096,0.0003,False,1.5,1024,512,1200,0.10991740226745605,0.10772487159665615,0.11261702746651281,-0.135986328125,0.00537109375,0.03271484375,0.174072265625,0.06220925599336624,0.04770815372467041,0.849668823386488,668.3944147696078,0.1496148705482483,0.10510627925395966,0.9952916233683616,0.971135460122193,0.997633219411623,643.146484375,0.15701818466186523,0.795166015625,0.10834148526191711
qwen,flickr30k,final_quarter,False,1,0.14285714285714285,5,5,5,11,4.0,4096,0.0003,True,1.1,1024,512,1200,0.6310595273971558,0.6216505286589381,0.6426793488222756,0.52294921875,0.015625,0.745849609375,0.238525390625,0.34691762924194336,0.2841419279575348,0.07548871856585936,3940.894942275445,0.490244060754776,0.3273884952068329,0.9931980418154035,0.7212035034589555,0.9901212635747174,1967.75,0.48040771484375,0.0,0.3018053472042084
qwen,flickr30k,final_quarter,False,1,0.14285714285714285,5,5,5,11,4.0,4096,0.0003,True,1.25,1024,512,1200,0.6310595273971558,0.6216505286589381,0.6426793488222756,-0.19091796875,0.00146484375,0.403076171875,0.595458984375,0.34691762924194336,0.2841419279575348,0.07548871856585936,3940.894942275445,0.490244060754776,0.3273884952068329,0.9931980418154035,0.7212035034589555,0.9901212635747174,1967.75,0.48040771484375,0.0,0.3018053472042084
qwen,flickr30k,final_quarter,False,1,0.14285714285714285,5,5,5,11,4.0,4096,0.0003,True,1.5,1024,512,1200,0.6310595273971558,0.6216505286589381,0.6426793488222756,-0.8046875,0.0,0.09765625,0.90234375,0.34691762924194336,0.2841419279575348,0.07548871856585936,3940.894942275445,0.490244060754776,0.3273884952068329,0.9931980418154035,0.7212035034589555,0.9901212635747174,1967.75,0.48040771484375,0.0,0.3018053472042084
qwen,flickr30k,final_quarter,False,1,0.14285714285714285,5,5,5,11,4.0,4096,0.001,False,1.1,1024,512,1200,0.10853360593318939,0.10638071310404484,0.11119554940323724,0.15673828125,0.013671875,0.1708984375,0.02783203125,0.061322279274463654,0.047211334109306335,0.8499215070655134,667.0297790886702,0.14652971923351288,0.10097287595272064,0.9952731687458874,0.9708625944074714,0.9973998993470999,640.04296875,0.15626049041748047,0.79541015625,0.10525696724653244
qwen,flickr30k,final_quarter,False,1,0.14285714285714285,5,5,5,11,4.0,4096,0.001,False,1.25,1024,512,1200,0.10853360593318939,0.10638071310404484,0.11119554940323724,0.01953125,0.00927734375,0.106689453125,0.096435546875,0.061322279274463654,0.047211334109306335,0.8499215070655134,667.0297790886702,0.14652971923351288,0.10097287595272064,0.9952731687458874,0.9708625944074714,0.9973998993470999,640.04296875,0.15626049041748047,0.79541015625,0.10525696724653244
qwen,flickr30k,final_quarter,False,1,0.14285714285714285,5,5,5,11,4.0,4096,0.001,False,1.5,1024,512,1200,0.10853360593318939,0.10638071310404484,0.11119554940323724,-0.13623046875,0.005859375,0.0322265625,0.17431640625,0.061322279274463654,0.047211334109306335,0.8499215070655134,667.0297790886702,0.14652971923351288,0.10097287595272064,0.9952731687458874,0.9708625944074714,0.9973998993470999,640.04296875,0.15626049041748047,0.79541015625,0.10525696724653244
qwen,flickr30k,final_quarter,False,1,0.14285714285714285,5,5,5,11,4.0,4096,0.001,True,1.1,1024,512,1200,0.6258339881896973,0.6163182785196113,0.6376404838723829,0.5087890625,0.01953125,0.73486328125,0.24560546875,0.34363746643066406,0.2821965217590332,0.07508071249337953,3946.699150444792,0.49050936102867126,0.32238420844078064,0.993069331204359,0.7217885432958124,0.9891845169283293,1961.1484375,0.47879600524902344,0.0,0.29862579703330994
qwen,flickr30k,final_quarter,False,1,0.14285714285714285,5,5,5,11,4.0,4096,0.001,True,1.25,1024,512,1200,0.6258339881896973,0.6163182785196113,0.6376404838723829,-0.19873046875,0.00146484375,0.399169921875,0.599365234375,0.34363746643066406,0.2821965217590332,0.07508071249337953,3946.699150444792,0.49050936102867126,0.32238420844078064,0.993069331204359,0.7217885432958124,0.9891845169283293,1961.1484375,0.47879600524902344,0.0,0.29862579703330994
qwen,flickr30k,final_quarter,False,1,0.14285714285714285,5,5,5,11,4.0,4096,0.001,True,1.5,1024,512,1200,0.6258339881896973,0.6163182785196113,0.6376404838723829,-0.7958984375,0.0,0.10205078125,0.89794921875,0.34363746643066406,0.2821965217590332,0.07508071249337953,3946.699150444792,0.49050936102867126,0.32238420844078064,0.993069331204359,0.7217885432958124,0.9891845169283293,1961.1484375,0.47879600524902344,0.0,0.29862579703330994
qwen,flickr30k,final_quarter,False,1,0.14285714285714285,5,5,5,23,2.0,4096,0.0003,False,1.1,1024,512,1200,0.11182887852191925,0.10896886650589295,0.11478632267899229,0.15771484375,0.0146484375,0.173583984375,0.030517578125,0.06327380985021591,0.04855506867170334,0.8435665992074994,696.043120691376,0.15205593407154083,0.10408435761928558,0.995497214232042,0.9707902102825754,0.9980845820947576,668.046875,0.16309738159179688,0.787841796875,0.10943591594696045
qwen,flickr30k,final_quarter,False,1,0.14285714285714285,5,5,5,23,2.0,4096,0.0003,False,1.25,1024,512,1200,0.11182887852191925,0.10896886650589295,0.11478632267899229,0.01318359375,0.009765625,0.106201171875,0.102783203125,0.06327380985021591,0.04855506867170334,0.8435665992074994,696.043120691376,0.15205593407154083,0.10408435761928558,0.995497214232042,0.9707902102825754,0.9980845820947576,668.046875,0.16309738159179688,0.787841796875,0.10943591594696045
qwen,flickr30k,final_quarter,False,1,0.14285714285714285,5,5,5,23,2.0,4096,0.0003,False,1.5,1024,512,1200,0.11182887852191925,0.10896886650589295,0.11478632267899229,-0.1328125,0.00732421875,0.03564453125,0.17578125,0.06327380985021591,0.04855506867170334,0.8435665992074994,696.043120691376,0.15205593407154083,0.10408435761928558,0.995497214232042,0.9707902102825754,0.9980845820947576,668.046875,0.16309738159179688,0.787841796875,0.10943591594696045
qwen,flickr30k,final_quarter,False,1,0.14285714285714285,5,5,5,23,2.0,4096,0.0003,True,1.1,1024,512,1200,0.6351941227912903,0.6237570169236278,0.6471894269459881,0.50439453125,0.01806640625,0.734130859375,0.247802734375,0.34885090589523315,0.28634321689605713,0.07194371194658547,3908.2528685944376,0.4890984296798706,0.3267427384853363,0.990337360578796,0.7189613412270578,0.9963537340634409,1971.98046875,0.48144054412841797,0.0,0.3032103478908539
qwen,flickr30k,final_quarter,False,1,0.14285714285714285,5,5,5,23,2.0,4096,0.0003,True,1.25,1024,512,1200,0.6351941227912903,0.6237570169236278,0.6471894269459881,-0.20361328125,0.0009765625,0.397216796875,0.601806640625,0.34885090589523315,0.28634321689605713,0.07194371194658547,3908.2528685944376,0.4890984296798706,0.3267427384853363,0.990337360578796,0.7189613412270578,0.9963537340634409,1971.98046875,0.48144054412841797,0.0,0.3032103478908539
qwen,flickr30k,final_quarter,False,1,0.14285714285714285,5,5,5,23,2.0,4096,0.0003,True,1.5,1024,512,1200,0.6351941227912903,0.6237570169236278,0.6471894269459881,-0.81689453125,0.0,0.091552734375,0.908447265625,0.34885090589523315,0.28634321689605713,0.07194371194658547,3908.2528685944376,0.4890984296798706,0.3267427384853363,0.990337360578796,0.7189613412270578,0.9963537340634409,1971.98046875,0.48144054412841797,0.0,0.3032103478908539
qwen,flickr30k,final_quarter,False,1,0.14285714285714285,5,5,5,23,2.0,4096,0.001,False,1.1,1024,512,1200,0.10962485522031784,0.10686551379476442,0.11249252012567013,0.158935546875,0.014404296875,0.174560546875,0.030029296875,0.06194887310266495,0.04767598211765289,0.8429705628529687,697.6092548287776,0.14702226221561432,0.1003120094537735,0.9956332408725661,0.9709880528678475,0.9980279186439079,661.41796875,0.16147899627685547,0.787353515625,0.1029323935508728
qwen,flickr30k,final_quarter,False,1,0.14285714285714285,5,5,5,23,2.0,4096,0.001,False,1.25,1024,512,1200,0.10962485522031784,0.10686551379476442,0.11249252012567013,0.013916015625,0.009765625,0.106689453125,0.1025390625,0.06194887310266495,0.04767598211765289,0.8429705628529687,697.6092548287776,0.14702226221561432,0.1003120094537735,0.9956332408725661,0.9709880528678475,0.9980279186439079,661.41796875,0.16147899627685547,0.787353515625,0.1029323935508728
qwen,flickr30k,final_quarter,False,1,0.14285714285714285,5,5,5,23,2.0,4096,0.001,False,1.5,1024,512,1200,0.10962485522031784,0.10686551379476442,0.11249252012567013,-0.135986328125,0.0068359375,0.03466796875,0.177490234375,0.06194887310266495,0.04767598211765289,0.8429705628529687,697.6092548287776,0.14702226221561432,0.1003120094537735,0.9956332408725661,0.9709880528678475,0.9980279186439079,661.41796875,0.16147899627685547,0.787353515625,0.1029323935508728
qwen,flickr30k,final_quarter,False,1,0.14285714285714285,5,5,5,23,2.0,4096,0.001,True,1.1,1024,512,1200,0.6288497447967529,0.6169782102369936,0.6410585499979788,0.50146484375,0.016357421875,0.734375,0.249267578125,0.3448147177696228,0.2840350270271301,0.07219206328825585,3924.6945056975087,0.4949024021625519,0.31946149468421936,0.9898588121604165,0.7196624178886997,0.9924300819116828,1960.728515625,0.47869348526000977,0.0,0.2990916967391968
qwen,flickr30k,final_quarter,False,1,0.14285714285714285,5,5,5,23,2.0,4096,0.001,True,1.25,1024,512,1200,0.6288497447967529,0.6169782102369936,0.6410585499979788,-0.220703125,0.00146484375,0.38818359375,0.6103515625,0.3448147177696228,0.2840350270271301,0.07219206328825585,3924.6945056975087,0.4949024021625519,0.31946149468421936,0.9898588121604165,0.7196624178886997,0.9924300819116828,1960.728515625,0.47869348526000977,0.0,0.2990916967391968
qwen,flickr30k,final_quarter,False,1,0.14285714285714285,5,5,5,23,2.0,4096,0.001,True,1.5,1024,512,1200,0.6288497447967529,0.6169782102369936,0.6410585499979788,-0.81982421875,0.0,0.090087890625,0.909912109375,0.3448147177696228,0.2840350270271301,0.07219206328825585,3924.6945056975087,0.4949024021625519,0.31946149468421936,0.9898588121604165,0.7196624178886997,0.9924300819116828,1960.728515625,0.47869348526000977,0.0,0.2990916967391968
qwen,flickr30k,final_quarter,False,1,0.14285714285714285,5,5,5,23,4.0,4096,0.0003,False,1.1,1024,512,1200,0.11182887852191925,0.10896886650589295,0.11478632267899229,0.15771484375,0.0146484375,0.173583984375,0.030517578125,0.06327380985021591,0.04855506867170334,0.8435665992074994,696.043120691376,0.15205593407154083,0.10408435761928558,0.995497214232042,0.9707902102825754,0.9980845820947576,668.046875,0.16309738159179688,0.787841796875,0.10943591594696045
qwen,flickr30k,final_quarter,False,1,0.14285714285714285,5,5,5,23,4.0,4096,0.0003,False,1.25,1024,512,1200,0.11182887852191925,0.10896886650589295,0.11478632267899229,0.01318359375,0.009765625,0.106201171875,0.102783203125,0.06327380985021591,0.04855506867170334,0.8435665992074994,696.043120691376,0.15205593407154083,0.10408435761928558,0.995497214232042,0.9707902102825754,0.9980845820947576,668.046875,0.16309738159179688,0.787841796875,0.10943591594696045
qwen,flickr30k,final_quarter,False,1,0.14285714285714285,5,5,5,23,4.0,4096,0.0003,False,1.5,1024,512,1200,0.11182887852191925,0.10896886650589295,0.11478632267899229,-0.1328125,0.00732421875,0.03564453125,0.17578125,0.06327380985021591,0.04855506867170334,0.8435665992074994,696.043120691376,0.15205593407154083,0.10408435761928558,0.995497214232042,0.9707902102825754,0.9980845820947576,668.046875,0.16309738159179688,0.787841796875,0.10943591594696045
qwen,flickr30k,final_quarter,False,1,0.14285714285714285,5,5,5,23,4.0,4096,0.0003,True,1.1,1024,512,1200,0.6351941227912903,0.6237570169236278,0.6471894269459881,0.50439453125,0.01806640625,0.734130859375,0.247802734375,0.34885090589523315,0.28634321689605713,0.07194371194658547,3908.2528685944376,0.4890984296798706,0.3267427384853363,0.990337360578796,0.7189613412270578,0.9963537340634409,1971.98046875,0.48144054412841797,0.0,0.3032103478908539
qwen,flickr30k,final_quarter,False,1,0.14285714285714285,5,5,5,23,4.0,4096,0.0003,True,1.25,1024,512,1200,0.6351941227912903,0.6237570169236278,0.6471894269459881,-0.20361328125,0.0009765625,0.397216796875,0.601806640625,0.34885090589523315,0.28634321689605713,0.07194371194658547,3908.2528685944376,0.4890984296798706,0.3267427384853363,0.990337360578796,0.7189613412270578,0.9963537340634409,1971.98046875,0.48144054412841797,0.0,0.3032103478908539
qwen,flickr30k,final_quarter,False,1,0.14285714285714285,5,5,5,23,4.0,4096,0.0003,True,1.5,1024,512,1200,0.6351941227912903,0.6237570169236278,0.6471894269459881,-0.81689453125,0.0,0.091552734375,0.908447265625,0.34885090589523315,0.28634321689605713,0.07194371194658547,3908.2528685944376,0.4890984296798706,0.3267427384853363,0.990337360578796,0.7189613412270578,0.9963537340634409,1971.98046875,0.48144054412841797,0.0,0.3032103478908539
qwen,flickr30k,final_quarter,False,1,0.14285714285714285,5,5,5,23,4.0,4096,0.001,False,1.1,1024,512,1200,0.10962485522031784,0.10686551379476442,0.11249252012567013,0.158935546875,0.014404296875,0.174560546875,0.030029296875,0.06194887310266495,0.04767598211765289,0.8429705628529687,697.6092548287776,0.14702226221561432,0.1003120094537735,0.9956332408725661,0.9709880528678475,0.9980279186439079,661.41796875,0.16147899627685547,0.787353515625,0.1029323935508728
qwen,flickr30k,final_quarter,False,1,0.14285714285714285,5,5,5,23,4.0,4096,0.001,False,1.25,1024,512,1200,0.10962485522031784,0.10686551379476442,0.11249252012567013,0.013916015625,0.009765625,0.106689453125,0.1025390625,0.06194887310266495,0.04767598211765289,0.8429705628529687,697.6092548287776,0.14702226221561432,0.1003120094537735,0.9956332408725661,0.9709880528678475,0.9980279186439079,661.41796875,0.16147899627685547,0.787353515625,0.1029323935508728
qwen,flickr30k,final_quarter,False,1,0.14285714285714285,5,5,5,23,4.0,4096,0.001,False,1.5,1024,512,1200,0.10962485522031784,0.10686551379476442,0.11249252012567013,-0.135986328125,0.0068359375,0.03466796875,0.177490234375,0.06194887310266495,0.04767598211765289,0.8429705628529687,697.6092548287776,0.14702226221561432,0.1003120094537735,0.9956332408725661,0.9709880528678475,0.9980279186439079,661.41796875,0.16147899627685547,0.787353515625,0.1029323935508728
qwen,flickr30k,final_quarter,False,1,0.14285714285714285,5,5,5,23,4.0,4096,0.001,True,1.1,1024,512,1200,0.6288497447967529,0.6169782102369936,0.6410585499979788,0.50146484375,0.016357421875,0.734375,0.249267578125,0.3448147177696228,0.2840350270271301,0.07219206328825585,3924.6945056975087,0.4949024021625519,0.31946149468421936,0.9898588121604165,0.7196624178886997,0.9924300819116828,1960.728515625,0.47869348526000977,0.0,0.2990916967391968
qwen,flickr30k,final_quarter,False,1,0.14285714285714285,5,5,5,23,4.0,4096,0.001,True,1.25,1024,512,1200,0.6288497447967529,0.6169782102369936,0.6410585499979788,-0.220703125,0.00146484375,0.38818359375,0.6103515625,0.3448147177696228,0.2840350270271301,0.07219206328825585,3924.6945056975087,0.4949024021625519,0.31946149468421936,0.9898588121604165,0.7196624178886997,0.9924300819116828,1960.728515625,0.47869348526000977,0.0,0.2990916967391968
qwen,flickr30k,final_quarter,False,1,0.14285714285714285,5,5,5,23,4.0,4096,0.001,True,1.5,1024,512,1200,0.6288497447967529,0.6169782102369936,0.6410585499979788,-0.81982421875,0.0,0.090087890625,0.909912109375,0.3448147177696228,0.2840350270271301,0.07219206328825585,3924.6945056975087,0.4949024021625519,0.31946149468421936,0.9898588121604165,0.7196624178886997,0.9924300819116828,1960.728515625,0.47869348526000977,0.0,0.2990916967391968
qwen,flickr30k,final_quarter,False,1,0.14285714285714285,5,5,5,37,2.0,4096,0.0003,False,1.1,1024,512,1200,0.11213390529155731,0.10944135856534558,0.11479666152099526,0.166015625,0.01123046875,0.1826171875,0.02783203125,0.06360103189945221,0.0485328808426857,0.8422160754472835,702.9011886568059,0.15181000530719757,0.10265189409255981,0.9959816528906927,0.9714838845831418,0.9975021846611292,671.57421875,0.16395854949951172,0.7841796875,0.10803738236427307
qwen,flickr30k,final_quarter,False,1,0.14285714285714285,5,5,5,37,2.0,4096,0.0003,False,1.25,1024,512,1200,0.11213390529155731,0.10944135856534558,0.11479666152099526,0.02490234375,0.006591796875,0.11669921875,0.098388671875,0.06360103189945221,0.0485328808426857,0.8422160754472835,702.9011886568059,0.15181000530719757,0.10265189409255981,0.9959816528906927,0.9714838845831418,0.9975021846611292,671.57421875,0.16395854949951172,0.7841796875,0.10803738236427307
qwen,flickr30k,final_quarter,False,1,0.14285714285714285,5,5,5,37,2.0,4096,0.0003,False,1.5,1024,512,1200,0.11213390529155731,0.10944135856534558,0.11479666152099526,-0.1279296875,0.005859375,0.041015625,0.1748046875,0.06360103189945221,0.0485328808426857,0.8422160754472835,702.9011886568059,0.15181000530719757,0.10265189409255981,0.9959816528906927,0.9714838845831418,0.9975021846611292,671.57421875,0.16395854949951172,0.7841796875,0.10803738236427307
qwen,flickr30k,final_quarter,False,1,0.14285714285714285,5,5,5,37,2.0,4096,0.0003,True,1.1,1024,512,1200,0.6299841403961182,0.6189149655547226,0.6418749945893069,0.51904296875,0.01708984375,0.742431640625,0.240478515625,0.34659260511398315,0.283391535282135,0.07449851439142527,3927.3074041768373,0.48115721344947815,0.3297031819820404,0.9923080060377838,0.7195392887801781,0.9904843047636854,1965.224609375,0.47979116439819336,0.0,0.3002191483974457
qwen,flickr30k,final_quarter,False,1,0.14285714285714285,5,5,5,37,2.0,4096,0.0003,True,1.25,1024,512,1200,0.6299841403961182,0.6189149655547226,0.6418749945893069,-0.17431640625,0.000732421875,0.412109375,0.587158203125,0.34659260511398315,0.283391535282135,0.07449851439142527,3927.3074041768373,0.48115721344947815,0.3297031819820404,0.9923080060377838,0.7195392887801781,0.9904843047636854,1965.224609375,0.47979116439819336,0.0,0.3002191483974457
qwen,flickr30k,final_quarter,False,1,0.14285714285714285,5,5,5,37,2.0,4096,0.0003,True,1.5,1024,512,1200,0.6299841403961182,0.6189149655547226,0.6418749945893069,-0.79931640625,0.0,0.100341796875,0.899658203125,0.34659260511398315,0.283391535282135,0.07449851439142527,3927.3074041768373,0.48115721344947815,0.3297031819820404,0.9923080060377838,0.7195392887801781,0.9904843047636854,1965.224609375,0.47979116439819336,0.0,0.3002191483974457
qwen,flickr30k,final_quarter,False,1,0.14285714285714285,5,5,5,37,2.0,4096,0.001,False,1.1,1024,512,1200,0.11038687825202942,0.1077671706174442,0.11299755524487409,0.16748046875,0.011474609375,0.18310546875,0.027099609375,0.06255500763654709,0.04783187434077263,0.8421682145081322,702.3701792734752,0.1465112417936325,0.09947768598794937,0.9960342558575264,0.9713250224858608,0.998082244439453,666.60546875,0.16274547576904297,0.7841796875,0.10398071259260178
qwen,flickr30k,final_quarter,False,1,0.14285714285714285,5,5,5,37,2.0,4096,0.001,False,1.25,1024,512,1200,0.11038687825202942,0.1077671706174442,0.11299755524487409,0.02099609375,0.006591796875,0.11474609375,0.100341796875,0.06255500763654709,0.04783187434077263,0.8421682145081322,702.3701792734752,0.1465112417936325,0.09947768598794937,0.9960342558575264,0.9713250224858608,0.998082244439453,666.60546875,0.16274547576904297,0.7841796875,0.10398071259260178
qwen,flickr30k,final_quarter,False,1,0.14285714285714285,5,5,5,37,2.0,4096,0.001,False,1.5,1024,512,1200,0.11038687825202942,0.1077671706174442,0.11299755524487409,-0.12646484375,0.005859375,0.041748046875,0.174072265625,0.06255500763654709,0.04783187434077263,0.8421682145081322,702.3701792734752,0.1465112417936325,0.09947768598794937,0.9960342558575264,0.9713250224858608,0.998082244439453,666.60546875,0.16274547576904297,0.7841796875,0.10398071259260178
qwen,flickr30k,final_quarter,False,1,0.14285714285714285,5,5,5,37,2.0,4096,0.001,True,1.1,1024,512,1200,0.6206714510917664,0.609708701474301,0.6317188188651925,0.51904296875,0.017333984375,0.7421875,0.240478515625,0.34114938974380493,0.2795220613479614,0.07344088806822999,3918.125147706626,0.4642106890678406,0.32491448521614075,0.9954869030851915,0.7216678567580382,0.9895206705925724,1952.69140625,0.4767313003540039,0.0,0.29496803879737854
qwen,flickr30k,final_quarter,False,1,0.14285714285714285,5,5,5,37,2.0,4096,0.001,True,1.25,1024,512,1200,0.6206714510917664,0.609708701474301,0.6317188188651925,-0.177734375,0.0009765625,0.41015625,0.5888671875,0.34114938974380493,0.2795220613479614,0.07344088806822999,3918.125147706626,0.4642106890678406,0.32491448521614075,0.9954869030851915,0.7216678567580382,0.9895206705925724,1952.69140625,0.4767313003540039,0.0,0.29496803879737854
qwen,flickr30k,final_quarter,False,1,0.14285714285714285,5,5,5,37,2.0,4096,0.001,True,1.5,1024,512,1200,0.6206714510917664,0.609708701474301,0.6317188188651925,-0.8134765625,0.0,0.09326171875,0.90673828125,0.34114938974380493,0.2795220613479614,0.07344088806822999,3918.125147706626,0.4642106890678406,0.32491448521614075,0.9954869030851915,0.7216678567580382,0.9895206705925724,1952.69140625,0.4767313003540039,0.0,0.29496803879737854
qwen,flickr30k,final_quarter,False,1,0.14285714285714285,5,5,5,37,4.0,4096,0.0003,False,1.1,1024,512,1200,0.11213390529155731,0.10944135856534558,0.11479666152099526,0.166015625,0.01123046875,0.1826171875,0.02783203125,0.06360103189945221,0.0485328808426857,0.8422160754472835,702.9011886568059,0.15181000530719757,0.10265189409255981,0.9959816528906927,0.9714838845831418,0.9975021846611292,671.57421875,0.16395854949951172,0.7841796875,0.10803738236427307
qwen,flickr30k,final_quarter,False,1,0.14285714285714285,5,5,5,37,4.0,4096,0.0003,False,1.25,1024,512,1200,0.11213390529155731,0.10944135856534558,0.11479666152099526,0.02490234375,0.006591796875,0.11669921875,0.098388671875,0.06360103189945221,0.0485328808426857,0.8422160754472835,702.9011886568059,0.15181000530719757,0.10265189409255981,0.9959816528906927,0.9714838845831418,0.9975021846611292,671.57421875,0.16395854949951172,0.7841796875,0.10803738236427307
qwen,flickr30k,final_quarter,False,1,0.14285714285714285,5,5,5,37,4.0,4096,0.0003,False,1.5,1024,512,1200,0.11213390529155731,0.10944135856534558,0.11479666152099526,-0.1279296875,0.005859375,0.041015625,0.1748046875,0.06360103189945221,0.0485328808426857,0.8422160754472835,702.9011886568059,0.15181000530719757,0.10265189409255981,0.9959816528906927,0.9714838845831418,0.9975021846611292,671.57421875,0.16395854949951172,0.7841796875,0.10803738236427307
qwen,flickr30k,final_quarter,False,1,0.14285714285714285,5,5,5,37,4.0,4096,0.0003,True,1.1,1024,512,1200,0.6299841403961182,0.6189149655547226,0.6418749945893069,0.51904296875,0.01708984375,0.742431640625,0.240478515625,0.34659260511398315,0.283391535282135,0.07449851439142527,3927.3074041768373,0.48115721344947815,0.3297031819820404,0.9923080060377838,0.7195392887801781,0.9904843047636854,1965.224609375,0.47979116439819336,0.0,0.3002191483974457
qwen,flickr30k,final_quarter,False,1,0.14285714285714285,5,5,5,37,4.0,4096,0.0003,True,1.25,1024,512,1200,0.6299841403961182,0.6189149655547226,0.6418749945893069,-0.17431640625,0.000732421875,0.412109375,0.587158203125,0.34659260511398315,0.283391535282135,0.07449851439142527,3927.3074041768373,0.48115721344947815,0.3297031819820404,0.9923080060377838,0.7195392887801781,0.9904843047636854,1965.224609375,0.47979116439819336,0.0,0.3002191483974457
qwen,flickr30k,final_quarter,False,1,0.14285714285714285,5,5,5,37,4.0,4096,0.0003,True,1.5,1024,512,1200,0.6299841403961182,0.6189149655547226,0.6418749945893069,-0.79931640625,0.0,0.100341796875,0.899658203125,0.34659260511398315,0.283391535282135,0.07449851439142527,3927.3074041768373,0.48115721344947815,0.3297031819820404,0.9923080060377838,0.7195392887801781,0.9904843047636854,1965.224609375,0.47979116439819336,0.0,0.3002191483974457
qwen,flickr30k,final_quarter,False,1,0.14285714285714285,5,5,5,37,4.0,4096,0.001,False,1.1,1024,512,1200,0.11038687825202942,0.1077671706174442,0.11299755524487409,0.16748046875,0.011474609375,0.18310546875,0.027099609375,0.06255500763654709,0.04783187434077263,0.8421682145081322,702.3701792734752,0.1465112417936325,0.09947768598794937,0.9960342558575264,0.9713250224858608,0.998082244439453,666.60546875,0.16274547576904297,0.7841796875,0.10398071259260178
qwen,flickr30k,final_quarter,False,1,0.14285714285714285,5,5,5,37,4.0,4096,0.001,False,1.25,1024,512,1200,0.11038687825202942,0.1077671706174442,0.11299755524487409,0.02099609375,0.006591796875,0.11474609375,0.100341796875,0.06255500763654709,0.04783187434077263,0.8421682145081322,702.3701792734752,0.1465112417936325,0.09947768598794937,0.9960342558575264,0.9713250224858608,0.998082244439453,666.60546875,0.16274547576904297,0.7841796875,0.10398071259260178
qwen,flickr30k,final_quarter,False,1,0.14285714285714285,5,5,5,37,4.0,4096,0.001,False,1.5,1024,512,1200,0.11038687825202942,0.1077671706174442,0.11299755524487409,-0.12646484375,0.005859375,0.041748046875,0.174072265625,0.06255500763654709,0.04783187434077263,0.8421682145081322,702.3701792734752,0.1465112417936325,0.09947768598794937,0.9960342558575264,0.9713250224858608,0.998082244439453,666.60546875,0.16274547576904297,0.7841796875,0.10398071259260178
qwen,flickr30k,final_quarter,False,1,0.14285714285714285,5,5,5,37,4.0,4096,0.001,True,1.1,1024,512,1200,0.6206714510917664,0.609708701474301,0.6317188188651925,0.51904296875,0.017333984375,0.7421875,0.240478515625,0.34114938974380493,0.2795220613479614,0.07344088806822999,3918.125147706626,0.4642106890678406,0.32491448521614075,0.9954869030851915,0.7216678567580382,0.9895206705925724,1952.69140625,0.4767313003540039,0.0,0.29496803879737854
qwen,flickr30k,final_quarter,False,1,0.14285714285714285,5,5,5,37,4.0,4096,0.001,True,1.25,1024,512,1200,0.6206714510917664,0.609708701474301,0.6317188188651925,-0.177734375,0.0009765625,0.41015625,0.5888671875,0.34114938974380493,0.2795220613479614,0.07344088806822999,3918.125147706626,0.4642106890678406,0.32491448521614075,0.9954869030851915,0.7216678567580382,0.9895206705925724,1952.69140625,0.4767313003540039,0.0,0.29496803879737854
qwen,flickr30k,final_quarter,False,1,0.14285714285714285,5,5,5,37,4.0,4096,0.001,True,1.5,1024,512,1200,0.6206714510917664,0.609708701474301,0.6317188188651925,-0.8134765625,0.0,0.09326171875,0.90673828125,0.34114938974380493,0.2795220613479614,0.07344088806822999,3918.125147706626,0.4642106890678406,0.32491448521614075,0.9954869030851915,0.7216678567580382,0.9895206705925724,1952.69140625,0.4767313003540039,0.0,0.29496803879737854
qwen,flickr30k,final_quarter,False,2,0.2857142857142857,10,10,10,11,2.0,4096,0.0003,False,1.1,1024,512,1200,0.1593461036682129,0.1570492581369763,0.1615029534594214,0.1982421875,0.0048828125,0.19873046875,0.00537109375,0.1001165434718132,0.059229567646980286,0.8412146111532315,699.0113879500682,0.21055714786052704,0.17431394755840302,0.9954417378553377,0.9700921106211711,0.9984512613179763,675.671875,0.16495895385742188,0.79638671875,0.17192155122756958
qwen,flickr30k,final_quarter,False,2,0.2857142857142857,10,10,10,11,2.0,4096,0.0003,False,1.25,1024,512,1200,0.1593461036682129,0.1570492581369763,0.1615029534594214,0.18798828125,0.003662109375,0.19482421875,0.010498046875,0.1001165434718132,0.059229567646980286,0.8412146111532315,699.0113879500682,0.21055714786052704,0.17431394755840302,0.9954417378553377,0.9700921106211711,0.9984512613179763,675.671875,0.16495895385742188,0.79638671875,0.17192155122756958
qwen,flickr30k,final_quarter,False,2,0.2857142857142857,10,10,10,11,2.0,4096,0.0003,False,1.5,1024,512,1200,0.1593461036682129,0.1570492581369763,0.1615029534594214,0.12890625,0.0029296875,0.166015625,0.0400390625,0.1001165434718132,0.059229567646980286,0.8412146111532315,699.0113879500682,0.21055714786052704,0.17431394755840302,0.9954417378553377,0.9700921106211711,0.9984512613179763,675.671875,0.16495895385742188,0.79638671875,0.17192155122756958
qwen,flickr30k,final_quarter,False,2,0.2857142857142857,10,10,10,11,2.0,4096,0.0003,True,1.1,1024,512,1200,0.6537591814994812,0.6466593460849254,0.6608886879374041,0.99560546875,0.0,0.997802734375,0.002197265625,0.399078905582428,0.2546802759170532,0.06090114962618724,4045.015147461123,0.42524370551109314,0.3463321030139923,0.9943521966894547,0.6961422524701263,0.9974952589220696,1934.92578125,0.4723939895629883,0.0,0.32449132204055786
qwen,flickr30k,final_quarter,False,2,0.2857142857142857,10,10,10,11,2.0,4096,0.0003,True,1.25,1024,512,1200,0.6537591814994812,0.6466593460849254,0.6608886879374041,0.9306640625,0.0,0.96533203125,0.03466796875,0.399078905582428,0.2546802759170532,0.06090114962618724,4045.015147461123,0.42524370551109314,0.3463321030139923,0.9943521966894547,0.6961422524701263,0.9974952589220696,1934.92578125,0.4723939895629883,0.0,0.32449132204055786
qwen,flickr30k,final_quarter,False,2,0.2857142857142857,10,10,10,11,2.0,4096,0.0003,True,1.5,1024,512,1200,0.6537591814994812,0.6466593460849254,0.6608886879374041,0.21044921875,0.0,0.605224609375,0.394775390625,0.399078905582428,0.2546802759170532,0.06090114962618724,4045.015147461123,0.42524370551109314,0.3463321030139923,0.9943521966894547,0.6961422524701263,0.9974952589220696,1934.92578125,0.4723939895629883,0.0,0.32449132204055786
qwen,flickr30k,final_quarter,False,2,0.2857142857142857,10,10,10,11,2.0,4096,0.001,False,1.1,1024,512,1200,0.1579270362854004,0.15565018252564186,0.16006508753271192,0.197509765625,0.00439453125,0.19873046875,0.005615234375,0.09915603697299957,0.05877101793885231,0.8411097993804615,698.794796379933,0.20618483424186707,0.1688660830259323,0.9953336128793211,0.9698468300807671,0.998114059677291,673.08984375,0.16432857513427734,0.79638671875,0.1680687963962555
qwen,flickr30k,final_quarter,False,2,0.2857142857142857,10,10,10,11,2.0,4096,0.001,False,1.25,1024,512,1200,0.1579270362854004,0.15565018252564186,0.16006508753271192,0.188232421875,0.003173828125,0.1953125,0.01025390625,0.09915603697299957,0.05877101793885231,0.8411097993804615,698.794796379933,0.20618483424186707,0.1688660830259323,0.9953336128793211,0.9698468300807671,0.998114059677291,673.08984375,0.16432857513427734,0.79638671875,0.1680687963962555
qwen,flickr30k,final_quarter,False,2,0.2857142857142857,10,10,10,11,2.0,4096,0.001,False,1.5,1024,512,1200,0.1579270362854004,0.15565018252564186,0.16006508753271192,0.128173828125,0.002685546875,0.165771484375,0.040283203125,0.09915603697299957,0.05877101793885231,0.8411097993804615,698.794796379933,0.20618483424186707,0.1688660830259323,0.9953336128793211,0.9698468300807671,0.998114059677291,673.08984375,0.16432857513427734,0.79638671875,0.1680687963962555
qwen,flickr30k,final_quarter,False,2,0.2857142857142857,10,10,10,11,2.0,4096,0.001,True,1.1,1024,512,1200,0.6450533270835876,0.6379605577356415,0.6521026231639553,0.99609375,0.0,0.998046875,0.001953125,0.3934252858161926,0.2516280710697174,0.06305939811942433,4038.784351220003,0.4229804277420044,0.32448115944862366,0.9938322739482488,0.6961569964163279,0.9924143642489933,1920.654296875,0.46890974044799805,0.0,0.318904310464859
qwen,flickr30k,final_quarter,False,2,0.2857142857142857,10,10,10,11,2.0,4096,0.001,True,1.25,1024,512,1200,0.6450533270835876,0.6379605577356415,0.6521026231639553,0.93115234375,0.0,0.965576171875,0.034423828125,0.3934252858161926,0.2516280710697174,0.06305939811942433,4038.784351220003,0.4229804277420044,0.32448115944862366,0.9938322739482488,0.6961569964163279,0.9924143642489933,1920.654296875,0.46890974044799805,0.0,0.318904310464859
qwen,flickr30k,final_quarter,False,2,0.2857142857142857,10,10,10,11,2.0,4096,0.001,True,1.5,1024,512,1200,0.6450533270835876,0.6379605577356415,0.6521026231639553,0.212890625,0.0,0.6064453125,0.3935546875,0.3934252858161926,0.2516280710697174,0.06305939811942433,4038.784351220003,0.4229804277420044,0.32448115944862366,0.9938322739482488,0.6961569964163279,0.9924143642489933,1920.654296875,0.46890974044799805,0.0,0.318904310464859
qwen,flickr30k,final_quarter,False,2,0.2857142857142857,10,10,10,11,4.0,4096,0.0003,False,1.1,1024,512,1200,0.1593461036682129,0.1570492581369763,0.1615029534594214,0.1982421875,0.0048828125,0.19873046875,0.00537109375,0.1001165434718132,0.059229567646980286,0.8412146111532315,699.0113879500682,0.21055714786052704,0.17431394755840302,0.9954417378553377,0.9700921106211711,0.9984512613179763,675.671875,0.16495895385742188,0.79638671875,0.17192155122756958
qwen,flickr30k,final_quarter,False,2,0.2857142857142857,10,10,10,11,4.0,4096,0.0003,False,1.25,1024,512,1200,0.1593461036682129,0.1570492581369763,0.1615029534594214,0.18798828125,0.003662109375,0.19482421875,0.010498046875,0.1001165434718132,0.059229567646980286,0.8412146111532315,699.0113879500682,0.21055714786052704,0.17431394755840302,0.9954417378553377,0.9700921106211711,0.9984512613179763,675.671875,0.16495895385742188,0.79638671875,0.17192155122756958
qwen,flickr30k,final_quarter,False,2,0.2857142857142857,10,10,10,11,4.0,4096,0.0003,False,1.5,1024,512,1200,0.1593461036682129,0.1570492581369763,0.1615029534594214,0.12890625,0.0029296875,0.166015625,0.0400390625,0.1001165434718132,0.059229567646980286,0.8412146111532315,699.0113879500682,0.21055714786052704,0.17431394755840302,0.9954417378553377,0.9700921106211711,0.9984512613179763,675.671875,0.16495895385742188,0.79638671875,0.17192155122756958
qwen,flickr30k,final_quarter,False,2,0.2857142857142857,10,10,10,11,4.0,4096,0.0003,True,1.1,1024,512,1200,0.6537591814994812,0.6466593460849254,0.6608886879374041,0.99560546875,0.0,0.997802734375,0.002197265625,0.399078905582428,0.2546802759170532,0.06090114962618724,4045.015147461123,0.42524370551109314,0.3463321030139923,0.9943521966894547,0.6961422524701263,0.9974952589220696,1934.92578125,0.4723939895629883,0.0,0.32449132204055786
qwen,flickr30k,final_quarter,False,2,0.2857142857142857,10,10,10,11,4.0,4096,0.0003,True,1.25,1024,512,1200,0.6537591814994812,0.6466593460849254,0.6608886879374041,0.9306640625,0.0,0.96533203125,0.03466796875,0.399078905582428,0.2546802759170532,0.06090114962618724,4045.015147461123,0.42524370551109314,0.3463321030139923,0.9943521966894547,0.6961422524701263,0.9974952589220696,1934.92578125,0.4723939895629883,0.0,0.32449132204055786
qwen,flickr30k,final_quarter,False,2,0.2857142857142857,10,10,10,11,4.0,4096,0.0003,True,1.5,1024,512,1200,0.6537591814994812,0.6466593460849254,0.6608886879374041,0.21044921875,0.0,0.605224609375,0.394775390625,0.399078905582428,0.2546802759170532,0.06090114962618724,4045.015147461123,0.42524370551109314,0.3463321030139923,0.9943521966894547,0.6961422524701263,0.9974952589220696,1934.92578125,0.4723939895629883,0.0,0.32449132204055786
qwen,flickr30k,final_quarter,False,2,0.2857142857142857,10,10,10,11,4.0,4096,0.001,False,1.1,1024,512,1200,0.1579270362854004,0.15565018252564186,0.16006508753271192,0.197509765625,0.00439453125,0.19873046875,0.005615234375,0.09915603697299957,0.05877101793885231,0.8411097993804615,698.794796379933,0.20618483424186707,0.1688660830259323,0.9953336128793211,0.9698468300807671,0.998114059677291,673.08984375,0.16432857513427734,0.79638671875,0.1680687963962555
qwen,flickr30k,final_quarter,False,2,0.2857142857142857,10,10,10,11,4.0,4096,0.001,False,1.25,1024,512,1200,0.1579270362854004,0.15565018252564186,0.16006508753271192,0.188232421875,0.003173828125,0.1953125,0.01025390625,0.09915603697299957,0.05877101793885231,0.8411097993804615,698.794796379933,0.20618483424186707,0.1688660830259323,0.9953336128793211,0.9698468300807671,0.998114059677291,673.08984375,0.16432857513427734,0.79638671875,0.1680687963962555
qwen,flickr30k,final_quarter,False,2,0.2857142857142857,10,10,10,11,4.0,4096,0.001,False,1.5,1024,512,1200,0.1579270362854004,0.15565018252564186,0.16006508753271192,0.128173828125,0.002685546875,0.165771484375,0.040283203125,0.09915603697299957,0.05877101793885231,0.8411097993804615,698.794796379933,0.20618483424186707,0.1688660830259323,0.9953336128793211,0.9698468300807671,0.998114059677291,673.08984375,0.16432857513427734,0.79638671875,0.1680687963962555
qwen,flickr30k,final_quarter,False,2,0.2857142857142857,10,10,10,11,4.0,4096,0.001,True,1.1,1024,512,1200,0.6450533270835876,0.6379605577356415,0.6521026231639553,0.99609375,0.0,0.998046875,0.001953125,0.3934252858161926,0.2516280710697174,0.06305939811942433,4038.784351220003,0.4229804277420044,0.32448115944862366,0.9938322739482488,0.6961569964163279,0.9924143642489933,1920.654296875,0.46890974044799805,0.0,0.318904310464859
qwen,flickr30k,final_quarter,False,2,0.2857142857142857,10,10,10,11,4.0,4096,0.001,True,1.25,1024,512,1200,0.6450533270835876,0.6379605577356415,0.6521026231639553,0.93115234375,0.0,0.965576171875,0.034423828125,0.3934252858161926,0.2516280710697174,0.06305939811942433,4038.784351220003,0.4229804277420044,0.32448115944862366,0.9938322739482488,0.6961569964163279,0.9924143642489933,1920.654296875,0.46890974044799805,0.0,0.318904310464859
qwen,flickr30k,final_quarter,False,2,0.2857142857142857,10,10,10,11,4.0,4096,0.001,True,1.5,1024,512,1200,0.6450533270835876,0.6379605577356415,0.6521026231639553,0.212890625,0.0,0.6064453125,0.3935546875,0.3934252858161926,0.2516280710697174,0.06305939811942433,4038.784351220003,0.4229804277420044,0.32448115944862366,0.9938322739482488,0.6961569964163279,0.9924143642489933,1920.654296875,0.46890974044799805,0.0,0.318904310464859
qwen,flickr30k,final_quarter,False,2,0.2857142857142857,10,10,10,23,2.0,4096,0.0003,False,1.1,1024,512,1200,0.1586061716079712,0.1563492876226519,0.16085932322639565,0.19970703125,0.006103515625,0.201171875,0.007568359375,0.09966737031936646,0.05893879383802414,0.8415726215725813,699.1390740498709,0.2056308537721634,0.17496716976165771,0.9953915049805897,0.9697296451884795,0.9983122573244543,676.423828125,0.16514253616333008,0.7890625,0.16972479224205017
qwen,flickr30k,final_quarter,False,2,0.2857142857142857,10,10,10,23,2.0,4096,0.0003,False,1.25,1024,512,1200,0.1586061716079712,0.1563492876226519,0.16085932322639565,0.1904296875,0.0048828125,0.19775390625,0.01220703125,0.09966737031936646,0.05893879383802414,0.8415726215725813,699.1390740498709,0.2056308537721634,0.17496716976165771,0.9953915049805897,0.9697296451884795,0.9983122573244543,676.423828125,0.16514253616333008,0.7890625,0.16972479224205017
qwen,flickr30k,final_quarter,False,2,0.2857142857142857,10,10,10,23,2.0,4096,0.0003,False,1.5,1024,512,1200,0.1586061716079712,0.1563492876226519,0.16085932322639565,0.134765625,0.00390625,0.1708984375,0.0400390625,0.09966737031936646,0.05893879383802414,0.8415726215725813,699.1390740498709,0.2056308537721634,0.17496716976165771,0.9953915049805897,0.9697296451884795,0.9983122573244543,676.423828125,0.16514253616333008,0.7890625,0.16972479224205017
qwen,flickr30k,final_quarter,False,2,0.2857142857142857,10,10,10,23,2.0,4096,0.0003,True,1.1,1024,512,1200,0.6518301367759705,0.6445945934887277,0.6595119312114548,0.99609375,0.0,0.998046875,0.001953125,0.3981947898864746,0.25363537669181824,0.061036614816363216,4044.523582551931,0.41814151406288147,0.3286782205104828,0.9939770719732276,0.6966092939366954,0.9919024608815958,1930.6484375,0.47134971618652344,0.0,0.3231116235256195
qwen,flickr30k,final_quarter,False,2,0.2857142857142857,10,10,10,23,2.0,4096,0.0003,True,1.25,1024,512,1200,0.6518301367759705,0.6445945934887277,0.6595119312114548,0.919921875,0.0,0.9599609375,0.0400390625,0.3981947898864746,0.25363537669181824,0.061036614816363216,4044.523582551931,0.41814151406288147,0.3286782205104828,0.9939770719732276,0.6966092939366954,0.9919024608815958,1930.6484375,0.47134971618652344,0.0,0.3231116235256195
qwen,flickr30k,final_quarter,False,2,0.2857142857142857,10,10,10,23,2.0,4096,0.0003,True,1.5,1024,512,1200,0.6518301367759705,0.6445945934887277,0.6595119312114548,0.2490234375,0.0,0.62451171875,0.37548828125,0.3981947898864746,0.25363537669181824,0.061036614816363216,4044.523582551931,0.41814151406288147,0.3286782205104828,0.9939770719732276,0.6966092939366954,0.9919024608815958,1930.6484375,0.47134971618652344,0.0,0.3231116235256195
qwen,flickr30k,final_quarter,False,2,0.2857142857142857,10,10,10,23,2.0,4096,0.001,False,1.1,1024,512,1200,0.15700706839561462,0.15478746465814766,0.1592295422047755,0.19873046875,0.005859375,0.200927734375,0.008056640625,0.09861268103122711,0.05839437246322632,0.8410580512401303,699.8419383369405,0.20020471513271332,0.17048147320747375,0.9955919714188367,0.9698342780001511,0.9984638097717617,673.0078125,0.1643085479736328,0.7890625,0.1646539270877838
qwen,flickr30k,final_quarter,False,2,0.2857142857142857,10,10,10,23,2.0,4096,0.001,False,1.25,1024,512,1200,0.15700706839561462,0.15478746465814766,0.1592295422047755,0.1904296875,0.0048828125,0.19775390625,0.01220703125,0.09861268103122711,0.05839437246322632,0.8410580512401303,699.8419383369405,0.20020471513271332,0.17048147320747375,0.9955919714188367,0.9698342780001511,0.9984638097717617,673.0078125,0.1643085479736328,0.7890625,0.1646539270877838
qwen,flickr30k,final_quarter,False,2,0.2857142857142857,10,10,10,23,2.0,4096,0.001,False,1.5,1024,512,1200,0.15700706839561462,0.15478746465814766,0.1592295422047755,0.13330078125,0.00390625,0.170166015625,0.040771484375,0.09861268103122711,0.05839437246322632,0.8410580512401303,699.8419383369405,0.20020471513271332,0.17048147320747375,0.9955919714188367,0.9698342780001511,0.9984638097717617,673.0078125,0.1643085479736328,0.7890625,0.1646539270877838
qwen,flickr30k,final_quarter,False,2,0.2857142857142857,10,10,10,23,2.0,4096,0.001,True,1.1,1024,512,1200,0.6442393064498901,0.6368819826268008,0.651854895032011,0.9970703125,0.0,0.99853515625,0.00146484375,0.39332932233810425,0.2509100139141083,0.06128001889926676,4044.929970755082,0.4141230583190918,0.3196437954902649,0.9953171916666808,0.6969735772904082,0.9933086387782656,1923.271484375,0.46954870223999023,0.0,0.31867340207099915
qwen,flickr30k,final_quarter,False,2,0.2857142857142857,10,10,10,23,2.0,4096,0.001,True,1.25,1024,512,1200,0.6442393064498901,0.6368819826268008,0.651854895032011,0.9208984375,0.0,0.96044921875,0.03955078125,0.39332932233810425,0.2509100139141083,0.06128001889926676,4044.929970755082,0.4141230583190918,0.3196437954902649,0.9953171916666808,0.6969735772904082,0.9933086387782656,1923.271484375,0.46954870223999023,0.0,0.31867340207099915
qwen,flickr30k,final_quarter,False,2,0.2857142857142857,10,10,10,23,2.0,4096,0.001,True,1.5,1024,512,1200,0.6442393064498901,0.6368819826268008,0.651854895032011,0.23828125,0.0,0.619140625,0.380859375,0.39332932233810425,0.2509100139141083,0.06128001889926676,4044.929970755082,0.4141230583190918,0.3196437954902649,0.9953171916666808,0.6969735772904082,0.9933086387782656,1923.271484375,0.46954870223999023,0.0,0.31867340207099915
qwen,flickr30k,final_quarter,False,2,0.2857142857142857,10,10,10,23,4.0,4096,0.0003,False,1.1,1024,512,1200,0.1586061716079712,0.1563492876226519,0.16085932322639565,0.19970703125,0.006103515625,0.201171875,0.007568359375,0.09966737031936646,0.05893879383802414,0.8415726215725813,699.1390740498709,0.2056308537721634,0.17496716976165771,0.9953915049805897,0.9697296451884795,0.9983122573244543,676.423828125,0.16514253616333008,0.7890625,0.16972479224205017
qwen,flickr30k,final_quarter,False,2,0.2857142857142857,10,10,10,23,4.0,4096,0.0003,False,1.25,1024,512,1200,0.1586061716079712,0.1563492876226519,0.16085932322639565,0.1904296875,0.0048828125,0.19775390625,0.01220703125,0.09966737031936646,0.05893879383802414,0.8415726215725813,699.1390740498709,0.2056308537721634,0.17496716976165771,0.9953915049805897,0.9697296451884795,0.9983122573244543,676.423828125,0.16514253616333008,0.7890625,0.16972479224205017
qwen,flickr30k,final_quarter,False,2,0.2857142857142857,10,10,10,23,4.0,4096,0.0003,False,1.5,1024,512,1200,0.1586061716079712,0.1563492876226519,0.16085932322639565,0.134765625,0.00390625,0.1708984375,0.0400390625,0.09966737031936646,0.05893879383802414,0.8415726215725813,699.1390740498709,0.2056308537721634,0.17496716976165771,0.9953915049805897,0.9697296451884795,0.9983122573244543,676.423828125,0.16514253616333008,0.7890625,0.16972479224205017
qwen,flickr30k,final_quarter,False,2,0.2857142857142857,10,10,10,23,4.0,4096,0.0003,True,1.1,1024,512,1200,0.6518301367759705,0.6445945934887277,0.6595119312114548,0.99609375,0.0,0.998046875,0.001953125,0.3981947898864746,0.25363537669181824,0.061036614816363216,4044.523582551931,0.41814151406288147,0.3286782205104828,0.9939770719732276,0.6966092939366954,0.9919024608815958,1930.6484375,0.47134971618652344,0.0,0.3231116235256195
qwen,flickr30k,final_quarter,False,2,0.2857142857142857,10,10,10,23,4.0,4096,0.0003,True,1.25,1024,512,1200,0.6518301367759705,0.6445945934887277,0.6595119312114548,0.919921875,0.0,0.9599609375,0.0400390625,0.3981947898864746,0.25363537669181824,0.061036614816363216,4044.523582551931,0.41814151406288147,0.3286782205104828,0.9939770719732276,0.6966092939366954,0.9919024608815958,1930.6484375,0.47134971618652344,0.0,0.3231116235256195
qwen,flickr30k,final_quarter,False,2,0.2857142857142857,10,10,10,23,4.0,4096,0.0003,True,1.5,1024,512,1200,0.6518301367759705,0.6445945934887277,0.6595119312114548,0.2490234375,0.0,0.62451171875,0.37548828125,0.3981947898864746,0.25363537669181824,0.061036614816363216,4044.523582551931,0.41814151406288147,0.3286782205104828,0.9939770719732276,0.6966092939366954,0.9919024608815958,1930.6484375,0.47134971618652344,0.0,0.3231116235256195
qwen,flickr30k,final_quarter,False,2,0.2857142857142857,10,10,10,23,4.0,4096,0.001,False,1.1,1024,512,1200,0.15700706839561462,0.15478746465814766,0.1592295422047755,0.19873046875,0.005859375,0.200927734375,0.008056640625,0.09861268103122711,0.05839437246322632,0.8410580512401303,699.8419383369405,0.20020471513271332,0.17048147320747375,0.9955919714188367,0.9698342780001511,0.9984638097717617,673.0078125,0.1643085479736328,0.7890625,0.1646539270877838
qwen,flickr30k,final_quarter,False,2,0.2857142857142857,10,10,10,23,4.0,4096,0.001,False,1.25,1024,512,1200,0.15700706839561462,0.15478746465814766,0.1592295422047755,0.1904296875,0.0048828125,0.19775390625,0.01220703125,0.09861268103122711,0.05839437246322632,0.8410580512401303,699.8419383369405,0.20020471513271332,0.17048147320747375,0.9955919714188367,0.9698342780001511,0.9984638097717617,673.0078125,0.1643085479736328,0.7890625,0.1646539270877838
qwen,flickr30k,final_quarter,False,2,0.2857142857142857,10,10,10,23,4.0,4096,0.001,False,1.5,1024,512,1200,0.15700706839561462,0.15478746465814766,0.1592295422047755,0.13330078125,0.00390625,0.170166015625,0.040771484375,0.09861268103122711,0.05839437246322632,0.8410580512401303,699.8419383369405,0.20020471513271332,0.17048147320747375,0.9955919714188367,0.9698342780001511,0.9984638097717617,673.0078125,0.1643085479736328,0.7890625,0.1646539270877838
qwen,flickr30k,final_quarter,False,2,0.2857142857142857,10,10,10,23,4.0,4096,0.001,True,1.1,1024,512,1200,0.6442393064498901,0.6368819826268008,0.651854895032011,0.9970703125,0.0,0.99853515625,0.00146484375,0.39332932233810425,0.2509100139141083,0.06128001889926676,4044.929970755082,0.4141230583190918,0.3196437954902649,0.9953171916666808,0.6969735772904082,0.9933086387782656,1923.271484375,0.46954870223999023,0.0,0.31867340207099915
qwen,flickr30k,final_quarter,False,2,0.2857142857142857,10,10,10,23,4.0,4096,0.001,True,1.25,1024,512,1200,0.6442393064498901,0.6368819826268008,0.651854895032011,0.9208984375,0.0,0.96044921875,0.03955078125,0.39332932233810425,0.2509100139141083,0.06128001889926676,4044.929970755082,0.4141230583190918,0.3196437954902649,0.9953171916666808,0.6969735772904082,0.9933086387782656,1923.271484375,0.46954870223999023,0.0,0.31867340207099915
qwen,flickr30k,final_quarter,False,2,0.2857142857142857,10,10,10,23,4.0,4096,0.001,True,1.5,1024,512,1200,0.6442393064498901,0.6368819826268008,0.651854895032011,0.23828125,0.0,0.619140625,0.380859375,0.39332932233810425,0.2509100139141083,0.06128001889926676,4044.929970755082,0.4141230583190918,0.3196437954902649,0.9953171916666808,0.6969735772904082,0.9933086387782656,1923.271484375,0.46954870223999023,0.0,0.31867340207099915
qwen,flickr30k,final_quarter,False,2,0.2857142857142857,10,10,10,37,2.0,4096,0.0003,False,1.1,1024,512,1200,0.15754137933254242,0.15540760964831862,0.1596580175424606,0.196044921875,0.005859375,0.198486328125,0.00830078125,0.0988876074552536,0.05865377187728882,0.8416537065733977,699.4582660421455,0.20264644920825958,0.1724863052368164,0.9953800184743486,0.9701366915443645,0.9981512393235619,676.60546875,0.16518688201904297,0.793212890625,0.16844047605991364
qwen,flickr30k,final_quarter,False,2,0.2857142857142857,10,10,10,37,2.0,4096,0.0003,False,1.25,1024,512,1200,0.15754137933254242,0.15540760964831862,0.1596580175424606,0.188232421875,0.005126953125,0.1953125,0.01220703125,0.0988876074552536,0.05865377187728882,0.8416537065733977,699.4582660421455,0.20264644920825958,0.1724863052368164,0.9953800184743486,0.9701366915443645,0.9981512393235619,676.60546875,0.16518688201904297,0.793212890625,0.16844047605991364
qwen,flickr30k,final_quarter,False,2,0.2857142857142857,10,10,10,37,2.0,4096,0.0003,False,1.5,1024,512,1200,0.15754137933254242,0.15540760964831862,0.1596580175424606,0.132080078125,0.00439453125,0.16796875,0.040283203125,0.0988876074552536,0.05865377187728882,0.8416537065733977,699.4582660421455,0.20264644920825958,0.1724863052368164,0.9953800184743486,0.9701366915443645,0.9981512393235619,676.60546875,0.16518688201904297,0.793212890625,0.16844047605991364
qwen,flickr30k,final_quarter,False,2,0.2857142857142857,10,10,10,37,2.0,4096,0.0003,True,1.1,1024,512,1200,0.6549258232116699,0.6475374517176533,0.6618103979766602,0.994140625,0.0,0.9970703125,0.0029296875,0.3997510075569153,0.255174845457077,0.05918596075174426,4049.7856557390223,0.4179527461528778,0.325515478849411,0.9951378380488568,0.6978900394097931,0.994363852650261,1936.54296875,0.47278881072998047,0.0,0.32577842473983765
qwen,flickr30k,final_quarter,False,2,0.2857142857142857,10,10,10,37,2.0,4096,0.0003,True,1.25,1024,512,1200,0.6549258232116699,0.6475374517176533,0.6618103979766602,0.92138671875,0.0,0.960693359375,0.039306640625,0.3997510075569153,0.255174845457077,0.05918596075174426,4049.7856557390223,0.4179527461528778,0.325515478849411,0.9951378380488568,0.6978900394097931,0.994363852650261,1936.54296875,0.47278881072998047,0.0,0.32577842473983765
qwen,flickr30k,final_quarter,False,2,0.2857142857142857,10,10,10,37,2.0,4096,0.0003,True,1.5,1024,512,1200,0.6549258232116699,0.6475374517176533,0.6618103979766602,0.23876953125,0.0,0.619384765625,0.380615234375,0.3997510075569153,0.255174845457077,0.05918596075174426,4049.7856557390223,0.4179527461528778,0.325515478849411,0.9951378380488568,0.6978900394097931,0.994363852650261,1936.54296875,0.47278881072998047,0.0,0.32577842473983765
qwen,flickr30k,final_quarter,False,2,0.2857142857142857,10,10,10,37,2.0,4096,0.001,False,1.1,1024,512,1200,0.15585505962371826,0.1537649726422387,0.15792809539925656,0.195068359375,0.005615234375,0.197998046875,0.008544921875,0.09775008261203766,0.0581049807369709,0.8413964027487277,699.7483617346459,0.19797565042972565,0.16886861622333527,0.9953163337038237,0.9700148982328145,0.9987251383700039,673.47265625,0.16442203521728516,0.793701171875,0.1636870801448822
qwen,flickr30k,final_quarter,False,2,0.2857142857142857,10,10,10,37,2.0,4096,0.001,False,1.25,1024,512,1200,0.15585505962371826,0.1537649726422387,0.15792809539925656,0.186767578125,0.005126953125,0.1943359375,0.0126953125,0.09775008261203766,0.0581049807369709,0.8413964027487277,699.7483617346459,0.19797565042972565,0.16886861622333527,0.9953163337038237,0.9700148982328145,0.9987251383700039,673.47265625,0.16442203521728516,0.793701171875,0.1636870801448822
qwen,flickr30k,final_quarter,False,2,0.2857142857142857,10,10,10,37,2.0,4096,0.001,False,1.5,1024,512,1200,0.15585505962371826,0.1537649726422387,0.15792809539925656,0.132568359375,0.00439453125,0.16796875,0.039794921875,0.09775008261203766,0.0581049807369709,0.8413964027487277,699.7483617346459,0.19797565042972565,0.16886861622333527,0.9953163337038237,0.9700148982328145,0.9987251383700039,673.47265625,0.16442203521728516,0.793701171875,0.1636870801448822
qwen,flickr30k,final_quarter,False,2,0.2857142857142857,10,10,10,37,2.0,4096,0.001,True,1.1,1024,512,1200,0.6464968919754028,0.6390294109296519,0.653831364584039,0.99658203125,0.0,0.998291015625,0.001708984375,0.3945310115814209,0.2519659399986267,0.060105465486367395,4047.920395640565,0.4167254567146301,0.3224363625049591,0.9948220190131986,0.6973017799302454,0.9948479968879428,1927.5,0.4705810546875,0.0,0.32047727704048157
qwen,flickr30k,final_quarter,False,2,0.2857142857142857,10,10,10,37,2.0,4096,0.001,True,1.25,1024,512,1200,0.6464968919754028,0.6390294109296519,0.653831364584039,0.91943359375,0.0,0.959716796875,0.040283203125,0.3945310115814209,0.2519659399986267,0.060105465486367395,4047.920395640565,0.4167254567146301,0.3224363625049591,0.9948220190131986,0.6973017799302454,0.9948479968879428,1927.5,0.4705810546875,0.0,0.32047727704048157
qwen,flickr30k,final_quarter,False,2,0.2857142857142857,10,10,10,37,2.0,4096,0.001,True,1.5,1024,512,1200,0.6464968919754028,0.6390294109296519,0.653831364584039,0.2275390625,0.0,0.61376953125,0.38623046875,0.3945310115814209,0.2519659399986267,0.060105465486367395,4047.920395640565,0.4167254567146301,0.3224363625049591,0.9948220190131986,0.6973017799302454,0.9948479968879428,1927.5,0.4705810546875,0.0,0.32047727704048157
qwen,flickr30k,final_quarter,False,2,0.2857142857142857,10,10,10,37,4.0,4096,0.0003,False,1.1,1024,512,1200,0.15754137933254242,0.15540760964831862,0.1596580175424606,0.196044921875,0.005859375,0.198486328125,0.00830078125,0.0988876074552536,0.05865377187728882,0.8416537065733977,699.4582660421455,0.20264644920825958,0.1724863052368164,0.9953800184743486,0.9701366915443645,0.9981512393235619,676.60546875,0.16518688201904297,0.793212890625,0.16844047605991364
qwen,flickr30k,final_quarter,False,2,0.2857142857142857,10,10,10,37,4.0,4096,0.0003,False,1.25,1024,512,1200,0.15754137933254242,0.15540760964831862,0.1596580175424606,0.188232421875,0.005126953125,0.1953125,0.01220703125,0.0988876074552536,0.05865377187728882,0.8416537065733977,699.4582660421455,0.20264644920825958,0.1724863052368164,0.9953800184743486,0.9701366915443645,0.9981512393235619,676.60546875,0.16518688201904297,0.793212890625,0.16844047605991364
qwen,flickr30k,final_quarter,False,2,0.2857142857142857,10,10,10,37,4.0,4096,0.0003,False,1.5,1024,512,1200,0.15754137933254242,0.15540760964831862,0.1596580175424606,0.132080078125,0.00439453125,0.16796875,0.040283203125,0.0988876074552536,0.05865377187728882,0.8416537065733977,699.4582660421455,0.20264644920825958,0.1724863052368164,0.9953800184743486,0.9701366915443645,0.9981512393235619,676.60546875,0.16518688201904297,0.793212890625,0.16844047605991364
qwen,flickr30k,final_quarter,False,2,0.2857142857142857,10,10,10,37,4.0,4096,0.0003,True,1.1,1024,512,1200,0.6549258232116699,0.6475374517176533,0.6618103979766602,0.994140625,0.0,0.9970703125,0.0029296875,0.3997510075569153,0.255174845457077,0.05918596075174426,4049.7856557390223,0.4179527461528778,0.325515478849411,0.9951378380488568,0.6978900394097931,0.994363852650261,1936.54296875,0.47278881072998047,0.0,0.32577842473983765
qwen,flickr30k,final_quarter,False,2,0.2857142857142857,10,10,10,37,4.0,4096,0.0003,True,1.25,1024,512,1200,0.6549258232116699,0.6475374517176533,0.6618103979766602,0.92138671875,0.0,0.960693359375,0.039306640625,0.3997510075569153,0.255174845457077,0.05918596075174426,4049.7856557390223,0.4179527461528778,0.325515478849411,0.9951378380488568,0.6978900394097931,0.994363852650261,1936.54296875,0.47278881072998047,0.0,0.32577842473983765
qwen,flickr30k,final_quarter,False,2,0.2857142857142857,10,10,10,37,4.0,4096,0.0003,True,1.5,1024,512,1200,0.6549258232116699,0.6475374517176533,0.6618103979766602,0.23876953125,0.0,0.619384765625,0.380615234375,0.3997510075569153,0.255174845457077,0.05918596075174426,4049.7856557390223,0.4179527461528778,0.325515478849411,0.9951378380488568,0.6978900394097931,0.994363852650261,1936.54296875,0.47278881072998047,0.0,0.32577842473983765
qwen,flickr30k,final_quarter,False,2,0.2857142857142857,10,10,10,37,4.0,4096,0.001,False,1.1,1024,512,1200,0.15585505962371826,0.1537649726422387,0.15792809539925656,0.195068359375,0.005615234375,0.197998046875,0.008544921875,0.09775008261203766,0.0581049807369709,0.8413964027487277,699.7483617346459,0.19797565042972565,0.16886861622333527,0.9953163337038237,0.9700148982328145,0.9987251383700039,673.47265625,0.16442203521728516,0.793701171875,0.1636870801448822
qwen,flickr30k,final_quarter,False,2,0.2857142857142857,10,10,10,37,4.0,4096,0.001,False,1.25,1024,512,1200,0.15585505962371826,0.1537649726422387,0.15792809539925656,0.186767578125,0.005126953125,0.1943359375,0.0126953125,0.09775008261203766,0.0581049807369709,0.8413964027487277,699.7483617346459,0.19797565042972565,0.16886861622333527,0.9953163337038237,0.9700148982328145,0.9987251383700039,673.47265625,0.16442203521728516,0.793701171875,0.1636870801448822
qwen,flickr30k,final_quarter,False,2,0.2857142857142857,10,10,10,37,4.0,4096,0.001,False,1.5,1024,512,1200,0.15585505962371826,0.1537649726422387,0.15792809539925656,0.132568359375,0.00439453125,0.16796875,0.039794921875,0.09775008261203766,0.0581049807369709,0.8413964027487277,699.7483617346459,0.19797565042972565,0.16886861622333527,0.9953163337038237,0.9700148982328145,0.9987251383700039,673.47265625,0.16442203521728516,0.793701171875,0.1636870801448822
qwen,flickr30k,final_quarter,False,2,0.2857142857142857,10,10,10,37,4.0,4096,0.001,True,1.1,1024,512,1200,0.6464968919754028,0.6390294109296519,0.653831364584039,0.99658203125,0.0,0.998291015625,0.001708984375,0.3945310115814209,0.2519659399986267,0.060105465486367395,4047.920395640565,0.4167254567146301,0.3224363625049591,0.9948220190131986,0.6973017799302454,0.9948479968879428,1927.5,0.4705810546875,0.0,0.32047727704048157
qwen,flickr30k,final_quarter,False,2,0.2857142857142857,10,10,10,37,4.0,4096,0.001,True,1.25,1024,512,1200,0.6464968919754028,0.6390294109296519,0.653831364584039,0.91943359375,0.0,0.959716796875,0.040283203125,0.3945310115814209,0.2519659399986267,0.060105465486367395,4047.920395640565,0.4167254567146301,0.3224363625049591,0.9948220190131986,0.6973017799302454,0.9948479968879428,1927.5,0.4705810546875,0.0,0.32047727704048157
qwen,flickr30k,final_quarter,False,2,0.2857142857142857,10,10,10,37,4.0,4096,0.001,True,1.5,1024,512,1200,0.6464968919754028,0.6390294109296519,0.653831364584039,0.2275390625,0.0,0.61376953125,0.38623046875,0.3945310115814209,0.2519659399986267,0.060105465486367395,4047.920395640565,0.4167254567146301,0.3224363625049591,0.9948220190131986,0.6973017799302454,0.9948479968879428,1927.5,0.4705810546875,0.0,0.32047727704048157
qwen,flickr30k,final_quarter,False,3,0.42857142857142855,15,15,15,11,2.0,4096,0.0003,False,1.1,1024,512,1200,0.21572940051555634,0.2132648999155208,0.21788362238585252,0.211669921875,0.005615234375,0.216796875,0.0107421875,0.12964878976345062,0.08608059585094452,0.8285884250706916,758.6294281396108,0.2389463186264038,0.23672623932361603,0.9965034349221987,0.978865698468193,0.9977586506132127,743.029296875,0.18140363693237305,0.776123046875,0.22784872353076935
qwen,flickr30k,final_quarter,False,3,0.42857142857142855,15,15,15,11,2.0,4096,0.0003,False,1.25,1024,512,1200,0.21572940051555634,0.2132648999155208,0.21788362238585252,0.184814453125,0.00439453125,0.20458984375,0.024169921875,0.12964878976345062,0.08608059585094452,0.8285884250706916,758.6294281396108,0.2389463186264038,0.23672623932361603,0.9965034349221987,0.978865698468193,0.9977586506132127,743.029296875,0.18140363693237305,0.776123046875,0.22784872353076935
qwen,flickr30k,final_quarter,False,3,0.42857142857142855,15,15,15,11,2.0,4096,0.0003,False,1.5,1024,512,1200,0.21572940051555634,0.2132648999155208,0.21788362238585252,0.003173828125,0.004150390625,0.114013671875,0.114990234375,0.12964878976345062,0.08608059585094452,0.8285884250706916,758.6294281396108,0.2389463186264038,0.23672623932361603,0.9965034349221987,0.978865698468193,0.9977586506132127,743.029296875,0.18140363693237305,0.776123046875,0.22784872353076935
qwen,flickr30k,final_quarter,False,3,0.42857142857142855,15,15,15,11,2.0,4096,0.0003,True,1.1,1024,512,1200,0.7121801376342773,0.7052291301923106,0.7181677259621211,0.869140625,0.0,0.9345703125,0.0654296875,0.4025825560092926,0.30959761142730713,0.059678661052622095,4047.7726346446384,0.3962482511997223,0.33037328720092773,0.9939601764035122,0.7158988608417536,0.9865685235405205,1914.109375,0.4673118591308594,0.0,0.32251328229904175
qwen,flickr30k,final_quarter,False,3,0.42857142857142855,15,15,15,11,2.0,4096,0.0003,True,1.25,1024,512,1200,0.7121801376342773,0.7052291301923106,0.7181677259621211,0.23583984375,0.0,0.617919921875,0.382080078125,0.4025825560092926,0.30959761142730713,0.059678661052622095,4047.7726346446384,0.3962482511997223,0.33037328720092773,0.9939601764035122,0.7158988608417536,0.9865685235405205,1914.109375,0.4673118591308594,0.0,0.32251328229904175
qwen,flickr30k,final_quarter,False,3,0.42857142857142855,15,15,15,11,2.0,4096,0.0003,True,1.5,1024,512,1200,0.7121801376342773,0.7052291301923106,0.7181677259621211,-0.7744140625,0.0,0.11279296875,0.88720703125,0.4025825560092926,0.30959761142730713,0.059678661052622095,4047.7726346446384,0.3962482511997223,0.33037328720092773,0.9939601764035122,0.7158988608417536,0.9865685235405205,1914.109375,0.4673118591308594,0.0,0.32251328229904175
qwen,flickr30k,final_quarter,False,3,0.42857142857142855,15,15,15,11,2.0,4096,0.001,False,1.1,1024,512,1200,0.21440646052360535,0.21198775954035226,0.21655717338289832,0.212646484375,0.00537109375,0.21728515625,0.010009765625,0.12876605987548828,0.08564040064811707,0.8286271875613442,758.1206952163244,0.23355896770954132,0.23189836740493774,0.9963214829873521,0.978539071926613,0.9976801591115052,740.736328125,0.18084383010864258,0.776611328125,0.22375279664993286
qwen,flickr30k,final_quarter,False,3,0.42857142857142855,15,15,15,11,2.0,4096,0.001,False,1.25,1024,512,1200,0.21440646052360535,0.21198775954035226,0.21655717338289832,0.184326171875,0.00439453125,0.2041015625,0.024169921875,0.12876605987548828,0.08564040064811707,0.8286271875613442,758.1206952163244,0.23355896770954132,0.23189836740493774,0.9963214829873521,0.978539071926613,0.9976801591115052,740.736328125,0.18084383010864258,0.776611328125,0.22375279664993286
qwen,flickr30k,final_quarter,False,3,0.42857142857142855,15,15,15,11,2.0,4096,0.001,False,1.5,1024,512,1200,0.21440646052360535,0.21198775954035226,0.21655717338289832,-0.003662109375,0.004150390625,0.1103515625,0.1181640625,0.12876605987548828,0.08564040064811707,0.8286271875613442,758.1206952163244,0.23355896770954132,0.23189836740493774,0.9963214829873521,0.978539071926613,0.9976801591115052,740.736328125,0.18084383010864258,0.776611328125,0.22375279664993286
qwen,flickr30k,final_quarter,False,3,0.42857142857142855,15,15,15,11,2.0,4096,0.001,True,1.1,1024,512,1200,0.7007613182067871,0.6941405145043973,0.7065691322583006,0.8701171875,0.0,0.93505859375,0.06494140625,0.3959294557571411,0.3048318922519684,0.05917058153260319,4049.466348766796,0.3889915645122528,0.3249284029006958,0.994387955632508,0.715765042123556,0.9913639787192723,1905.890625,0.4653053283691406,0.0,0.31641852855682373
qwen,flickr30k,final_quarter,False,3,0.42857142857142855,15,15,15,11,2.0,4096,0.001,True,1.25,1024,512,1200,0.7007613182067871,0.6941405145043973,0.7065691322583006,0.24609375,0.0,0.623046875,0.376953125,0.3959294557571411,0.3048318922519684,0.05917058153260319,4049.466348766796,0.3889915645122528,0.3249284029006958,0.994387955632508,0.715765042123556,0.9913639787192723,1905.890625,0.4653053283691406,0.0,0.31641852855682373
qwen,flickr30k,final_quarter,False,3,0.42857142857142855,15,15,15,11,2.0,4096,0.001,True,1.5,1024,512,1200,0.7007613182067871,0.6941405145043973,0.7065691322583006,-0.78759765625,0.0,0.106201171875,0.893798828125,0.3959294557571411,0.3048318922519684,0.05917058153260319,4049.466348766796,0.3889915645122528,0.3249284029006958,0.994387955632508,0.715765042123556,0.9913639787192723,1905.890625,0.4653053283691406,0.0,0.31641852855682373
qwen,flickr30k,final_quarter,False,3,0.42857142857142855,15,15,15,11,4.0,4096,0.0003,False,1.1,1024,512,1200,0.21572940051555634,0.2132648999155208,0.21788362238585252,0.211669921875,0.005615234375,0.216796875,0.0107421875,0.12964878976345062,0.08608059585094452,0.8285884250706916,758.6294281396108,0.2389463186264038,0.23672623932361603,0.9965034349221987,0.978865698468193,0.9977586506132127,743.029296875,0.18140363693237305,0.776123046875,0.22784872353076935
qwen,flickr30k,final_quarter,False,3,0.42857142857142855,15,15,15,11,4.0,4096,0.0003,False,1.25,1024,512,1200,0.21572940051555634,0.2132648999155208,0.21788362238585252,0.184814453125,0.00439453125,0.20458984375,0.024169921875,0.12964878976345062,0.08608059585094452,0.8285884250706916,758.6294281396108,0.2389463186264038,0.23672623932361603,0.9965034349221987,0.978865698468193,0.9977586506132127,743.029296875,0.18140363693237305,0.776123046875,0.22784872353076935
qwen,flickr30k,final_quarter,False,3,0.42857142857142855,15,15,15,11,4.0,4096,0.0003,False,1.5,1024,512,1200,0.21572940051555634,0.2132648999155208,0.21788362238585252,0.003173828125,0.004150390625,0.114013671875,0.114990234375,0.12964878976345062,0.08608059585094452,0.8285884250706916,758.6294281396108,0.2389463186264038,0.23672623932361603,0.9965034349221987,0.978865698468193,0.9977586506132127,743.029296875,0.18140363693237305,0.776123046875,0.22784872353076935
qwen,flickr30k,final_quarter,False,3,0.42857142857142855,15,15,15,11,4.0,4096,0.0003,True,1.1,1024,512,1200,0.7121801376342773,0.7052291301923106,0.7181677259621211,0.869140625,0.0,0.9345703125,0.0654296875,0.4025825560092926,0.30959761142730713,0.059678661052622095,4047.7726346446384,0.3962482511997223,0.33037328720092773,0.9939601764035122,0.7158988608417536,0.9865685235405205,1914.109375,0.4673118591308594,0.0,0.32251328229904175
qwen,flickr30k,final_quarter,False,3,0.42857142857142855,15,15,15,11,4.0,4096,0.0003,True,1.25,1024,512,1200,0.7121801376342773,0.7052291301923106,0.7181677259621211,0.23583984375,0.0,0.617919921875,0.382080078125,0.4025825560092926,0.30959761142730713,0.059678661052622095,4047.7726346446384,0.3962482511997223,0.33037328720092773,0.9939601764035122,0.7158988608417536,0.9865685235405205,1914.109375,0.4673118591308594,0.0,0.32251328229904175
qwen,flickr30k,final_quarter,False,3,0.42857142857142855,15,15,15,11,4.0,4096,0.0003,True,1.5,1024,512,1200,0.7121801376342773,0.7052291301923106,0.7181677259621211,-0.7744140625,0.0,0.11279296875,0.88720703125,0.4025825560092926,0.30959761142730713,0.059678661052622095,4047.7726346446384,0.3962482511997223,0.33037328720092773,0.9939601764035122,0.7158988608417536,0.9865685235405205,1914.109375,0.4673118591308594,0.0,0.32251328229904175
qwen,flickr30k,final_quarter,False,3,0.42857142857142855,15,15,15,11,4.0,4096,0.001,False,1.1,1024,512,1200,0.21440646052360535,0.21198775954035226,0.21655717338289832,0.212646484375,0.00537109375,0.21728515625,0.010009765625,0.12876605987548828,0.08564040064811707,0.8286271875613442,758.1206952163244,0.23355896770954132,0.23189836740493774,0.9963214829873521,0.978539071926613,0.9976801591115052,740.736328125,0.18084383010864258,0.776611328125,0.22375279664993286
qwen,flickr30k,final_quarter,False,3,0.42857142857142855,15,15,15,11,4.0,4096,0.001,False,1.25,1024,512,1200,0.21440646052360535,0.21198775954035226,0.21655717338289832,0.184326171875,0.00439453125,0.2041015625,0.024169921875,0.12876605987548828,0.08564040064811707,0.8286271875613442,758.1206952163244,0.23355896770954132,0.23189836740493774,0.9963214829873521,0.978539071926613,0.9976801591115052,740.736328125,0.18084383010864258,0.776611328125,0.22375279664993286
qwen,flickr30k,final_quarter,False,3,0.42857142857142855,15,15,15,11,4.0,4096,0.001,False,1.5,1024,512,1200,0.21440646052360535,0.21198775954035226,0.21655717338289832,-0.003662109375,0.004150390625,0.1103515625,0.1181640625,0.12876605987548828,0.08564040064811707,0.8286271875613442,758.1206952163244,0.23355896770954132,0.23189836740493774,0.9963214829873521,0.978539071926613,0.9976801591115052,740.736328125,0.18084383010864258,0.776611328125,0.22375279664993286
qwen,flickr30k,final_quarter,False,3,0.42857142857142855,15,15,15,11,4.0,4096,0.001,True,1.1,1024,512,1200,0.7007613182067871,0.6941405145043973,0.7065691322583006,0.8701171875,0.0,0.93505859375,0.06494140625,0.3959294557571411,0.3048318922519684,0.05917058153260319,4049.466348766796,0.3889915645122528,0.3249284029006958,0.994387955632508,0.715765042123556,0.9913639787192723,1905.890625,0.4653053283691406,0.0,0.31641852855682373
qwen,flickr30k,final_quarter,False,3,0.42857142857142855,15,15,15,11,4.0,4096,0.001,True,1.25,1024,512,1200,0.7007613182067871,0.6941405145043973,0.7065691322583006,0.24609375,0.0,0.623046875,0.376953125,0.3959294557571411,0.3048318922519684,0.05917058153260319,4049.466348766796,0.3889915645122528,0.3249284029006958,0.994387955632508,0.715765042123556,0.9913639787192723,1905.890625,0.4653053283691406,0.0,0.31641852855682373
qwen,flickr30k,final_quarter,False,3,0.42857142857142855,15,15,15,11,4.0,4096,0.001,True,1.5,1024,512,1200,0.7007613182067871,0.6941405145043973,0.7065691322583006,-0.78759765625,0.0,0.106201171875,0.893798828125,0.3959294557571411,0.3048318922519684,0.05917058153260319,4049.466348766796,0.3889915645122528,0.3249284029006958,0.994387955632508,0.715765042123556,0.9913639787192723,1905.890625,0.4653053283691406,0.0,0.31641852855682373
qwen,flickr30k,final_quarter,False,3,0.42857142857142855,15,15,15,23,2.0,4096,0.0003,False,1.1,1024,512,1200,0.21213708817958832,0.2098660872070468,0.21436953375014128,0.2041015625,0.00732421875,0.203857421875,0.007080078125,0.1272774189710617,0.08485967665910721,0.834967306690472,729.7464128459204,0.23859137296676636,0.2389490008354187,0.9960170151943456,0.9786872647365019,0.9979939937489699,716.57421875,0.17494487762451172,0.790771484375,0.2276047170162201
qwen,flickr30k,final_quarter,False,3,0.42857142857142855,15,15,15,23,2.0,4096,0.0003,False,1.25,1024,512,1200,0.21213708817958832,0.2098660872070468,0.21436953375014128,0.18212890625,0.0068359375,0.193359375,0.01806640625,0.1272774189710617,0.08485967665910721,0.834967306690472,729.7464128459204,0.23859137296676636,0.2389490008354187,0.9960170151943456,0.9786872647365019,0.9979939937489699,716.57421875,0.17494487762451172,0.790771484375,0.2276047170162201
qwen,flickr30k,final_quarter,False,3,0.42857142857142855,15,15,15,23,2.0,4096,0.0003,False,1.5,1024,512,1200,0.21213708817958832,0.2098660872070468,0.21436953375014128,0.0078125,0.006591796875,0.1064453125,0.105224609375,0.1272774189710617,0.08485967665910721,0.834967306690472,729.7464128459204,0.23859137296676636,0.2389490008354187,0.9960170151943456,0.9786872647365019,0.9979939937489699,716.57421875,0.17494487762451172,0.790771484375,0.2276047170162201
qwen,flickr30k,final_quarter,False,3,0.42857142857142855,15,15,15,23,2.0,4096,0.0003,True,1.1,1024,512,1200,0.7118952870368958,0.705708208939177,0.7178874977777013,0.87646484375,0.00048828125,0.937744140625,0.061767578125,0.40240657329559326,0.30948877334594727,0.060479090802129966,4047.404872650526,0.4089067876338959,0.3312506675720215,0.9932082320853982,0.7159640406939303,0.9904723723479268,1928.822265625,0.4709038734436035,0.0,0.325598806142807
qwen,flickr30k,final_quarter,False,3,0.42857142857142855,15,15,15,23,2.0,4096,0.0003,True,1.25,1024,512,1200,0.7118952870368958,0.705708208939177,0.7178874977777013,0.25341796875,0.0,0.626708984375,0.373291015625,0.40240657329559326,0.30948877334594727,0.060479090802129966,4047.404872650526,0.4089067876338959,0.3312506675720215,0.9932082320853982,0.7159640406939303,0.9904723723479268,1928.822265625,0.4709038734436035,0.0,0.325598806142807
qwen,flickr30k,final_quarter,False,3,0.42857142857142855,15,15,15,23,2.0,4096,0.0003,True,1.5,1024,512,1200,0.7118952870368958,0.705708208939177,0.7178874977777013,-0.77490234375,0.0,0.112548828125,0.887451171875,0.40240657329559326,0.30948877334594727,0.060479090802129966,4047.404872650526,0.4089067876338959,0.3312506675720215,0.9932082320853982,0.7159640406939303,0.9904723723479268,1928.822265625,0.4709038734436035,0.0,0.325598806142807
qwen,flickr30k,final_quarter,False,3,0.42857142857142855,15,15,15,23,2.0,4096,0.001,False,1.1,1024,512,1200,0.21013841032981873,0.20788720908531105,0.21234516523691127,0.2041015625,0.00732421875,0.203857421875,0.007080078125,0.12599799036979675,0.08414041996002197,0.834049067674768,731.5785662877903,0.23176053166389465,0.23411624133586884,0.9963281606092989,0.979018683009509,0.998250234965215,713.744140625,0.1742539405822754,0.790771484375,0.22013835608959198
qwen,flickr30k,final_quarter,False,3,0.42857142857142855,15,15,15,23,2.0,4096,0.001,False,1.25,1024,512,1200,0.21013841032981873,0.20788720908531105,0.21234516523691127,0.18017578125,0.0068359375,0.1923828125,0.01904296875,0.12599799036979675,0.08414041996002197,0.834049067674768,731.5785662877903,0.23176053166389465,0.23411624133586884,0.9963281606092989,0.979018683009509,0.998250234965215,713.744140625,0.1742539405822754,0.790771484375,0.22013835608959198
qwen,flickr30k,final_quarter,False,3,0.42857142857142855,15,15,15,23,2.0,4096,0.001,False,1.5,1024,512,1200,0.21013841032981873,0.20788720908531105,0.21234516523691127,0.0009765625,0.006591796875,0.10302734375,0.108642578125,0.12599799036979675,0.08414041996002197,0.834049067674768,731.5785662877903,0.23176053166389465,0.23411624133586884,0.9963281606092989,0.979018683009509,0.998250234965215,713.744140625,0.1742539405822754,0.790771484375,0.22013835608959198
qwen,flickr30k,final_quarter,False,3,0.42857142857142855,15,15,15,23,2.0,4096,0.001,True,1.1,1024,512,1200,0.6991335153579712,0.6929838779178681,0.7051325516076759,0.88134765625,0.000732421875,0.93994140625,0.059326171875,0.39503902196884155,0.30409449338912964,0.06030894839200901,4047.2919113426397,0.3981291949748993,0.32344314455986023,0.9924519724517259,0.7146964474727564,0.9914966955417708,1918.025390625,0.46826791763305664,0.0,0.3186972141265869
qwen,flickr30k,final_quarter,False,3,0.42857142857142855,15,15,15,23,2.0,4096,0.001,True,1.25,1024,512,1200,0.6991335153579712,0.6929838779178681,0.7051325516076759,0.2431640625,0.0,0.62158203125,0.37841796875,0.39503902196884155,0.30409449338912964,0.06030894839200901,4047.2919113426397,0.3981291949748993,0.32344314455986023,0.9924519724517259,0.7146964474727564,0.9914966955417708,1918.025390625,0.46826791763305664,0.0,0.3186972141265869
qwen,flickr30k,final_quarter,False,3,0.42857142857142855,15,15,15,23,2.0,4096,0.001,True,1.5,1024,512,1200,0.6991335153579712,0.6929838779178681,0.7051325516076759,-0.78125,0.0,0.109375,0.890625,0.39503902196884155,0.30409449338912964,0.06030894839200901,4047.2919113426397,0.3981291949748993,0.32344314455986023,0.9924519724517259,0.7146964474727564,0.9914966955417708,1918.025390625,0.46826791763305664,0.0,0.3186972141265869
qwen,flickr30k,final_quarter,False,3,0.42857142857142855,15,15,15,23,4.0,4096,0.0003,False,1.1,1024,512,1200,0.21213708817958832,0.2098660872070468,0.21436953375014128,0.2041015625,0.00732421875,0.203857421875,0.007080078125,0.1272774189710617,0.08485967665910721,0.834967306690472,729.7464128459204,0.23859137296676636,0.2389490008354187,0.9960170151943456,0.9786872647365019,0.9979939937489699,716.57421875,0.17494487762451172,0.790771484375,0.2276047170162201
qwen,flickr30k,final_quarter,False,3,0.42857142857142855,15,15,15,23,4.0,4096,0.0003,False,1.25,1024,512,1200,0.21213708817958832,0.2098660872070468,0.21436953375014128,0.18212890625,0.0068359375,0.193359375,0.01806640625,0.1272774189710617,0.08485967665910721,0.834967306690472,729.7464128459204,0.23859137296676636,0.2389490008354187,0.9960170151943456,0.9786872647365019,0.9979939937489699,716.57421875,0.17494487762451172,0.790771484375,0.2276047170162201
qwen,flickr30k,final_quarter,False,3,0.42857142857142855,15,15,15,23,4.0,4096,0.0003,False,1.5,1024,512,1200,0.21213708817958832,0.2098660872070468,0.21436953375014128,0.0078125,0.006591796875,0.1064453125,0.105224609375,0.1272774189710617,0.08485967665910721,0.834967306690472,729.7464128459204,0.23859137296676636,0.2389490008354187,0.9960170151943456,0.9786872647365019,0.9979939937489699,716.57421875,0.17494487762451172,0.790771484375,0.2276047170162201
qwen,flickr30k,final_quarter,False,3,0.42857142857142855,15,15,15,23,4.0,4096,0.0003,True,1.1,1024,512,1200,0.7118952870368958,0.705708208939177,0.7178874977777013,0.87646484375,0.00048828125,0.937744140625,0.061767578125,0.40240657329559326,0.30948877334594727,0.060479090802129966,4047.404872650526,0.4089067876338959,0.3312506675720215,0.9932082320853982,0.7159640406939303,0.9904723723479268,1928.822265625,0.4709038734436035,0.0,0.325598806142807
qwen,flickr30k,final_quarter,False,3,0.42857142857142855,15,15,15,23,4.0,4096,0.0003,True,1.25,1024,512,1200,0.7118952870368958,0.705708208939177,0.7178874977777013,0.25341796875,0.0,0.626708984375,0.373291015625,0.40240657329559326,0.30948877334594727,0.060479090802129966,4047.404872650526,0.4089067876338959,0.3312506675720215,0.9932082320853982,0.7159640406939303,0.9904723723479268,1928.822265625,0.4709038734436035,0.0,0.325598806142807
qwen,flickr30k,final_quarter,False,3,0.42857142857142855,15,15,15,23,4.0,4096,0.0003,True,1.5,1024,512,1200,0.7118952870368958,0.705708208939177,0.7178874977777013,-0.77490234375,0.0,0.112548828125,0.887451171875,0.40240657329559326,0.30948877334594727,0.060479090802129966,4047.404872650526,0.4089067876338959,0.3312506675720215,0.9932082320853982,0.7159640406939303,0.9904723723479268,1928.822265625,0.4709038734436035,0.0,0.325598806142807
qwen,flickr30k,final_quarter,False,3,0.42857142857142855,15,15,15,23,4.0,4096,0.001,False,1.1,1024,512,1200,0.21013841032981873,0.20788720908531105,0.21234516523691127,0.2041015625,0.00732421875,0.203857421875,0.007080078125,0.12599799036979675,0.08414041996002197,0.834049067674768,731.5785662877903,0.23176053166389465,0.23411624133586884,0.9963281606092989,0.979018683009509,0.998250234965215,713.744140625,0.1742539405822754,0.790771484375,0.22013835608959198
qwen,flickr30k,final_quarter,False,3,0.42857142857142855,15,15,15,23,4.0,4096,0.001,False,1.25,1024,512,1200,0.21013841032981873,0.20788720908531105,0.21234516523691127,0.18017578125,0.0068359375,0.1923828125,0.01904296875,0.12599799036979675,0.08414041996002197,0.834049067674768,731.5785662877903,0.23176053166389465,0.23411624133586884,0.9963281606092989,0.979018683009509,0.998250234965215,713.744140625,0.1742539405822754,0.790771484375,0.22013835608959198
qwen,flickr30k,final_quarter,False,3,0.42857142857142855,15,15,15,23,4.0,4096,0.001,False,1.5,1024,512,1200,0.21013841032981873,0.20788720908531105,0.21234516523691127,0.0009765625,0.006591796875,0.10302734375,0.108642578125,0.12599799036979675,0.08414041996002197,0.834049067674768,731.5785662877903,0.23176053166389465,0.23411624133586884,0.9963281606092989,0.979018683009509,0.998250234965215,713.744140625,0.1742539405822754,0.790771484375,0.22013835608959198
qwen,flickr30k,final_quarter,False,3,0.42857142857142855,15,15,15,23,4.0,4096,0.001,True,1.1,1024,512,1200,0.6991335153579712,0.6929838779178681,0.7051325516076759,0.88134765625,0.000732421875,0.93994140625,0.059326171875,0.39503902196884155,0.30409449338912964,0.06030894839200901,4047.2919113426397,0.3981291949748993,0.32344314455986023,0.9924519724517259,0.7146964474727564,0.9914966955417708,1918.025390625,0.46826791763305664,0.0,0.3186972141265869
qwen,flickr30k,final_quarter,False,3,0.42857142857142855,15,15,15,23,4.0,4096,0.001,True,1.25,1024,512,1200,0.6991335153579712,0.6929838779178681,0.7051325516076759,0.2431640625,0.0,0.62158203125,0.37841796875,0.39503902196884155,0.30409449338912964,0.06030894839200901,4047.2919113426397,0.3981291949748993,0.32344314455986023,0.9924519724517259,0.7146964474727564,0.9914966955417708,1918.025390625,0.46826791763305664,0.0,0.3186972141265869
qwen,flickr30k,final_quarter,False,3,0.42857142857142855,15,15,15,23,4.0,4096,0.001,True,1.5,1024,512,1200,0.6991335153579712,0.6929838779178681,0.7051325516076759,-0.78125,0.0,0.109375,0.890625,0.39503902196884155,0.30409449338912964,0.06030894839200901,4047.2919113426397,0.3981291949748993,0.32344314455986023,0.9924519724517259,0.7146964474727564,0.9914966955417708,1918.025390625,0.46826791763305664,0.0,0.3186972141265869
qwen,flickr30k,final_quarter,False,3,0.42857142857142855,15,15,15,37,2.0,4096,0.0003,False,1.1,1024,512,1200,0.21352189779281616,0.21133756125273068,0.21576931307135966,0.209716796875,0.006103515625,0.211669921875,0.008056640625,0.1281493902206421,0.08537249267101288,0.8358311919686067,727.2112496981515,0.23812159895896912,0.23486942052841187,0.9964879623601568,0.9788757339570211,0.9979617041753799,715.626953125,0.1747136116027832,0.784423828125,0.22704099118709564
qwen,flickr30k,final_quarter,False,3,0.42857142857142855,15,15,15,37,2.0,4096,0.0003,False,1.25,1024,512,1200,0.21352189779281616,0.21133756125273068,0.21576931307135966,0.177001953125,0.0048828125,0.196533203125,0.0244140625,0.1281493902206421,0.08537249267101288,0.8358311919686067,727.2112496981515,0.23812159895896912,0.23486942052841187,0.9964879623601568,0.9788757339570211,0.9979617041753799,715.626953125,0.1747136116027832,0.784423828125,0.22704099118709564
qwen,flickr30k,final_quarter,False,3,0.42857142857142855,15,15,15,37,2.0,4096,0.0003,False,1.5,1024,512,1200,0.21352189779281616,0.21133756125273068,0.21576931307135966,0.008056640625,0.0048828125,0.112060546875,0.10888671875,0.1281493902206421,0.08537249267101288,0.8358311919686067,727.2112496981515,0.23812159895896912,0.23486942052841187,0.9964879623601568,0.9788757339570211,0.9979617041753799,715.626953125,0.1747136116027832,0.784423828125,0.22704099118709564
qwen,flickr30k,final_quarter,False,3,0.42857142857142855,15,15,15,37,2.0,4096,0.0003,True,1.1,1024,512,1200,0.7106870412826538,0.7051536668353947,0.7165082791500026,0.88427734375,0.000244140625,0.94189453125,0.057861328125,0.401680052280426,0.30900701880455017,0.0607494639070704,4047.060232542525,0.40215572714805603,0.3276275396347046,0.9926037409869723,0.713662833979355,0.9902422275959446,1918.96484375,0.46849727630615234,0.0,0.32457274198532104
qwen,flickr30k,final_quarter,False,3,0.42857142857142855,15,15,15,37,2.0,4096,0.0003,True,1.25,1024,512,1200,0.7106870412826538,0.7051536668353947,0.7165082791500026,0.25341796875,0.0,0.626708984375,0.373291015625,0.401680052280426,0.30900701880455017,0.0607494639070704,4047.060232542525,0.40215572714805603,0.3276275396347046,0.9926037409869723,0.713662833979355,0.9902422275959446,1918.96484375,0.46849727630615234,0.0,0.32457274198532104
qwen,flickr30k,final_quarter,False,3,0.42857142857142855,15,15,15,37,2.0,4096,0.0003,True,1.5,1024,512,1200,0.7106870412826538,0.7051536668353947,0.7165082791500026,-0.77734375,0.0,0.111328125,0.888671875,0.401680052280426,0.30900701880455017,0.0607494639070704,4047.060232542525,0.40215572714805603,0.3276275396347046,0.9926037409869723,0.713662833979355,0.9902422275959446,1918.96484375,0.46849727630615234,0.0,0.32457274198532104
qwen,flickr30k,final_quarter,False,3,0.42857142857142855,15,15,15,37,2.0,4096,0.001,False,1.1,1024,512,1200,0.21190303564071655,0.20975743989183684,0.21411234942643204,0.2099609375,0.006103515625,0.2119140625,0.008056640625,0.12709596753120422,0.08480708301067352,0.8353589596215477,727.6999888751718,0.23302623629570007,0.22761213779449463,0.9964472641495913,0.9787491231464571,0.9973724448184246,713.275390625,0.17413949966430664,0.7841796875,0.22151663899421692
qwen,flickr30k,final_quarter,False,3,0.42857142857142855,15,15,15,37,2.0,4096,0.001,False,1.25,1024,512,1200,0.21190303564071655,0.20975743989183684,0.21411234942643204,0.17578125,0.0048828125,0.196044921875,0.025146484375,0.12709596753120422,0.08480708301067352,0.8353589596215477,727.6999888751718,0.23302623629570007,0.22761213779449463,0.9964472641495913,0.9787491231464571,0.9973724448184246,713.275390625,0.17413949966430664,0.7841796875,0.22151663899421692
qwen,flickr30k,final_quarter,False,3,0.42857142857142855,15,15,15,37,2.0,4096,0.001,False,1.5,1024,512,1200,0.21190303564071655,0.20975743989183684,0.21411234942643204,0.00634765625,0.0048828125,0.111328125,0.10986328125,0.12709596753120422,0.08480708301067352,0.8353589596215477,727.6999888751718,0.23302623629570007,0.22761213779449463,0.9964472641495913,0.9787491231464571,0.9973724448184246,713.275390625,0.17413949966430664,0.7841796875,0.22151663899421692
qwen,flickr30k,final_quarter,False,3,0.42857142857142855,15,15,15,37,2.0,4096,0.001,True,1.1,1024,512,1200,0.7008663415908813,0.6953341346932576,0.7066231909993803,0.869140625,0.0,0.9345703125,0.0654296875,0.3955802321434021,0.30528610944747925,0.06020662815224568,4048.657482437559,0.3997757136821747,0.3240884840488434,0.9939676126044565,0.7148188364060777,0.9912406627066254,1914.32421875,0.4673643112182617,0.0,0.3192507326602936
qwen,flickr30k,final_quarter,False,3,0.42857142857142855,15,15,15,37,2.0,4096,0.001,True,1.25,1024,512,1200,0.7008663415908813,0.6953341346932576,0.7066231909993803,0.2353515625,0.0,0.61767578125,0.38232421875,0.3955802321434021,0.30528610944747925,0.06020662815224568,4048.657482437559,0.3997757136821747,0.3240884840488434,0.9939676126044565,0.7148188364060777,0.9912406627066254,1914.32421875,0.4673643112182617,0.0,0.3192507326602936
qwen,flickr30k,final_quarter,False,3,0.42857142857142855,15,15,15,37,2.0,4096,0.001,True,1.5,1024,512,1200,0.7008663415908813,0.6953341346932576,0.7066231909993803,-0.8017578125,0.0,0.09912109375,0.90087890625,0.3955802321434021,0.30528610944747925,0.06020662815224568,4048.657482437559,0.3997757136821747,0.3240884840488434,0.9939676126044565,0.7148188364060777,0.9912406627066254,1914.32421875,0.4673643112182617,0.0,0.3192507326602936
qwen,flickr30k,final_quarter,False,3,0.42857142857142855,15,15,15,37,4.0,4096,0.0003,False,1.1,1024,512,1200,0.21352189779281616,0.21133756125273068,0.21576931307135966,0.209716796875,0.006103515625,0.211669921875,0.008056640625,0.1281493902206421,0.08537249267101288,0.8358311919686067,727.2112496981515,0.23812159895896912,0.23486942052841187,0.9964879623601568,0.9788757339570211,0.9979617041753799,715.626953125,0.1747136116027832,0.784423828125,0.22704099118709564
qwen,flickr30k,final_quarter,False,3,0.42857142857142855,15,15,15,37,4.0,4096,0.0003,False,1.25,1024,512,1200,0.21352189779281616,0.21133756125273068,0.21576931307135966,0.177001953125,0.0048828125,0.196533203125,0.0244140625,0.1281493902206421,0.08537249267101288,0.8358311919686067,727.2112496981515,0.23812159895896912,0.23486942052841187,0.9964879623601568,0.9788757339570211,0.9979617041753799,715.626953125,0.1747136116027832,0.784423828125,0.22704099118709564
qwen,flickr30k,final_quarter,False,3,0.42857142857142855,15,15,15,37,4.0,4096,0.0003,False,1.5,1024,512,1200,0.21352189779281616,0.21133756125273068,0.21576931307135966,0.008056640625,0.0048828125,0.112060546875,0.10888671875,0.1281493902206421,0.08537249267101288,0.8358311919686067,727.2112496981515,0.23812159895896912,0.23486942052841187,0.9964879623601568,0.9788757339570211,0.9979617041753799,715.626953125,0.1747136116027832,0.784423828125,0.22704099118709564
qwen,flickr30k,final_quarter,False,3,0.42857142857142855,15,15,15,37,4.0,4096,0.0003,True,1.1,1024,512,1200,0.7106870412826538,0.7051536668353947,0.7165082791500026,0.88427734375,0.000244140625,0.94189453125,0.057861328125,0.401680052280426,0.30900701880455017,0.0607494639070704,4047.060232542525,0.40215572714805603,0.3276275396347046,0.9926037409869723,0.713662833979355,0.9902422275959446,1918.96484375,0.46849727630615234,0.0,0.32457274198532104
qwen,flickr30k,final_quarter,False,3,0.42857142857142855,15,15,15,37,4.0,4096,0.0003,True,1.25,1024,512,1200,0.7106870412826538,0.7051536668353947,0.7165082791500026,0.25341796875,0.0,0.626708984375,0.373291015625,0.401680052280426,0.30900701880455017,0.0607494639070704,4047.060232542525,0.40215572714805603,0.3276275396347046,0.9926037409869723,0.713662833979355,0.9902422275959446,1918.96484375,0.46849727630615234,0.0,0.32457274198532104
qwen,flickr30k,final_quarter,False,3,0.42857142857142855,15,15,15,37,4.0,4096,0.0003,True,1.5,1024,512,1200,0.7106870412826538,0.7051536668353947,0.7165082791500026,-0.77734375,0.0,0.111328125,0.888671875,0.401680052280426,0.30900701880455017,0.0607494639070704,4047.060232542525,0.40215572714805603,0.3276275396347046,0.9926037409869723,0.713662833979355,0.9902422275959446,1918.96484375,0.46849727630615234,0.0,0.32457274198532104
qwen,flickr30k,final_quarter,False,3,0.42857142857142855,15,15,15,37,4.0,4096,0.001,False,1.1,1024,512,1200,0.21190303564071655,0.20975743989183684,0.21411234942643204,0.2099609375,0.006103515625,0.2119140625,0.008056640625,0.12709596753120422,0.08480708301067352,0.8353589596215477,727.6999888751718,0.23302623629570007,0.22761213779449463,0.9964472641495913,0.9787491231464571,0.9973724448184246,713.275390625,0.17413949966430664,0.7841796875,0.22151663899421692
qwen,flickr30k,final_quarter,False,3,0.42857142857142855,15,15,15,37,4.0,4096,0.001,False,1.25,1024,512,1200,0.21190303564071655,0.20975743989183684,0.21411234942643204,0.17578125,0.0048828125,0.196044921875,0.025146484375,0.12709596753120422,0.08480708301067352,0.8353589596215477,727.6999888751718,0.23302623629570007,0.22761213779449463,0.9964472641495913,0.9787491231464571,0.9973724448184246,713.275390625,0.17413949966430664,0.7841796875,0.22151663899421692
qwen,flickr30k,final_quarter,False,3,0.42857142857142855,15,15,15,37,4.0,4096,0.001,False,1.5,1024,512,1200,0.21190303564071655,0.20975743989183684,0.21411234942643204,0.00634765625,0.0048828125,0.111328125,0.10986328125,0.12709596753120422,0.08480708301067352,0.8353589596215477,727.6999888751718,0.23302623629570007,0.22761213779449463,0.9964472641495913,0.9787491231464571,0.9973724448184246,713.275390625,0.17413949966430664,0.7841796875,0.22151663899421692
qwen,flickr30k,final_quarter,False,3,0.42857142857142855,15,15,15,37,4.0,4096,0.001,True,1.1,1024,512,1200,0.7008663415908813,0.6953341346932576,0.7066231909993803,0.869140625,0.0,0.9345703125,0.0654296875,0.3955802321434021,0.30528610944747925,0.06020662815224568,4048.657482437559,0.3997757136821747,0.3240884840488434,0.9939676126044565,0.7148188364060777,0.9912406627066254,1914.32421875,0.4673643112182617,0.0,0.3192507326602936
qwen,flickr30k,final_quarter,False,3,0.42857142857142855,15,15,15,37,4.0,4096,0.001,True,1.25,1024,512,1200,0.7008663415908813,0.6953341346932576,0.7066231909993803,0.2353515625,0.0,0.61767578125,0.38232421875,0.3955802321434021,0.30528610944747925,0.06020662815224568,4048.657482437559,0.3997757136821747,0.3240884840488434,0.9939676126044565,0.7148188364060777,0.9912406627066254,1914.32421875,0.4673643112182617,0.0,0.3192507326602936
qwen,flickr30k,final_quarter,False,3,0.42857142857142855,15,15,15,37,4.0,4096,0.001,True,1.5,1024,512,1200,0.7008663415908813,0.6953341346932576,0.7066231909993803,-0.8017578125,0.0,0.09912109375,0.90087890625,0.3955802321434021,0.30528610944747925,0.06020662815224568,4048.657482437559,0.3997757136821747,0.3240884840488434,0.9939676126044565,0.7148188364060777,0.9912406627066254,1914.32421875,0.4673643112182617,0.0,0.3192507326602936
qwen,flickr30k,final_quarter,False,4,0.5714285714285714,20,20,20,11,2.0,4096,0.0003,False,1.1,1024,512,1200,0.27294957637786865,0.2705731186957564,0.27524202462009273,0.183349609375,0.0107421875,0.185546875,0.012939453125,0.159566730260849,0.11338287591934204,0.8453402990172506,680.4950841597118,0.301286906003952,0.28988713026046753,0.9960613492676771,0.9836382251705336,0.9964016698128856,680.763671875,0.16620206832885742,0.805419921875,0.27654969692230225
qwen,flickr30k,final_quarter,False,4,0.5714285714285714,20,20,20,11,2.0,4096,0.0003,False,1.25,1024,512,1200,0.27294957637786865,0.2705731186957564,0.27524202462009273,0.120849609375,0.009521484375,0.155517578125,0.044189453125,0.159566730260849,0.11338287591934204,0.8453402990172506,680.4950841597118,0.301286906003952,0.28988713026046753,0.9960613492676771,0.9836382251705336,0.9964016698128856,680.763671875,0.16620206832885742,0.805419921875,0.27654969692230225
qwen,flickr30k,final_quarter,False,4,0.5714285714285714,20,20,20,11,2.0,4096,0.0003,False,1.5,1024,512,1200,0.27294957637786865,0.2705731186957564,0.27524202462009273,-0.033447265625,0.007568359375,0.080322265625,0.121337890625,0.159566730260849,0.11338287591934204,0.8453402990172506,680.4950841597118,0.301286906003952,0.28988713026046753,0.9960613492676771,0.9836382251705336,0.9964016698128856,680.763671875,0.16620206832885742,0.805419921875,0.27654969692230225
qwen,flickr30k,final_quarter,False,4,0.5714285714285714,20,20,20,11,2.0,4096,0.0003,True,1.1,1024,512,1200,0.8716467618942261,0.8633978229714557,0.8791830377362203,0.6015625,0.000732421875,0.800048828125,0.19921875,0.4751109480857849,0.39653587341308594,0.06189585780763663,4045.940989266949,0.3969348669052124,0.33041396737098694,0.9945322221219256,0.7240729549855603,0.9894238675335194,1943.1953125,0.4744129180908203,0.0,0.32572516798973083
qwen,flickr30k,final_quarter,False,4,0.5714285714285714,20,20,20,11,2.0,4096,0.0003,True,1.25,1024,512,1200,0.8716467618942261,0.8633978229714557,0.8791830377362203,-0.2548828125,0.0,0.37255859375,0.62744140625,0.4751109480857849,0.39653587341308594,0.06189585780763663,4045.940989266949,0.3969348669052124,0.33041396737098694,0.9945322221219256,0.7240729549855603,0.9894238675335194,1943.1953125,0.4744129180908203,0.0,0.32572516798973083
qwen,flickr30k,final_quarter,False,4,0.5714285714285714,20,20,20,11,2.0,4096,0.0003,True,1.5,1024,512,1200,0.8716467618942261,0.8633978229714557,0.8791830377362203,-0.9248046875,0.0,0.03759765625,0.96240234375,0.4751109480857849,0.39653587341308594,0.06189585780763663,4045.940989266949,0.3969348669052124,0.33041396737098694,0.9945322221219256,0.7240729549855603,0.9894238675335194,1943.1953125,0.4744129180908203,0.0,0.32572516798973083
qwen,flickr30k,final_quarter,False,4,0.5714285714285714,20,20,20,11,2.0,4096,0.001,False,1.1,1024,512,1200,0.2711140513420105,0.2687620675955259,0.2733571343000222,0.1826171875,0.010498046875,0.185302734375,0.01318359375,0.15842823684215546,0.11268581449985504,0.844915730148485,681.0330518454064,0.29432210326194763,0.2816554307937622,0.9961063745091868,0.9836443680313683,0.9958222548804581,678.9375,0.1657562255859375,0.805419921875,0.26994186639785767
qwen,flickr30k,final_quarter,False,4,0.5714285714285714,20,20,20,11,2.0,4096,0.001,False,1.25,1024,512,1200,0.2711140513420105,0.2687620675955259,0.2733571343000222,0.1181640625,0.00927734375,0.154296875,0.04541015625,0.15842823684215546,0.11268581449985504,0.844915730148485,681.0330518454064,0.29432210326194763,0.2816554307937622,0.9961063745091868,0.9836443680313683,0.9958222548804581,678.9375,0.1657562255859375,0.805419921875,0.26994186639785767
qwen,flickr30k,final_quarter,False,4,0.5714285714285714,20,20,20,11,2.0,4096,0.001,False,1.5,1024,512,1200,0.2711140513420105,0.2687620675955259,0.2733571343000222,-0.03369140625,0.00732421875,0.080322265625,0.121337890625,0.15842823684215546,0.11268581449985504,0.844915730148485,681.0330518454064,0.29432210326194763,0.2816554307937622,0.9961063745091868,0.9836443680313683,0.9958222548804581,678.9375,0.1657562255859375,0.805419921875,0.26994186639785767
qwen,flickr30k,final_quarter,False,4,0.5714285714285714,20,20,20,11,2.0,4096,0.001,True,1.1,1024,512,1200,0.8616998195648193,0.8537435889826156,0.8690107261907543,0.58984375,0.000732421875,0.794189453125,0.205078125,0.4692995250225067,0.392400324344635,0.06188139852979865,4046.565419455408,0.391731858253479,0.3241831958293915,0.9936849817329805,0.7239733094218839,0.9910228530966718,1937.47265625,0.47301578521728516,0.0,0.3214893937110901
qwen,flickr30k,final_quarter,False,4,0.5714285714285714,20,20,20,11,2.0,4096,0.001,True,1.25,1024,512,1200,0.8616998195648193,0.8537435889826156,0.8690107261907543,-0.265625,0.0,0.3671875,0.6328125,0.4692995250225067,0.392400324344635,0.06188139852979865,4046.565419455408,0.391731858253479,0.3241831958293915,0.9936849817329805,0.7239733094218839,0.9910228530966718,1937.47265625,0.47301578521728516,0.0,0.3214893937110901
qwen,flickr30k,final_quarter,False,4,0.5714285714285714,20,20,20,11,2.0,4096,0.001,True,1.5,1024,512,1200,0.8616998195648193,0.8537435889826156,0.8690107261907543,-0.921875,0.0,0.0390625,0.9609375,0.4692995250225067,0.392400324344635,0.06188139852979865,4046.565419455408,0.391731858253479,0.3241831958293915,0.9936849817329805,0.7239733094218839,0.9910228530966718,1937.47265625,0.47301578521728516,0.0,0.3214893937110901
qwen,flickr30k,final_quarter,False,4,0.5714285714285714,20,20,20,11,4.0,4096,0.0003,False,1.1,1024,512,1200,0.27294957637786865,0.2705731186957564,0.27524202462009273,0.183349609375,0.0107421875,0.185546875,0.012939453125,0.159566730260849,0.11338287591934204,0.8453402990172506,680.4950841597118,0.301286906003952,0.28988713026046753,0.9960613492676771,0.9836382251705336,0.9964016698128856,680.763671875,0.16620206832885742,0.805419921875,0.27654969692230225
qwen,flickr30k,final_quarter,False,4,0.5714285714285714,20,20,20,11,4.0,4096,0.0003,False,1.25,1024,512,1200,0.27294957637786865,0.2705731186957564,0.27524202462009273,0.120849609375,0.009521484375,0.155517578125,0.044189453125,0.159566730260849,0.11338287591934204,0.8453402990172506,680.4950841597118,0.301286906003952,0.28988713026046753,0.9960613492676771,0.9836382251705336,0.9964016698128856,680.763671875,0.16620206832885742,0.805419921875,0.27654969692230225
qwen,flickr30k,final_quarter,False,4,0.5714285714285714,20,20,20,11,4.0,4096,0.0003,False,1.5,1024,512,1200,0.27294957637786865,0.2705731186957564,0.27524202462009273,-0.033447265625,0.007568359375,0.080322265625,0.121337890625,0.159566730260849,0.11338287591934204,0.8453402990172506,680.4950841597118,0.301286906003952,0.28988713026046753,0.9960613492676771,0.9836382251705336,0.9964016698128856,680.763671875,0.16620206832885742,0.805419921875,0.27654969692230225
qwen,flickr30k,final_quarter,False,4,0.5714285714285714,20,20,20,11,4.0,4096,0.0003,True,1.1,1024,512,1200,0.8716467618942261,0.8633978229714557,0.8791830377362203,0.6015625,0.000732421875,0.800048828125,0.19921875,0.4751109480857849,0.39653587341308594,0.06189585780763663,4045.940989266949,0.3969348669052124,0.33041396737098694,0.9945322221219256,0.7240729549855603,0.9894238675335194,1943.1953125,0.4744129180908203,0.0,0.32572516798973083
qwen,flickr30k,final_quarter,False,4,0.5714285714285714,20,20,20,11,4.0,4096,0.0003,True,1.25,1024,512,1200,0.8716467618942261,0.8633978229714557,0.8791830377362203,-0.2548828125,0.0,0.37255859375,0.62744140625,0.4751109480857849,0.39653587341308594,0.06189585780763663,4045.940989266949,0.3969348669052124,0.33041396737098694,0.9945322221219256,0.7240729549855603,0.9894238675335194,1943.1953125,0.4744129180908203,0.0,0.32572516798973083
qwen,flickr30k,final_quarter,False,4,0.5714285714285714,20,20,20,11,4.0,4096,0.0003,True,1.5,1024,512,1200,0.8716467618942261,0.8633978229714557,0.8791830377362203,-0.9248046875,0.0,0.03759765625,0.96240234375,0.4751109480857849,0.39653587341308594,0.06189585780763663,4045.940989266949,0.3969348669052124,0.33041396737098694,0.9945322221219256,0.7240729549855603,0.9894238675335194,1943.1953125,0.4744129180908203,0.0,0.32572516798973083
qwen,flickr30k,final_quarter,False,4,0.5714285714285714,20,20,20,11,4.0,4096,0.001,False,1.1,1024,512,1200,0.2711140513420105,0.2687620675955259,0.2733571343000222,0.1826171875,0.010498046875,0.185302734375,0.01318359375,0.15842823684215546,0.11268581449985504,0.844915730148485,681.0330518454064,0.29432210326194763,0.2816554307937622,0.9961063745091868,0.9836443680313683,0.9958222548804581,678.9375,0.1657562255859375,0.805419921875,0.26994186639785767
qwen,flickr30k,final_quarter,False,4,0.5714285714285714,20,20,20,11,4.0,4096,0.001,False,1.25,1024,512,1200,0.2711140513420105,0.2687620675955259,0.2733571343000222,0.1181640625,0.00927734375,0.154296875,0.04541015625,0.15842823684215546,0.11268581449985504,0.844915730148485,681.0330518454064,0.29432210326194763,0.2816554307937622,0.9961063745091868,0.9836443680313683,0.9958222548804581,678.9375,0.1657562255859375,0.805419921875,0.26994186639785767
qwen,flickr30k,final_quarter,False,4,0.5714285714285714,20,20,20,11,4.0,4096,0.001,False,1.5,1024,512,1200,0.2711140513420105,0.2687620675955259,0.2733571343000222,-0.03369140625,0.00732421875,0.080322265625,0.121337890625,0.15842823684215546,0.11268581449985504,0.844915730148485,681.0330518454064,0.29432210326194763,0.2816554307937622,0.9961063745091868,0.9836443680313683,0.9958222548804581,678.9375,0.1657562255859375,0.805419921875,0.26994186639785767
qwen,flickr30k,final_quarter,False,4,0.5714285714285714,20,20,20,11,4.0,4096,0.001,True,1.1,1024,512,1200,0.8616998195648193,0.8537435889826156,0.8690107261907543,0.58984375,0.000732421875,0.794189453125,0.205078125,0.4692995250225067,0.392400324344635,0.06188139852979865,4046.565419455408,0.391731858253479,0.3241831958293915,0.9936849817329805,0.7239733094218839,0.9910228530966718,1937.47265625,0.47301578521728516,0.0,0.3214893937110901
qwen,flickr30k,final_quarter,False,4,0.5714285714285714,20,20,20,11,4.0,4096,0.001,True,1.25,1024,512,1200,0.8616998195648193,0.8537435889826156,0.8690107261907543,-0.265625,0.0,0.3671875,0.6328125,0.4692995250225067,0.392400324344635,0.06188139852979865,4046.565419455408,0.391731858253479,0.3241831958293915,0.9936849817329805,0.7239733094218839,0.9910228530966718,1937.47265625,0.47301578521728516,0.0,0.3214893937110901
qwen,flickr30k,final_quarter,False,4,0.5714285714285714,20,20,20,11,4.0,4096,0.001,True,1.5,1024,512,1200,0.8616998195648193,0.8537435889826156,0.8690107261907543,-0.921875,0.0,0.0390625,0.9609375,0.4692995250225067,0.392400324344635,0.06188139852979865,4046.565419455408,0.391731858253479,0.3241831958293915,0.9936849817329805,0.7239733094218839,0.9910228530966718,1937.47265625,0.47301578521728516,0.0,0.3214893937110901
qwen,flickr30k,final_quarter,False,4,0.5714285714285714,20,20,20,23,2.0,4096,0.0003,False,1.1,1024,512,1200,0.26955828070640564,0.26733100276615007,0.2718525796874019,0.1845703125,0.008056640625,0.187255859375,0.0107421875,0.15707571804523468,0.11248257756233215,0.8494489581070028,664.0916747904976,0.3025912046432495,0.28950050473213196,0.9959866923102096,0.9834718177457179,0.995669827811869,664.98046875,0.16234874725341797,0.81103515625,0.27459126710891724
qwen,flickr30k,final_quarter,False,4,0.5714285714285714,20,20,20,23,2.0,4096,0.0003,False,1.25,1024,512,1200,0.26955828070640564,0.26733100276615007,0.2718525796874019,0.1279296875,0.0078125,0.1591796875,0.0390625,0.15707571804523468,0.11248257756233215,0.8494489581070028,664.0916747904976,0.3025912046432495,0.28950050473213196,0.9959866923102096,0.9834718177457179,0.995669827811869,664.98046875,0.16234874725341797,0.81103515625,0.27459126710891724
qwen,flickr30k,final_quarter,False,4,0.5714285714285714,20,20,20,23,2.0,4096,0.0003,False,1.5,1024,512,1200,0.26955828070640564,0.26733100276615007,0.2718525796874019,-0.0390625,0.00732421875,0.076171875,0.12255859375,0.15707571804523468,0.11248257756233215,0.8494489581070028,664.0916747904976,0.3025912046432495,0.28950050473213196,0.9959866923102096,0.9834718177457179,0.995669827811869,664.98046875,0.16234874725341797,0.81103515625,0.27459126710891724
qwen,flickr30k,final_quarter,False,4,0.5714285714285714,20,20,20,23,2.0,4096,0.0003,True,1.1,1024,512,1200,0.8737283945083618,0.8655527510301908,0.8816442331532016,0.5869140625,0.000244140625,0.793212890625,0.20654296875,0.4757381081581116,0.39799028635025024,0.062193396251258096,4045.2337143668856,0.3951275944709778,0.3270006477832794,0.9953335651872409,0.7242002330999366,0.9944255289086558,1937.046875,0.4729118347167969,0.0,0.32464054226875305
qwen,flickr30k,final_quarter,False,4,0.5714285714285714,20,20,20,23,2.0,4096,0.0003,True,1.25,1024,512,1200,0.8737283945083618,0.8655527510301908,0.8816442331532016,-0.2685546875,0.0,0.36572265625,0.63427734375,0.4757381081581116,0.39799028635025024,0.062193396251258096,4045.2337143668856,0.3951275944709778,0.3270006477832794,0.9953335651872409,0.7242002330999366,0.9944255289086558,1937.046875,0.4729118347167969,0.0,0.32464054226875305
qwen,flickr30k,final_quarter,False,4,0.5714285714285714,20,20,20,23,2.0,4096,0.0003,True,1.5,1024,512,1200,0.8737283945083618,0.8655527510301908,0.8816442331532016,-0.93701171875,0.0,0.031494140625,0.968505859375,0.4757381081581116,0.39799028635025024,0.062193396251258096,4045.2337143668856,0.3951275944709778,0.3270006477832794,0.9953335651872409,0.7242002330999366,0.9944255289086558,1937.046875,0.4729118347167969,0.0,0.32464054226875305
qwen,flickr30k,final_quarter,False,4,0.5714285714285714,20,20,20,23,2.0,4096,0.001,False,1.1,1024,512,1200,0.2678699493408203,0.26565169394234545,0.27011612743444857,0.18359375,0.008056640625,0.186767578125,0.01123046875,0.155982106924057,0.1118878498673439,0.8488119402505342,665.4006826577327,0.2959159314632416,0.28452423214912415,0.9960238970481299,0.9834776089609996,0.9959983608687849,663.40234375,0.16196346282958984,0.81103515625,0.26852500438690186
qwen,flickr30k,final_quarter,False,4,0.5714285714285714,20,20,20,23,2.0,4096,0.001,False,1.25,1024,512,1200,0.2678699493408203,0.26565169394234545,0.27011612743444857,0.12744140625,0.0078125,0.158935546875,0.039306640625,0.155982106924057,0.1118878498673439,0.8488119402505342,665.4006826577327,0.2959159314632416,0.28452423214912415,0.9960238970481299,0.9834776089609996,0.9959983608687849,663.40234375,0.16196346282958984,0.81103515625,0.26852500438690186
qwen,flickr30k,final_quarter,False,4,0.5714285714285714,20,20,20,23,2.0,4096,0.001,False,1.5,1024,512,1200,0.2678699493408203,0.26565169394234545,0.27011612743444857,-0.04296875,0.00732421875,0.07421875,0.12451171875,0.155982106924057,0.1118878498673439,0.8488119402505342,665.4006826577327,0.2959159314632416,0.28452423214912415,0.9960238970481299,0.9834776089609996,0.9959983608687849,663.40234375,0.16196346282958984,0.81103515625,0.26852500438690186
qwen,flickr30k,final_quarter,False,4,0.5714285714285714,20,20,20,23,2.0,4096,0.001,True,1.1,1024,512,1200,0.864974856376648,0.8569085476105102,0.8727831964904909,0.59765625,0.00048828125,0.79833984375,0.201171875,0.47122645378112793,0.3937484622001648,0.06227150672794586,4044.7924338034877,0.3899405896663666,0.3224999010562897,0.9960677551916379,0.724848470488984,0.9890233346373011,1932.884765625,0.471895694732666,0.0,0.3208649754524231
qwen,flickr30k,final_quarter,False,4,0.5714285714285714,20,20,20,23,2.0,4096,0.001,True,1.25,1024,512,1200,0.864974856376648,0.8569085476105102,0.8727831964904909,-0.26416015625,0.0,0.367919921875,0.632080078125,0.47122645378112793,0.3937484622001648,0.06227150672794586,4044.7924338034877,0.3899405896663666,0.3224999010562897,0.9960677551916379,0.724848470488984,0.9890233346373011,1932.884765625,0.471895694732666,0.0,0.3208649754524231
qwen,flickr30k,final_quarter,False,4,0.5714285714285714,20,20,20,23,2.0,4096,0.001,True,1.5,1024,512,1200,0.864974856376648,0.8569085476105102,0.8727831964904909,-0.9326171875,0.0,0.03369140625,0.96630859375,0.47122645378112793,0.3937484622001648,0.06227150672794586,4044.7924338034877,0.3899405896663666,0.3224999010562897,0.9960677551916379,0.724848470488984,0.9890233346373011,1932.884765625,0.471895694732666,0.0,0.3208649754524231
qwen,flickr30k,final_quarter,False,4,0.5714285714285714,20,20,20,23,4.0,4096,0.0003,False,1.1,1024,512,1200,0.26955828070640564,0.26733100276615007,0.2718525796874019,0.1845703125,0.008056640625,0.187255859375,0.0107421875,0.15707571804523468,0.11248257756233215,0.8494489581070028,664.0916747904976,0.3025912046432495,0.28950050473213196,0.9959866923102096,0.9834718177457179,0.995669827811869,664.98046875,0.16234874725341797,0.81103515625,0.27459126710891724
qwen,flickr30k,final_quarter,False,4,0.5714285714285714,20,20,20,23,4.0,4096,0.0003,False,1.25,1024,512,1200,0.26955828070640564,0.26733100276615007,0.2718525796874019,0.1279296875,0.0078125,0.1591796875,0.0390625,0.15707571804523468,0.11248257756233215,0.8494489581070028,664.0916747904976,0.3025912046432495,0.28950050473213196,0.9959866923102096,0.9834718177457179,0.995669827811869,664.98046875,0.16234874725341797,0.81103515625,0.27459126710891724
qwen,flickr30k,final_quarter,False,4,0.5714285714285714,20,20,20,23,4.0,4096,0.0003,False,1.5,1024,512,1200,0.26955828070640564,0.26733100276615007,0.2718525796874019,-0.0390625,0.00732421875,0.076171875,0.12255859375,0.15707571804523468,0.11248257756233215,0.8494489581070028,664.0916747904976,0.3025912046432495,0.28950050473213196,0.9959866923102096,0.9834718177457179,0.995669827811869,664.98046875,0.16234874725341797,0.81103515625,0.27459126710891724
qwen,flickr30k,final_quarter,False,4,0.5714285714285714,20,20,20,23,4.0,4096,0.0003,True,1.1,1024,512,1200,0.8737283945083618,0.8655527510301908,0.8816442331532016,0.5869140625,0.000244140625,0.793212890625,0.20654296875,0.4757381081581116,0.39799028635025024,0.062193396251258096,4045.2337143668856,0.3951275944709778,0.3270006477832794,0.9953335651872409,0.7242002330999366,0.9944255289086558,1937.046875,0.4729118347167969,0.0,0.32464054226875305
qwen,flickr30k,final_quarter,False,4,0.5714285714285714,20,20,20,23,4.0,4096,0.0003,True,1.25,1024,512,1200,0.8737283945083618,0.8655527510301908,0.8816442331532016,-0.2685546875,0.0,0.36572265625,0.63427734375,0.4757381081581116,0.39799028635025024,0.062193396251258096,4045.2337143668856,0.3951275944709778,0.3270006477832794,0.9953335651872409,0.7242002330999366,0.9944255289086558,1937.046875,0.4729118347167969,0.0,0.32464054226875305
qwen,flickr30k,final_quarter,False,4,0.5714285714285714,20,20,20,23,4.0,4096,0.0003,True,1.5,1024,512,1200,0.8737283945083618,0.8655527510301908,0.8816442331532016,-0.93701171875,0.0,0.031494140625,0.968505859375,0.4757381081581116,0.39799028635025024,0.062193396251258096,4045.2337143668856,0.3951275944709778,0.3270006477832794,0.9953335651872409,0.7242002330999366,0.9944255289086558,1937.046875,0.4729118347167969,0.0,0.32464054226875305
qwen,flickr30k,final_quarter,False,4,0.5714285714285714,20,20,20,23,4.0,4096,0.001,False,1.1,1024,512,1200,0.2678699493408203,0.26565169394234545,0.27011612743444857,0.18359375,0.008056640625,0.186767578125,0.01123046875,0.155982106924057,0.1118878498673439,0.8488119402505342,665.4006826577327,0.2959159314632416,0.28452423214912415,0.9960238970481299,0.9834776089609996,0.9959983608687849,663.40234375,0.16196346282958984,0.81103515625,0.26852500438690186
qwen,flickr30k,final_quarter,False,4,0.5714285714285714,20,20,20,23,4.0,4096,0.001,False,1.25,1024,512,1200,0.2678699493408203,0.26565169394234545,0.27011612743444857,0.12744140625,0.0078125,0.158935546875,0.039306640625,0.155982106924057,0.1118878498673439,0.8488119402505342,665.4006826577327,0.2959159314632416,0.28452423214912415,0.9960238970481299,0.9834776089609996,0.9959983608687849,663.40234375,0.16196346282958984,0.81103515625,0.26852500438690186
qwen,flickr30k,final_quarter,False,4,0.5714285714285714,20,20,20,23,4.0,4096,0.001,False,1.5,1024,512,1200,0.2678699493408203,0.26565169394234545,0.27011612743444857,-0.04296875,0.00732421875,0.07421875,0.12451171875,0.155982106924057,0.1118878498673439,0.8488119402505342,665.4006826577327,0.2959159314632416,0.28452423214912415,0.9960238970481299,0.9834776089609996,0.9959983608687849,663.40234375,0.16196346282958984,0.81103515625,0.26852500438690186
qwen,flickr30k,final_quarter,False,4,0.5714285714285714,20,20,20,23,4.0,4096,0.001,True,1.1,1024,512,1200,0.864974856376648,0.8569085476105102,0.8727831964904909,0.59765625,0.00048828125,0.79833984375,0.201171875,0.47122645378112793,0.3937484622001648,0.06227150672794586,4044.7924338034877,0.3899405896663666,0.3224999010562897,0.9960677551916379,0.724848470488984,0.9890233346373011,1932.884765625,0.471895694732666,0.0,0.3208649754524231
qwen,flickr30k,final_quarter,False,4,0.5714285714285714,20,20,20,23,4.0,4096,0.001,True,1.25,1024,512,1200,0.864974856376648,0.8569085476105102,0.8727831964904909,-0.26416015625,0.0,0.367919921875,0.632080078125,0.47122645378112793,0.3937484622001648,0.06227150672794586,4044.7924338034877,0.3899405896663666,0.3224999010562897,0.9960677551916379,0.724848470488984,0.9890233346373011,1932.884765625,0.471895694732666,0.0,0.3208649754524231
qwen,flickr30k,final_quarter,False,4,0.5714285714285714,20,20,20,23,4.0,4096,0.001,True,1.5,1024,512,1200,0.864974856376648,0.8569085476105102,0.8727831964904909,-0.9326171875,0.0,0.03369140625,0.96630859375,0.47122645378112793,0.3937484622001648,0.06227150672794586,4044.7924338034877,0.3899405896663666,0.3224999010562897,0.9960677551916379,0.724848470488984,0.9890233346373011,1932.884765625,0.471895694732666,0.0,0.3208649754524231
qwen,flickr30k,final_quarter,False,4,0.5714285714285714,20,20,20,37,2.0,4096,0.0003,False,1.1,1024,512,1200,0.27095016837120056,0.26855067232681906,0.2734020869953383,0.18310546875,0.009033203125,0.188232421875,0.01416015625,0.15789735317230225,0.11305283010005951,0.8466509681487674,674.1099610348163,0.29850533604621887,0.2898852527141571,0.9960765613908801,0.9834475457899791,0.9957896066796805,673.880859375,0.1645216941833496,0.8056640625,0.2724951505661011
qwen,flickr30k,final_quarter,False,4,0.5714285714285714,20,20,20,37,2.0,4096,0.0003,False,1.25,1024,512,1200,0.27095016837120056,0.26855067232681906,0.2734020869953383,0.12451171875,0.0087890625,0.1591796875,0.04345703125,0.15789735317230225,0.11305283010005951,0.8466509681487674,674.1099610348163,0.29850533604621887,0.2898852527141571,0.9960765613908801,0.9834475457899791,0.9957896066796805,673.880859375,0.1645216941833496,0.8056640625,0.2724951505661011
qwen,flickr30k,final_quarter,False,4,0.5714285714285714,20,20,20,37,2.0,4096,0.0003,False,1.5,1024,512,1200,0.27095016837120056,0.26855067232681906,0.2734020869953383,-0.04345703125,0.0078125,0.076171875,0.12744140625,0.15789735317230225,0.11305283010005951,0.8466509681487674,674.1099610348163,0.29850533604621887,0.2898852527141571,0.9960765613908801,0.9834475457899791,0.9957896066796805,673.880859375,0.1645216941833496,0.8056640625,0.2724951505661011
qwen,flickr30k,final_quarter,False,4,0.5714285714285714,20,20,20,37,2.0,4096,0.0003,True,1.1,1024,512,1200,0.8553802967071533,0.8481375911593204,0.8633156054333085,0.6025390625,0.000244140625,0.801025390625,0.19873046875,0.4663139879703522,0.38906627893447876,0.06090364165017748,4047.430444988256,0.3852554261684418,0.32832902669906616,0.9944053061011001,0.7229460039515839,0.993874786979504,1938.16796875,0.47318553924560547,0.0,0.3252933621406555
qwen,flickr30k,final_quarter,False,4,0.5714285714285714,20,20,20,37,2.0,4096,0.0003,True,1.25,1024,512,1200,0.8553802967071533,0.8481375911593204,0.8633156054333085,-0.267578125,0.0,0.3662109375,0.6337890625,0.4663139879703522,0.38906627893447876,0.06090364165017748,4047.430444988256,0.3852554261684418,0.32832902669906616,0.9944053061011001,0.7229460039515839,0.993874786979504,1938.16796875,0.47318553924560547,0.0,0.3252933621406555
qwen,flickr30k,final_quarter,False,4,0.5714285714285714,20,20,20,37,2.0,4096,0.0003,True,1.5,1024,512,1200,0.8553802967071533,0.8481375911593204,0.8633156054333085,-0.93115234375,0.0,0.034423828125,0.965576171875,0.4663139879703522,0.38906627893447876,0.06090364165017748,4047.430444988256,0.3852554261684418,0.32832902669906616,0.9944053061011001,0.7229460039515839,0.993874786979504,1938.16796875,0.47318553924560547,0.0,0.3252933621406555
qwen,flickr30k,final_quarter,False,4,0.5714285714285714,20,20,20,37,2.0,4096,0.001,False,1.1,1024,512,1200,0.26879310607910156,0.2664134341510362,0.2712205969459319,0.182373046875,0.009033203125,0.187744140625,0.014404296875,0.1566844880580902,0.11210861802101135,0.8462779015001284,674.5859097727617,0.2919059991836548,0.2866387665271759,0.9960700334316381,0.9834280084303478,0.9963289162841736,671.947265625,0.16404962539672852,0.80615234375,0.2663612961769104
qwen,flickr30k,final_quarter,False,4,0.5714285714285714,20,20,20,37,2.0,4096,0.001,False,1.25,1024,512,1200,0.26879310607910156,0.2664134341510362,0.2712205969459319,0.126220703125,0.0087890625,0.159912109375,0.04248046875,0.1566844880580902,0.11210861802101135,0.8462779015001284,674.5859097727617,0.2919059991836548,0.2866387665271759,0.9960700334316381,0.9834280084303478,0.9963289162841736,671.947265625,0.16404962539672852,0.80615234375,0.2663612961769104
qwen,flickr30k,final_quarter,False,4,0.5714285714285714,20,20,20,37,2.0,4096,0.001,False,1.5,1024,512,1200,0.26879310607910156,0.2664134341510362,0.2712205969459319,-0.042724609375,0.0078125,0.076416015625,0.126953125,0.1566844880580902,0.11210861802101135,0.8462779015001284,674.5859097727617,0.2919059991836548,0.2866387665271759,0.9960700334316381,0.9834280084303478,0.9963289162841736,671.947265625,0.16404962539672852,0.80615234375,0.2663612961769104
qwen,flickr30k,final_quarter,False,4,0.5714285714285714,20,20,20,37,2.0,4096,0.001,True,1.1,1024,512,1200,0.8409051895141602,0.8336126628128113,0.8487651185831055,0.62060546875,0.000244140625,0.81005859375,0.189697265625,0.4588185250759125,0.3820866346359253,0.06225838039058226,4044.7127221882943,0.38671255111694336,0.3211286962032318,0.995102287156453,0.723571058863385,0.9932377655443566,1928.845703125,0.47090959548950195,0.0,0.3195965886116028
qwen,flickr30k,final_quarter,False,4,0.5714285714285714,20,20,20,37,2.0,4096,0.001,True,1.25,1024,512,1200,0.8409051895141602,0.8336126628128113,0.8487651185831055,-0.26953125,0.0,0.365234375,0.634765625,0.4588185250759125,0.3820866346359253,0.06225838039058226,4044.7127221882943,0.38671255111694336,0.3211286962032318,0.995102287156453,0.723571058863385,0.9932377655443566,1928.845703125,0.47090959548950195,0.0,0.3195965886116028
qwen,flickr30k,final_quarter,False,4,0.5714285714285714,20,20,20,37,2.0,4096,0.001,True,1.5,1024,512,1200,0.8409051895141602,0.8336126628128113,0.8487651185831055,-0.92919921875,0.0,0.035400390625,0.964599609375,0.4588185250759125,0.3820866346359253,0.06225838039058226,4044.7127221882943,0.38671255111694336,0.3211286962032318,0.995102287156453,0.723571058863385,0.9932377655443566,1928.845703125,0.47090959548950195,0.0,0.3195965886116028
qwen,flickr30k,final_quarter,False,4,0.5714285714285714,20,20,20,37,4.0,4096,0.0003,False,1.1,1024,512,1200,0.27095016837120056,0.26855067232681906,0.2734020869953383,0.18310546875,0.009033203125,0.188232421875,0.01416015625,0.15789735317230225,0.11305283010005951,0.8466509681487674,674.1099610348163,0.29850533604621887,0.2898852527141571,0.9960765613908801,0.9834475457899791,0.9957896066796805,673.880859375,0.1645216941833496,0.8056640625,0.2724951505661011
qwen,flickr30k,final_quarter,False,4,0.5714285714285714,20,20,20,37,4.0,4096,0.0003,False,1.25,1024,512,1200,0.27095016837120056,0.26855067232681906,0.2734020869953383,0.12451171875,0.0087890625,0.1591796875,0.04345703125,0.15789735317230225,0.11305283010005951,0.8466509681487674,674.1099610348163,0.29850533604621887,0.2898852527141571,0.9960765613908801,0.9834475457899791,0.9957896066796805,673.880859375,0.1645216941833496,0.8056640625,0.2724951505661011
qwen,flickr30k,final_quarter,False,4,0.5714285714285714,20,20,20,37,4.0,4096,0.0003,False,1.5,1024,512,1200,0.27095016837120056,0.26855067232681906,0.2734020869953383,-0.04345703125,0.0078125,0.076171875,0.12744140625,0.15789735317230225,0.11305283010005951,0.8466509681487674,674.1099610348163,0.29850533604621887,0.2898852527141571,0.9960765613908801,0.9834475457899791,0.9957896066796805,673.880859375,0.1645216941833496,0.8056640625,0.2724951505661011
qwen,flickr30k,final_quarter,False,4,0.5714285714285714,20,20,20,37,4.0,4096,0.0003,True,1.1,1024,512,1200,0.8553802967071533,0.8481375911593204,0.8633156054333085,0.6025390625,0.000244140625,0.801025390625,0.19873046875,0.4663139879703522,0.38906627893447876,0.06090364165017748,4047.430444988256,0.3852554261684418,0.32832902669906616,0.9944053061011001,0.7229460039515839,0.993874786979504,1938.16796875,0.47318553924560547,0.0,0.3252933621406555
qwen,flickr30k,final_quarter,False,4,0.5714285714285714,20,20,20,37,4.0,4096,0.0003,True,1.25,1024,512,1200,0.8553802967071533,0.8481375911593204,0.8633156054333085,-0.267578125,0.0,0.3662109375,0.6337890625,0.4663139879703522,0.38906627893447876,0.06090364165017748,4047.430444988256,0.3852554261684418,0.32832902669906616,0.9944053061011001,0.7229460039515839,0.993874786979504,1938.16796875,0.47318553924560547,0.0,0.3252933621406555
qwen,flickr30k,final_quarter,False,4,0.5714285714285714,20,20,20,37,4.0,4096,0.0003,True,1.5,1024,512,1200,0.8553802967071533,0.8481375911593204,0.8633156054333085,-0.93115234375,0.0,0.034423828125,0.965576171875,0.4663139879703522,0.38906627893447876,0.06090364165017748,4047.430444988256,0.3852554261684418,0.32832902669906616,0.9944053061011001,0.7229460039515839,0.993874786979504,1938.16796875,0.47318553924560547,0.0,0.3252933621406555
qwen,flickr30k,final_quarter,False,4,0.5714285714285714,20,20,20,37,4.0,4096,0.001,False,1.1,1024,512,1200,0.26879310607910156,0.2664134341510362,0.2712205969459319,0.182373046875,0.009033203125,0.187744140625,0.014404296875,0.1566844880580902,0.11210861802101135,0.8462779015001284,674.5859097727617,0.2919059991836548,0.2866387665271759,0.9960700334316381,0.9834280084303478,0.9963289162841736,671.947265625,0.16404962539672852,0.80615234375,0.2663612961769104
qwen,flickr30k,final_quarter,False,4,0.5714285714285714,20,20,20,37,4.0,4096,0.001,False,1.25,1024,512,1200,0.26879310607910156,0.2664134341510362,0.2712205969459319,0.126220703125,0.0087890625,0.159912109375,0.04248046875,0.1566844880580902,0.11210861802101135,0.8462779015001284,674.5859097727617,0.2919059991836548,0.2866387665271759,0.9960700334316381,0.9834280084303478,0.9963289162841736,671.947265625,0.16404962539672852,0.80615234375,0.2663612961769104
qwen,flickr30k,final_quarter,False,4,0.5714285714285714,20,20,20,37,4.0,4096,0.001,False,1.5,1024,512,1200,0.26879310607910156,0.2664134341510362,0.2712205969459319,-0.042724609375,0.0078125,0.076416015625,0.126953125,0.1566844880580902,0.11210861802101135,0.8462779015001284,674.5859097727617,0.2919059991836548,0.2866387665271759,0.9960700334316381,0.9834280084303478,0.9963289162841736,671.947265625,0.16404962539672852,0.80615234375,0.2663612961769104
qwen,flickr30k,final_quarter,False,4,0.5714285714285714,20,20,20,37,4.0,4096,0.001,True,1.1,1024,512,1200,0.8409051895141602,0.8336126628128113,0.8487651185831055,0.62060546875,0.000244140625,0.81005859375,0.189697265625,0.4588185250759125,0.3820866346359253,0.06225838039058226,4044.7127221882943,0.38671255111694336,0.3211286962032318,0.995102287156453,0.723571058863385,0.9932377655443566,1928.845703125,0.47090959548950195,0.0,0.3195965886116028
qwen,flickr30k,final_quarter,False,4,0.5714285714285714,20,20,20,37,4.0,4096,0.001,True,1.25,1024,512,1200,0.8409051895141602,0.8336126628128113,0.8487651185831055,-0.26953125,0.0,0.365234375,0.634765625,0.4588185250759125,0.3820866346359253,0.06225838039058226,4044.7127221882943,0.38671255111694336,0.3211286962032318,0.995102287156453,0.723571058863385,0.9932377655443566,1928.845703125,0.47090959548950195,0.0,0.3195965886116028
qwen,flickr30k,final_quarter,False,4,0.5714285714285714,20,20,20,37,4.0,4096,0.001,True,1.5,1024,512,1200,0.8409051895141602,0.8336126628128113,0.8487651185831055,-0.92919921875,0.0,0.035400390625,0.964599609375,0.4588185250759125,0.3820866346359253,0.06225838039058226,4044.7127221882943,0.38671255111694336,0.3211286962032318,0.995102287156453,0.723571058863385,0.9932377655443566,1928.845703125,0.47090959548950195,0.0,0.3195965886116028
qwen,flickr30k,final_quarter,False,5,0.7142857142857142,25,25,25,11,2.0,4096,0.0003,False,1.1,1024,512,1200,0.29442766308784485,0.29159072551774445,0.29715815783420113,0.158935546875,0.011474609375,0.15966796875,0.01220703125,0.1705683022737503,0.12385935336351395,0.8683224451566754,579.2763685345686,0.34681060910224915,0.32317614555358887,0.9953702923874993,0.9853600507870249,0.9956281132826973,593.2109375,0.14482688903808594,0.834716796875,0.32592105865478516
qwen,flickr30k,final_quarter,False,5,0.7142857142857142,25,25,25,11,2.0,4096,0.0003,False,1.25,1024,512,1200,0.29442766308784485,0.29159072551774445,0.29715815783420113,0.107177734375,0.010986328125,0.13427734375,0.0380859375,0.1705683022737503,0.12385935336351395,0.8683224451566754,579.2763685345686,0.34681060910224915,0.32317614555358887,0.9953702923874993,0.9853600507870249,0.9956281132826973,593.2109375,0.14482688903808594,0.834716796875,0.32592105865478516
qwen,flickr30k,final_quarter,False,5,0.7142857142857142,25,25,25,11,2.0,4096,0.0003,False,1.5,1024,512,1200,0.29442766308784485,0.29159072551774445,0.29715815783420113,-0.043701171875,0.010009765625,0.059814453125,0.113525390625,0.1705683022737503,0.12385935336351395,0.8683224451566754,579.2763685345686,0.34681060910224915,0.32317614555358887,0.9953702923874993,0.9853600507870249,0.9956281132826973,593.2109375,0.14482688903808594,0.834716796875,0.32592105865478516
qwen,flickr30k,final_quarter,False,5,0.7142857142857142,25,25,25,11,2.0,4096,0.0003,True,1.1,1024,512,1200,0.8318732380867004,0.825095589371631,0.8388212447607657,0.61572265625,0.00048828125,0.807373046875,0.192138671875,0.4539496898651123,0.37792348861694336,0.06324050200811594,4041.8046032811444,0.39837896823883057,0.3256748914718628,0.9939221172087068,0.718261449989028,0.9957395110481541,1939.375,0.473480224609375,0.0,0.32194674015045166
qwen,flickr30k,final_quarter,False,5,0.7142857142857142,25,25,25,11,2.0,4096,0.0003,True,1.25,1024,512,1200,0.8318732380867004,0.825095589371631,0.8388212447607657,-0.2529296875,0.0,0.37353515625,0.62646484375,0.4539496898651123,0.37792348861694336,0.06324050200811594,4041.8046032811444,0.39837896823883057,0.3256748914718628,0.9939221172087068,0.718261449989028,0.9957395110481541,1939.375,0.473480224609375,0.0,0.32194674015045166
qwen,flickr30k,final_quarter,False,5,0.7142857142857142,25,25,25,11,2.0,4096,0.0003,True,1.5,1024,512,1200,0.8318732380867004,0.825095589371631,0.8388212447607657,-0.935546875,0.0,0.0322265625,0.9677734375,0.4539496898651123,0.37792348861694336,0.06324050200811594,4041.8046032811444,0.39837896823883057,0.3256748914718628,0.9939221172087068,0.718261449989028,0.9957395110481541,1939.375,0.473480224609375,0.0,0.32194674015045166
qwen,flickr30k,final_quarter,False,5,0.7142857142857142,25,25,25,11,2.0,4096,0.001,False,1.1,1024,512,1200,0.29328739643096924,0.29045939126735904,0.2960012539384479,0.158935546875,0.011474609375,0.159423828125,0.011962890625,0.16984659433364868,0.12344078719615936,0.867712288958168,580.5307469171807,0.3408796787261963,0.31968948245048523,0.9953775321408747,0.9853591854838772,0.9957504306287314,592.474609375,0.14464712142944336,0.835205078125,0.32056963443756104
qwen,flickr30k,final_quarter,False,5,0.7142857142857142,25,25,25,11,2.0,4096,0.001,False,1.25,1024,512,1200,0.29328739643096924,0.29045939126735904,0.2960012539384479,0.105712890625,0.010986328125,0.13330078125,0.03857421875,0.16984659433364868,0.12344078719615936,0.867712288958168,580.5307469171807,0.3408796787261963,0.31968948245048523,0.9953775321408747,0.9853591854838772,0.9957504306287314,592.474609375,0.14464712142944336,0.835205078125,0.32056963443756104
qwen,flickr30k,final_quarter,False,5,0.7142857142857142,25,25,25,11,2.0,4096,0.001,False,1.5,1024,512,1200,0.29328739643096924,0.29045939126735904,0.2960012539384479,-0.043701171875,0.010009765625,0.0595703125,0.11328125,0.16984659433364868,0.12344078719615936,0.867712288958168,580.5307469171807,0.3408796787261963,0.31968948245048523,0.9953775321408747,0.9853591854838772,0.9957504306287314,592.474609375,0.14464712142944336,0.835205078125,0.32056963443756104
qwen,flickr30k,final_quarter,False,5,0.7142857142857142,25,25,25,11,2.0,4096,0.001,True,1.1,1024,512,1200,0.8262953758239746,0.8193585064640502,0.8333589277724969,0.60888671875,0.00048828125,0.803955078125,0.195556640625,0.45035043358802795,0.37594491243362427,0.061634708845960756,4045.222114057778,0.38899341225624084,0.32045888900756836,0.9939247286533941,0.7181441757627858,0.9955260264323497,1937.61328125,0.4730501174926758,0.0,0.31872257590293884
qwen,flickr30k,final_quarter,False,5,0.7142857142857142,25,25,25,11,2.0,4096,0.001,True,1.25,1024,512,1200,0.8262953758239746,0.8193585064640502,0.8333589277724969,-0.26416015625,0.0,0.367919921875,0.632080078125,0.45035043358802795,0.37594491243362427,0.061634708845960756,4045.222114057778,0.38899341225624084,0.32045888900756836,0.9939247286533941,0.7181441757627858,0.9955260264323497,1937.61328125,0.4730501174926758,0.0,0.31872257590293884
qwen,flickr30k,final_quarter,False,5,0.7142857142857142,25,25,25,11,2.0,4096,0.001,True,1.5,1024,512,1200,0.8262953758239746,0.8193585064640502,0.8333589277724969,-0.935546875,0.0,0.0322265625,0.9677734375,0.45035043358802795,0.37594491243362427,0.061634708845960756,4045.222114057778,0.38899341225624084,0.32045888900756836,0.9939247286533941,0.7181441757627858,0.9955260264323497,1937.61328125,0.4730501174926758,0.0,0.31872257590293884
qwen,flickr30k,final_quarter,False,5,0.7142857142857142,25,25,25,11,4.0,4096,0.0003,False,1.1,1024,512,1200,0.29442766308784485,0.29159072551774445,0.29715815783420113,0.158935546875,0.011474609375,0.15966796875,0.01220703125,0.1705683022737503,0.12385935336351395,0.8683224451566754,579.2763685345686,0.34681060910224915,0.32317614555358887,0.9953702923874993,0.9853600507870249,0.9956281132826973,593.2109375,0.14482688903808594,0.834716796875,0.32592105865478516
qwen,flickr30k,final_quarter,False,5,0.7142857142857142,25,25,25,11,4.0,4096,0.0003,False,1.25,1024,512,1200,0.29442766308784485,0.29159072551774445,0.29715815783420113,0.107177734375,0.010986328125,0.13427734375,0.0380859375,0.1705683022737503,0.12385935336351395,0.8683224451566754,579.2763685345686,0.34681060910224915,0.32317614555358887,0.9953702923874993,0.9853600507870249,0.9956281132826973,593.2109375,0.14482688903808594,0.834716796875,0.32592105865478516
qwen,flickr30k,final_quarter,False,5,0.7142857142857142,25,25,25,11,4.0,4096,0.0003,False,1.5,1024,512,1200,0.29442766308784485,0.29159072551774445,0.29715815783420113,-0.043701171875,0.010009765625,0.059814453125,0.113525390625,0.1705683022737503,0.12385935336351395,0.8683224451566754,579.2763685345686,0.34681060910224915,0.32317614555358887,0.9953702923874993,0.9853600507870249,0.9956281132826973,593.2109375,0.14482688903808594,0.834716796875,0.32592105865478516
qwen,flickr30k,final_quarter,False,5,0.7142857142857142,25,25,25,11,4.0,4096,0.0003,True,1.1,1024,512,1200,0.8318732380867004,0.825095589371631,0.8388212447607657,0.61572265625,0.00048828125,0.807373046875,0.192138671875,0.4539496898651123,0.37792348861694336,0.06324050200811594,4041.8046032811444,0.39837896823883057,0.3256748914718628,0.9939221172087068,0.718261449989028,0.9957395110481541,1939.375,0.473480224609375,0.0,0.32194674015045166
qwen,flickr30k,final_quarter,False,5,0.7142857142857142,25,25,25,11,4.0,4096,0.0003,True,1.25,1024,512,1200,0.8318732380867004,0.825095589371631,0.8388212447607657,-0.2529296875,0.0,0.37353515625,0.62646484375,0.4539496898651123,0.37792348861694336,0.06324050200811594,4041.8046032811444,0.39837896823883057,0.3256748914718628,0.9939221172087068,0.718261449989028,0.9957395110481541,1939.375,0.473480224609375,0.0,0.32194674015045166
qwen,flickr30k,final_quarter,False,5,0.7142857142857142,25,25,25,11,4.0,4096,0.0003,True,1.5,1024,512,1200,0.8318732380867004,0.825095589371631,0.8388212447607657,-0.935546875,0.0,0.0322265625,0.9677734375,0.4539496898651123,0.37792348861694336,0.06324050200811594,4041.8046032811444,0.39837896823883057,0.3256748914718628,0.9939221172087068,0.718261449989028,0.9957395110481541,1939.375,0.473480224609375,0.0,0.32194674015045166
qwen,flickr30k,final_quarter,False,5,0.7142857142857142,25,25,25,11,4.0,4096,0.001,False,1.1,1024,512,1200,0.29328739643096924,0.29045939126735904,0.2960012539384479,0.158935546875,0.011474609375,0.159423828125,0.011962890625,0.16984659433364868,0.12344078719615936,0.867712288958168,580.5307469171807,0.3408796787261963,0.31968948245048523,0.9953775321408747,0.9853591854838772,0.9957504306287314,592.474609375,0.14464712142944336,0.835205078125,0.32056963443756104
qwen,flickr30k,final_quarter,False,5,0.7142857142857142,25,25,25,11,4.0,4096,0.001,False,1.25,1024,512,1200,0.29328739643096924,0.29045939126735904,0.2960012539384479,0.105712890625,0.010986328125,0.13330078125,0.03857421875,0.16984659433364868,0.12344078719615936,0.867712288958168,580.5307469171807,0.3408796787261963,0.31968948245048523,0.9953775321408747,0.9853591854838772,0.9957504306287314,592.474609375,0.14464712142944336,0.835205078125,0.32056963443756104
qwen,flickr30k,final_quarter,False,5,0.7142857142857142,25,25,25,11,4.0,4096,0.001,False,1.5,1024,512,1200,0.29328739643096924,0.29045939126735904,0.2960012539384479,-0.043701171875,0.010009765625,0.0595703125,0.11328125,0.16984659433364868,0.12344078719615936,0.867712288958168,580.5307469171807,0.3408796787261963,0.31968948245048523,0.9953775321408747,0.9853591854838772,0.9957504306287314,592.474609375,0.14464712142944336,0.835205078125,0.32056963443756104
qwen,flickr30k,final_quarter,False,5,0.7142857142857142,25,25,25,11,4.0,4096,0.001,True,1.1,1024,512,1200,0.8262953758239746,0.8193585064640502,0.8333589277724969,0.60888671875,0.00048828125,0.803955078125,0.195556640625,0.45035043358802795,0.37594491243362427,0.061634708845960756,4045.222114057778,0.38899341225624084,0.32045888900756836,0.9939247286533941,0.7181441757627858,0.9955260264323497,1937.61328125,0.4730501174926758,0.0,0.31872257590293884
qwen,flickr30k,final_quarter,False,5,0.7142857142857142,25,25,25,11,4.0,4096,0.001,True,1.25,1024,512,1200,0.8262953758239746,0.8193585064640502,0.8333589277724969,-0.26416015625,0.0,0.367919921875,0.632080078125,0.45035043358802795,0.37594491243362427,0.061634708845960756,4045.222114057778,0.38899341225624084,0.32045888900756836,0.9939247286533941,0.7181441757627858,0.9955260264323497,1937.61328125,0.4730501174926758,0.0,0.31872257590293884
qwen,flickr30k,final_quarter,False,5,0.7142857142857142,25,25,25,11,4.0,4096,0.001,True,1.5,1024,512,1200,0.8262953758239746,0.8193585064640502,0.8333589277724969,-0.935546875,0.0,0.0322265625,0.9677734375,0.45035043358802795,0.37594491243362427,0.061634708845960756,4045.222114057778,0.38899341225624084,0.32045888900756836,0.9939247286533941,0.7181441757627858,0.9955260264323497,1937.61328125,0.4730501174926758,0.0,0.31872257590293884
qwen,flickr30k,final_quarter,False,5,0.7142857142857142,25,25,25,23,2.0,4096,0.0003,False,1.1,1024,512,1200,0.30323174595832825,0.30047611865011276,0.3060517480378621,0.1640625,0.009765625,0.16845703125,0.01416015625,0.1758105754852295,0.12742117047309875,0.865675563708156,587.4068826609697,0.35980749130249023,0.32111433148384094,0.9954609018764261,0.9853753114922944,0.9955883808594712,606.208984375,0.14800024032592773,0.82763671875,0.3405033051967621
qwen,flickr30k,final_quarter,False,5,0.7142857142857142,25,25,25,23,2.0,4096,0.0003,False,1.25,1024,512,1200,0.30323174595832825,0.30047611865011276,0.3060517480378621,0.095703125,0.00927734375,0.134765625,0.04833984375,0.1758105754852295,0.12742117047309875,0.865675563708156,587.4068826609697,0.35980749130249023,0.32111433148384094,0.9954609018764261,0.9853753114922944,0.9955883808594712,606.208984375,0.14800024032592773,0.82763671875,0.3405033051967621
qwen,flickr30k,final_quarter,False,5,0.7142857142857142,25,25,25,23,2.0,4096,0.0003,False,1.5,1024,512,1200,0.30323174595832825,0.30047611865011276,0.3060517480378621,-0.04443359375,0.00830078125,0.065673828125,0.118408203125,0.1758105754852295,0.12742117047309875,0.865675563708156,587.4068826609697,0.35980749130249023,0.32111433148384094,0.9954609018764261,0.9853753114922944,0.9955883808594712,606.208984375,0.14800024032592773,0.82763671875,0.3405033051967621
qwen,flickr30k,final_quarter,False,5,0.7142857142857142,25,25,25,23,2.0,4096,0.0003,True,1.1,1024,512,1200,0.8456461429595947,0.8393350311205723,0.8537023811397375,0.58984375,0.00048828125,0.79443359375,0.205078125,0.4607775807380676,0.3848685622215271,0.06244834271456586,4043.234954511872,0.408990740776062,0.32903721928596497,0.9919300305529424,0.7158653017971737,0.9930854305815543,1947.173828125,0.4753842353820801,0.0,0.32681915163993835
qwen,flickr30k,final_quarter,False,5,0.7142857142857142,25,25,25,23,2.0,4096,0.0003,True,1.25,1024,512,1200,0.8456461429595947,0.8393350311205723,0.8537023811397375,-0.28173828125,0.0,0.359130859375,0.640869140625,0.4607775807380676,0.3848685622215271,0.06244834271456586,4043.234954511872,0.408990740776062,0.32903721928596497,0.9919300305529424,0.7158653017971737,0.9930854305815543,1947.173828125,0.4753842353820801,0.0,0.32681915163993835
qwen,flickr30k,final_quarter,False,5,0.7142857142857142,25,25,25,23,2.0,4096,0.0003,True,1.5,1024,512,1200,0.8456461429595947,0.8393350311205723,0.8537023811397375,-0.93505859375,0.0,0.032470703125,0.967529296875,0.4607775807380676,0.3848685622215271,0.06244834271456586,4043.234954511872,0.408990740776062,0.32903721928596497,0.9919300305529424,0.7158653017971737,0.9930854305815543,1947.173828125,0.4753842353820801,0.0,0.32681915163993835
qwen,flickr30k,final_quarter,False,5,0.7142857142857142,25,25,25,23,2.0,4096,0.001,False,1.1,1024,512,1200,0.30214884877204895,0.29941630546018133,0.3049471586688014,0.16259765625,0.009765625,0.167724609375,0.014892578125,0.17513956129550934,0.1270093023777008,0.8651879421874886,589.1831375319908,0.3539925217628479,0.30931413173675537,0.9954721873897702,0.9853742903924729,0.9944266074703778,605.625,0.147857666015625,0.82763671875,0.335111528635025
qwen,flickr30k,final_quarter,False,5,0.7142857142857142,25,25,25,23,2.0,4096,0.001,False,1.25,1024,512,1200,0.30214884877204895,0.29941630546018133,0.3049471586688014,0.09619140625,0.00927734375,0.135009765625,0.048095703125,0.17513956129550934,0.1270093023777008,0.8651879421874886,589.1831375319908,0.3539925217628479,0.30931413173675537,0.9954721873897702,0.9853742903924729,0.9944266074703778,605.625,0.147857666015625,0.82763671875,0.335111528635025
qwen,flickr30k,final_quarter,False,5,0.7142857142857142,25,25,25,23,2.0,4096,0.001,False,1.5,1024,512,1200,0.30214884877204895,0.29941630546018133,0.3049471586688014,-0.04296875,0.00830078125,0.06640625,0.11767578125,0.17513956129550934,0.1270093023777008,0.8651879421874886,589.1831375319908,0.3539925217628479,0.30931413173675537,0.9954721873897702,0.9853742903924729,0.9944266074703778,605.625,0.147857666015625,0.82763671875,0.335111528635025
qwen,flickr30k,final_quarter,False,5,0.7142857142857142,25,25,25,23,2.0,4096,0.001,True,1.1,1024,512,1200,0.8358837366104126,0.8296970088005764,0.8436919126339489,0.59765625,0.00048828125,0.79833984375,0.201171875,0.45582979917526245,0.38005396723747253,0.06428722424074193,4038.146548852536,0.42376524209976196,0.3233878016471863,0.9918403818175104,0.7158005231784785,0.9952655159035374,1939.10546875,0.47341442108154297,0.0,0.32245686650276184
qwen,flickr30k,final_quarter,False,5,0.7142857142857142,25,25,25,23,2.0,4096,0.001,True,1.25,1024,512,1200,0.8358837366104126,0.8296970088005764,0.8436919126339489,-0.2685546875,0.0,0.36572265625,0.63427734375,0.45582979917526245,0.38005396723747253,0.06428722424074193,4038.146548852536,0.42376524209976196,0.3233878016471863,0.9918403818175104,0.7158005231784785,0.9952655159035374,1939.10546875,0.47341442108154297,0.0,0.32245686650276184
qwen,flickr30k,final_quarter,False,5,0.7142857142857142,25,25,25,23,2.0,4096,0.001,True,1.5,1024,512,1200,0.8358837366104126,0.8296970088005764,0.8436919126339489,-0.93017578125,0.0,0.034912109375,0.965087890625,0.45582979917526245,0.38005396723747253,0.06428722424074193,4038.146548852536,0.42376524209976196,0.3233878016471863,0.9918403818175104,0.7158005231784785,0.9952655159035374,1939.10546875,0.47341442108154297,0.0,0.32245686650276184
qwen,flickr30k,final_quarter,False,5,0.7142857142857142,25,25,25,23,4.0,4096,0.0003,False,1.1,1024,512,1200,0.30323174595832825,0.30047611865011276,0.3060517480378621,0.1640625,0.009765625,0.16845703125,0.01416015625,0.1758105754852295,0.12742117047309875,0.865675563708156,587.4068826609697,0.35980749130249023,0.32111433148384094,0.9954609018764261,0.9853753114922944,0.9955883808594712,606.208984375,0.14800024032592773,0.82763671875,0.3405033051967621
qwen,flickr30k,final_quarter,False,5,0.7142857142857142,25,25,25,23,4.0,4096,0.0003,False,1.25,1024,512,1200,0.30323174595832825,0.30047611865011276,0.3060517480378621,0.095703125,0.00927734375,0.134765625,0.04833984375,0.1758105754852295,0.12742117047309875,0.865675563708156,587.4068826609697,0.35980749130249023,0.32111433148384094,0.9954609018764261,0.9853753114922944,0.9955883808594712,606.208984375,0.14800024032592773,0.82763671875,0.3405033051967621
qwen,flickr30k,final_quarter,False,5,0.7142857142857142,25,25,25,23,4.0,4096,0.0003,False,1.5,1024,512,1200,0.30323174595832825,0.30047611865011276,0.3060517480378621,-0.04443359375,0.00830078125,0.065673828125,0.118408203125,0.1758105754852295,0.12742117047309875,0.865675563708156,587.4068826609697,0.35980749130249023,0.32111433148384094,0.9954609018764261,0.9853753114922944,0.9955883808594712,606.208984375,0.14800024032592773,0.82763671875,0.3405033051967621
qwen,flickr30k,final_quarter,False,5,0.7142857142857142,25,25,25,23,4.0,4096,0.0003,True,1.1,1024,512,1200,0.8456461429595947,0.8393350311205723,0.8537023811397375,0.58984375,0.00048828125,0.79443359375,0.205078125,0.4607775807380676,0.3848685622215271,0.06244834271456586,4043.234954511872,0.408990740776062,0.32903721928596497,0.9919300305529424,0.7158653017971737,0.9930854305815543,1947.173828125,0.4753842353820801,0.0,0.32681915163993835
qwen,flickr30k,final_quarter,False,5,0.7142857142857142,25,25,25,23,4.0,4096,0.0003,True,1.25,1024,512,1200,0.8456461429595947,0.8393350311205723,0.8537023811397375,-0.28173828125,0.0,0.359130859375,0.640869140625,0.4607775807380676,0.3848685622215271,0.06244834271456586,4043.234954511872,0.408990740776062,0.32903721928596497,0.9919300305529424,0.7158653017971737,0.9930854305815543,1947.173828125,0.4753842353820801,0.0,0.32681915163993835
qwen,flickr30k,final_quarter,False,5,0.7142857142857142,25,25,25,23,4.0,4096,0.0003,True,1.5,1024,512,1200,0.8456461429595947,0.8393350311205723,0.8537023811397375,-0.93505859375,0.0,0.032470703125,0.967529296875,0.4607775807380676,0.3848685622215271,0.06244834271456586,4043.234954511872,0.408990740776062,0.32903721928596497,0.9919300305529424,0.7158653017971737,0.9930854305815543,1947.173828125,0.4753842353820801,0.0,0.32681915163993835
qwen,flickr30k,final_quarter,False,5,0.7142857142857142,25,25,25,23,4.0,4096,0.001,False,1.1,1024,512,1200,0.30214884877204895,0.29941630546018133,0.3049471586688014,0.16259765625,0.009765625,0.167724609375,0.014892578125,0.17513956129550934,0.1270093023777008,0.8651879421874886,589.1831375319908,0.3539925217628479,0.30931413173675537,0.9954721873897702,0.9853742903924729,0.9944266074703778,605.625,0.147857666015625,0.82763671875,0.335111528635025
qwen,flickr30k,final_quarter,False,5,0.7142857142857142,25,25,25,23,4.0,4096,0.001,False,1.25,1024,512,1200,0.30214884877204895,0.29941630546018133,0.3049471586688014,0.09619140625,0.00927734375,0.135009765625,0.048095703125,0.17513956129550934,0.1270093023777008,0.8651879421874886,589.1831375319908,0.3539925217628479,0.30931413173675537,0.9954721873897702,0.9853742903924729,0.9944266074703778,605.625,0.147857666015625,0.82763671875,0.335111528635025
qwen,flickr30k,final_quarter,False,5,0.7142857142857142,25,25,25,23,4.0,4096,0.001,False,1.5,1024,512,1200,0.30214884877204895,0.29941630546018133,0.3049471586688014,-0.04296875,0.00830078125,0.06640625,0.11767578125,0.17513956129550934,0.1270093023777008,0.8651879421874886,589.1831375319908,0.3539925217628479,0.30931413173675537,0.9954721873897702,0.9853742903924729,0.9944266074703778,605.625,0.147857666015625,0.82763671875,0.335111528635025
qwen,flickr30k,final_quarter,False,5,0.7142857142857142,25,25,25,23,4.0,4096,0.001,True,1.1,1024,512,1200,0.8358837366104126,0.8296970088005764,0.8436919126339489,0.59765625,0.00048828125,0.79833984375,0.201171875,0.45582979917526245,0.38005396723747253,0.06428722424074193,4038.146548852536,0.42376524209976196,0.3233878016471863,0.9918403818175104,0.7158005231784785,0.9952655159035374,1939.10546875,0.47341442108154297,0.0,0.32245686650276184
qwen,flickr30k,final_quarter,False,5,0.7142857142857142,25,25,25,23,4.0,4096,0.001,True,1.25,1024,512,1200,0.8358837366104126,0.8296970088005764,0.8436919126339489,-0.2685546875,0.0,0.36572265625,0.63427734375,0.45582979917526245,0.38005396723747253,0.06428722424074193,4038.146548852536,0.42376524209976196,0.3233878016471863,0.9918403818175104,0.7158005231784785,0.9952655159035374,1939.10546875,0.47341442108154297,0.0,0.32245686650276184
qwen,flickr30k,final_quarter,False,5,0.7142857142857142,25,25,25,23,4.0,4096,0.001,True,1.5,1024,512,1200,0.8358837366104126,0.8296970088005764,0.8436919126339489,-0.93017578125,0.0,0.034912109375,0.965087890625,0.45582979917526245,0.38005396723747253,0.06428722424074193,4038.146548852536,0.42376524209976196,0.3233878016471863,0.9918403818175104,0.7158005231784785,0.9952655159035374,1939.10546875,0.47341442108154297,0.0,0.32245686650276184
qwen,flickr30k,final_quarter,False,5,0.7142857142857142,25,25,25,37,2.0,4096,0.0003,False,1.1,1024,512,1200,0.2958908975124359,0.29349754848735754,0.2984045028126275,0.164306640625,0.012451171875,0.16357421875,0.01171875,0.17156720161437988,0.12432368844747543,0.8644074986893538,595.3812488165537,0.3454105257987976,0.3222075402736664,0.995436265722552,0.9854986277176371,0.9953990911522765,609.068359375,0.1486983299255371,0.833251953125,0.33155557513237
qwen,flickr30k,final_quarter,False,5,0.7142857142857142,25,25,25,37,2.0,4096,0.0003,False,1.25,1024,512,1200,0.2958908975124359,0.29349754848735754,0.2984045028126275,0.103759765625,0.01171875,0.134033203125,0.0419921875,0.17156720161437988,0.12432368844747543,0.8644074986893538,595.3812488165537,0.3454105257987976,0.3222075402736664,0.995436265722552,0.9854986277176371,0.9953990911522765,609.068359375,0.1486983299255371,0.833251953125,0.33155557513237
qwen,flickr30k,final_quarter,False,5,0.7142857142857142,25,25,25,37,2.0,4096,0.0003,False,1.5,1024,512,1200,0.2958908975124359,0.29349754848735754,0.2984045028126275,-0.045166015625,0.010498046875,0.060791015625,0.116455078125,0.17156720161437988,0.12432368844747543,0.8644074986893538,595.3812488165537,0.3454105257987976,0.3222075402736664,0.995436265722552,0.9854986277176371,0.9953990911522765,609.068359375,0.1486983299255371,0.833251953125,0.33155557513237
qwen,flickr30k,final_quarter,False,5,0.7142857142857142,25,25,25,37,2.0,4096,0.0003,True,1.1,1024,512,1200,0.8546704053878784,0.848122636449989,0.8621361372235696,0.60302734375,0.00048828125,0.801025390625,0.198486328125,0.4666289985179901,0.3880414366722107,0.06307552860188291,4041.969210575924,0.4022202789783478,0.3268575072288513,0.9936572092421274,0.7191245042050971,0.9940105898777999,1944.46875,0.47472381591796875,0.0,0.325872004032135
qwen,flickr30k,final_quarter,False,5,0.7142857142857142,25,25,25,37,2.0,4096,0.0003,True,1.25,1024,512,1200,0.8546704053878784,0.848122636449989,0.8621361372235696,-0.24267578125,0.0,0.378662109375,0.621337890625,0.4666289985179901,0.3880414366722107,0.06307552860188291,4041.969210575924,0.4022202789783478,0.3268575072288513,0.9936572092421274,0.7191245042050971,0.9940105898777999,1944.46875,0.47472381591796875,0.0,0.325872004032135
qwen,flickr30k,final_quarter,False,5,0.7142857142857142,25,25,25,37,2.0,4096,0.0003,True,1.5,1024,512,1200,0.8546704053878784,0.848122636449989,0.8621361372235696,-0.90771484375,0.0,0.046142578125,0.953857421875,0.4666289985179901,0.3880414366722107,0.06307552860188291,4041.969210575924,0.4022202789783478,0.3268575072288513,0.9936572092421274,0.7191245042050971,0.9940105898777999,1944.46875,0.47472381591796875,0.0,0.325872004032135
qwen,flickr30k,final_quarter,False,5,0.7142857142857142,25,25,25,37,2.0,4096,0.001,False,1.1,1024,512,1200,0.29486241936683655,0.2925104368092434,0.29736865520317224,0.164794921875,0.0126953125,0.16357421875,0.011474609375,0.17090679705142975,0.1239556148648262,0.86394732224476,596.3300388204417,0.3408454954624176,0.3173055946826935,0.9954934610862414,0.9855390053731534,0.9954209056353811,608.796875,0.14863204956054688,0.833251953125,0.326906681060791
qwen,flickr30k,final_quarter,False,5,0.7142857142857142,25,25,25,37,2.0,4096,0.001,False,1.25,1024,512,1200,0.29486241936683655,0.2925104368092434,0.29736865520317224,0.101806640625,0.01171875,0.133056640625,0.04296875,0.17090679705142975,0.1239556148648262,0.86394732224476,596.3300388204417,0.3408454954624176,0.3173055946826935,0.9954934610862414,0.9855390053731534,0.9954209056353811,608.796875,0.14863204956054688,0.833251953125,0.326906681060791
qwen,flickr30k,final_quarter,False,5,0.7142857142857142,25,25,25,37,2.0,4096,0.001,False,1.5,1024,512,1200,0.29486241936683655,0.2925104368092434,0.29736865520317224,-0.044189453125,0.010498046875,0.061279296875,0.115966796875,0.17090679705142975,0.1239556148648262,0.86394732224476,596.3300388204417,0.3408454954624176,0.3173055946826935,0.9954934610862414,0.9855390053731534,0.9954209056353811,608.796875,0.14863204956054688,0.833251953125,0.326906681060791
qwen,flickr30k,final_quarter,False,5,0.7142857142857142,25,25,25,37,2.0,4096,0.001,True,1.1,1024,512,1200,0.8475581407546997,0.8410206486587413,0.8547603462619009,0.599609375,0.000244140625,0.799560546875,0.2001953125,0.46224337816238403,0.3853147029876709,0.06229099575372267,4044.139882437766,0.40118303894996643,0.32096797227859497,0.9929064440404057,0.7180990379492026,0.9936620001170703,1943.171875,0.4744071960449219,0.0,0.32225772738456726
qwen,flickr30k,final_quarter,False,5,0.7142857142857142,25,25,25,37,2.0,4096,0.001,True,1.25,1024,512,1200,0.8475581407546997,0.8410206486587413,0.8547603462619009,-0.248046875,0.0,0.3759765625,0.6240234375,0.46224337816238403,0.3853147029876709,0.06229099575372267,4044.139882437766,0.40118303894996643,0.32096797227859497,0.9929064440404057,0.7180990379492026,0.9936620001170703,1943.171875,0.4744071960449219,0.0,0.32225772738456726
qwen,flickr30k,final_quarter,False,5,0.7142857142857142,25,25,25,37,2.0,4096,0.001,True,1.5,1024,512,1200,0.8475581407546997,0.8410206486587413,0.8547603462619009,-0.919921875,0.0,0.0400390625,0.9599609375,0.46224337816238403,0.3853147029876709,0.06229099575372267,4044.139882437766,0.40118303894996643,0.32096797227859497,0.9929064440404057,0.7180990379492026,0.9936620001170703,1943.171875,0.4744071960449219,0.0,0.32225772738456726
qwen,flickr30k,final_quarter,False,5,0.7142857142857142,25,25,25,37,4.0,4096,0.0003,False,1.1,1024,512,1200,0.2958908975124359,0.29349754848735754,0.2984045028126275,0.164306640625,0.012451171875,0.16357421875,0.01171875,0.17156720161437988,0.12432368844747543,0.8644074986893538,595.3812488165537,0.3454105257987976,0.3222075402736664,0.995436265722552,0.9854986277176371,0.9953990911522765,609.068359375,0.1486983299255371,0.833251953125,0.33155557513237
qwen,flickr30k,final_quarter,False,5,0.7142857142857142,25,25,25,37,4.0,4096,0.0003,False,1.25,1024,512,1200,0.2958908975124359,0.29349754848735754,0.2984045028126275,0.103759765625,0.01171875,0.134033203125,0.0419921875,0.17156720161437988,0.12432368844747543,0.8644074986893538,595.3812488165537,0.3454105257987976,0.3222075402736664,0.995436265722552,0.9854986277176371,0.9953990911522765,609.068359375,0.1486983299255371,0.833251953125,0.33155557513237
qwen,flickr30k,final_quarter,False,5,0.7142857142857142,25,25,25,37,4.0,4096,0.0003,False,1.5,1024,512,1200,0.2958908975124359,0.29349754848735754,0.2984045028126275,-0.045166015625,0.010498046875,0.060791015625,0.116455078125,0.17156720161437988,0.12432368844747543,0.8644074986893538,595.3812488165537,0.3454105257987976,0.3222075402736664,0.995436265722552,0.9854986277176371,0.9953990911522765,609.068359375,0.1486983299255371,0.833251953125,0.33155557513237
qwen,flickr30k,final_quarter,False,5,0.7142857142857142,25,25,25,37,4.0,4096,0.0003,True,1.1,1024,512,1200,0.8546704053878784,0.848122636449989,0.8621361372235696,0.60302734375,0.00048828125,0.801025390625,0.198486328125,0.4666289985179901,0.3880414366722107,0.06307552860188291,4041.969210575924,0.4022202789783478,0.3268575072288513,0.9936572092421274,0.7191245042050971,0.9940105898777999,1944.46875,0.47472381591796875,0.0,0.325872004032135
qwen,flickr30k,final_quarter,False,5,0.7142857142857142,25,25,25,37,4.0,4096,0.0003,True,1.25,1024,512,1200,0.8546704053878784,0.848122636449989,0.8621361372235696,-0.24267578125,0.0,0.378662109375,0.621337890625,0.4666289985179901,0.3880414366722107,0.06307552860188291,4041.969210575924,0.4022202789783478,0.3268575072288513,0.9936572092421274,0.7191245042050971,0.9940105898777999,1944.46875,0.47472381591796875,0.0,0.325872004032135
qwen,flickr30k,final_quarter,False,5,0.7142857142857142,25,25,25,37,4.0,4096,0.0003,True,1.5,1024,512,1200,0.8546704053878784,0.848122636449989,0.8621361372235696,-0.90771484375,0.0,0.046142578125,0.953857421875,0.4666289985179901,0.3880414366722107,0.06307552860188291,4041.969210575924,0.4022202789783478,0.3268575072288513,0.9936572092421274,0.7191245042050971,0.9940105898777999,1944.46875,0.47472381591796875,0.0,0.325872004032135
qwen,flickr30k,final_quarter,False,5,0.7142857142857142,25,25,25,37,4.0,4096,0.001,False,1.1,1024,512,1200,0.29486241936683655,0.2925104368092434,0.29736865520317224,0.164794921875,0.0126953125,0.16357421875,0.011474609375,0.17090679705142975,0.1239556148648262,0.86394732224476,596.3300388204417,0.3408454954624176,0.3173055946826935,0.9954934610862414,0.9855390053731534,0.9954209056353811,608.796875,0.14863204956054688,0.833251953125,0.326906681060791
qwen,flickr30k,final_quarter,False,5,0.7142857142857142,25,25,25,37,4.0,4096,0.001,False,1.25,1024,512,1200,0.29486241936683655,0.2925104368092434,0.29736865520317224,0.101806640625,0.01171875,0.133056640625,0.04296875,0.17090679705142975,0.1239556148648262,0.86394732224476,596.3300388204417,0.3408454954624176,0.3173055946826935,0.9954934610862414,0.9855390053731534,0.9954209056353811,608.796875,0.14863204956054688,0.833251953125,0.326906681060791
qwen,flickr30k,final_quarter,False,5,0.7142857142857142,25,25,25,37,4.0,4096,0.001,False,1.5,1024,512,1200,0.29486241936683655,0.2925104368092434,0.29736865520317224,-0.044189453125,0.010498046875,0.061279296875,0.115966796875,0.17090679705142975,0.1239556148648262,0.86394732224476,596.3300388204417,0.3408454954624176,0.3173055946826935,0.9954934610862414,0.9855390053731534,0.9954209056353811,608.796875,0.14863204956054688,0.833251953125,0.326906681060791
qwen,flickr30k,final_quarter,False,5,0.7142857142857142,25,25,25,37,4.0,4096,0.001,True,1.1,1024,512,1200,0.8475581407546997,0.8410206486587413,0.8547603462619009,0.599609375,0.000244140625,0.799560546875,0.2001953125,0.46224337816238403,0.3853147029876709,0.06229099575372267,4044.139882437766,0.40118303894996643,0.32096797227859497,0.9929064440404057,0.7180990379492026,0.9936620001170703,1943.171875,0.4744071960449219,0.0,0.32225772738456726
qwen,flickr30k,final_quarter,False,5,0.7142857142857142,25,25,25,37,4.0,4096,0.001,True,1.25,1024,512,1200,0.8475581407546997,0.8410206486587413,0.8547603462619009,-0.248046875,0.0,0.3759765625,0.6240234375,0.46224337816238403,0.3853147029876709,0.06229099575372267,4044.139882437766,0.40118303894996643,0.32096797227859497,0.9929064440404057,0.7180990379492026,0.9936620001170703,1943.171875,0.4744071960449219,0.0,0.32225772738456726
qwen,flickr30k,final_quarter,False,5,0.7142857142857142,25,25,25,37,4.0,4096,0.001,True,1.5,1024,512,1200,0.8475581407546997,0.8410206486587413,0.8547603462619009,-0.919921875,0.0,0.0400390625,0.9599609375,0.46224337816238403,0.3853147029876709,0.06229099575372267,4044.139882437766,0.40118303894996643,0.32096797227859497,0.9929064440404057,0.7180990379492026,0.9936620001170703,1943.171875,0.4744071960449219,0.0,0.32225772738456726
qwen,flickr30k,final_quarter,False,6,0.8571428571428571,30,30,30,11,2.0,4096,0.0003,False,1.1,1024,512,1200,0.500454306602478,0.49480675714439715,0.5054881132105947,0.1435546875,0.006103515625,0.158203125,0.020751953125,0.28445327281951904,0.21600103378295898,0.8659903023385893,584.5243362408235,0.6480572819709778,0.7067047953605652,0.9956193040461432,0.9880836688405304,0.9962671254114424,634.435546875,0.1548914909362793,0.821044921875,0.701163649559021
qwen,flickr30k,final_quarter,False,6,0.8571428571428571,30,30,30,11,2.0,4096,0.0003,False,1.25,1024,512,1200,0.500454306602478,0.49480675714439715,0.5054881132105947,0.06103515625,0.005126953125,0.117919921875,0.06201171875,0.28445327281951904,0.21600103378295898,0.8659903023385893,584.5243362408235,0.6480572819709778,0.7067047953605652,0.9956193040461432,0.9880836688405304,0.9962671254114424,634.435546875,0.1548914909362793,0.821044921875,0.701163649559021
qwen,flickr30k,final_quarter,False,6,0.8571428571428571,30,30,30,11,2.0,4096,0.0003,False,1.5,1024,512,1200,0.500454306602478,0.49480675714439715,0.5054881132105947,-0.11669921875,0.00439453125,0.02978515625,0.15087890625,0.28445327281951904,0.21600103378295898,0.8659903023385893,584.5243362408235,0.6480572819709778,0.7067047953605652,0.9956193040461432,0.9880836688405304,0.9962671254114424,634.435546875,0.1548914909362793,0.821044921875,0.701163649559021
qwen,flickr30k,final_quarter,False,6,0.8571428571428571,30,30,30,11,2.0,4096,0.0003,True,1.1,1024,512,1200,0.7116799354553223,0.7051460072543705,0.7182168984028976,0.806640625,0.000244140625,0.903076171875,0.0966796875,0.39714929461479187,0.31453070044517517,0.0638715169227879,4041.748915207243,0.3654956817626953,0.32457679510116577,0.9933104833265997,0.7689541423514352,0.9947295915962683,1913.267578125,0.46710634231567383,0.0,0.3218683898448944
qwen,flickr30k,final_quarter,False,6,0.8571428571428571,30,30,30,11,2.0,4096,0.0003,True,1.25,1024,512,1200,0.7116799354553223,0.7051460072543705,0.7182168984028976,0.03466796875,0.0,0.517333984375,0.482666015625,0.39714929461479187,0.31453070044517517,0.0638715169227879,4041.748915207243,0.3654956817626953,0.32457679510116577,0.9933104833265997,0.7689541423514352,0.9947295915962683,1913.267578125,0.46710634231567383,0.0,0.3218683898448944
qwen,flickr30k,final_quarter,False,6,0.8571428571428571,30,30,30,11,2.0,4096,0.0003,True,1.5,1024,512,1200,0.7116799354553223,0.7051460072543705,0.7182168984028976,-0.8642578125,0.0,0.06787109375,0.93212890625,0.39714929461479187,0.31453070044517517,0.0638715169227879,4041.748915207243,0.3654956817626953,0.32457679510116577,0.9933104833265997,0.7689541423514352,0.9947295915962683,1913.267578125,0.46710634231567383,0.0,0.3218683898448944
qwen,flickr30k,final_quarter,False,6,0.8571428571428571,30,30,30,11,2.0,4096,0.001,False,1.1,1024,512,1200,0.49955475330352783,0.4939406352728838,0.5045352064145845,0.144287109375,0.00634765625,0.158447265625,0.0205078125,0.2839001417160034,0.21565456688404083,0.8656849564442856,585.4092360220493,0.6419623494148254,0.7039271593093872,0.9955986526742403,0.9880524924505455,0.9960003550820826,634.322265625,0.15486383438110352,0.82080078125,0.6938549876213074
qwen,flickr30k,final_quarter,False,6,0.8571428571428571,30,30,30,11,2.0,4096,0.001,False,1.25,1024,512,1200,0.49955475330352783,0.4939406352728838,0.5045352064145845,0.060302734375,0.005126953125,0.11767578125,0.0625,0.2839001417160034,0.21565456688404083,0.8656849564442856,585.4092360220493,0.6419623494148254,0.7039271593093872,0.9955986526742403,0.9880524924505455,0.9960003550820826,634.322265625,0.15486383438110352,0.82080078125,0.6938549876213074
qwen,flickr30k,final_quarter,False,6,0.8571428571428571,30,30,30,11,2.0,4096,0.001,False,1.5,1024,512,1200,0.49955475330352783,0.4939406352728838,0.5045352064145845,-0.115966796875,0.00439453125,0.0302734375,0.150634765625,0.2839001417160034,0.21565456688404083,0.8656849564442856,585.4092360220493,0.6419623494148254,0.7039271593093872,0.9955986526742403,0.9880524924505455,0.9960003550820826,634.322265625,0.15486383438110352,0.82080078125,0.6938549876213074
qwen,flickr30k,final_quarter,False,6,0.8571428571428571,30,30,30,11,2.0,4096,0.001,True,1.1,1024,512,1200,0.7045737504959106,0.6980902052091551,0.7111997233936563,0.80810546875,0.000244140625,0.90380859375,0.095947265625,0.3931810259819031,0.3113926649093628,0.06463223285316178,4041.1526400027815,0.3620418310165405,0.31860798597335815,0.9928315869554016,0.7693733600507022,0.9960631040865283,1908.126953125,0.4658513069152832,0.0,0.3182429373264313
qwen,flickr30k,final_quarter,False,6,0.8571428571428571,30,30,30,11,2.0,4096,0.001,True,1.25,1024,512,1200,0.7045737504959106,0.6980902052091551,0.7111997233936563,0.05615234375,0.0,0.528076171875,0.471923828125,0.3931810259819031,0.3113926649093628,0.06463223285316178,4041.1526400027815,0.3620418310165405,0.31860798597335815,0.9928315869554016,0.7693733600507022,0.9960631040865283,1908.126953125,0.4658513069152832,0.0,0.3182429373264313
qwen,flickr30k,final_quarter,False,6,0.8571428571428571,30,30,30,11,2.0,4096,0.001,True,1.5,1024,512,1200,0.7045737504959106,0.6980902052091551,0.7111997233936563,-0.85888671875,0.0,0.070556640625,0.929443359375,0.3931810259819031,0.3113926649093628,0.06463223285316178,4041.1526400027815,0.3620418310165405,0.31860798597335815,0.9928315869554016,0.7693733600507022,0.9960631040865283,1908.126953125,0.4658513069152832,0.0,0.3182429373264313
qwen,flickr30k,final_quarter,False,6,0.8571428571428571,30,30,30,11,4.0,4096,0.0003,False,1.1,1024,512,1200,0.500454306602478,0.49480675714439715,0.5054881132105947,0.1435546875,0.006103515625,0.158203125,0.020751953125,0.28445327281951904,0.21600103378295898,0.8659903023385893,584.5243362408235,0.6480572819709778,0.7067047953605652,0.9956193040461432,0.9880836688405304,0.9962671254114424,634.435546875,0.1548914909362793,0.821044921875,0.701163649559021
qwen,flickr30k,final_quarter,False,6,0.8571428571428571,30,30,30,11,4.0,4096,0.0003,False,1.25,1024,512,1200,0.500454306602478,0.49480675714439715,0.5054881132105947,0.06103515625,0.005126953125,0.117919921875,0.06201171875,0.28445327281951904,0.21600103378295898,0.8659903023385893,584.5243362408235,0.6480572819709778,0.7067047953605652,0.9956193040461432,0.9880836688405304,0.9962671254114424,634.435546875,0.1548914909362793,0.821044921875,0.701163649559021
qwen,flickr30k,final_quarter,False,6,0.8571428571428571,30,30,30,11,4.0,4096,0.0003,False,1.5,1024,512,1200,0.500454306602478,0.49480675714439715,0.5054881132105947,-0.11669921875,0.00439453125,0.02978515625,0.15087890625,0.28445327281951904,0.21600103378295898,0.8659903023385893,584.5243362408235,0.6480572819709778,0.7067047953605652,0.9956193040461432,0.9880836688405304,0.9962671254114424,634.435546875,0.1548914909362793,0.821044921875,0.701163649559021
qwen,flickr30k,final_quarter,False,6,0.8571428571428571,30,30,30,11,4.0,4096,0.0003,True,1.1,1024,512,1200,0.7116799354553223,0.7051460072543705,0.7182168984028976,0.806640625,0.000244140625,0.903076171875,0.0966796875,0.39714929461479187,0.31453070044517517,0.0638715169227879,4041.748915207243,0.3654956817626953,0.32457679510116577,0.9933104833265997,0.7689541423514352,0.9947295915962683,1913.267578125,0.46710634231567383,0.0,0.3218683898448944
qwen,flickr30k,final_quarter,False,6,0.8571428571428571,30,30,30,11,4.0,4096,0.0003,True,1.25,1024,512,1200,0.7116799354553223,0.7051460072543705,0.7182168984028976,0.03466796875,0.0,0.517333984375,0.482666015625,0.39714929461479187,0.31453070044517517,0.0638715169227879,4041.748915207243,0.3654956817626953,0.32457679510116577,0.9933104833265997,0.7689541423514352,0.9947295915962683,1913.267578125,0.46710634231567383,0.0,0.3218683898448944
qwen,flickr30k,final_quarter,False,6,0.8571428571428571,30,30,30,11,4.0,4096,0.0003,True,1.5,1024,512,1200,0.7116799354553223,0.7051460072543705,0.7182168984028976,-0.8642578125,0.0,0.06787109375,0.93212890625,0.39714929461479187,0.31453070044517517,0.0638715169227879,4041.748915207243,0.3654956817626953,0.32457679510116577,0.9933104833265997,0.7689541423514352,0.9947295915962683,1913.267578125,0.46710634231567383,0.0,0.3218683898448944
qwen,flickr30k,final_quarter,False,6,0.8571428571428571,30,30,30,11,4.0,4096,0.001,False,1.1,1024,512,1200,0.49955475330352783,0.4939406352728838,0.5045352064145845,0.144287109375,0.00634765625,0.158447265625,0.0205078125,0.2839001417160034,0.21565456688404083,0.8656849564442856,585.4092360220493,0.6419623494148254,0.7039271593093872,0.9955986526742403,0.9880524924505455,0.9960003550820826,634.322265625,0.15486383438110352,0.82080078125,0.6938549876213074
qwen,flickr30k,final_quarter,False,6,0.8571428571428571,30,30,30,11,4.0,4096,0.001,False,1.25,1024,512,1200,0.49955475330352783,0.4939406352728838,0.5045352064145845,0.060302734375,0.005126953125,0.11767578125,0.0625,0.2839001417160034,0.21565456688404083,0.8656849564442856,585.4092360220493,0.6419623494148254,0.7039271593093872,0.9955986526742403,0.9880524924505455,0.9960003550820826,634.322265625,0.15486383438110352,0.82080078125,0.6938549876213074
qwen,flickr30k,final_quarter,False,6,0.8571428571428571,30,30,30,11,4.0,4096,0.001,False,1.5,1024,512,1200,0.49955475330352783,0.4939406352728838,0.5045352064145845,-0.115966796875,0.00439453125,0.0302734375,0.150634765625,0.2839001417160034,0.21565456688404083,0.8656849564442856,585.4092360220493,0.6419623494148254,0.7039271593093872,0.9955986526742403,0.9880524924505455,0.9960003550820826,634.322265625,0.15486383438110352,0.82080078125,0.6938549876213074
qwen,flickr30k,final_quarter,False,6,0.8571428571428571,30,30,30,11,4.0,4096,0.001,True,1.1,1024,512,1200,0.7045737504959106,0.6980902052091551,0.7111997233936563,0.80810546875,0.000244140625,0.90380859375,0.095947265625,0.3931810259819031,0.3113926649093628,0.06463223285316178,4041.1526400027815,0.3620418310165405,0.31860798597335815,0.9928315869554016,0.7693733600507022,0.9960631040865283,1908.126953125,0.4658513069152832,0.0,0.3182429373264313
qwen,flickr30k,final_quarter,False,6,0.8571428571428571,30,30,30,11,4.0,4096,0.001,True,1.25,1024,512,1200,0.7045737504959106,0.6980902052091551,0.7111997233936563,0.05615234375,0.0,0.528076171875,0.471923828125,0.3931810259819031,0.3113926649093628,0.06463223285316178,4041.1526400027815,0.3620418310165405,0.31860798597335815,0.9928315869554016,0.7693733600507022,0.9960631040865283,1908.126953125,0.4658513069152832,0.0,0.3182429373264313
qwen,flickr30k,final_quarter,False,6,0.8571428571428571,30,30,30,11,4.0,4096,0.001,True,1.5,1024,512,1200,0.7045737504959106,0.6980902052091551,0.7111997233936563,-0.85888671875,0.0,0.070556640625,0.929443359375,0.3931810259819031,0.3113926649093628,0.06463223285316178,4041.1526400027815,0.3620418310165405,0.31860798597335815,0.9928315869554016,0.7693733600507022,0.9960631040865283,1908.126953125,0.4658513069152832,0.0,0.3182429373264313
qwen,flickr30k,final_quarter,False,6,0.8571428571428571,30,30,30,23,2.0,4096,0.0003,False,1.1,1024,512,1200,0.4900538921356201,0.4851352390134707,0.495262475227355,0.1396484375,0.004638671875,0.150634765625,0.015625,0.27842700481414795,0.21162687242031097,0.8719694517535032,561.3334829855631,0.6320117712020874,0.7169756293296814,0.9953083569835252,0.9876893047875884,0.9957730503343694,602.802734375,0.14716863632202148,0.834228515625,0.6939948201179504
qwen,flickr30k,final_quarter,False,6,0.8571428571428571,30,30,30,23,2.0,4096,0.0003,False,1.25,1024,512,1200,0.4900538921356201,0.4851352390134707,0.495262475227355,0.04833984375,0.003662109375,0.10595703125,0.061279296875,0.27842700481414795,0.21162687242031097,0.8719694517535032,561.3334829855631,0.6320117712020874,0.7169756293296814,0.9953083569835252,0.9876893047875884,0.9957730503343694,602.802734375,0.14716863632202148,0.834228515625,0.6939948201179504
qwen,flickr30k,final_quarter,False,6,0.8571428571428571,30,30,30,23,2.0,4096,0.0003,False,1.5,1024,512,1200,0.4900538921356201,0.4851352390134707,0.495262475227355,-0.111328125,0.003173828125,0.026611328125,0.14111328125,0.27842700481414795,0.21162687242031097,0.8719694517535032,561.3334829855631,0.6320117712020874,0.7169756293296814,0.9953083569835252,0.9876893047875884,0.9957730503343694,602.802734375,0.14716863632202148,0.834228515625,0.6939948201179504
qwen,flickr30k,final_quarter,False,6,0.8571428571428571,30,30,30,23,2.0,4096,0.0003,True,1.1,1024,512,1200,0.7166781425476074,0.7104719971655868,0.7238017721567302,0.79638671875,0.000732421875,0.8974609375,0.101806640625,0.3996291756629944,0.3170489966869354,0.0645518131521546,4039.9447859738643,0.3836163878440857,0.32515639066696167,0.9921691403166227,0.7682980579893255,0.9944017003688278,1921.861328125,0.4692044258117676,0.0,0.32612845301628113
qwen,flickr30k,final_quarter,False,6,0.8571428571428571,30,30,30,23,2.0,4096,0.0003,True,1.25,1024,512,1200,0.7166781425476074,0.7104719971655868,0.7238017721567302,0.02392578125,0.0,0.511962890625,0.488037109375,0.3996291756629944,0.3170489966869354,0.0645518131521546,4039.9447859738643,0.3836163878440857,0.32515639066696167,0.9921691403166227,0.7682980579893255,0.9944017003688278,1921.861328125,0.4692044258117676,0.0,0.32612845301628113
qwen,flickr30k,final_quarter,False,6,0.8571428571428571,30,30,30,23,2.0,4096,0.0003,True,1.5,1024,512,1200,0.7166781425476074,0.7104719971655868,0.7238017721567302,-0.8662109375,0.0,0.06689453125,0.93310546875,0.3996291756629944,0.3170489966869354,0.0645518131521546,4039.9447859738643,0.3836163878440857,0.32515639066696167,0.9921691403166227,0.7682980579893255,0.9944017003688278,1921.861328125,0.4692044258117676,0.0,0.32612845301628113
qwen,flickr30k,final_quarter,False,6,0.8571428571428571,30,30,30,23,2.0,4096,0.001,False,1.1,1024,512,1200,0.4897233247756958,0.48482955004874384,0.4949242480957764,0.139892578125,0.004638671875,0.150634765625,0.015380859375,0.2781866192817688,0.2115367352962494,0.8713986382589162,563.090209370314,0.6264932751655579,0.6969038844108582,0.9954754644251607,0.9878332926284703,0.9942529883476258,603.068359375,0.1472334861755371,0.83447265625,0.687832236289978
qwen,flickr30k,final_quarter,False,6,0.8571428571428571,30,30,30,23,2.0,4096,0.001,False,1.25,1024,512,1200,0.4897233247756958,0.48482955004874384,0.4949242480957764,0.048583984375,0.003662109375,0.10595703125,0.06103515625,0.2781866192817688,0.2115367352962494,0.8713986382589162,563.090209370314,0.6264932751655579,0.6969038844108582,0.9954754644251607,0.9878332926284703,0.9942529883476258,603.068359375,0.1472334861755371,0.83447265625,0.687832236289978
qwen,flickr30k,final_quarter,False,6,0.8571428571428571,30,30,30,23,2.0,4096,0.001,False,1.5,1024,512,1200,0.4897233247756958,0.48482955004874384,0.4949242480957764,-0.111572265625,0.003173828125,0.0263671875,0.14111328125,0.2781866192817688,0.2115367352962494,0.8713986382589162,563.090209370314,0.6264932751655579,0.6969038844108582,0.9954754644251607,0.9878332926284703,0.9942529883476258,603.068359375,0.1472334861755371,0.83447265625,0.687832236289978
qwen,flickr30k,final_quarter,False,6,0.8571428571428571,30,30,30,23,2.0,4096,0.001,True,1.1,1024,512,1200,0.7074002027511597,0.7012901290581794,0.7143115481303539,0.78662109375,0.0009765625,0.892333984375,0.106689453125,0.3936309218406677,0.31376931071281433,0.06406487160719193,4039.8365916183675,0.36468222737312317,0.32062599062919617,0.9934256431100016,0.7697049046740572,0.9932953941380958,1913.287109375,0.46711111068725586,0.0,0.32064008712768555
qwen,flickr30k,final_quarter,False,6,0.8571428571428571,30,30,30,23,2.0,4096,0.001,True,1.25,1024,512,1200,0.7074002027511597,0.7012901290581794,0.7143115481303539,0.0009765625,0.0,0.50048828125,0.49951171875,0.3936309218406677,0.31376931071281433,0.06406487160719193,4039.8365916183675,0.36468222737312317,0.32062599062919617,0.9934256431100016,0.7697049046740572,0.9932953941380958,1913.287109375,0.46711111068725586,0.0,0.32064008712768555
qwen,flickr30k,final_quarter,False,6,0.8571428571428571,30,30,30,23,2.0,4096,0.001,True,1.5,1024,512,1200,0.7074002027511597,0.7012901290581794,0.7143115481303539,-0.88037109375,0.0,0.059814453125,0.940185546875,0.3936309218406677,0.31376931071281433,0.06406487160719193,4039.8365916183675,0.36468222737312317,0.32062599062919617,0.9934256431100016,0.7697049046740572,0.9932953941380958,1913.287109375,0.46711111068725586,0.0,0.32064008712768555
qwen,flickr30k,final_quarter,False,6,0.8571428571428571,30,30,30,23,4.0,4096,0.0003,False,1.1,1024,512,1200,0.4900538921356201,0.4851352390134707,0.495262475227355,0.1396484375,0.004638671875,0.150634765625,0.015625,0.27842700481414795,0.21162687242031097,0.8719694517535032,561.3334829855631,0.6320117712020874,0.7169756293296814,0.9953083569835252,0.9876893047875884,0.9957730503343694,602.802734375,0.14716863632202148,0.834228515625,0.6939948201179504
qwen,flickr30k,final_quarter,False,6,0.8571428571428571,30,30,30,23,4.0,4096,0.0003,False,1.25,1024,512,1200,0.4900538921356201,0.4851352390134707,0.495262475227355,0.04833984375,0.003662109375,0.10595703125,0.061279296875,0.27842700481414795,0.21162687242031097,0.8719694517535032,561.3334829855631,0.6320117712020874,0.7169756293296814,0.9953083569835252,0.9876893047875884,0.9957730503343694,602.802734375,0.14716863632202148,0.834228515625,0.6939948201179504
qwen,flickr30k,final_quarter,False,6,0.8571428571428571,30,30,30,23,4.0,4096,0.0003,False,1.5,1024,512,1200,0.4900538921356201,0.4851352390134707,0.495262475227355,-0.111328125,0.003173828125,0.026611328125,0.14111328125,0.27842700481414795,0.21162687242031097,0.8719694517535032,561.3334829855631,0.6320117712020874,0.7169756293296814,0.9953083569835252,0.9876893047875884,0.9957730503343694,602.802734375,0.14716863632202148,0.834228515625,0.6939948201179504
qwen,flickr30k,final_quarter,False,6,0.8571428571428571,30,30,30,23,4.0,4096,0.0003,True,1.1,1024,512,1200,0.7166781425476074,0.7104719971655868,0.7238017721567302,0.79638671875,0.000732421875,0.8974609375,0.101806640625,0.3996291756629944,0.3170489966869354,0.0645518131521546,4039.9447859738643,0.3836163878440857,0.32515639066696167,0.9921691403166227,0.7682980579893255,0.9944017003688278,1921.861328125,0.4692044258117676,0.0,0.32612845301628113
qwen,flickr30k,final_quarter,False,6,0.8571428571428571,30,30,30,23,4.0,4096,0.0003,True,1.25,1024,512,1200,0.7166781425476074,0.7104719971655868,0.7238017721567302,0.02392578125,0.0,0.511962890625,0.488037109375,0.3996291756629944,0.3170489966869354,0.0645518131521546,4039.9447859738643,0.3836163878440857,0.32515639066696167,0.9921691403166227,0.7682980579893255,0.9944017003688278,1921.861328125,0.4692044258117676,0.0,0.32612845301628113
qwen,flickr30k,final_quarter,False,6,0.8571428571428571,30,30,30,23,4.0,4096,0.0003,True,1.5,1024,512,1200,0.7166781425476074,0.7104719971655868,0.7238017721567302,-0.8662109375,0.0,0.06689453125,0.93310546875,0.3996291756629944,0.3170489966869354,0.0645518131521546,4039.9447859738643,0.3836163878440857,0.32515639066696167,0.9921691403166227,0.7682980579893255,0.9944017003688278,1921.861328125,0.4692044258117676,0.0,0.32612845301628113
qwen,flickr30k,final_quarter,False,6,0.8571428571428571,30,30,30,23,4.0,4096,0.001,False,1.1,1024,512,1200,0.4897233247756958,0.48482955004874384,0.4949242480957764,0.139892578125,0.004638671875,0.150634765625,0.015380859375,0.2781866192817688,0.2115367352962494,0.8713986382589162,563.090209370314,0.6264932751655579,0.6969038844108582,0.9954754644251607,0.9878332926284703,0.9942529883476258,603.068359375,0.1472334861755371,0.83447265625,0.687832236289978
qwen,flickr30k,final_quarter,False,6,0.8571428571428571,30,30,30,23,4.0,4096,0.001,False,1.25,1024,512,1200,0.4897233247756958,0.48482955004874384,0.4949242480957764,0.048583984375,0.003662109375,0.10595703125,0.06103515625,0.2781866192817688,0.2115367352962494,0.8713986382589162,563.090209370314,0.6264932751655579,0.6969038844108582,0.9954754644251607,0.9878332926284703,0.9942529883476258,603.068359375,0.1472334861755371,0.83447265625,0.687832236289978
qwen,flickr30k,final_quarter,False,6,0.8571428571428571,30,30,30,23,4.0,4096,0.001,False,1.5,1024,512,1200,0.4897233247756958,0.48482955004874384,0.4949242480957764,-0.111572265625,0.003173828125,0.0263671875,0.14111328125,0.2781866192817688,0.2115367352962494,0.8713986382589162,563.090209370314,0.6264932751655579,0.6969038844108582,0.9954754644251607,0.9878332926284703,0.9942529883476258,603.068359375,0.1472334861755371,0.83447265625,0.687832236289978
qwen,flickr30k,final_quarter,False,6,0.8571428571428571,30,30,30,23,4.0,4096,0.001,True,1.1,1024,512,1200,0.7074002027511597,0.7012901290581794,0.7143115481303539,0.78662109375,0.0009765625,0.892333984375,0.106689453125,0.3936309218406677,0.31376931071281433,0.06406487160719193,4039.8365916183675,0.36468222737312317,0.32062599062919617,0.9934256431100016,0.7697049046740572,0.9932953941380958,1913.287109375,0.46711111068725586,0.0,0.32064008712768555
qwen,flickr30k,final_quarter,False,6,0.8571428571428571,30,30,30,23,4.0,4096,0.001,True,1.25,1024,512,1200,0.7074002027511597,0.7012901290581794,0.7143115481303539,0.0009765625,0.0,0.50048828125,0.49951171875,0.3936309218406677,0.31376931071281433,0.06406487160719193,4039.8365916183675,0.36468222737312317,0.32062599062919617,0.9934256431100016,0.7697049046740572,0.9932953941380958,1913.287109375,0.46711111068725586,0.0,0.32064008712768555
qwen,flickr30k,final_quarter,False,6,0.8571428571428571,30,30,30,23,4.0,4096,0.001,True,1.5,1024,512,1200,0.7074002027511597,0.7012901290581794,0.7143115481303539,-0.88037109375,0.0,0.059814453125,0.940185546875,0.3936309218406677,0.31376931071281433,0.06406487160719193,4039.8365916183675,0.36468222737312317,0.32062599062919617,0.9934256431100016,0.7697049046740572,0.9932953941380958,1913.287109375,0.46711111068725586,0.0,0.32064008712768555
qwen,flickr30k,final_quarter,False,6,0.8571428571428571,30,30,30,37,2.0,4096,0.0003,False,1.1,1024,512,1200,0.5004021525382996,0.4950575242008199,0.5057389929439523,0.136962890625,0.002197265625,0.153076171875,0.018310546875,0.2849043011665344,0.21549782156944275,0.8679188109757425,578.9849085508062,0.663291335105896,0.6948123574256897,0.9955834998401151,0.9879725136964848,0.9956707582430074,626.146484375,0.15286779403686523,0.828857421875,0.7126015424728394
qwen,flickr30k,final_quarter,False,6,0.8571428571428571,30,30,30,37,2.0,4096,0.0003,False,1.25,1024,512,1200,0.5004021525382996,0.4950575242008199,0.5057389929439523,0.052001953125,0.001953125,0.11083984375,0.060791015625,0.2849043011665344,0.21549782156944275,0.8679188109757425,578.9849085508062,0.663291335105896,0.6948123574256897,0.9955834998401151,0.9879725136964848,0.9956707582430074,626.146484375,0.15286779403686523,0.828857421875,0.7126015424728394
qwen,flickr30k,final_quarter,False,6,0.8571428571428571,30,30,30,37,2.0,4096,0.0003,False,1.5,1024,512,1200,0.5004021525382996,0.4950575242008199,0.5057389929439523,-0.116455078125,0.001708984375,0.02685546875,0.14501953125,0.2849043011665344,0.21549782156944275,0.8679188109757425,578.9849085508062,0.663291335105896,0.6948123574256897,0.9955834998401151,0.9879725136964848,0.9956707582430074,626.146484375,0.15286779403686523,0.828857421875,0.7126015424728394
qwen,flickr30k,final_quarter,False,6,0.8571428571428571,30,30,30,37,2.0,4096,0.0003,True,1.1,1024,512,1200,0.7162347435951233,0.709404239570722,0.7231442810792942,0.81298828125,0.0,0.906494140625,0.093505859375,0.3994063138961792,0.3168284296989441,0.0654487322458752,4038.8822098869427,0.35740771889686584,0.3252081274986267,0.9940378014365121,0.7702386051888036,0.9940398963762825,1913.41796875,0.46714305877685547,0.0,0.3248879015445709
qwen,flickr30k,final_quarter,False,6,0.8571428571428571,30,30,30,37,2.0,4096,0.0003,True,1.25,1024,512,1200,0.7162347435951233,0.709404239570722,0.7231442810792942,0.037109375,0.0,0.5185546875,0.4814453125,0.3994063138961792,0.3168284296989441,0.0654487322458752,4038.8822098869427,0.35740771889686584,0.3252081274986267,0.9940378014365121,0.7702386051888036,0.9940398963762825,1913.41796875,0.46714305877685547,0.0,0.3248879015445709
qwen,flickr30k,final_quarter,False,6,0.8571428571428571,30,30,30,37,2.0,4096,0.0003,True,1.5,1024,512,1200,0.7162347435951233,0.709404239570722,0.7231442810792942,-0.86962890625,0.0,0.065185546875,0.934814453125,0.3994063138961792,0.3168284296989441,0.0654487322458752,4038.8822098869427,0.35740771889686584,0.3252081274986267,0.9940378014365121,0.7702386051888036,0.9940398963762825,1913.41796875,0.46714305877685547,0.0,0.3248879015445709
qwen,flickr30k,final_quarter,False,6,0.8571428571428571,30,30,30,37,2.0,4096,0.001,False,1.1,1024,512,1200,0.499610960483551,0.49426176935230615,0.504914231353905,0.137451171875,0.002197265625,0.1533203125,0.01806640625,0.28442496061325073,0.21518602967262268,0.8676592693048973,579.8248662387775,0.6585582494735718,0.6906514167785645,0.9955891652129452,0.9879822928625269,0.9957037487629375,625.701171875,0.15275907516479492,0.828857421875,0.7065058350563049
qwen,flickr30k,final_quarter,False,6,0.8571428571428571,30,30,30,37,2.0,4096,0.001,False,1.25,1024,512,1200,0.499610960483551,0.49426176935230615,0.504914231353905,0.052001953125,0.001953125,0.11083984375,0.060791015625,0.28442496061325073,0.21518602967262268,0.8676592693048973,579.8248662387775,0.6585582494735718,0.6906514167785645,0.9955891652129452,0.9879822928625269,0.9957037487629375,625.701171875,0.15275907516479492,0.828857421875,0.7065058350563049
qwen,flickr30k,final_quarter,False,6,0.8571428571428571,30,30,30,37,2.0,4096,0.001,False,1.5,1024,512,1200,0.499610960483551,0.49426176935230615,0.504914231353905,-0.116455078125,0.001708984375,0.02685546875,0.14501953125,0.28442496061325073,0.21518602967262268,0.8676592693048973,579.8248662387775,0.6585582494735718,0.6906514167785645,0.9955891652129452,0.9879822928625269,0.9957037487629375,625.701171875,0.15275907516479492,0.828857421875,0.7065058350563049
qwen,flickr30k,final_quarter,False,6,0.8571428571428571,30,30,30,37,2.0,4096,0.001,True,1.1,1024,512,1200,0.7071825265884399,0.7003694299739436,0.7138924740822403,0.81103515625,0.0,0.905517578125,0.094482421875,0.3940863013267517,0.31309622526168823,0.06514233366715587,4039.5673728029437,0.3444172143936157,0.319365531206131,0.9941841061384684,0.7700766265672934,0.9946395088203437,1908.146484375,0.46585607528686523,0.0,0.31923428177833557
qwen,flickr30k,final_quarter,False,6,0.8571428571428571,30,30,30,37,2.0,4096,0.001,True,1.25,1024,512,1200,0.7071825265884399,0.7003694299739436,0.7138924740822403,0.02734375,0.0,0.513671875,0.486328125,0.3940863013267517,0.31309622526168823,0.06514233366715587,4039.5673728029437,0.3444172143936157,0.319365531206131,0.9941841061384684,0.7700766265672934,0.9946395088203437,1908.146484375,0.46585607528686523,0.0,0.31923428177833557
qwen,flickr30k,final_quarter,False,6,0.8571428571428571,30,30,30,37,2.0,4096,0.001,True,1.5,1024,512,1200,0.7071825265884399,0.7003694299739436,0.7138924740822403,-0.86328125,0.0,0.068359375,0.931640625,0.3940863013267517,0.31309622526168823,0.06514233366715587,4039.5673728029437,0.3444172143936157,0.319365531206131,0.9941841061384684,0.7700766265672934,0.9946395088203437,1908.146484375,0.46585607528686523,0.0,0.31923428177833557
qwen,flickr30k,final_quarter,False,6,0.8571428571428571,30,30,30,37,4.0,4096,0.0003,False,1.1,1024,512,1200,0.5004021525382996,0.4950575242008199,0.5057389929439523,0.136962890625,0.002197265625,0.153076171875,0.018310546875,0.2849043011665344,0.21549782156944275,0.8679188109757425,578.9849085508062,0.663291335105896,0.6948123574256897,0.9955834998401151,0.9879725136964848,0.9956707582430074,626.146484375,0.15286779403686523,0.828857421875,0.7126015424728394
qwen,flickr30k,final_quarter,False,6,0.8571428571428571,30,30,30,37,4.0,4096,0.0003,False,1.25,1024,512,1200,0.5004021525382996,0.4950575242008199,0.5057389929439523,0.052001953125,0.001953125,0.11083984375,0.060791015625,0.2849043011665344,0.21549782156944275,0.8679188109757425,578.9849085508062,0.663291335105896,0.6948123574256897,0.9955834998401151,0.9879725136964848,0.9956707582430074,626.146484375,0.15286779403686523,0.828857421875,0.7126015424728394
qwen,flickr30k,final_quarter,False,6,0.8571428571428571,30,30,30,37,4.0,4096,0.0003,False,1.5,1024,512,1200,0.5004021525382996,0.4950575242008199,0.5057389929439523,-0.116455078125,0.001708984375,0.02685546875,0.14501953125,0.2849043011665344,0.21549782156944275,0.8679188109757425,578.9849085508062,0.663291335105896,0.6948123574256897,0.9955834998401151,0.9879725136964848,0.9956707582430074,626.146484375,0.15286779403686523,0.828857421875,0.7126015424728394
qwen,flickr30k,final_quarter,False,6,0.8571428571428571,30,30,30,37,4.0,4096,0.0003,True,1.1,1024,512,1200,0.7162347435951233,0.709404239570722,0.7231442810792942,0.81298828125,0.0,0.906494140625,0.093505859375,0.3994063138961792,0.3168284296989441,0.0654487322458752,4038.8822098869427,0.35740771889686584,0.3252081274986267,0.9940378014365121,0.7702386051888036,0.9940398963762825,1913.41796875,0.46714305877685547,0.0,0.3248879015445709
qwen,flickr30k,final_quarter,False,6,0.8571428571428571,30,30,30,37,4.0,4096,0.0003,True,1.25,1024,512,1200,0.7162347435951233,0.709404239570722,0.7231442810792942,0.037109375,0.0,0.5185546875,0.4814453125,0.3994063138961792,0.3168284296989441,0.0654487322458752,4038.8822098869427,0.35740771889686584,0.3252081274986267,0.9940378014365121,0.7702386051888036,0.9940398963762825,1913.41796875,0.46714305877685547,0.0,0.3248879015445709
qwen,flickr30k,final_quarter,False,6,0.8571428571428571,30,30,30,37,4.0,4096,0.0003,True,1.5,1024,512,1200,0.7162347435951233,0.709404239570722,0.7231442810792942,-0.86962890625,0.0,0.065185546875,0.934814453125,0.3994063138961792,0.3168284296989441,0.0654487322458752,4038.8822098869427,0.35740771889686584,0.3252081274986267,0.9940378014365121,0.7702386051888036,0.9940398963762825,1913.41796875,0.46714305877685547,0.0,0.3248879015445709
qwen,flickr30k,final_quarter,False,6,0.8571428571428571,30,30,30,37,4.0,4096,0.001,False,1.1,1024,512,1200,0.499610960483551,0.49426176935230615,0.504914231353905,0.137451171875,0.002197265625,0.1533203125,0.01806640625,0.28442496061325073,0.21518602967262268,0.8676592693048973,579.8248662387775,0.6585582494735718,0.6906514167785645,0.9955891652129452,0.9879822928625269,0.9957037487629375,625.701171875,0.15275907516479492,0.828857421875,0.7065058350563049
qwen,flickr30k,final_quarter,False,6,0.8571428571428571,30,30,30,37,4.0,4096,0.001,False,1.25,1024,512,1200,0.499610960483551,0.49426176935230615,0.504914231353905,0.052001953125,0.001953125,0.11083984375,0.060791015625,0.28442496061325073,0.21518602967262268,0.8676592693048973,579.8248662387775,0.6585582494735718,0.6906514167785645,0.9955891652129452,0.9879822928625269,0.9957037487629375,625.701171875,0.15275907516479492,0.828857421875,0.7065058350563049
qwen,flickr30k,final_quarter,False,6,0.8571428571428571,30,30,30,37,4.0,4096,0.001,False,1.5,1024,512,1200,0.499610960483551,0.49426176935230615,0.504914231353905,-0.116455078125,0.001708984375,0.02685546875,0.14501953125,0.28442496061325073,0.21518602967262268,0.8676592693048973,579.8248662387775,0.6585582494735718,0.6906514167785645,0.9955891652129452,0.9879822928625269,0.9957037487629375,625.701171875,0.15275907516479492,0.828857421875,0.7065058350563049
qwen,flickr30k,final_quarter,False,6,0.8571428571428571,30,30,30,37,4.0,4096,0.001,True,1.1,1024,512,1200,0.7071825265884399,0.7003694299739436,0.7138924740822403,0.81103515625,0.0,0.905517578125,0.094482421875,0.3940863013267517,0.31309622526168823,0.06514233366715587,4039.5673728029437,0.3444172143936157,0.319365531206131,0.9941841061384684,0.7700766265672934,0.9946395088203437,1908.146484375,0.46585607528686523,0.0,0.31923428177833557
qwen,flickr30k,final_quarter,False,6,0.8571428571428571,30,30,30,37,4.0,4096,0.001,True,1.25,1024,512,1200,0.7071825265884399,0.7003694299739436,0.7138924740822403,0.02734375,0.0,0.513671875,0.486328125,0.3940863013267517,0.31309622526168823,0.06514233366715587,4039.5673728029437,0.3444172143936157,0.319365531206131,0.9941841061384684,0.7700766265672934,0.9946395088203437,1908.146484375,0.46585607528686523,0.0,0.31923428177833557
qwen,flickr30k,final_quarter,False,6,0.8571428571428571,30,30,30,37,4.0,4096,0.001,True,1.5,1024,512,1200,0.7071825265884399,0.7003694299739436,0.7138924740822403,-0.86328125,0.0,0.068359375,0.931640625,0.3940863013267517,0.31309622526168823,0.06514233366715587,4039.5673728029437,0.3444172143936157,0.319365531206131,0.9941841061384684,0.7700766265672934,0.9946395088203437,1908.146484375,0.46585607528686523,0.0,0.31923428177833557
qwen,flickr30k,final_quarter,False,7,1.0,35,35,35,11,2.0,4096,0.0003,False,1.1,1024,512,1200,0.3649001717567444,0.3599366614333121,0.3702671102502791,-0.02392578125,0.020263671875,0.024658203125,0.06884765625,0.18324509263038635,0.18165504932403564,0.9125095145559177,384.13887761452804,0.33624786138534546,0.542448878288269,0.9916702446584876,0.984355076062816,0.9941978965911744,384.40234375,0.09384822845458984,0.887939453125,0.45535820722579956
qwen,flickr30k,final_quarter,False,7,1.0,35,35,35,11,2.0,4096,0.0003,False,1.25,1024,512,1200,0.3649001717567444,0.3599366614333121,0.3702671102502791,-0.0947265625,0.00390625,0.005615234375,0.104248046875,0.18324509263038635,0.18165504932403564,0.9125095145559177,384.13887761452804,0.33624786138534546,0.542448878288269,0.9916702446584876,0.984355076062816,0.9941978965911744,384.40234375,0.09384822845458984,0.887939453125,0.45535820722579956
qwen,flickr30k,final_quarter,False,7,1.0,35,35,35,11,2.0,4096,0.0003,False,1.5,1024,512,1200,0.3649001717567444,0.3599366614333121,0.3702671102502791,-0.10791015625,0.00146484375,0.00146484375,0.11083984375,0.18324509263038635,0.18165504932403564,0.9125095145559177,384.13887761452804,0.33624786138534546,0.542448878288269,0.9916702446584876,0.984355076062816,0.9941978965911744,384.40234375,0.09384822845458984,0.887939453125,0.45535820722579956
qwen,flickr30k,final_quarter,False,7,1.0,35,35,35,11,2.0,4096,0.0003,True,1.1,1024,512,1200,0.6287363767623901,0.6221829833637458,0.636502504881355,-0.03466796875,0.397705078125,0.0849609375,0.517333984375,0.3055483400821686,0.32318803668022156,0.07750533923494213,4001.2771493761775,0.353120356798172,0.32489651441574097,0.994529876575494,0.8253390376042163,0.994620698923591,1884.84375,0.46016693115234375,0.0,0.31143876910209656
qwen,flickr30k,final_quarter,False,7,1.0,35,35,35,11,2.0,4096,0.0003,True,1.25,1024,512,1200,0.6287363767623901,0.6221829833637458,0.636502504881355,-0.88232421875,0.045166015625,0.013671875,0.941162109375,0.3055483400821686,0.32318803668022156,0.07750533923494213,4001.2771493761775,0.353120356798172,0.32489651441574097,0.994529876575494,0.8253390376042163,0.994620698923591,1884.84375,0.46016693115234375,0.0,0.31143876910209656
qwen,flickr30k,final_quarter,False,7,1.0,35,35,35,11,2.0,4096,0.0003,True,1.5,1024,512,1200,0.6287363767623901,0.6221829833637458,0.636502504881355,-0.9990234375,0.0,0.00048828125,0.99951171875,0.3055483400821686,0.32318803668022156,0.07750533923494213,4001.2771493761775,0.353120356798172,0.32489651441574097,0.994529876575494,0.8253390376042163,0.994620698923591,1884.84375,0.46016693115234375,0.0,0.31143876910209656
qwen,flickr30k,final_quarter,False,7,1.0,35,35,35,11,2.0,4096,0.001,False,1.1,1024,512,1200,0.36440688371658325,0.3594072934742144,0.3697914491844131,-0.0234375,0.0205078125,0.024658203125,0.068603515625,0.18301278352737427,0.1813940852880478,0.9127167004074442,383.411555388698,0.33444082736968994,0.5406048893928528,0.9916235109918737,0.984307605165353,0.9942157459064167,383.787109375,0.09369802474975586,0.887939453125,0.4536324739456177
qwen,flickr30k,final_quarter,False,7,1.0,35,35,35,11,2.0,4096,0.001,False,1.25,1024,512,1200,0.36440688371658325,0.3594072934742144,0.3697914491844131,-0.09375,0.004150390625,0.005859375,0.103759765625,0.18301278352737427,0.1813940852880478,0.9127167004074442,383.411555388698,0.33444082736968994,0.5406048893928528,0.9916235109918737,0.984307605165353,0.9942157459064167,383.787109375,0.09369802474975586,0.887939453125,0.4536324739456177
qwen,flickr30k,final_quarter,False,7,1.0,35,35,35,11,2.0,4096,0.001,False,1.5,1024,512,1200,0.36440688371658325,0.3594072934742144,0.3697914491844131,-0.10791015625,0.00146484375,0.00146484375,0.11083984375,0.18301278352737427,0.1813940852880478,0.9127167004074442,383.411555388698,0.33444082736968994,0.5406048893928528,0.9916235109918737,0.984307605165353,0.9942157459064167,383.787109375,0.09369802474975586,0.887939453125,0.4536324739456177
qwen,flickr30k,final_quarter,False,7,1.0,35,35,35,11,2.0,4096,0.001,True,1.1,1024,512,1200,0.6220545172691345,0.6156063776521478,0.6296840824477841,-0.0283203125,0.404541015625,0.081298828125,0.51416015625,0.302057147026062,0.3199973702430725,0.07441970055558042,4015.2039419306775,0.3503997325897217,0.3160182237625122,0.9961283540671331,0.8267445570113477,0.9928571945057468,1882.421875,0.4595756530761719,0.0,0.30823925137519836
qwen,flickr30k,final_quarter,False,7,1.0,35,35,35,11,2.0,4096,0.001,True,1.25,1024,512,1200,0.6220545172691345,0.6156063776521478,0.6296840824477841,-0.88037109375,0.046142578125,0.013671875,0.940185546875,0.302057147026062,0.3199973702430725,0.07441970055558042,4015.2039419306775,0.3503997325897217,0.3160182237625122,0.9961283540671331,0.8267445570113477,0.9928571945057468,1882.421875,0.4595756530761719,0.0,0.30823925137519836
qwen,flickr30k,final_quarter,False,7,1.0,35,35,35,11,2.0,4096,0.001,True,1.5,1024,512,1200,0.6220545172691345,0.6156063776521478,0.6296840824477841,-0.99755859375,0.000244140625,0.0009765625,0.998779296875,0.302057147026062,0.3199973702430725,0.07441970055558042,4015.2039419306775,0.3503997325897217,0.3160182237625122,0.9961283540671331,0.8267445570113477,0.9928571945057468,1882.421875,0.4595756530761719,0.0,0.30823925137519836
qwen,flickr30k,final_quarter,False,7,1.0,35,35,35,11,4.0,4096,0.0003,False,1.1,1024,512,1200,0.3649001717567444,0.3599366614333121,0.3702671102502791,-0.02392578125,0.020263671875,0.024658203125,0.06884765625,0.18324509263038635,0.18165504932403564,0.9125095145559177,384.13887761452804,0.33624786138534546,0.542448878288269,0.9916702446584876,0.984355076062816,0.9941978965911744,384.40234375,0.09384822845458984,0.887939453125,0.45535820722579956
qwen,flickr30k,final_quarter,False,7,1.0,35,35,35,11,4.0,4096,0.0003,False,1.25,1024,512,1200,0.3649001717567444,0.3599366614333121,0.3702671102502791,-0.0947265625,0.00390625,0.005615234375,0.104248046875,0.18324509263038635,0.18165504932403564,0.9125095145559177,384.13887761452804,0.33624786138534546,0.542448878288269,0.9916702446584876,0.984355076062816,0.9941978965911744,384.40234375,0.09384822845458984,0.887939453125,0.45535820722579956
qwen,flickr30k,final_quarter,False,7,1.0,35,35,35,11,4.0,4096,0.0003,False,1.5,1024,512,1200,0.3649001717567444,0.3599366614333121,0.3702671102502791,-0.10791015625,0.00146484375,0.00146484375,0.11083984375,0.18324509263038635,0.18165504932403564,0.9125095145559177,384.13887761452804,0.33624786138534546,0.542448878288269,0.9916702446584876,0.984355076062816,0.9941978965911744,384.40234375,0.09384822845458984,0.887939453125,0.45535820722579956
qwen,flickr30k,final_quarter,False,7,1.0,35,35,35,11,4.0,4096,0.0003,True,1.1,1024,512,1200,0.6287363767623901,0.6221829833637458,0.636502504881355,-0.03466796875,0.397705078125,0.0849609375,0.517333984375,0.3055483400821686,0.32318803668022156,0.07750533923494213,4001.2771493761775,0.353120356798172,0.32489651441574097,0.994529876575494,0.8253390376042163,0.994620698923591,1884.84375,0.46016693115234375,0.0,0.31143876910209656
qwen,flickr30k,final_quarter,False,7,1.0,35,35,35,11,4.0,4096,0.0003,True,1.25,1024,512,1200,0.6287363767623901,0.6221829833637458,0.636502504881355,-0.88232421875,0.045166015625,0.013671875,0.941162109375,0.3055483400821686,0.32318803668022156,0.07750533923494213,4001.2771493761775,0.353120356798172,0.32489651441574097,0.994529876575494,0.8253390376042163,0.994620698923591,1884.84375,0.46016693115234375,0.0,0.31143876910209656
qwen,flickr30k,final_quarter,False,7,1.0,35,35,35,11,4.0,4096,0.0003,True,1.5,1024,512,1200,0.6287363767623901,0.6221829833637458,0.636502504881355,-0.9990234375,0.0,0.00048828125,0.99951171875,0.3055483400821686,0.32318803668022156,0.07750533923494213,4001.2771493761775,0.353120356798172,0.32489651441574097,0.994529876575494,0.8253390376042163,0.994620698923591,1884.84375,0.46016693115234375,0.0,0.31143876910209656
qwen,flickr30k,final_quarter,False,7,1.0,35,35,35,11,4.0,4096,0.001,False,1.1,1024,512,1200,0.36440688371658325,0.3594072934742144,0.3697914491844131,-0.0234375,0.0205078125,0.024658203125,0.068603515625,0.18301278352737427,0.1813940852880478,0.9127167004074442,383.411555388698,0.33444082736968994,0.5406048893928528,0.9916235109918737,0.984307605165353,0.9942157459064167,383.787109375,0.09369802474975586,0.887939453125,0.4536324739456177
qwen,flickr30k,final_quarter,False,7,1.0,35,35,35,11,4.0,4096,0.001,False,1.25,1024,512,1200,0.36440688371658325,0.3594072934742144,0.3697914491844131,-0.09375,0.004150390625,0.005859375,0.103759765625,0.18301278352737427,0.1813940852880478,0.9127167004074442,383.411555388698,0.33444082736968994,0.5406048893928528,0.9916235109918737,0.984307605165353,0.9942157459064167,383.787109375,0.09369802474975586,0.887939453125,0.4536324739456177
qwen,flickr30k,final_quarter,False,7,1.0,35,35,35,11,4.0,4096,0.001,False,1.5,1024,512,1200,0.36440688371658325,0.3594072934742144,0.3697914491844131,-0.10791015625,0.00146484375,0.00146484375,0.11083984375,0.18301278352737427,0.1813940852880478,0.9127167004074442,383.411555388698,0.33444082736968994,0.5406048893928528,0.9916235109918737,0.984307605165353,0.9942157459064167,383.787109375,0.09369802474975586,0.887939453125,0.4536324739456177
qwen,flickr30k,final_quarter,False,7,1.0,35,35,35,11,4.0,4096,0.001,True,1.1,1024,512,1200,0.6220545172691345,0.6156063776521478,0.6296840824477841,-0.0283203125,0.404541015625,0.081298828125,0.51416015625,0.302057147026062,0.3199973702430725,0.07441970055558042,4015.2039419306775,0.3503997325897217,0.3160182237625122,0.9961283540671331,0.8267445570113477,0.9928571945057468,1882.421875,0.4595756530761719,0.0,0.30823925137519836
qwen,flickr30k,final_quarter,False,7,1.0,35,35,35,11,4.0,4096,0.001,True,1.25,1024,512,1200,0.6220545172691345,0.6156063776521478,0.6296840824477841,-0.88037109375,0.046142578125,0.013671875,0.940185546875,0.302057147026062,0.3199973702430725,0.07441970055558042,4015.2039419306775,0.3503997325897217,0.3160182237625122,0.9961283540671331,0.8267445570113477,0.9928571945057468,1882.421875,0.4595756530761719,0.0,0.30823925137519836
qwen,flickr30k,final_quarter,False,7,1.0,35,35,35,11,4.0,4096,0.001,True,1.5,1024,512,1200,0.6220545172691345,0.6156063776521478,0.6296840824477841,-0.99755859375,0.000244140625,0.0009765625,0.998779296875,0.302057147026062,0.3199973702430725,0.07441970055558042,4015.2039419306775,0.3503997325897217,0.3160182237625122,0.9961283540671331,0.8267445570113477,0.9928571945057468,1882.421875,0.4595756530761719,0.0,0.30823925137519836
qwen,flickr30k,final_quarter,False,7,1.0,35,35,35,23,2.0,4096,0.0003,False,1.1,1024,512,1200,0.361855685710907,0.35708551764837465,0.3666905321348167,-0.029296875,0.01953125,0.025146484375,0.073974609375,0.1819024384021759,0.17995326220989227,0.9130771110475431,382.17764039626945,0.33833611011505127,0.5360078811645508,0.9914131220145785,0.9840389703338296,0.9942924701577572,390.69921875,0.09538555145263672,0.88330078125,0.4575403928756714
qwen,flickr30k,final_quarter,False,7,1.0,35,35,35,23,2.0,4096,0.0003,False,1.25,1024,512,1200,0.361855685710907,0.35708551764837465,0.3666905321348167,-0.0986328125,0.00244140625,0.007568359375,0.108642578125,0.1819024384021759,0.17995326220989227,0.9130771110475431,382.17764039626945,0.33833611011505127,0.5360078811645508,0.9914131220145785,0.9840389703338296,0.9942924701577572,390.69921875,0.09538555145263672,0.88330078125,0.4575403928756714
qwen,flickr30k,final_quarter,False,7,1.0,35,35,35,23,2.0,4096,0.0003,False,1.5,1024,512,1200,0.361855685710907,0.35708551764837465,0.3666905321348167,-0.11083984375,0.0009765625,0.0029296875,0.11474609375,0.1819024384021759,0.17995326220989227,0.9130771110475431,382.17764039626945,0.33833611011505127,0.5360078811645508,0.9914131220145785,0.9840389703338296,0.9942924701577572,390.69921875,0.09538555145263672,0.88330078125,0.4575403928756714
qwen,flickr30k,final_quarter,False,7,1.0,35,35,35,23,2.0,4096,0.0003,True,1.1,1024,512,1200,0.6368291974067688,0.6300171086724731,0.6436182368677692,-0.07080078125,0.376708984375,0.087890625,0.535400390625,0.31013885140419006,0.32669034600257874,0.0757725146752441,4009.431630891207,0.35662415623664856,0.3222317099571228,0.994133194193183,0.8246231547595901,0.9879194450933206,1893.197265625,0.4622063636779785,0.0,0.3158442974090576
qwen,flickr30k,final_quarter,False,7,1.0,35,35,35,23,2.0,4096,0.0003,True,1.25,1024,512,1200,0.6368291974067688,0.6300171086724731,0.6436182368677692,-0.8671875,0.050537109375,0.015869140625,0.93359375,0.31013885140419006,0.32669034600257874,0.0757725146752441,4009.431630891207,0.35662415623664856,0.3222317099571228,0.994133194193183,0.8246231547595901,0.9879194450933206,1893.197265625,0.4622063636779785,0.0,0.3158442974090576
qwen,flickr30k,final_quarter,False,7,1.0,35,35,35,23,2.0,4096,0.0003,True,1.5,1024,512,1200,0.6368291974067688,0.6300171086724731,0.6436182368677692,-0.99609375,0.000732421875,0.001220703125,0.998046875,0.31013885140419006,0.32669034600257874,0.0757725146752441,4009.431630891207,0.35662415623664856,0.3222317099571228,0.994133194193183,0.8246231547595901,0.9879194450933206,1893.197265625,0.4622063636779785,0.0,0.3158442974090576
qwen,flickr30k,final_quarter,False,7,1.0,35,35,35,23,2.0,4096,0.001,False,1.1,1024,512,1200,0.36035656929016113,0.355589889598923,0.3651118020788999,-0.02978515625,0.02001953125,0.0244140625,0.07421875,0.181071937084198,0.17928463220596313,0.9131956318010109,382.06765237168236,0.32832762598991394,0.5250816345214844,0.9915660830246491,0.9842840859627011,0.9934072801352276,388.984375,0.09496688842773438,0.88330078125,0.4447774589061737
qwen,flickr30k,final_quarter,False,7,1.0,35,35,35,23,2.0,4096,0.001,False,1.25,1024,512,1200,0.36035656929016113,0.355589889598923,0.3651118020788999,-0.09912109375,0.00244140625,0.00732421875,0.10888671875,0.181071937084198,0.17928463220596313,0.9131956318010109,382.06765237168236,0.32832762598991394,0.5250816345214844,0.9915660830246491,0.9842840859627011,0.9934072801352276,388.984375,0.09496688842773438,0.88330078125,0.4447774589061737
qwen,flickr30k,final_quarter,False,7,1.0,35,35,35,23,2.0,4096,0.001,False,1.5,1024,512,1200,0.36035656929016113,0.355589889598923,0.3651118020788999,-0.11083984375,0.0009765625,0.0029296875,0.11474609375,0.181071937084198,0.17928463220596313,0.9131956318010109,382.06765237168236,0.32832762598991394,0.5250816345214844,0.9915660830246491,0.9842840859627011,0.9934072801352276,388.984375,0.09496688842773438,0.88330078125,0.4447774589061737
qwen,flickr30k,final_quarter,False,7,1.0,35,35,35,23,2.0,4096,0.001,True,1.1,1024,512,1200,0.6256178021430969,0.6189304991436074,0.6321913169318577,-0.04833984375,0.39404296875,0.081787109375,0.524169921875,0.3038853704929352,0.32173240184783936,0.07560136456880494,4013.3647150120014,0.3544520437717438,0.31461358070373535,0.9947431555160878,0.8255865173116181,0.9922813588848823,1885.86328125,0.4604158401489258,0.0,0.30996963381767273
qwen,flickr30k,final_quarter,False,7,1.0,35,35,35,23,2.0,4096,0.001,True,1.25,1024,512,1200,0.6256178021430969,0.6189304991436074,0.6321913169318577,-0.8662109375,0.054443359375,0.012451171875,0.93310546875,0.3038853704929352,0.32173240184783936,0.07560136456880494,4013.3647150120014,0.3544520437717438,0.31461358070373535,0.9947431555160878,0.8255865173116181,0.9922813588848823,1885.86328125,0.4604158401489258,0.0,0.30996963381767273
qwen,flickr30k,final_quarter,False,7,1.0,35,35,35,23,2.0,4096,0.001,True,1.5,1024,512,1200,0.6256178021430969,0.6189304991436074,0.6321913169318577,-0.9970703125,0.00048828125,0.0009765625,0.99853515625,0.3038853704929352,0.32173240184783936,0.07560136456880494,4013.3647150120014,0.3544520437717438,0.31461358070373535,0.9947431555160878,0.8255865173116181,0.9922813588848823,1885.86328125,0.4604158401489258,0.0,0.30996963381767273
qwen,flickr30k,final_quarter,False,7,1.0,35,35,35,23,4.0,4096,0.0003,False,1.1,1024,512,1200,0.361855685710907,0.35708551764837465,0.3666905321348167,-0.029296875,0.01953125,0.025146484375,0.073974609375,0.1819024384021759,0.17995326220989227,0.9130771110475431,382.17764039626945,0.33833611011505127,0.5360078811645508,0.9914131220145785,0.9840389703338296,0.9942924701577572,390.69921875,0.09538555145263672,0.88330078125,0.4575403928756714
qwen,flickr30k,final_quarter,False,7,1.0,35,35,35,23,4.0,4096,0.0003,False,1.25,1024,512,1200,0.361855685710907,0.35708551764837465,0.3666905321348167,-0.0986328125,0.00244140625,0.007568359375,0.108642578125,0.1819024384021759,0.17995326220989227,0.9130771110475431,382.17764039626945,0.33833611011505127,0.5360078811645508,0.9914131220145785,0.9840389703338296,0.9942924701577572,390.69921875,0.09538555145263672,0.88330078125,0.4575403928756714
qwen,flickr30k,final_quarter,False,7,1.0,35,35,35,23,4.0,4096,0.0003,False,1.5,1024,512,1200,0.361855685710907,0.35708551764837465,0.3666905321348167,-0.11083984375,0.0009765625,0.0029296875,0.11474609375,0.1819024384021759,0.17995326220989227,0.9130771110475431,382.17764039626945,0.33833611011505127,0.5360078811645508,0.9914131220145785,0.9840389703338296,0.9942924701577572,390.69921875,0.09538555145263672,0.88330078125,0.4575403928756714
qwen,flickr30k,final_quarter,False,7,1.0,35,35,35,23,4.0,4096,0.0003,True,1.1,1024,512,1200,0.6368291974067688,0.6300171086724731,0.6436182368677692,-0.07080078125,0.376708984375,0.087890625,0.535400390625,0.31013885140419006,0.32669034600257874,0.0757725146752441,4009.431630891207,0.35662415623664856,0.3222317099571228,0.994133194193183,0.8246231547595901,0.9879194450933206,1893.197265625,0.4622063636779785,0.0,0.3158442974090576
qwen,flickr30k,final_quarter,False,7,1.0,35,35,35,23,4.0,4096,0.0003,True,1.25,1024,512,1200,0.6368291974067688,0.6300171086724731,0.6436182368677692,-0.8671875,0.050537109375,0.015869140625,0.93359375,0.31013885140419006,0.32669034600257874,0.0757725146752441,4009.431630891207,0.35662415623664856,0.3222317099571228,0.994133194193183,0.8246231547595901,0.9879194450933206,1893.197265625,0.4622063636779785,0.0,0.3158442974090576
qwen,flickr30k,final_quarter,False,7,1.0,35,35,35,23,4.0,4096,0.0003,True,1.5,1024,512,1200,0.6368291974067688,0.6300171086724731,0.6436182368677692,-0.99609375,0.000732421875,0.001220703125,0.998046875,0.31013885140419006,0.32669034600257874,0.0757725146752441,4009.431630891207,0.35662415623664856,0.3222317099571228,0.994133194193183,0.8246231547595901,0.9879194450933206,1893.197265625,0.4622063636779785,0.0,0.3158442974090576
qwen,flickr30k,final_quarter,False,7,1.0,35,35,35,23,4.0,4096,0.001,False,1.1,1024,512,1200,0.36035656929016113,0.355589889598923,0.3651118020788999,-0.02978515625,0.02001953125,0.0244140625,0.07421875,0.181071937084198,0.17928463220596313,0.9131956318010109,382.06765237168236,0.32832762598991394,0.5250816345214844,0.9915660830246491,0.9842840859627011,0.9934072801352276,388.984375,0.09496688842773438,0.88330078125,0.4447774589061737
qwen,flickr30k,final_quarter,False,7,1.0,35,35,35,23,4.0,4096,0.001,False,1.25,1024,512,1200,0.36035656929016113,0.355589889598923,0.3651118020788999,-0.09912109375,0.00244140625,0.00732421875,0.10888671875,0.181071937084198,0.17928463220596313,0.9131956318010109,382.06765237168236,0.32832762598991394,0.5250816345214844,0.9915660830246491,0.9842840859627011,0.9934072801352276,388.984375,0.09496688842773438,0.88330078125,0.4447774589061737
qwen,flickr30k,final_quarter,False,7,1.0,35,35,35,23,4.0,4096,0.001,False,1.5,1024,512,1200,0.36035656929016113,0.355589889598923,0.3651118020788999,-0.11083984375,0.0009765625,0.0029296875,0.11474609375,0.181071937084198,0.17928463220596313,0.9131956318010109,382.06765237168236,0.32832762598991394,0.5250816345214844,0.9915660830246491,0.9842840859627011,0.9934072801352276,388.984375,0.09496688842773438,0.88330078125,0.4447774589061737
qwen,flickr30k,final_quarter,False,7,1.0,35,35,35,23,4.0,4096,0.001,True,1.1,1024,512,1200,0.6256178021430969,0.6189304991436074,0.6321913169318577,-0.04833984375,0.39404296875,0.081787109375,0.524169921875,0.3038853704929352,0.32173240184783936,0.07560136456880494,4013.3647150120014,0.3544520437717438,0.31461358070373535,0.9947431555160878,0.8255865173116181,0.9922813588848823,1885.86328125,0.4604158401489258,0.0,0.30996963381767273
qwen,flickr30k,final_quarter,False,7,1.0,35,35,35,23,4.0,4096,0.001,True,1.25,1024,512,1200,0.6256178021430969,0.6189304991436074,0.6321913169318577,-0.8662109375,0.054443359375,0.012451171875,0.93310546875,0.3038853704929352,0.32173240184783936,0.07560136456880494,4013.3647150120014,0.3544520437717438,0.31461358070373535,0.9947431555160878,0.8255865173116181,0.9922813588848823,1885.86328125,0.4604158401489258,0.0,0.30996963381767273
qwen,flickr30k,final_quarter,False,7,1.0,35,35,35,23,4.0,4096,0.001,True,1.5,1024,512,1200,0.6256178021430969,0.6189304991436074,0.6321913169318577,-0.9970703125,0.00048828125,0.0009765625,0.99853515625,0.3038853704929352,0.32173240184783936,0.07560136456880494,4013.3647150120014,0.3544520437717438,0.31461358070373535,0.9947431555160878,0.8255865173116181,0.9922813588848823,1885.86328125,0.4604158401489258,0.0,0.30996963381767273
qwen,flickr30k,final_quarter,False,7,1.0,35,35,35,37,2.0,4096,0.0003,False,1.1,1024,512,1200,0.3594905734062195,0.3550761114231136,0.3643346260229009,-0.016357421875,0.023681640625,0.0244140625,0.064453125,0.18042907118797302,0.17906150221824646,0.9135479827486244,374.2335348690309,0.3335740566253662,0.5367810726165771,0.9917924555937049,0.9845086331015562,0.9943364462156122,387.1796875,0.09452629089355469,0.889892578125,0.45198920369148254
qwen,flickr30k,final_quarter,False,7,1.0,35,35,35,37,2.0,4096,0.0003,False,1.25,1024,512,1200,0.3594905734062195,0.3550761114231136,0.3643346260229009,-0.092529296875,0.00390625,0.006103515625,0.1025390625,0.18042907118797302,0.17906150221824646,0.9135479827486244,374.2335348690309,0.3335740566253662,0.5367810726165771,0.9917924555937049,0.9845086331015562,0.9943364462156122,387.1796875,0.09452629089355469,0.889892578125,0.45198920369148254
qwen,flickr30k,final_quarter,False,7,1.0,35,35,35,37,2.0,4096,0.0003,False,1.5,1024,512,1200,0.3594905734062195,0.3550761114231136,0.3643346260229009,-0.105712890625,0.001708984375,0.001708984375,0.109130859375,0.18042907118797302,0.17906150221824646,0.9135479827486244,374.2335348690309,0.3335740566253662,0.5367810726165771,0.9917924555937049,0.9845086331015562,0.9943364462156122,387.1796875,0.09452629089355469,0.889892578125,0.45198920369148254
qwen,flickr30k,final_quarter,False,7,1.0,35,35,35,37,2.0,4096,0.0003,True,1.1,1024,512,1200,0.6388005018234253,0.632143652367813,0.6462345897249179,-0.06982421875,0.380615234375,0.08447265625,0.534912109375,0.3109317719936371,0.3278687596321106,0.07603651006298823,4006.2688623363506,0.37196940183639526,0.322384774684906,0.9953466012915031,0.8264351815441406,0.9920291752976935,1891.408203125,0.46176958084106445,0.0,0.3153373897075653
qwen,flickr30k,final_quarter,False,7,1.0,35,35,35,37,2.0,4096,0.0003,True,1.25,1024,512,1200,0.6388005018234253,0.632143652367813,0.6462345897249179,-0.87841796875,0.045654296875,0.01513671875,0.939208984375,0.3109317719936371,0.3278687596321106,0.07603651006298823,4006.2688623363506,0.37196940183639526,0.322384774684906,0.9953466012915031,0.8264351815441406,0.9920291752976935,1891.408203125,0.46176958084106445,0.0,0.3153373897075653
qwen,flickr30k,final_quarter,False,7,1.0,35,35,35,37,2.0,4096,0.0003,True,1.5,1024,512,1200,0.6388005018234253,0.632143652367813,0.6462345897249179,-0.9921875,0.000244140625,0.003662109375,0.99609375,0.3109317719936371,0.3278687596321106,0.07603651006298823,4006.2688623363506,0.37196940183639526,0.322384774684906,0.9953466012915031,0.8264351815441406,0.9920291752976935,1891.408203125,0.46176958084106445,0.0,0.3153373897075653
qwen,flickr30k,final_quarter,False,7,1.0,35,35,35,37,2.0,4096,0.001,False,1.1,1024,512,1200,0.35952386260032654,0.3551055356474535,0.3643968650038005,-0.015380859375,0.02392578125,0.024658203125,0.06396484375,0.1805189847946167,0.17900487780570984,0.9137082384748795,373.9228616286044,0.33561277389526367,0.5438331961631775,0.9912291395426627,0.9838828281080855,0.993993058190715,387.48046875,0.09459972381591797,0.8896484375,0.45517170429229736
qwen,flickr30k,final_quarter,False,7,1.0,35,35,35,37,2.0,4096,0.001,False,1.25,1024,512,1200,0.35952386260032654,0.3551055356474535,0.3643968650038005,-0.092041015625,0.00390625,0.00634765625,0.102294921875,0.1805189847946167,0.17900487780570984,0.9137082384748795,373.9228616286044,0.33561277389526367,0.5438331961631775,0.9912291395426627,0.9838828281080855,0.993993058190715,387.48046875,0.09459972381591797,0.8896484375,0.45517170429229736
qwen,flickr30k,final_quarter,False,7,1.0,35,35,35,37,2.0,4096,0.001,False,1.5,1024,512,1200,0.35952386260032654,0.3551055356474535,0.3643968650038005,-0.105712890625,0.001708984375,0.001708984375,0.109130859375,0.1805189847946167,0.17900487780570984,0.9137082384748795,373.9228616286044,0.33561277389526367,0.5438331961631775,0.9912291395426627,0.9838828281080855,0.993993058190715,387.48046875,0.09459972381591797,0.8896484375,0.45517170429229736
qwen,flickr30k,final_quarter,False,7,1.0,35,35,35,37,2.0,4096,0.001,True,1.1,1024,512,1200,0.6285319328308105,0.6219787128356984,0.63574611680815,-0.07421875,0.380859375,0.08203125,0.537109375,0.3057837188243866,0.32274818420410156,0.077625140049236,4001.501247001508,0.3656045198440552,0.3181479871273041,0.9943312203637641,0.8258349860521483,0.9922289509259709,1881.388671875,0.4593234062194824,0.0,0.3099164664745331
qwen,flickr30k,final_quarter,False,7,1.0,35,35,35,37,2.0,4096,0.001,True,1.25,1024,512,1200,0.6285319328308105,0.6219787128356984,0.63574611680815,-0.87548828125,0.0458984375,0.016357421875,0.937744140625,0.3057837188243866,0.32274818420410156,0.077625140049236,4001.501247001508,0.3656045198440552,0.3181479871273041,0.9943312203637641,0.8258349860521483,0.9922289509259709,1881.388671875,0.4593234062194824,0.0,0.3099164664745331
qwen,flickr30k,final_quarter,False,7,1.0,35,35,35,37,2.0,4096,0.001,True,1.5,1024,512,1200,0.6285319328308105,0.6219787128356984,0.63574611680815,-0.9931640625,0.000244140625,0.003173828125,0.99658203125,0.3057837188243866,0.32274818420410156,0.077625140049236,4001.501247001508,0.3656045198440552,0.3181479871273041,0.9943312203637641,0.8258349860521483,0.9922289509259709,1881.388671875,0.4593234062194824,0.0,0.3099164664745331
qwen,flickr30k,final_quarter,False,7,1.0,35,35,35,37,4.0,4096,0.0003,False,1.1,1024,512,1200,0.3594905734062195,0.3550761114231136,0.3643346260229009,-0.016357421875,0.023681640625,0.0244140625,0.064453125,0.18042907118797302,0.17906150221824646,0.9135479827486244,374.2335348690309,0.3335740566253662,0.5367810726165771,0.9917924555937049,0.9845086331015562,0.9943364462156122,387.1796875,0.09452629089355469,0.889892578125,0.45198920369148254
qwen,flickr30k,final_quarter,False,7,1.0,35,35,35,37,4.0,4096,0.0003,False,1.25,1024,512,1200,0.3594905734062195,0.3550761114231136,0.3643346260229009,-0.092529296875,0.00390625,0.006103515625,0.1025390625,0.18042907118797302,0.17906150221824646,0.9135479827486244,374.2335348690309,0.3335740566253662,0.5367810726165771,0.9917924555937049,0.9845086331015562,0.9943364462156122,387.1796875,0.09452629089355469,0.889892578125,0.45198920369148254
qwen,flickr30k,final_quarter,False,7,1.0,35,35,35,37,4.0,4096,0.0003,False,1.5,1024,512,1200,0.3594905734062195,0.3550761114231136,0.3643346260229009,-0.105712890625,0.001708984375,0.001708984375,0.109130859375,0.18042907118797302,0.17906150221824646,0.9135479827486244,374.2335348690309,0.3335740566253662,0.5367810726165771,0.9917924555937049,0.9845086331015562,0.9943364462156122,387.1796875,0.09452629089355469,0.889892578125,0.45198920369148254
qwen,flickr30k,final_quarter,False,7,1.0,35,35,35,37,4.0,4096,0.0003,True,1.1,1024,512,1200,0.6388005018234253,0.632143652367813,0.6462345897249179,-0.06982421875,0.380615234375,0.08447265625,0.534912109375,0.3109317719936371,0.3278687596321106,0.07603651006298823,4006.2688623363506,0.37196940183639526,0.322384774684906,0.9953466012915031,0.8264351815441406,0.9920291752976935,1891.408203125,0.46176958084106445,0.0,0.3153373897075653
qwen,flickr30k,final_quarter,False,7,1.0,35,35,35,37,4.0,4096,0.0003,True,1.25,1024,512,1200,0.6388005018234253,0.632143652367813,0.6462345897249179,-0.87841796875,0.045654296875,0.01513671875,0.939208984375,0.3109317719936371,0.3278687596321106,0.07603651006298823,4006.2688623363506,0.37196940183639526,0.322384774684906,0.9953466012915031,0.8264351815441406,0.9920291752976935,1891.408203125,0.46176958084106445,0.0,0.3153373897075653
qwen,flickr30k,final_quarter,False,7,1.0,35,35,35,37,4.0,4096,0.0003,True,1.5,1024,512,1200,0.6388005018234253,0.632143652367813,0.6462345897249179,-0.9921875,0.000244140625,0.003662109375,0.99609375,0.3109317719936371,0.3278687596321106,0.07603651006298823,4006.2688623363506,0.37196940183639526,0.322384774684906,0.9953466012915031,0.8264351815441406,0.9920291752976935,1891.408203125,0.46176958084106445,0.0,0.3153373897075653
qwen,flickr30k,final_quarter,False,7,1.0,35,35,35,37,4.0,4096,0.001,False,1.1,1024,512,1200,0.35952386260032654,0.3551055356474535,0.3643968650038005,-0.015380859375,0.02392578125,0.024658203125,0.06396484375,0.1805189847946167,0.17900487780570984,0.9137082384748795,373.9228616286044,0.33561277389526367,0.5438331961631775,0.9912291395426627,0.9838828281080855,0.993993058190715,387.48046875,0.09459972381591797,0.8896484375,0.45517170429229736
qwen,flickr30k,final_quarter,False,7,1.0,35,35,35,37,4.0,4096,0.001,False,1.25,1024,512,1200,0.35952386260032654,0.3551055356474535,0.3643968650038005,-0.092041015625,0.00390625,0.00634765625,0.102294921875,0.1805189847946167,0.17900487780570984,0.9137082384748795,373.9228616286044,0.33561277389526367,0.5438331961631775,0.9912291395426627,0.9838828281080855,0.993993058190715,387.48046875,0.09459972381591797,0.8896484375,0.45517170429229736
qwen,flickr30k,final_quarter,False,7,1.0,35,35,35,37,4.0,4096,0.001,False,1.5,1024,512,1200,0.35952386260032654,0.3551055356474535,0.3643968650038005,-0.105712890625,0.001708984375,0.001708984375,0.109130859375,0.1805189847946167,0.17900487780570984,0.9137082384748795,373.9228616286044,0.33561277389526367,0.5438331961631775,0.9912291395426627,0.9838828281080855,0.993993058190715,387.48046875,0.09459972381591797,0.8896484375,0.45517170429229736
qwen,flickr30k,final_quarter,False,7,1.0,35,35,35,37,4.0,4096,0.001,True,1.1,1024,512,1200,0.6285319328308105,0.6219787128356984,0.63574611680815,-0.07421875,0.380859375,0.08203125,0.537109375,0.3057837188243866,0.32274818420410156,0.077625140049236,4001.501247001508,0.3656045198440552,0.3181479871273041,0.9943312203637641,0.8258349860521483,0.9922289509259709,1881.388671875,0.4593234062194824,0.0,0.3099164664745331
qwen,flickr30k,final_quarter,False,7,1.0,35,35,35,37,4.0,4096,0.001,True,1.25,1024,512,1200,0.6285319328308105,0.6219787128356984,0.63574611680815,-0.87548828125,0.0458984375,0.016357421875,0.937744140625,0.3057837188243866,0.32274818420410156,0.077625140049236,4001.501247001508,0.3656045198440552,0.3181479871273041,0.9943312203637641,0.8258349860521483,0.9922289509259709,1881.388671875,0.4593234062194824,0.0,0.3099164664745331
qwen,flickr30k,final_quarter,False,7,1.0,35,35,35,37,4.0,4096,0.001,True,1.5,1024,512,1200,0.6285319328308105,0.6219787128356984,0.63574611680815,-0.9931640625,0.000244140625,0.003173828125,0.99658203125,0.3057837188243866,0.32274818420410156,0.077625140049236,4001.501247001508,0.3656045198440552,0.3181479871273041,0.9943312203637641,0.8258349860521483,0.9922289509259709,1881.388671875,0.4593234062194824,0.0,0.3099164664745331
