family,dataset,pooling,audit,layer_idx,depth_fraction,llm_layer_number,vlm_layer_number,layer_number,seed,width_factor,d_sae,l1,normalize,dom_margin,train_examples,eval_examples,sae_steps,MFI,MFI_ci_low,MFI_ci_high,FMP,image_driven_frac,text_driven_frac,both_driven_frac,mean_text_delta,mean_image_delta,matched_gini,matched_eff_dim,image_only_mean_activation,llm_mean_activation,vlm_train_rec_r2,vlm_eval_rec_r2,llm_train_rec_r2,vlm_eval_l0,vlm_eval_active_frac,vlm_eval_dead_frac,vlm_eval_z_abs_mean
pali,flickr30k,final_quarter,False,0,0.0,0,0,0,11,2.0,4096,0.0003,False,1.1,1024,512,1200,0.08766131103038788,0.08693029567912162,0.08845253073122876,0.14453125,0.143798828125,0.004638671875,0.00390625,0.03052167408168316,0.05713963508605957,0.8774954933336585,533.4878133090501,0.12068265676498413,0.19921840727329254,0.9951363185087779,0.986012507106417,0.9988906380023839,532.599609375,0.13002920150756836,0.85302734375,0.11482503265142441
pali,flickr30k,final_quarter,False,0,0.0,0,0,0,11,2.0,4096,0.0003,False,1.25,1024,512,1200,0.08766131103038788,0.08693029567912162,0.08845253073122876,0.14208984375,0.14306640625,0.004150390625,0.005126953125,0.03052167408168316,0.05713963508605957,0.8774954933336585,533.4878133090501,0.12068265676498413,0.19921840727329254,0.9951363185087779,0.986012507106417,0.9988906380023839,532.599609375,0.13002920150756836,0.85302734375,0.11482503265142441
pali,flickr30k,final_quarter,False,0,0.0,0,0,0,11,2.0,4096,0.0003,False,1.5,1024,512,1200,0.08766131103038788,0.08693029567912162,0.08845253073122876,0.12939453125,0.13720703125,0.003662109375,0.011474609375,0.03052167408168316,0.05713963508605957,0.8774954933336585,533.4878133090501,0.12068265676498413,0.19921840727329254,0.9951363185087779,0.986012507106417,0.9988906380023839,532.599609375,0.13002920150756836,0.85302734375,0.11482503265142441
pali,flickr30k,final_quarter,False,0,0.0,0,0,0,11,2.0,4096,0.0003,True,1.1,1024,512,1200,0.656693160533905,0.6522467933886219,0.6612157062074402,0.98779296875,0.993896484375,0.0,0.006103515625,0.24632865190505981,0.4103645086288452,0.06502153746042709,4037.047767827537,0.381448894739151,0.3247827887535095,0.9945628429357124,0.7940557589033306,0.9908186804671922,1904.9453125,0.4650745391845703,0.0,0.3341383635997772
pali,flickr30k,final_quarter,False,0,0.0,0,0,0,11,2.0,4096,0.0003,True,1.25,1024,512,1200,0.656693160533905,0.6522467933886219,0.6612157062074402,0.94189453125,0.970947265625,0.0,0.029052734375,0.24632865190505981,0.4103645086288452,0.06502153746042709,4037.047767827537,0.381448894739151,0.3247827887535095,0.9945628429357124,0.7940557589033306,0.9908186804671922,1904.9453125,0.4650745391845703,0.0,0.3341383635997772
pali,flickr30k,final_quarter,False,0,0.0,0,0,0,11,2.0,4096,0.0003,True,1.5,1024,512,1200,0.656693160533905,0.6522467933886219,0.6612157062074402,0.5595703125,0.77978515625,0.0,0.22021484375,0.24632865190505981,0.4103645086288452,0.06502153746042709,4037.047767827537,0.381448894739151,0.3247827887535095,0.9945628429357124,0.7940557589033306,0.9908186804671922,1904.9453125,0.4650745391845703,0.0,0.3341383635997772
pali,flickr30k,final_quarter,False,0,0.0,0,0,0,11,2.0,4096,0.001,False,1.1,1024,512,1200,0.08670651912689209,0.08599397797406709,0.08748203844261297,0.143798828125,0.142822265625,0.0048828125,0.00390625,0.03019152395427227,0.056515008211135864,0.877690391441103,531.1887440748633,0.11599379777908325,0.19247925281524658,0.9950509265018629,0.9859048335892344,0.9989646485280161,528.482421875,0.12902402877807617,0.853759765625,0.11009008437395096
pali,flickr30k,final_quarter,False,0,0.0,0,0,0,11,2.0,4096,0.001,False,1.25,1024,512,1200,0.08670651912689209,0.08599397797406709,0.08748203844261297,0.140869140625,0.141845703125,0.00439453125,0.00537109375,0.03019152395427227,0.056515008211135864,0.877690391441103,531.1887440748633,0.11599379777908325,0.19247925281524658,0.9950509265018629,0.9859048335892344,0.9989646485280161,528.482421875,0.12902402877807617,0.853759765625,0.11009008437395096
pali,flickr30k,final_quarter,False,0,0.0,0,0,0,11,2.0,4096,0.001,False,1.5,1024,512,1200,0.08670651912689209,0.08599397797406709,0.08748203844261297,0.131103515625,0.137451171875,0.00390625,0.01025390625,0.03019152395427227,0.056515008211135864,0.877690391441103,531.1887440748633,0.11599379777908325,0.19247925281524658,0.9950509265018629,0.9859048335892344,0.9989646485280161,528.482421875,0.12902402877807617,0.853759765625,0.11009008437395096
pali,flickr30k,final_quarter,False,0,0.0,0,0,0,11,2.0,4096,0.001,True,1.1,1024,512,1200,0.6471861004829407,0.6428276368998922,0.6515326891996664,0.990234375,0.994873046875,0.000244140625,0.0048828125,0.24320191144943237,0.4039841890335083,0.06567803900094721,4037.0827929889983,0.37388280034065247,0.3185086250305176,0.9938741765892266,0.7931893882573862,0.9904402416381901,1896.462890625,0.46300363540649414,0.0,0.32837679982185364
pali,flickr30k,final_quarter,False,0,0.0,0,0,0,11,2.0,4096,0.001,True,1.25,1024,512,1200,0.6471861004829407,0.6428276368998922,0.6515326891996664,0.94140625,0.970703125,0.0,0.029296875,0.24320191144943237,0.4039841890335083,0.06567803900094721,4037.0827929889983,0.37388280034065247,0.3185086250305176,0.9938741765892266,0.7931893882573862,0.9904402416381901,1896.462890625,0.46300363540649414,0.0,0.32837679982185364
pali,flickr30k,final_quarter,False,0,0.0,0,0,0,11,2.0,4096,0.001,True,1.5,1024,512,1200,0.6471861004829407,0.6428276368998922,0.6515326891996664,0.54248046875,0.771240234375,0.0,0.228759765625,0.24320191144943237,0.4039841890335083,0.06567803900094721,4037.0827929889983,0.37388280034065247,0.3185086250305176,0.9938741765892266,0.7931893882573862,0.9904402416381901,1896.462890625,0.46300363540649414,0.0,0.32837679982185364
pali,flickr30k,final_quarter,False,0,0.0,0,0,0,11,4.0,4096,0.0003,False,1.1,1024,512,1200,0.08766131103038788,0.08693029567912162,0.08845253073122876,0.14453125,0.143798828125,0.004638671875,0.00390625,0.03052167408168316,0.05713963508605957,0.8774954933336585,533.4878133090501,0.12068265676498413,0.19921840727329254,0.9951363185087779,0.986012507106417,0.9988906380023839,532.599609375,0.13002920150756836,0.85302734375,0.11482503265142441
pali,flickr30k,final_quarter,False,0,0.0,0,0,0,11,4.0,4096,0.0003,False,1.25,1024,512,1200,0.08766131103038788,0.08693029567912162,0.08845253073122876,0.14208984375,0.14306640625,0.004150390625,0.005126953125,0.03052167408168316,0.05713963508605957,0.8774954933336585,533.4878133090501,0.12068265676498413,0.19921840727329254,0.9951363185087779,0.986012507106417,0.9988906380023839,532.599609375,0.13002920150756836,0.85302734375,0.11482503265142441
pali,flickr30k,final_quarter,False,0,0.0,0,0,0,11,4.0,4096,0.0003,False,1.5,1024,512,1200,0.08766131103038788,0.08693029567912162,0.08845253073122876,0.12939453125,0.13720703125,0.003662109375,0.011474609375,0.03052167408168316,0.05713963508605957,0.8774954933336585,533.4878133090501,0.12068265676498413,0.19921840727329254,0.9951363185087779,0.986012507106417,0.9988906380023839,532.599609375,0.13002920150756836,0.85302734375,0.11482503265142441
pali,flickr30k,final_quarter,False,0,0.0,0,0,0,11,4.0,4096,0.0003,True,1.1,1024,512,1200,0.656693160533905,0.6522467933886219,0.6612157062074402,0.98779296875,0.993896484375,0.0,0.006103515625,0.24632865190505981,0.4103645086288452,0.06502153746042709,4037.047767827537,0.381448894739151,0.3247827887535095,0.9945628429357124,0.7940557589033306,0.9908186804671922,1904.9453125,0.4650745391845703,0.0,0.3341383635997772
pali,flickr30k,final_quarter,False,0,0.0,0,0,0,11,4.0,4096,0.0003,True,1.25,1024,512,1200,0.656693160533905,0.6522467933886219,0.6612157062074402,0.94189453125,0.970947265625,0.0,0.029052734375,0.24632865190505981,0.4103645086288452,0.06502153746042709,4037.047767827537,0.381448894739151,0.3247827887535095,0.9945628429357124,0.7940557589033306,0.9908186804671922,1904.9453125,0.4650745391845703,0.0,0.3341383635997772
pali,flickr30k,final_quarter,False,0,0.0,0,0,0,11,4.0,4096,0.0003,True,1.5,1024,512,1200,0.656693160533905,0.6522467933886219,0.6612157062074402,0.5595703125,0.77978515625,0.0,0.22021484375,0.24632865190505981,0.4103645086288452,0.06502153746042709,4037.047767827537,0.381448894739151,0.3247827887535095,0.9945628429357124,0.7940557589033306,0.9908186804671922,1904.9453125,0.4650745391845703,0.0,0.3341383635997772
pali,flickr30k,final_quarter,False,0,0.0,0,0,0,11,4.0,4096,0.001,False,1.1,1024,512,1200,0.08670651912689209,0.08599397797406709,0.08748203844261297,0.143798828125,0.142822265625,0.0048828125,0.00390625,0.03019152395427227,0.056515008211135864,0.877690391441103,531.1887440748633,0.11599379777908325,0.19247925281524658,0.9950509265018629,0.9859048335892344,0.9989646485280161,528.482421875,0.12902402877807617,0.853759765625,0.11009008437395096
pali,flickr30k,final_quarter,False,0,0.0,0,0,0,11,4.0,4096,0.001,False,1.25,1024,512,1200,0.08670651912689209,0.08599397797406709,0.08748203844261297,0.140869140625,0.141845703125,0.00439453125,0.00537109375,0.03019152395427227,0.056515008211135864,0.877690391441103,531.1887440748633,0.11599379777908325,0.19247925281524658,0.9950509265018629,0.9859048335892344,0.9989646485280161,528.482421875,0.12902402877807617,0.853759765625,0.11009008437395096
pali,flickr30k,final_quarter,False,0,0.0,0,0,0,11,4.0,4096,0.001,False,1.5,1024,512,1200,0.08670651912689209,0.08599397797406709,0.08748203844261297,0.131103515625,0.137451171875,0.00390625,0.01025390625,0.03019152395427227,0.056515008211135864,0.877690391441103,531.1887440748633,0.11599379777908325,0.19247925281524658,0.9950509265018629,0.9859048335892344,0.9989646485280161,528.482421875,0.12902402877807617,0.853759765625,0.11009008437395096
pali,flickr30k,final_quarter,False,0,0.0,0,0,0,11,4.0,4096,0.001,True,1.1,1024,512,1200,0.6471861004829407,0.6428276368998922,0.6515326891996664,0.990234375,0.994873046875,0.000244140625,0.0048828125,0.24320191144943237,0.4039841890335083,0.06567803900094721,4037.0827929889983,0.37388280034065247,0.3185086250305176,0.9938741765892266,0.7931893882573862,0.9904402416381901,1896.462890625,0.46300363540649414,0.0,0.32837679982185364
pali,flickr30k,final_quarter,False,0,0.0,0,0,0,11,4.0,4096,0.001,True,1.25,1024,512,1200,0.6471861004829407,0.6428276368998922,0.6515326891996664,0.94140625,0.970703125,0.0,0.029296875,0.24320191144943237,0.4039841890335083,0.06567803900094721,4037.0827929889983,0.37388280034065247,0.3185086250305176,0.9938741765892266,0.7931893882573862,0.9904402416381901,1896.462890625,0.46300363540649414,0.0,0.32837679982185364
pali,flickr30k,final_quarter,False,0,0.0,0,0,0,11,4.0,4096,0.001,True,1.5,1024,512,1200,0.6471861004829407,0.6428276368998922,0.6515326891996664,0.54248046875,0.771240234375,0.0,0.228759765625,0.24320191144943237,0.4039841890335083,0.06567803900094721,4037.0827929889983,0.37388280034065247,0.3185086250305176,0.9938741765892266,0.7931893882573862,0.9904402416381901,1896.462890625,0.46300363540649414,0.0,0.32837679982185364
pali,flickr30k,final_quarter,False,0,0.0,0,0,0,23,2.0,4096,0.0003,False,1.1,1024,512,1200,0.0910482332110405,0.09029728487948888,0.09195847499868251,0.149658203125,0.1455078125,0.00830078125,0.004150390625,0.03181930631399155,0.05922893434762955,0.8749267862643133,546.1052276376029,0.1253393590450287,0.19723524153232574,0.9951967879750674,0.9860355384037623,0.9988738939581308,544.076171875,0.13283109664916992,0.84765625,0.11949587613344193
pali,flickr30k,final_quarter,False,0,0.0,0,0,0,23,2.0,4096,0.0003,False,1.25,1024,512,1200,0.0910482332110405,0.09029728487948888,0.09195847499868251,0.144775390625,0.144287109375,0.007080078125,0.006591796875,0.03181930631399155,0.05922893434762955,0.8749267862643133,546.1052276376029,0.1253393590450287,0.19723524153232574,0.9951967879750674,0.9860355384037623,0.9988738939581308,544.076171875,0.13283109664916992,0.84765625,0.11949587613344193
pali,flickr30k,final_quarter,False,0,0.0,0,0,0,23,2.0,4096,0.0003,False,1.5,1024,512,1200,0.0910482332110405,0.09029728487948888,0.09195847499868251,0.127197265625,0.135498046875,0.007080078125,0.015380859375,0.03181930631399155,0.05922893434762955,0.8749267862643133,546.1052276376029,0.1253393590450287,0.19723524153232574,0.9951967879750674,0.9860355384037623,0.9988738939581308,544.076171875,0.13283109664916992,0.84765625,0.11949587613344193
pali,flickr30k,final_quarter,False,0,0.0,0,0,0,23,2.0,4096,0.0003,True,1.1,1024,512,1200,0.6607296466827393,0.6564763387374114,0.6656888979050564,0.9931640625,0.996337890625,0.000244140625,0.00341796875,0.24677163362503052,0.41395804286003113,0.06483023090332446,4038.5943838714747,0.3737711012363434,0.3254161477088928,0.9933615439598529,0.7933026461854411,0.9893588033053993,1910.6015625,0.46645545959472656,0.0,0.33755531907081604
pali,flickr30k,final_quarter,False,0,0.0,0,0,0,23,2.0,4096,0.0003,True,1.25,1024,512,1200,0.6607296466827393,0.6564763387374114,0.6656888979050564,0.95166015625,0.975830078125,0.0,0.024169921875,0.24677163362503052,0.41395804286003113,0.06483023090332446,4038.5943838714747,0.3737711012363434,0.3254161477088928,0.9933615439598529,0.7933026461854411,0.9893588033053993,1910.6015625,0.46645545959472656,0.0,0.33755531907081604
pali,flickr30k,final_quarter,False,0,0.0,0,0,0,23,2.0,4096,0.0003,True,1.5,1024,512,1200,0.6607296466827393,0.6564763387374114,0.6656888979050564,0.5849609375,0.79248046875,0.0,0.20751953125,0.24677163362503052,0.41395804286003113,0.06483023090332446,4038.5943838714747,0.3737711012363434,0.3254161477088928,0.9933615439598529,0.7933026461854411,0.9893588033053993,1910.6015625,0.46645545959472656,0.0,0.33755531907081604
pali,flickr30k,final_quarter,False,0,0.0,0,0,0,23,2.0,4096,0.001,False,1.1,1024,512,1200,0.0899711549282074,0.08924077771189332,0.09087406901307986,0.149169921875,0.14599609375,0.00732421875,0.004150390625,0.0314045287668705,0.0585666261613369,0.8749119460524999,545.3017627193085,0.11967252939939499,0.19046814739704132,0.9950627276940892,0.9858879671147419,0.9986935528226926,542.60546875,0.13247203826904297,0.848388671875,0.11453299224376678
pali,flickr30k,final_quarter,False,0,0.0,0,0,0,23,2.0,4096,0.001,False,1.25,1024,512,1200,0.0899711549282074,0.08924077771189332,0.09087406901307986,0.144287109375,0.144287109375,0.006591796875,0.006591796875,0.0314045287668705,0.0585666261613369,0.8749119460524999,545.3017627193085,0.11967252939939499,0.19046814739704132,0.9950627276940892,0.9858879671147419,0.9986935528226926,542.60546875,0.13247203826904297,0.848388671875,0.11453299224376678
pali,flickr30k,final_quarter,False,0,0.0,0,0,0,23,2.0,4096,0.001,False,1.5,1024,512,1200,0.0899711549282074,0.08924077771189332,0.09087406901307986,0.126220703125,0.13525390625,0.006591796875,0.015625,0.0314045287668705,0.0585666261613369,0.8749119460524999,545.3017627193085,0.11967252939939499,0.19046814739704132,0.9950627276940892,0.9858879671147419,0.9986935528226926,542.60546875,0.13247203826904297,0.848388671875,0.11453299224376678
pali,flickr30k,final_quarter,False,0,0.0,0,0,0,23,2.0,4096,0.001,True,1.1,1024,512,1200,0.6521778702735901,0.6480198049976025,0.6568797402142081,0.9921875,0.995849609375,0.000244140625,0.00390625,0.2441091537475586,0.4080687463283539,0.06520930012547144,4038.7107762740065,0.3665594756603241,0.3249412178993225,0.9933661019071397,0.7932491074377288,0.9862935534715509,1904.771484375,0.46503210067749023,0.0,0.3325667083263397
pali,flickr30k,final_quarter,False,0,0.0,0,0,0,23,2.0,4096,0.001,True,1.25,1024,512,1200,0.6521778702735901,0.6480198049976025,0.6568797402142081,0.95263671875,0.976318359375,0.0,0.023681640625,0.2441091537475586,0.4080687463283539,0.06520930012547144,4038.7107762740065,0.3665594756603241,0.3249412178993225,0.9933661019071397,0.7932491074377288,0.9862935534715509,1904.771484375,0.46503210067749023,0.0,0.3325667083263397
pali,flickr30k,final_quarter,False,0,0.0,0,0,0,23,2.0,4096,0.001,True,1.5,1024,512,1200,0.6521778702735901,0.6480198049976025,0.6568797402142081,0.5537109375,0.77685546875,0.0,0.22314453125,0.2441091537475586,0.4080687463283539,0.06520930012547144,4038.7107762740065,0.3665594756603241,0.3249412178993225,0.9933661019071397,0.7932491074377288,0.9862935534715509,1904.771484375,0.46503210067749023,0.0,0.3325667083263397
pali,flickr30k,final_quarter,False,0,0.0,0,0,0,23,4.0,4096,0.0003,False,1.1,1024,512,1200,0.0910482332110405,0.09029728487948888,0.09195847499868251,0.149658203125,0.1455078125,0.00830078125,0.004150390625,0.03181930631399155,0.05922893434762955,0.8749267862643133,546.1052276376029,0.1253393590450287,0.19723524153232574,0.9951967879750674,0.9860355384037623,0.9988738939581308,544.076171875,0.13283109664916992,0.84765625,0.11949587613344193
pali,flickr30k,final_quarter,False,0,0.0,0,0,0,23,4.0,4096,0.0003,False,1.25,1024,512,1200,0.0910482332110405,0.09029728487948888,0.09195847499868251,0.144775390625,0.144287109375,0.007080078125,0.006591796875,0.03181930631399155,0.05922893434762955,0.8749267862643133,546.1052276376029,0.1253393590450287,0.19723524153232574,0.9951967879750674,0.9860355384037623,0.9988738939581308,544.076171875,0.13283109664916992,0.84765625,0.11949587613344193
pali,flickr30k,final_quarter,False,0,0.0,0,0,0,23,4.0,4096,0.0003,False,1.5,1024,512,1200,0.0910482332110405,0.09029728487948888,0.09195847499868251,0.127197265625,0.135498046875,0.007080078125,0.015380859375,0.03181930631399155,0.05922893434762955,0.8749267862643133,546.1052276376029,0.1253393590450287,0.19723524153232574,0.9951967879750674,0.9860355384037623,0.9988738939581308,544.076171875,0.13283109664916992,0.84765625,0.11949587613344193
pali,flickr30k,final_quarter,False,0,0.0,0,0,0,23,4.0,4096,0.0003,True,1.1,1024,512,1200,0.6607296466827393,0.6564763387374114,0.6656888979050564,0.9931640625,0.996337890625,0.000244140625,0.00341796875,0.24677163362503052,0.41395804286003113,0.06483023090332446,4038.5943838714747,0.3737711012363434,0.3254161477088928,0.9933615439598529,0.7933026461854411,0.9893588033053993,1910.6015625,0.46645545959472656,0.0,0.33755531907081604
pali,flickr30k,final_quarter,False,0,0.0,0,0,0,23,4.0,4096,0.0003,True,1.25,1024,512,1200,0.6607296466827393,0.6564763387374114,0.6656888979050564,0.95166015625,0.975830078125,0.0,0.024169921875,0.24677163362503052,0.41395804286003113,0.06483023090332446,4038.5943838714747,0.3737711012363434,0.3254161477088928,0.9933615439598529,0.7933026461854411,0.9893588033053993,1910.6015625,0.46645545959472656,0.0,0.33755531907081604
pali,flickr30k,final_quarter,False,0,0.0,0,0,0,23,4.0,4096,0.0003,True,1.5,1024,512,1200,0.6607296466827393,0.6564763387374114,0.6656888979050564,0.5849609375,0.79248046875,0.0,0.20751953125,0.24677163362503052,0.41395804286003113,0.06483023090332446,4038.5943838714747,0.3737711012363434,0.3254161477088928,0.9933615439598529,0.7933026461854411,0.9893588033053993,1910.6015625,0.46645545959472656,0.0,0.33755531907081604
pali,flickr30k,final_quarter,False,0,0.0,0,0,0,23,4.0,4096,0.001,False,1.1,1024,512,1200,0.0899711549282074,0.08924077771189332,0.09087406901307986,0.149169921875,0.14599609375,0.00732421875,0.004150390625,0.0314045287668705,0.0585666261613369,0.8749119460524999,545.3017627193085,0.11967252939939499,0.19046814739704132,0.9950627276940892,0.9858879671147419,0.9986935528226926,542.60546875,0.13247203826904297,0.848388671875,0.11453299224376678
pali,flickr30k,final_quarter,False,0,0.0,0,0,0,23,4.0,4096,0.001,False,1.25,1024,512,1200,0.0899711549282074,0.08924077771189332,0.09087406901307986,0.144287109375,0.144287109375,0.006591796875,0.006591796875,0.0314045287668705,0.0585666261613369,0.8749119460524999,545.3017627193085,0.11967252939939499,0.19046814739704132,0.9950627276940892,0.9858879671147419,0.9986935528226926,542.60546875,0.13247203826904297,0.848388671875,0.11453299224376678
pali,flickr30k,final_quarter,False,0,0.0,0,0,0,23,4.0,4096,0.001,False,1.5,1024,512,1200,0.0899711549282074,0.08924077771189332,0.09087406901307986,0.126220703125,0.13525390625,0.006591796875,0.015625,0.0314045287668705,0.0585666261613369,0.8749119460524999,545.3017627193085,0.11967252939939499,0.19046814739704132,0.9950627276940892,0.9858879671147419,0.9986935528226926,542.60546875,0.13247203826904297,0.848388671875,0.11453299224376678
pali,flickr30k,final_quarter,False,0,0.0,0,0,0,23,4.0,4096,0.001,True,1.1,1024,512,1200,0.6521778702735901,0.6480198049976025,0.6568797402142081,0.9921875,0.995849609375,0.000244140625,0.00390625,0.2441091537475586,0.4080687463283539,0.06520930012547144,4038.7107762740065,0.3665594756603241,0.3249412178993225,0.9933661019071397,0.7932491074377288,0.9862935534715509,1904.771484375,0.46503210067749023,0.0,0.3325667083263397
pali,flickr30k,final_quarter,False,0,0.0,0,0,0,23,4.0,4096,0.001,True,1.25,1024,512,1200,0.6521778702735901,0.6480198049976025,0.6568797402142081,0.95263671875,0.976318359375,0.0,0.023681640625,0.2441091537475586,0.4080687463283539,0.06520930012547144,4038.7107762740065,0.3665594756603241,0.3249412178993225,0.9933661019071397,0.7932491074377288,0.9862935534715509,1904.771484375,0.46503210067749023,0.0,0.3325667083263397
pali,flickr30k,final_quarter,False,0,0.0,0,0,0,23,4.0,4096,0.001,True,1.5,1024,512,1200,0.6521778702735901,0.6480198049976025,0.6568797402142081,0.5537109375,0.77685546875,0.0,0.22314453125,0.2441091537475586,0.4080687463283539,0.06520930012547144,4038.7107762740065,0.3665594756603241,0.3249412178993225,0.9933661019071397,0.7932491074377288,0.9862935534715509,1904.771484375,0.46503210067749023,0.0,0.3325667083263397
pali,flickr30k,final_quarter,False,0,0.0,0,0,0,37,2.0,4096,0.0003,False,1.1,1024,512,1200,0.08626064658164978,0.08554507114968146,0.08703796192348819,0.140380859375,0.139404296875,0.0048828125,0.00390625,0.029904086142778397,0.05635656416416168,0.882454009135743,512.4249498468323,0.1201849952340126,0.19969327747821808,0.9949026550061976,0.9857591296746938,0.9989659453517914,513.9375,0.1254730224609375,0.859375,0.11452814191579819
pali,flickr30k,final_quarter,False,0,0.0,0,0,0,37,2.0,4096,0.0003,False,1.25,1024,512,1200,0.08626064658164978,0.08554507114968146,0.08703796192348819,0.139404296875,0.138916015625,0.0048828125,0.00439453125,0.029904086142778397,0.05635656416416168,0.882454009135743,512.4249498468323,0.1201849952340126,0.19969327747821808,0.9949026550061976,0.9857591296746938,0.9989659453517914,513.9375,0.1254730224609375,0.859375,0.11452814191579819
pali,flickr30k,final_quarter,False,0,0.0,0,0,0,37,2.0,4096,0.0003,False,1.5,1024,512,1200,0.08626064658164978,0.08554507114968146,0.08703796192348819,0.124267578125,0.13232421875,0.00390625,0.011962890625,0.029904086142778397,0.05635656416416168,0.882454009135743,512.4249498468323,0.1201849952340126,0.19969327747821808,0.9949026550061976,0.9857591296746938,0.9989659453517914,513.9375,0.1254730224609375,0.859375,0.11452814191579819
pali,flickr30k,final_quarter,False,0,0.0,0,0,0,37,2.0,4096,0.0003,True,1.1,1024,512,1200,0.6545065641403198,0.6502859648549929,0.6589983218233101,0.99365234375,0.996337890625,0.00048828125,0.003173828125,0.24544833600521088,0.40905824303627014,0.06525246102822392,4037.9853585705646,0.3625025749206543,0.32915422320365906,0.9952750035726009,0.7939003930277194,0.9921341312812445,1907.564453125,0.4657139778137207,0.0,0.3336113393306732
pali,flickr30k,final_quarter,False,0,0.0,0,0,0,37,2.0,4096,0.0003,True,1.25,1024,512,1200,0.6545065641403198,0.6502859648549929,0.6589983218233101,0.94775390625,0.973876953125,0.0,0.026123046875,0.24544833600521088,0.40905824303627014,0.06525246102822392,4037.9853585705646,0.3625025749206543,0.32915422320365906,0.9952750035726009,0.7939003930277194,0.9921341312812445,1907.564453125,0.4657139778137207,0.0,0.3336113393306732
pali,flickr30k,final_quarter,False,0,0.0,0,0,0,37,2.0,4096,0.0003,True,1.5,1024,512,1200,0.6545065641403198,0.6502859648549929,0.6589983218233101,0.55859375,0.779296875,0.0,0.220703125,0.24544833600521088,0.40905824303627014,0.06525246102822392,4037.9853585705646,0.3625025749206543,0.32915422320365906,0.9952750035726009,0.7939003930277194,0.9921341312812445,1907.564453125,0.4657139778137207,0.0,0.3336113393306732
pali,flickr30k,final_quarter,False,0,0.0,0,0,0,37,2.0,4096,0.001,False,1.1,1024,512,1200,0.08538421988487244,0.08467293865942338,0.08615209110575961,0.140625,0.13916015625,0.005126953125,0.003662109375,0.029607396572828293,0.055776819586753845,0.8828259307058214,509.0500222700814,0.11628478020429611,0.19283650815486908,0.9949152500516459,0.9857398579970006,0.999108404445143,510.939453125,0.1247410774230957,0.859619140625,0.11027470976114273
pali,flickr30k,final_quarter,False,0,0.0,0,0,0,37,2.0,4096,0.001,False,1.25,1024,512,1200,0.08538421988487244,0.08467293865942338,0.08615209110575961,0.1396484375,0.138916015625,0.0048828125,0.004150390625,0.029607396572828293,0.055776819586753845,0.8828259307058214,509.0500222700814,0.11628478020429611,0.19283650815486908,0.9949152500516459,0.9857398579970006,0.999108404445143,510.939453125,0.1247410774230957,0.859619140625,0.11027470976114273
pali,flickr30k,final_quarter,False,0,0.0,0,0,0,37,2.0,4096,0.001,False,1.5,1024,512,1200,0.08538421988487244,0.08467293865942338,0.08615209110575961,0.12451171875,0.13232421875,0.00390625,0.01171875,0.029607396572828293,0.055776819586753845,0.8828259307058214,509.0500222700814,0.11628478020429611,0.19283650815486908,0.9949152500516459,0.9857398579970006,0.999108404445143,510.939453125,0.1247410774230957,0.859619140625,0.11027470976114273
pali,flickr30k,final_quarter,False,0,0.0,0,0,0,37,2.0,4096,0.001,True,1.1,1024,512,1200,0.6467357277870178,0.6424873526848387,0.6511490506905829,0.99365234375,0.99658203125,0.000244140625,0.003173828125,0.24284321069717407,0.40389251708984375,0.06622163835565839,4035.731174217332,0.3591485619544983,0.3248744308948517,0.9945618510652873,0.7932019441362977,0.9928282911020417,1900.646484375,0.46402502059936523,0.0,0.32883355021476746
pali,flickr30k,final_quarter,False,0,0.0,0,0,0,37,2.0,4096,0.001,True,1.25,1024,512,1200,0.6467357277870178,0.6424873526848387,0.6511490506905829,0.94580078125,0.972900390625,0.0,0.027099609375,0.24284321069717407,0.40389251708984375,0.06622163835565839,4035.731174217332,0.3591485619544983,0.3248744308948517,0.9945618510652873,0.7932019441362977,0.9928282911020417,1900.646484375,0.46402502059936523,0.0,0.32883355021476746
pali,flickr30k,final_quarter,False,0,0.0,0,0,0,37,2.0,4096,0.001,True,1.5,1024,512,1200,0.6467357277870178,0.6424873526848387,0.6511490506905829,0.5546875,0.77734375,0.0,0.22265625,0.24284321069717407,0.40389251708984375,0.06622163835565839,4035.731174217332,0.3591485619544983,0.3248744308948517,0.9945618510652873,0.7932019441362977,0.9928282911020417,1900.646484375,0.46402502059936523,0.0,0.32883355021476746
pali,flickr30k,final_quarter,False,0,0.0,0,0,0,37,4.0,4096,0.0003,False,1.1,1024,512,1200,0.08626064658164978,0.08554507114968146,0.08703796192348819,0.140380859375,0.139404296875,0.0048828125,0.00390625,0.029904086142778397,0.05635656416416168,0.882454009135743,512.4249498468323,0.1201849952340126,0.19969327747821808,0.9949026550061976,0.9857591296746938,0.9989659453517914,513.9375,0.1254730224609375,0.859375,0.11452814191579819
pali,flickr30k,final_quarter,False,0,0.0,0,0,0,37,4.0,4096,0.0003,False,1.25,1024,512,1200,0.08626064658164978,0.08554507114968146,0.08703796192348819,0.139404296875,0.138916015625,0.0048828125,0.00439453125,0.029904086142778397,0.05635656416416168,0.882454009135743,512.4249498468323,0.1201849952340126,0.19969327747821808,0.9949026550061976,0.9857591296746938,0.9989659453517914,513.9375,0.1254730224609375,0.859375,0.11452814191579819
pali,flickr30k,final_quarter,False,0,0.0,0,0,0,37,4.0,4096,0.0003,False,1.5,1024,512,1200,0.08626064658164978,0.08554507114968146,0.08703796192348819,0.124267578125,0.13232421875,0.00390625,0.011962890625,0.029904086142778397,0.05635656416416168,0.882454009135743,512.4249498468323,0.1201849952340126,0.19969327747821808,0.9949026550061976,0.9857591296746938,0.9989659453517914,513.9375,0.1254730224609375,0.859375,0.11452814191579819
pali,flickr30k,final_quarter,False,0,0.0,0,0,0,37,4.0,4096,0.0003,True,1.1,1024,512,1200,0.6545065641403198,0.6502859648549929,0.6589983218233101,0.99365234375,0.996337890625,0.00048828125,0.003173828125,0.24544833600521088,0.40905824303627014,0.06525246102822392,4037.9853585705646,0.3625025749206543,0.32915422320365906,0.9952750035726009,0.7939003930277194,0.9921341312812445,1907.564453125,0.4657139778137207,0.0,0.3336113393306732
pali,flickr30k,final_quarter,False,0,0.0,0,0,0,37,4.0,4096,0.0003,True,1.25,1024,512,1200,0.6545065641403198,0.6502859648549929,0.6589983218233101,0.94775390625,0.973876953125,0.0,0.026123046875,0.24544833600521088,0.40905824303627014,0.06525246102822392,4037.9853585705646,0.3625025749206543,0.32915422320365906,0.9952750035726009,0.7939003930277194,0.9921341312812445,1907.564453125,0.4657139778137207,0.0,0.3336113393306732
pali,flickr30k,final_quarter,False,0,0.0,0,0,0,37,4.0,4096,0.0003,True,1.5,1024,512,1200,0.6545065641403198,0.6502859648549929,0.6589983218233101,0.55859375,0.779296875,0.0,0.220703125,0.24544833600521088,0.40905824303627014,0.06525246102822392,4037.9853585705646,0.3625025749206543,0.32915422320365906,0.9952750035726009,0.7939003930277194,0.9921341312812445,1907.564453125,0.4657139778137207,0.0,0.3336113393306732
pali,flickr30k,final_quarter,False,0,0.0,0,0,0,37,4.0,4096,0.001,False,1.1,1024,512,1200,0.08538421988487244,0.08467293865942338,0.08615209110575961,0.140625,0.13916015625,0.005126953125,0.003662109375,0.029607396572828293,0.055776819586753845,0.8828259307058214,509.0500222700814,0.11628478020429611,0.19283650815486908,0.9949152500516459,0.9857398579970006,0.999108404445143,510.939453125,0.1247410774230957,0.859619140625,0.11027470976114273
pali,flickr30k,final_quarter,False,0,0.0,0,0,0,37,4.0,4096,0.001,False,1.25,1024,512,1200,0.08538421988487244,0.08467293865942338,0.08615209110575961,0.1396484375,0.138916015625,0.0048828125,0.004150390625,0.029607396572828293,0.055776819586753845,0.8828259307058214,509.0500222700814,0.11628478020429611,0.19283650815486908,0.9949152500516459,0.9857398579970006,0.999108404445143,510.939453125,0.1247410774230957,0.859619140625,0.11027470976114273
pali,flickr30k,final_quarter,False,0,0.0,0,0,0,37,4.0,4096,0.001,False,1.5,1024,512,1200,0.08538421988487244,0.08467293865942338,0.08615209110575961,0.12451171875,0.13232421875,0.00390625,0.01171875,0.029607396572828293,0.055776819586753845,0.8828259307058214,509.0500222700814,0.11628478020429611,0.19283650815486908,0.9949152500516459,0.9857398579970006,0.999108404445143,510.939453125,0.1247410774230957,0.859619140625,0.11027470976114273
pali,flickr30k,final_quarter,False,0,0.0,0,0,0,37,4.0,4096,0.001,True,1.1,1024,512,1200,0.6467357277870178,0.6424873526848387,0.6511490506905829,0.99365234375,0.99658203125,0.000244140625,0.003173828125,0.24284321069717407,0.40389251708984375,0.06622163835565839,4035.731174217332,0.3591485619544983,0.3248744308948517,0.9945618510652873,0.7932019441362977,0.9928282911020417,1900.646484375,0.46402502059936523,0.0,0.32883355021476746
pali,flickr30k,final_quarter,False,0,0.0,0,0,0,37,4.0,4096,0.001,True,1.25,1024,512,1200,0.6467357277870178,0.6424873526848387,0.6511490506905829,0.94580078125,0.972900390625,0.0,0.027099609375,0.24284321069717407,0.40389251708984375,0.06622163835565839,4035.731174217332,0.3591485619544983,0.3248744308948517,0.9945618510652873,0.7932019441362977,0.9928282911020417,1900.646484375,0.46402502059936523,0.0,0.32883355021476746
pali,flickr30k,final_quarter,False,0,0.0,0,0,0,37,4.0,4096,0.001,True,1.5,1024,512,1200,0.6467357277870178,0.6424873526848387,0.6511490506905829,0.5546875,0.77734375,0.0,0.22265625,0.24284321069717407,0.40389251708984375,0.06622163835565839,4035.731174217332,0.3591485619544983,0.3248744308948517,0.9945618510652873,0.7932019441362977,0.9928282911020417,1900.646484375,0.46402502059936523,0.0,0.32883355021476746
pali,flickr30k,final_quarter,False,1,0.14285714285714285,4,4,4,11,2.0,4096,0.0003,False,1.1,1024,512,1200,0.11547215282917023,0.11446221024780243,0.11652111639305077,0.1279296875,0.146240234375,0.007080078125,0.025390625,0.05007319524884224,0.06539895385503769,0.866593681870949,587.7381413839461,0.14969487488269806,0.26281946897506714,0.9960323423572166,0.9871441573928247,0.9967497064744596,604.546875,0.14759445190429688,0.826171875,0.15869666635990143
pali,flickr30k,final_quarter,False,1,0.14285714285714285,4,4,4,11,2.0,4096,0.0003,False,1.25,1024,512,1200,0.11547215282917023,0.11446221024780243,0.11652111639305077,0.05029296875,0.11083984375,0.003662109375,0.064208984375,0.05007319524884224,0.06539895385503769,0.866593681870949,587.7381413839461,0.14969487488269806,0.26281946897506714,0.9960323423572166,0.9871441573928247,0.9967497064744596,604.546875,0.14759445190429688,0.826171875,0.15869666635990143
pali,flickr30k,final_quarter,False,1,0.14285714285714285,4,4,4,11,2.0,4096,0.0003,False,1.5,1024,512,1200,0.11547215282917023,0.11446221024780243,0.11652111639305077,-0.0986328125,0.037109375,0.0029296875,0.138671875,0.05007319524884224,0.06539895385503769,0.866593681870949,587.7381413839461,0.14969487488269806,0.26281946897506714,0.9960323423572166,0.9871441573928247,0.9967497064744596,604.546875,0.14759445190429688,0.826171875,0.15869666635990143
pali,flickr30k,final_quarter,False,1,0.14285714285714285,4,4,4,11,2.0,4096,0.0003,True,1.1,1024,512,1200,0.6501158475875854,0.6454300872865133,0.6552262433280702,0.794921875,0.8798828125,0.017578125,0.1025390625,0.2826801836490631,0.3674357235431671,0.06602275891218895,4038.315538375307,0.38102054595947266,0.33054453134536743,0.9912414609862733,0.7611595347959461,0.9958561397284421,1891.494140625,0.4617905616760254,0.0,0.33174610137939453
pali,flickr30k,final_quarter,False,1,0.14285714285714285,4,4,4,11,2.0,4096,0.0003,True,1.25,1024,512,1200,0.6501158475875854,0.6454300872865133,0.6552262433280702,0.28759765625,0.639892578125,0.00390625,0.356201171875,0.2826801836490631,0.3674357235431671,0.06602275891218895,4038.315538375307,0.38102054595947266,0.33054453134536743,0.9912414609862733,0.7611595347959461,0.9958561397284421,1891.494140625,0.4617905616760254,0.0,0.33174610137939453
pali,flickr30k,final_quarter,False,1,0.14285714285714285,4,4,4,11,2.0,4096,0.0003,True,1.5,1024,512,1200,0.6501158475875854,0.6454300872865133,0.6552262433280702,-0.69384765625,0.152587890625,0.00048828125,0.846923828125,0.2826801836490631,0.3674357235431671,0.06602275891218895,4038.315538375307,0.38102054595947266,0.33054453134536743,0.9912414609862733,0.7611595347959461,0.9958561397284421,1891.494140625,0.4617905616760254,0.0,0.33174610137939453
pali,flickr30k,final_quarter,False,1,0.14285714285714285,4,4,4,11,2.0,4096,0.001,False,1.1,1024,512,1200,0.11407946050167084,0.11310268159286352,0.11508723150691366,0.130615234375,0.14892578125,0.005615234375,0.02392578125,0.0492434948682785,0.06483596563339233,0.8660562074815603,588.4532398213214,0.14431747794151306,0.25944074988365173,0.9960611680346582,0.9871412825883248,0.9967685046579757,602.0390625,0.14698219299316406,0.82666015625,0.1529155969619751
pali,flickr30k,final_quarter,False,1,0.14285714285714285,4,4,4,11,2.0,4096,0.001,False,1.25,1024,512,1200,0.11407946050167084,0.11310268159286352,0.11508723150691366,0.057373046875,0.1142578125,0.003662109375,0.060546875,0.0492434948682785,0.06483596563339233,0.8660562074815603,588.4532398213214,0.14431747794151306,0.25944074988365173,0.9960611680346582,0.9871412825883248,0.9967685046579757,602.0390625,0.14698219299316406,0.82666015625,0.1529155969619751
pali,flickr30k,final_quarter,False,1,0.14285714285714285,4,4,4,11,2.0,4096,0.001,False,1.5,1024,512,1200,0.11407946050167084,0.11310268159286352,0.11508723150691366,-0.093017578125,0.039306640625,0.00341796875,0.1357421875,0.0492434948682785,0.06483596563339233,0.8660562074815603,588.4532398213214,0.14431747794151306,0.25944074988365173,0.9960611680346582,0.9871412825883248,0.9967685046579757,602.0390625,0.14698219299316406,0.82666015625,0.1529155969619751
pali,flickr30k,final_quarter,False,1,0.14285714285714285,4,4,4,11,2.0,4096,0.001,True,1.1,1024,512,1200,0.6432238817214966,0.6385304234630894,0.6483788254554383,0.78466796875,0.874267578125,0.01806640625,0.107666015625,0.2805101275444031,0.36271369457244873,0.0670057162378371,4036.3280447729067,0.3756352961063385,0.3244861364364624,0.991247507195855,0.761574589353025,0.9977698453235048,1886.396484375,0.46054601669311523,0.0,0.3276262879371643
pali,flickr30k,final_quarter,False,1,0.14285714285714285,4,4,4,11,2.0,4096,0.001,True,1.25,1024,512,1200,0.6432238817214966,0.6385304234630894,0.6483788254554383,0.27197265625,0.630126953125,0.005859375,0.364013671875,0.2805101275444031,0.36271369457244873,0.0670057162378371,4036.3280447729067,0.3756352961063385,0.3244861364364624,0.991247507195855,0.761574589353025,0.9977698453235048,1886.396484375,0.46054601669311523,0.0,0.3276262879371643
pali,flickr30k,final_quarter,False,1,0.14285714285714285,4,4,4,11,2.0,4096,0.001,True,1.5,1024,512,1200,0.6432238817214966,0.6385304234630894,0.6483788254554383,-0.7109375,0.14404296875,0.00048828125,0.85546875,0.2805101275444031,0.36271369457244873,0.0670057162378371,4036.3280447729067,0.3756352961063385,0.3244861364364624,0.991247507195855,0.761574589353025,0.9977698453235048,1886.396484375,0.46054601669311523,0.0,0.3276262879371643
pali,flickr30k,final_quarter,False,1,0.14285714285714285,4,4,4,11,4.0,4096,0.0003,False,1.1,1024,512,1200,0.11547215282917023,0.11446221024780243,0.11652111639305077,0.1279296875,0.146240234375,0.007080078125,0.025390625,0.05007319524884224,0.06539895385503769,0.866593681870949,587.7381413839461,0.14969487488269806,0.26281946897506714,0.9960323423572166,0.9871441573928247,0.9967497064744596,604.546875,0.14759445190429688,0.826171875,0.15869666635990143
pali,flickr30k,final_quarter,False,1,0.14285714285714285,4,4,4,11,4.0,4096,0.0003,False,1.25,1024,512,1200,0.11547215282917023,0.11446221024780243,0.11652111639305077,0.05029296875,0.11083984375,0.003662109375,0.064208984375,0.05007319524884224,0.06539895385503769,0.866593681870949,587.7381413839461,0.14969487488269806,0.26281946897506714,0.9960323423572166,0.9871441573928247,0.9967497064744596,604.546875,0.14759445190429688,0.826171875,0.15869666635990143
pali,flickr30k,final_quarter,False,1,0.14285714285714285,4,4,4,11,4.0,4096,0.0003,False,1.5,1024,512,1200,0.11547215282917023,0.11446221024780243,0.11652111639305077,-0.0986328125,0.037109375,0.0029296875,0.138671875,0.05007319524884224,0.06539895385503769,0.866593681870949,587.7381413839461,0.14969487488269806,0.26281946897506714,0.9960323423572166,0.9871441573928247,0.9967497064744596,604.546875,0.14759445190429688,0.826171875,0.15869666635990143
pali,flickr30k,final_quarter,False,1,0.14285714285714285,4,4,4,11,4.0,4096,0.0003,True,1.1,1024,512,1200,0.6501158475875854,0.6454300872865133,0.6552262433280702,0.794921875,0.8798828125,0.017578125,0.1025390625,0.2826801836490631,0.3674357235431671,0.06602275891218895,4038.315538375307,0.38102054595947266,0.33054453134536743,0.9912414609862733,0.7611595347959461,0.9958561397284421,1891.494140625,0.4617905616760254,0.0,0.33174610137939453
pali,flickr30k,final_quarter,False,1,0.14285714285714285,4,4,4,11,4.0,4096,0.0003,True,1.25,1024,512,1200,0.6501158475875854,0.6454300872865133,0.6552262433280702,0.28759765625,0.639892578125,0.00390625,0.356201171875,0.2826801836490631,0.3674357235431671,0.06602275891218895,4038.315538375307,0.38102054595947266,0.33054453134536743,0.9912414609862733,0.7611595347959461,0.9958561397284421,1891.494140625,0.4617905616760254,0.0,0.33174610137939453
pali,flickr30k,final_quarter,False,1,0.14285714285714285,4,4,4,11,4.0,4096,0.0003,True,1.5,1024,512,1200,0.6501158475875854,0.6454300872865133,0.6552262433280702,-0.69384765625,0.152587890625,0.00048828125,0.846923828125,0.2826801836490631,0.3674357235431671,0.06602275891218895,4038.315538375307,0.38102054595947266,0.33054453134536743,0.9912414609862733,0.7611595347959461,0.9958561397284421,1891.494140625,0.4617905616760254,0.0,0.33174610137939453
pali,flickr30k,final_quarter,False,1,0.14285714285714285,4,4,4,11,4.0,4096,0.001,False,1.1,1024,512,1200,0.11407946050167084,0.11310268159286352,0.11508723150691366,0.130615234375,0.14892578125,0.005615234375,0.02392578125,0.0492434948682785,0.06483596563339233,0.8660562074815603,588.4532398213214,0.14431747794151306,0.25944074988365173,0.9960611680346582,0.9871412825883248,0.9967685046579757,602.0390625,0.14698219299316406,0.82666015625,0.1529155969619751
pali,flickr30k,final_quarter,False,1,0.14285714285714285,4,4,4,11,4.0,4096,0.001,False,1.25,1024,512,1200,0.11407946050167084,0.11310268159286352,0.11508723150691366,0.057373046875,0.1142578125,0.003662109375,0.060546875,0.0492434948682785,0.06483596563339233,0.8660562074815603,588.4532398213214,0.14431747794151306,0.25944074988365173,0.9960611680346582,0.9871412825883248,0.9967685046579757,602.0390625,0.14698219299316406,0.82666015625,0.1529155969619751
pali,flickr30k,final_quarter,False,1,0.14285714285714285,4,4,4,11,4.0,4096,0.001,False,1.5,1024,512,1200,0.11407946050167084,0.11310268159286352,0.11508723150691366,-0.093017578125,0.039306640625,0.00341796875,0.1357421875,0.0492434948682785,0.06483596563339233,0.8660562074815603,588.4532398213214,0.14431747794151306,0.25944074988365173,0.9960611680346582,0.9871412825883248,0.9967685046579757,602.0390625,0.14698219299316406,0.82666015625,0.1529155969619751
pali,flickr30k,final_quarter,False,1,0.14285714285714285,4,4,4,11,4.0,4096,0.001,True,1.1,1024,512,1200,0.6432238817214966,0.6385304234630894,0.6483788254554383,0.78466796875,0.874267578125,0.01806640625,0.107666015625,0.2805101275444031,0.36271369457244873,0.0670057162378371,4036.3280447729067,0.3756352961063385,0.3244861364364624,0.991247507195855,0.761574589353025,0.9977698453235048,1886.396484375,0.46054601669311523,0.0,0.3276262879371643
pali,flickr30k,final_quarter,False,1,0.14285714285714285,4,4,4,11,4.0,4096,0.001,True,1.25,1024,512,1200,0.6432238817214966,0.6385304234630894,0.6483788254554383,0.27197265625,0.630126953125,0.005859375,0.364013671875,0.2805101275444031,0.36271369457244873,0.0670057162378371,4036.3280447729067,0.3756352961063385,0.3244861364364624,0.991247507195855,0.761574589353025,0.9977698453235048,1886.396484375,0.46054601669311523,0.0,0.3276262879371643
pali,flickr30k,final_quarter,False,1,0.14285714285714285,4,4,4,11,4.0,4096,0.001,True,1.5,1024,512,1200,0.6432238817214966,0.6385304234630894,0.6483788254554383,-0.7109375,0.14404296875,0.00048828125,0.85546875,0.2805101275444031,0.36271369457244873,0.0670057162378371,4036.3280447729067,0.3756352961063385,0.3244861364364624,0.991247507195855,0.761574589353025,0.9977698453235048,1886.396484375,0.46054601669311523,0.0,0.3276262879371643
pali,flickr30k,final_quarter,False,1,0.14285714285714285,4,4,4,23,2.0,4096,0.0003,False,1.1,1024,512,1200,0.11837645620107651,0.1171876156811777,0.11938848283061816,0.1455078125,0.1591796875,0.00634765625,0.02001953125,0.0507507286965847,0.0676257312297821,0.8623423358259023,605.3465714068021,0.15584000945091248,0.26433858275413513,0.9962257707926453,0.98725099067846,0.9970762305719892,627.521484375,0.15320348739624023,0.819580078125,0.16298523545265198
pali,flickr30k,final_quarter,False,1,0.14285714285714285,4,4,4,23,2.0,4096,0.0003,False,1.25,1024,512,1200,0.11837645620107651,0.1171876156811777,0.11938848283061816,0.072265625,0.1240234375,0.0048828125,0.056640625,0.0507507286965847,0.0676257312297821,0.8623423358259023,605.3465714068021,0.15584000945091248,0.26433858275413513,0.9962257707926453,0.98725099067846,0.9970762305719892,627.521484375,0.15320348739624023,0.819580078125,0.16298523545265198
pali,flickr30k,final_quarter,False,1,0.14285714285714285,4,4,4,23,2.0,4096,0.0003,False,1.5,1024,512,1200,0.11837645620107651,0.1171876156811777,0.11938848283061816,-0.08642578125,0.0458984375,0.003662109375,0.135986328125,0.0507507286965847,0.0676257312297821,0.8623423358259023,605.3465714068021,0.15584000945091248,0.26433858275413513,0.9962257707926453,0.98725099067846,0.9970762305719892,627.521484375,0.15320348739624023,0.819580078125,0.16298523545265198
pali,flickr30k,final_quarter,False,1,0.14285714285714285,4,4,4,23,2.0,4096,0.0003,True,1.1,1024,512,1200,0.6491377949714661,0.64411131394736,0.6537762602383737,0.80810546875,0.887451171875,0.0166015625,0.095947265625,0.2825617790222168,0.3665759861469269,0.06466988222821746,4039.9787449873993,0.37648454308509827,0.33092719316482544,0.9917557576083229,0.7616642788642443,0.9905037186789326,1893.392578125,0.46225404739379883,0.0,0.3313063085079193
pali,flickr30k,final_quarter,False,1,0.14285714285714285,4,4,4,23,2.0,4096,0.0003,True,1.25,1024,512,1200,0.6491377949714661,0.64411131394736,0.6537762602383737,0.27490234375,0.63232421875,0.005126953125,0.362548828125,0.2825617790222168,0.3665759861469269,0.06466988222821746,4039.9787449873993,0.37648454308509827,0.33092719316482544,0.9917557576083229,0.7616642788642443,0.9905037186789326,1893.392578125,0.46225404739379883,0.0,0.3313063085079193
pali,flickr30k,final_quarter,False,1,0.14285714285714285,4,4,4,23,2.0,4096,0.0003,True,1.5,1024,512,1200,0.6491377949714661,0.64411131394736,0.6537762602383737,-0.7021484375,0.1474609375,0.00146484375,0.85107421875,0.2825617790222168,0.3665759861469269,0.06466988222821746,4039.9787449873993,0.37648454308509827,0.33092719316482544,0.9917557576083229,0.7616642788642443,0.9905037186789326,1893.392578125,0.46225404739379883,0.0,0.3313063085079193
pali,flickr30k,final_quarter,False,1,0.14285714285714285,4,4,4,23,2.0,4096,0.001,False,1.1,1024,512,1200,0.11722355335950851,0.11605852885513741,0.11821319061564281,0.146240234375,0.15966796875,0.006103515625,0.01953125,0.05023878812789917,0.06698475778102875,0.860928454237028,608.8847146007305,0.14964918792247772,0.26005056500434875,0.9962460207143232,0.9872546129992721,0.9972465235127216,625.95703125,0.15282154083251953,0.81982421875,0.1562395542860031
pali,flickr30k,final_quarter,False,1,0.14285714285714285,4,4,4,23,2.0,4096,0.001,False,1.25,1024,512,1200,0.11722355335950851,0.11605852885513741,0.11821319061564281,0.075927734375,0.125732421875,0.0048828125,0.0546875,0.05023878812789917,0.06698475778102875,0.860928454237028,608.8847146007305,0.14964918792247772,0.26005056500434875,0.9962460207143232,0.9872546129992721,0.9972465235127216,625.95703125,0.15282154083251953,0.81982421875,0.1562395542860031
pali,flickr30k,final_quarter,False,1,0.14285714285714285,4,4,4,23,2.0,4096,0.001,False,1.5,1024,512,1200,0.11722355335950851,0.11605852885513741,0.11821319061564281,-0.088623046875,0.044677734375,0.003662109375,0.136962890625,0.05023878812789917,0.06698475778102875,0.860928454237028,608.8847146007305,0.14964918792247772,0.26005056500434875,0.9962460207143232,0.9872546129992721,0.9972465235127216,625.95703125,0.15282154083251953,0.81982421875,0.1562395542860031
pali,flickr30k,final_quarter,False,1,0.14285714285714285,4,4,4,23,2.0,4096,0.001,True,1.1,1024,512,1200,0.6391855478286743,0.6342332613567123,0.6437903593905503,0.79296875,0.879638671875,0.016845703125,0.103515625,0.27877840399742126,0.36040711402893066,0.06586627382812825,4037.371635531981,0.3746567368507385,0.33154818415641785,0.9926098908836197,0.7627266404735478,0.9969341647422529,1886.609375,0.4605979919433594,0.0,0.32522839307785034
pali,flickr30k,final_quarter,False,1,0.14285714285714285,4,4,4,23,2.0,4096,0.001,True,1.25,1024,512,1200,0.6391855478286743,0.6342332613567123,0.6437903593905503,0.25439453125,0.621826171875,0.00537109375,0.372802734375,0.27877840399742126,0.36040711402893066,0.06586627382812825,4037.371635531981,0.3746567368507385,0.33154818415641785,0.9926098908836197,0.7627266404735478,0.9969341647422529,1886.609375,0.4605979919433594,0.0,0.32522839307785034
pali,flickr30k,final_quarter,False,1,0.14285714285714285,4,4,4,23,2.0,4096,0.001,True,1.5,1024,512,1200,0.6391855478286743,0.6342332613567123,0.6437903593905503,-0.71484375,0.1416015625,0.0009765625,0.857421875,0.27877840399742126,0.36040711402893066,0.06586627382812825,4037.371635531981,0.3746567368507385,0.33154818415641785,0.9926098908836197,0.7627266404735478,0.9969341647422529,1886.609375,0.4605979919433594,0.0,0.32522839307785034
pali,flickr30k,final_quarter,False,1,0.14285714285714285,4,4,4,23,4.0,4096,0.0003,False,1.1,1024,512,1200,0.11837645620107651,0.1171876156811777,0.11938848283061816,0.1455078125,0.1591796875,0.00634765625,0.02001953125,0.0507507286965847,0.0676257312297821,0.8623423358259023,605.3465714068021,0.15584000945091248,0.26433858275413513,0.9962257707926453,0.98725099067846,0.9970762305719892,627.521484375,0.15320348739624023,0.819580078125,0.16298523545265198
pali,flickr30k,final_quarter,False,1,0.14285714285714285,4,4,4,23,4.0,4096,0.0003,False,1.25,1024,512,1200,0.11837645620107651,0.1171876156811777,0.11938848283061816,0.072265625,0.1240234375,0.0048828125,0.056640625,0.0507507286965847,0.0676257312297821,0.8623423358259023,605.3465714068021,0.15584000945091248,0.26433858275413513,0.9962257707926453,0.98725099067846,0.9970762305719892,627.521484375,0.15320348739624023,0.819580078125,0.16298523545265198
pali,flickr30k,final_quarter,False,1,0.14285714285714285,4,4,4,23,4.0,4096,0.0003,False,1.5,1024,512,1200,0.11837645620107651,0.1171876156811777,0.11938848283061816,-0.08642578125,0.0458984375,0.003662109375,0.135986328125,0.0507507286965847,0.0676257312297821,0.8623423358259023,605.3465714068021,0.15584000945091248,0.26433858275413513,0.9962257707926453,0.98725099067846,0.9970762305719892,627.521484375,0.15320348739624023,0.819580078125,0.16298523545265198
pali,flickr30k,final_quarter,False,1,0.14285714285714285,4,4,4,23,4.0,4096,0.0003,True,1.1,1024,512,1200,0.6491377949714661,0.64411131394736,0.6537762602383737,0.80810546875,0.887451171875,0.0166015625,0.095947265625,0.2825617790222168,0.3665759861469269,0.06466988222821746,4039.9787449873993,0.37648454308509827,0.33092719316482544,0.9917557576083229,0.7616642788642443,0.9905037186789326,1893.392578125,0.46225404739379883,0.0,0.3313063085079193
pali,flickr30k,final_quarter,False,1,0.14285714285714285,4,4,4,23,4.0,4096,0.0003,True,1.25,1024,512,1200,0.6491377949714661,0.64411131394736,0.6537762602383737,0.27490234375,0.63232421875,0.005126953125,0.362548828125,0.2825617790222168,0.3665759861469269,0.06466988222821746,4039.9787449873993,0.37648454308509827,0.33092719316482544,0.9917557576083229,0.7616642788642443,0.9905037186789326,1893.392578125,0.46225404739379883,0.0,0.3313063085079193
pali,flickr30k,final_quarter,False,1,0.14285714285714285,4,4,4,23,4.0,4096,0.0003,True,1.5,1024,512,1200,0.6491377949714661,0.64411131394736,0.6537762602383737,-0.7021484375,0.1474609375,0.00146484375,0.85107421875,0.2825617790222168,0.3665759861469269,0.06466988222821746,4039.9787449873993,0.37648454308509827,0.33092719316482544,0.9917557576083229,0.7616642788642443,0.9905037186789326,1893.392578125,0.46225404739379883,0.0,0.3313063085079193
pali,flickr30k,final_quarter,False,1,0.14285714285714285,4,4,4,23,4.0,4096,0.001,False,1.1,1024,512,1200,0.11722355335950851,0.11605852885513741,0.11821319061564281,0.146240234375,0.15966796875,0.006103515625,0.01953125,0.05023878812789917,0.06698475778102875,0.860928454237028,608.8847146007305,0.14964918792247772,0.26005056500434875,0.9962460207143232,0.9872546129992721,0.9972465235127216,625.95703125,0.15282154083251953,0.81982421875,0.1562395542860031
pali,flickr30k,final_quarter,False,1,0.14285714285714285,4,4,4,23,4.0,4096,0.001,False,1.25,1024,512,1200,0.11722355335950851,0.11605852885513741,0.11821319061564281,0.075927734375,0.125732421875,0.0048828125,0.0546875,0.05023878812789917,0.06698475778102875,0.860928454237028,608.8847146007305,0.14964918792247772,0.26005056500434875,0.9962460207143232,0.9872546129992721,0.9972465235127216,625.95703125,0.15282154083251953,0.81982421875,0.1562395542860031
pali,flickr30k,final_quarter,False,1,0.14285714285714285,4,4,4,23,4.0,4096,0.001,False,1.5,1024,512,1200,0.11722355335950851,0.11605852885513741,0.11821319061564281,-0.088623046875,0.044677734375,0.003662109375,0.136962890625,0.05023878812789917,0.06698475778102875,0.860928454237028,608.8847146007305,0.14964918792247772,0.26005056500434875,0.9962460207143232,0.9872546129992721,0.9972465235127216,625.95703125,0.15282154083251953,0.81982421875,0.1562395542860031
pali,flickr30k,final_quarter,False,1,0.14285714285714285,4,4,4,23,4.0,4096,0.001,True,1.1,1024,512,1200,0.6391855478286743,0.6342332613567123,0.6437903593905503,0.79296875,0.879638671875,0.016845703125,0.103515625,0.27877840399742126,0.36040711402893066,0.06586627382812825,4037.371635531981,0.3746567368507385,0.33154818415641785,0.9926098908836197,0.7627266404735478,0.9969341647422529,1886.609375,0.4605979919433594,0.0,0.32522839307785034
pali,flickr30k,final_quarter,False,1,0.14285714285714285,4,4,4,23,4.0,4096,0.001,True,1.25,1024,512,1200,0.6391855478286743,0.6342332613567123,0.6437903593905503,0.25439453125,0.621826171875,0.00537109375,0.372802734375,0.27877840399742126,0.36040711402893066,0.06586627382812825,4037.371635531981,0.3746567368507385,0.33154818415641785,0.9926098908836197,0.7627266404735478,0.9969341647422529,1886.609375,0.4605979919433594,0.0,0.32522839307785034
pali,flickr30k,final_quarter,False,1,0.14285714285714285,4,4,4,23,4.0,4096,0.001,True,1.5,1024,512,1200,0.6391855478286743,0.6342332613567123,0.6437903593905503,-0.71484375,0.1416015625,0.0009765625,0.857421875,0.27877840399742126,0.36040711402893066,0.06586627382812825,4037.371635531981,0.3746567368507385,0.33154818415641785,0.9926098908836197,0.7627266404735478,0.9969341647422529,1886.609375,0.4605979919433594,0.0,0.32522839307785034
pali,flickr30k,final_quarter,False,1,0.14285714285714285,4,4,4,37,2.0,4096,0.0003,False,1.1,1024,512,1200,0.11684982478618622,0.11573939899462857,0.11806577750576253,0.15087890625,0.1591796875,0.00830078125,0.0166015625,0.05022604018449783,0.06662379205226898,0.8648426883916185,592.1828196389046,0.1574701964855194,0.26663607358932495,0.9962566691084674,0.9871974168110288,0.9966664609489587,616.650390625,0.15054941177368164,0.822509765625,0.16203515231609344
pali,flickr30k,final_quarter,False,1,0.14285714285714285,4,4,4,37,2.0,4096,0.0003,False,1.25,1024,512,1200,0.11684982478618622,0.11573939899462857,0.11806577750576253,0.0693359375,0.120361328125,0.00634765625,0.057373046875,0.05022604018449783,0.06662379205226898,0.8648426883916185,592.1828196389046,0.1574701964855194,0.26663607358932495,0.9962566691084674,0.9871974168110288,0.9966664609489587,616.650390625,0.15054941177368164,0.822509765625,0.16203515231609344
pali,flickr30k,final_quarter,False,1,0.14285714285714285,4,4,4,37,2.0,4096,0.0003,False,1.5,1024,512,1200,0.11684982478618622,0.11573939899462857,0.11806577750576253,-0.08154296875,0.04541015625,0.005859375,0.1328125,0.05022604018449783,0.06662379205226898,0.8648426883916185,592.1828196389046,0.1574701964855194,0.26663607358932495,0.9962566691084674,0.9871974168110288,0.9966664609489587,616.650390625,0.15054941177368164,0.822509765625,0.16203515231609344
pali,flickr30k,final_quarter,False,1,0.14285714285714285,4,4,4,37,2.0,4096,0.0003,True,1.1,1024,512,1200,0.6524596810340881,0.6468299149419181,0.6579939361836296,0.7939453125,0.8828125,0.01416015625,0.10302734375,0.28416022658348083,0.3682994246482849,0.06351719872926632,4041.861399092168,0.3744244873523712,0.33326777815818787,0.9938506672474765,0.7637268731814678,0.9921483195965117,1907.630859375,0.4657301902770996,0.0,0.33379286527633667
pali,flickr30k,final_quarter,False,1,0.14285714285714285,4,4,4,37,2.0,4096,0.0003,True,1.25,1024,512,1200,0.6524596810340881,0.6468299149419181,0.6579939361836296,0.26318359375,0.628662109375,0.0029296875,0.368408203125,0.28416022658348083,0.3682994246482849,0.06351719872926632,4041.861399092168,0.3744244873523712,0.33326777815818787,0.9938506672474765,0.7637268731814678,0.9921483195965117,1907.630859375,0.4657301902770996,0.0,0.33379286527633667
pali,flickr30k,final_quarter,False,1,0.14285714285714285,4,4,4,37,2.0,4096,0.0003,True,1.5,1024,512,1200,0.6524596810340881,0.6468299149419181,0.6579939361836296,-0.697265625,0.151123046875,0.000244140625,0.8486328125,0.28416022658348083,0.3682994246482849,0.06351719872926632,4041.861399092168,0.3744244873523712,0.33326777815818787,0.9938506672474765,0.7637268731814678,0.9921483195965117,1907.630859375,0.4657301902770996,0.0,0.33379286527633667
pali,flickr30k,final_quarter,False,1,0.14285714285714285,4,4,4,37,2.0,4096,0.001,False,1.1,1024,512,1200,0.11574243754148483,0.11464748354046606,0.1169286305703281,0.1494140625,0.158203125,0.00830078125,0.01708984375,0.04973229765892029,0.06601013988256454,0.8637870156917158,595.1830540636371,0.15198196470737457,0.26177677512168884,0.9962084831490816,0.9871383328083865,0.9967159779071723,614.623046875,0.1500544548034668,0.822998046875,0.1551520824432373
pali,flickr30k,final_quarter,False,1,0.14285714285714285,4,4,4,37,2.0,4096,0.001,False,1.25,1024,512,1200,0.11574243754148483,0.11464748354046606,0.1169286305703281,0.0693359375,0.120361328125,0.006103515625,0.05712890625,0.04973229765892029,0.06601013988256454,0.8637870156917158,595.1830540636371,0.15198196470737457,0.26177677512168884,0.9962084831490816,0.9871383328083865,0.9967159779071723,614.623046875,0.1500544548034668,0.822998046875,0.1551520824432373
pali,flickr30k,final_quarter,False,1,0.14285714285714285,4,4,4,37,2.0,4096,0.001,False,1.5,1024,512,1200,0.11574243754148483,0.11464748354046606,0.1169286305703281,-0.0830078125,0.04443359375,0.005859375,0.13330078125,0.04973229765892029,0.06601013988256454,0.8637870156917158,595.1830540636371,0.15198196470737457,0.26177677512168884,0.9962084831490816,0.9871383328083865,0.9967159779071723,614.623046875,0.1500544548034668,0.822998046875,0.1551520824432373
pali,flickr30k,final_quarter,False,1,0.14285714285714285,4,4,4,37,2.0,4096,0.001,True,1.1,1024,512,1200,0.6455249786376953,0.6399706634692848,0.65081747250224,0.79248046875,0.8837890625,0.012451171875,0.103759765625,0.2802841067314148,0.36524084210395813,0.06432461578185088,4039.91997345462,0.3700350821018219,0.3286851644515991,0.9903811464582049,0.7608445563978232,0.993014259645903,1899.599609375,0.46376943588256836,0.0,0.329751193523407
pali,flickr30k,final_quarter,False,1,0.14285714285714285,4,4,4,37,2.0,4096,0.001,True,1.25,1024,512,1200,0.6455249786376953,0.6399706634692848,0.65081747250224,0.275390625,0.635986328125,0.001708984375,0.3623046875,0.2802841067314148,0.36524084210395813,0.06432461578185088,4039.91997345462,0.3700350821018219,0.3286851644515991,0.9903811464582049,0.7608445563978232,0.993014259645903,1899.599609375,0.46376943588256836,0.0,0.329751193523407
pali,flickr30k,final_quarter,False,1,0.14285714285714285,4,4,4,37,2.0,4096,0.001,True,1.5,1024,512,1200,0.6455249786376953,0.6399706634692848,0.65081747250224,-0.6796875,0.159912109375,0.000244140625,0.83984375,0.2802841067314148,0.36524084210395813,0.06432461578185088,4039.91997345462,0.3700350821018219,0.3286851644515991,0.9903811464582049,0.7608445563978232,0.993014259645903,1899.599609375,0.46376943588256836,0.0,0.329751193523407
pali,flickr30k,final_quarter,False,1,0.14285714285714285,4,4,4,37,4.0,4096,0.0003,False,1.1,1024,512,1200,0.11684982478618622,0.11573939899462857,0.11806577750576253,0.15087890625,0.1591796875,0.00830078125,0.0166015625,0.05022604018449783,0.06662379205226898,0.8648426883916185,592.1828196389046,0.1574701964855194,0.26663607358932495,0.9962566691084674,0.9871974168110288,0.9966664609489587,616.650390625,0.15054941177368164,0.822509765625,0.16203515231609344
pali,flickr30k,final_quarter,False,1,0.14285714285714285,4,4,4,37,4.0,4096,0.0003,False,1.25,1024,512,1200,0.11684982478618622,0.11573939899462857,0.11806577750576253,0.0693359375,0.120361328125,0.00634765625,0.057373046875,0.05022604018449783,0.06662379205226898,0.8648426883916185,592.1828196389046,0.1574701964855194,0.26663607358932495,0.9962566691084674,0.9871974168110288,0.9966664609489587,616.650390625,0.15054941177368164,0.822509765625,0.16203515231609344
pali,flickr30k,final_quarter,False,1,0.14285714285714285,4,4,4,37,4.0,4096,0.0003,False,1.5,1024,512,1200,0.11684982478618622,0.11573939899462857,0.11806577750576253,-0.08154296875,0.04541015625,0.005859375,0.1328125,0.05022604018449783,0.06662379205226898,0.8648426883916185,592.1828196389046,0.1574701964855194,0.26663607358932495,0.9962566691084674,0.9871974168110288,0.9966664609489587,616.650390625,0.15054941177368164,0.822509765625,0.16203515231609344
pali,flickr30k,final_quarter,False,1,0.14285714285714285,4,4,4,37,4.0,4096,0.0003,True,1.1,1024,512,1200,0.6524596810340881,0.6468299149419181,0.6579939361836296,0.7939453125,0.8828125,0.01416015625,0.10302734375,0.28416022658348083,0.3682994246482849,0.06351719872926632,4041.861399092168,0.3744244873523712,0.33326777815818787,0.9938506672474765,0.7637268731814678,0.9921483195965117,1907.630859375,0.4657301902770996,0.0,0.33379286527633667
pali,flickr30k,final_quarter,False,1,0.14285714285714285,4,4,4,37,4.0,4096,0.0003,True,1.25,1024,512,1200,0.6524596810340881,0.6468299149419181,0.6579939361836296,0.26318359375,0.628662109375,0.0029296875,0.368408203125,0.28416022658348083,0.3682994246482849,0.06351719872926632,4041.861399092168,0.3744244873523712,0.33326777815818787,0.9938506672474765,0.7637268731814678,0.9921483195965117,1907.630859375,0.4657301902770996,0.0,0.33379286527633667
pali,flickr30k,final_quarter,False,1,0.14285714285714285,4,4,4,37,4.0,4096,0.0003,True,1.5,1024,512,1200,0.6524596810340881,0.6468299149419181,0.6579939361836296,-0.697265625,0.151123046875,0.000244140625,0.8486328125,0.28416022658348083,0.3682994246482849,0.06351719872926632,4041.861399092168,0.3744244873523712,0.33326777815818787,0.9938506672474765,0.7637268731814678,0.9921483195965117,1907.630859375,0.4657301902770996,0.0,0.33379286527633667
pali,flickr30k,final_quarter,False,1,0.14285714285714285,4,4,4,37,4.0,4096,0.001,False,1.1,1024,512,1200,0.11574243754148483,0.11464748354046606,0.1169286305703281,0.1494140625,0.158203125,0.00830078125,0.01708984375,0.04973229765892029,0.06601013988256454,0.8637870156917158,595.1830540636371,0.15198196470737457,0.26177677512168884,0.9962084831490816,0.9871383328083865,0.9967159779071723,614.623046875,0.1500544548034668,0.822998046875,0.1551520824432373
pali,flickr30k,final_quarter,False,1,0.14285714285714285,4,4,4,37,4.0,4096,0.001,False,1.25,1024,512,1200,0.11574243754148483,0.11464748354046606,0.1169286305703281,0.0693359375,0.120361328125,0.006103515625,0.05712890625,0.04973229765892029,0.06601013988256454,0.8637870156917158,595.1830540636371,0.15198196470737457,0.26177677512168884,0.9962084831490816,0.9871383328083865,0.9967159779071723,614.623046875,0.1500544548034668,0.822998046875,0.1551520824432373
pali,flickr30k,final_quarter,False,1,0.14285714285714285,4,4,4,37,4.0,4096,0.001,False,1.5,1024,512,1200,0.11574243754148483,0.11464748354046606,0.1169286305703281,-0.0830078125,0.04443359375,0.005859375,0.13330078125,0.04973229765892029,0.06601013988256454,0.8637870156917158,595.1830540636371,0.15198196470737457,0.26177677512168884,0.9962084831490816,0.9871383328083865,0.9967159779071723,614.623046875,0.1500544548034668,0.822998046875,0.1551520824432373
pali,flickr30k,final_quarter,False,1,0.14285714285714285,4,4,4,37,4.0,4096,0.001,True,1.1,1024,512,1200,0.6455249786376953,0.6399706634692848,0.65081747250224,0.79248046875,0.8837890625,0.012451171875,0.103759765625,0.2802841067314148,0.36524084210395813,0.06432461578185088,4039.91997345462,0.3700350821018219,0.3286851644515991,0.9903811464582049,0.7608445563978232,0.993014259645903,1899.599609375,0.46376943588256836,0.0,0.329751193523407
pali,flickr30k,final_quarter,False,1,0.14285714285714285,4,4,4,37,4.0,4096,0.001,True,1.25,1024,512,1200,0.6455249786376953,0.6399706634692848,0.65081747250224,0.275390625,0.635986328125,0.001708984375,0.3623046875,0.2802841067314148,0.36524084210395813,0.06432461578185088,4039.91997345462,0.3700350821018219,0.3286851644515991,0.9903811464582049,0.7608445563978232,0.993014259645903,1899.599609375,0.46376943588256836,0.0,0.329751193523407
pali,flickr30k,final_quarter,False,1,0.14285714285714285,4,4,4,37,4.0,4096,0.001,True,1.5,1024,512,1200,0.6455249786376953,0.6399706634692848,0.65081747250224,-0.6796875,0.159912109375,0.000244140625,0.83984375,0.2802841067314148,0.36524084210395813,0.06432461578185088,4039.91997345462,0.3700350821018219,0.3286851644515991,0.9903811464582049,0.7608445563978232,0.993014259645903,1899.599609375,0.46376943588256836,0.0,0.329751193523407
pali,flickr30k,final_quarter,False,2,0.2857142857142857,7,7,7,11,2.0,4096,0.0003,False,1.1,1024,512,1200,0.167953759431839,0.166153886574466,0.16977133442051126,0.170654296875,0.17138671875,0.005615234375,0.00634765625,0.06584830582141876,0.10210546851158142,0.8610570490875384,609.1097369529493,0.24268080294132233,0.37717103958129883,0.9958332440339047,0.9853182940915224,0.9927234064700297,635.25,0.15509033203125,0.8212890625,0.23765932023525238
pali,flickr30k,final_quarter,False,2,0.2857142857142857,7,7,7,11,2.0,4096,0.0003,False,1.25,1024,512,1200,0.167953759431839,0.166153886574466,0.16977133442051126,0.152587890625,0.1630859375,0.0048828125,0.015380859375,0.06584830582141876,0.10210546851158142,0.8610570490875384,609.1097369529493,0.24268080294132233,0.37717103958129883,0.9958332440339047,0.9853182940915224,0.9927234064700297,635.25,0.15509033203125,0.8212890625,0.23765932023525238
pali,flickr30k,final_quarter,False,2,0.2857142857142857,7,7,7,11,2.0,4096,0.0003,False,1.5,1024,512,1200,0.167953759431839,0.166153886574466,0.16977133442051126,0.051513671875,0.11328125,0.004150390625,0.06591796875,0.06584830582141876,0.10210546851158142,0.8610570490875384,609.1097369529493,0.24268080294132233,0.37717103958129883,0.9958332440339047,0.9853182940915224,0.9927234064700297,635.25,0.15509033203125,0.8212890625,0.23765932023525238
pali,flickr30k,final_quarter,False,2,0.2857142857142857,7,7,7,11,2.0,4096,0.0003,True,1.1,1024,512,1200,0.6337900161743164,0.6287586945371004,0.6390373106929473,0.9873046875,0.9912109375,0.00244140625,0.00634765625,0.24253085255622864,0.3912591338157654,0.06473619864768879,4040.5374850029016,0.3505168855190277,0.3298613727092743,0.9908980038827403,0.762609616309524,0.9939230639060272,1880.6796875,0.4591503143310547,0.0,0.326506644487381
pali,flickr30k,final_quarter,False,2,0.2857142857142857,7,7,7,11,2.0,4096,0.0003,True,1.25,1024,512,1200,0.6337900161743164,0.6287586945371004,0.6390373106929473,0.93603515625,0.96728515625,0.000732421875,0.031982421875,0.24253085255622864,0.3912591338157654,0.06473619864768879,4040.5374850029016,0.3505168855190277,0.3298613727092743,0.9908980038827403,0.762609616309524,0.9939230639060272,1880.6796875,0.4591503143310547,0.0,0.326506644487381
pali,flickr30k,final_quarter,False,2,0.2857142857142857,7,7,7,11,2.0,4096,0.0003,True,1.5,1024,512,1200,0.6337900161743164,0.6287586945371004,0.6390373106929473,0.470703125,0.735107421875,0.000244140625,0.2646484375,0.24253085255622864,0.3912591338157654,0.06473619864768879,4040.5374850029016,0.3505168855190277,0.3298613727092743,0.9908980038827403,0.762609616309524,0.9939230639060272,1880.6796875,0.4591503143310547,0.0,0.326506644487381
pali,flickr30k,final_quarter,False,2,0.2857142857142857,7,7,7,11,2.0,4096,0.001,False,1.1,1024,512,1200,0.16691510379314423,0.16513518825304346,0.16871547978153104,0.170166015625,0.1708984375,0.005615234375,0.00634765625,0.06535819172859192,0.10155690461397171,0.8604990942371095,604.7409551395845,0.23575018346309662,0.3749178647994995,0.9958774858407587,0.9853659726229429,0.9925420446666107,632.673828125,0.15446138381958008,0.821533203125,0.23056760430335999
pali,flickr30k,final_quarter,False,2,0.2857142857142857,7,7,7,11,2.0,4096,0.001,False,1.25,1024,512,1200,0.16691510379314423,0.16513518825304346,0.16871547978153104,0.153564453125,0.163330078125,0.0048828125,0.0146484375,0.06535819172859192,0.10155690461397171,0.8604990942371095,604.7409551395845,0.23575018346309662,0.3749178647994995,0.9958774858407587,0.9853659726229429,0.9925420446666107,632.673828125,0.15446138381958008,0.821533203125,0.23056760430335999
pali,flickr30k,final_quarter,False,2,0.2857142857142857,7,7,7,11,2.0,4096,0.001,False,1.5,1024,512,1200,0.16691510379314423,0.16513518825304346,0.16871547978153104,0.055419921875,0.114990234375,0.004150390625,0.063720703125,0.06535819172859192,0.10155690461397171,0.8604990942371095,604.7409551395845,0.23575018346309662,0.3749178647994995,0.9958774858407587,0.9853659726229429,0.9925420446666107,632.673828125,0.15446138381958008,0.821533203125,0.23056760430335999
pali,flickr30k,final_quarter,False,2,0.2857142857142857,7,7,7,11,2.0,4096,0.001,True,1.1,1024,512,1200,0.6266040205955505,0.621595336147584,0.6317394320329186,0.98095703125,0.98876953125,0.001708984375,0.009521484375,0.24045178294181824,0.3861522674560547,0.06453860303124492,4041.2543249274427,0.3449970781803131,0.3255901634693146,0.991472562829371,0.762591290381426,0.9926312734973334,1877.552734375,0.4583868980407715,0.0,0.32205453515052795
pali,flickr30k,final_quarter,False,2,0.2857142857142857,7,7,7,11,2.0,4096,0.001,True,1.25,1024,512,1200,0.6266040205955505,0.621595336147584,0.6317394320329186,0.9296875,0.9638671875,0.0009765625,0.03515625,0.24045178294181824,0.3861522674560547,0.06453860303124492,4041.2543249274427,0.3449970781803131,0.3255901634693146,0.991472562829371,0.762591290381426,0.9926312734973334,1877.552734375,0.4583868980407715,0.0,0.32205453515052795
pali,flickr30k,final_quarter,False,2,0.2857142857142857,7,7,7,11,2.0,4096,0.001,True,1.5,1024,512,1200,0.6266040205955505,0.621595336147584,0.6317394320329186,0.451171875,0.725341796875,0.000244140625,0.2744140625,0.24045178294181824,0.3861522674560547,0.06453860303124492,4041.2543249274427,0.3449970781803131,0.3255901634693146,0.991472562829371,0.762591290381426,0.9926312734973334,1877.552734375,0.4583868980407715,0.0,0.32205453515052795
pali,flickr30k,final_quarter,False,2,0.2857142857142857,7,7,7,11,4.0,4096,0.0003,False,1.1,1024,512,1200,0.167953759431839,0.166153886574466,0.16977133442051126,0.170654296875,0.17138671875,0.005615234375,0.00634765625,0.06584830582141876,0.10210546851158142,0.8610570490875384,609.1097369529493,0.24268080294132233,0.37717103958129883,0.9958332440339047,0.9853182940915224,0.9927234064700297,635.25,0.15509033203125,0.8212890625,0.23765932023525238
pali,flickr30k,final_quarter,False,2,0.2857142857142857,7,7,7,11,4.0,4096,0.0003,False,1.25,1024,512,1200,0.167953759431839,0.166153886574466,0.16977133442051126,0.152587890625,0.1630859375,0.0048828125,0.015380859375,0.06584830582141876,0.10210546851158142,0.8610570490875384,609.1097369529493,0.24268080294132233,0.37717103958129883,0.9958332440339047,0.9853182940915224,0.9927234064700297,635.25,0.15509033203125,0.8212890625,0.23765932023525238
pali,flickr30k,final_quarter,False,2,0.2857142857142857,7,7,7,11,4.0,4096,0.0003,False,1.5,1024,512,1200,0.167953759431839,0.166153886574466,0.16977133442051126,0.051513671875,0.11328125,0.004150390625,0.06591796875,0.06584830582141876,0.10210546851158142,0.8610570490875384,609.1097369529493,0.24268080294132233,0.37717103958129883,0.9958332440339047,0.9853182940915224,0.9927234064700297,635.25,0.15509033203125,0.8212890625,0.23765932023525238
pali,flickr30k,final_quarter,False,2,0.2857142857142857,7,7,7,11,4.0,4096,0.0003,True,1.1,1024,512,1200,0.6337900161743164,0.6287586945371004,0.6390373106929473,0.9873046875,0.9912109375,0.00244140625,0.00634765625,0.24253085255622864,0.3912591338157654,0.06473619864768879,4040.5374850029016,0.3505168855190277,0.3298613727092743,0.9908980038827403,0.762609616309524,0.9939230639060272,1880.6796875,0.4591503143310547,0.0,0.326506644487381
pali,flickr30k,final_quarter,False,2,0.2857142857142857,7,7,7,11,4.0,4096,0.0003,True,1.25,1024,512,1200,0.6337900161743164,0.6287586945371004,0.6390373106929473,0.93603515625,0.96728515625,0.000732421875,0.031982421875,0.24253085255622864,0.3912591338157654,0.06473619864768879,4040.5374850029016,0.3505168855190277,0.3298613727092743,0.9908980038827403,0.762609616309524,0.9939230639060272,1880.6796875,0.4591503143310547,0.0,0.326506644487381
pali,flickr30k,final_quarter,False,2,0.2857142857142857,7,7,7,11,4.0,4096,0.0003,True,1.5,1024,512,1200,0.6337900161743164,0.6287586945371004,0.6390373106929473,0.470703125,0.735107421875,0.000244140625,0.2646484375,0.24253085255622864,0.3912591338157654,0.06473619864768879,4040.5374850029016,0.3505168855190277,0.3298613727092743,0.9908980038827403,0.762609616309524,0.9939230639060272,1880.6796875,0.4591503143310547,0.0,0.326506644487381
pali,flickr30k,final_quarter,False,2,0.2857142857142857,7,7,7,11,4.0,4096,0.001,False,1.1,1024,512,1200,0.16691510379314423,0.16513518825304346,0.16871547978153104,0.170166015625,0.1708984375,0.005615234375,0.00634765625,0.06535819172859192,0.10155690461397171,0.8604990942371095,604.7409551395845,0.23575018346309662,0.3749178647994995,0.9958774858407587,0.9853659726229429,0.9925420446666107,632.673828125,0.15446138381958008,0.821533203125,0.23056760430335999
pali,flickr30k,final_quarter,False,2,0.2857142857142857,7,7,7,11,4.0,4096,0.001,False,1.25,1024,512,1200,0.16691510379314423,0.16513518825304346,0.16871547978153104,0.153564453125,0.163330078125,0.0048828125,0.0146484375,0.06535819172859192,0.10155690461397171,0.8604990942371095,604.7409551395845,0.23575018346309662,0.3749178647994995,0.9958774858407587,0.9853659726229429,0.9925420446666107,632.673828125,0.15446138381958008,0.821533203125,0.23056760430335999
pali,flickr30k,final_quarter,False,2,0.2857142857142857,7,7,7,11,4.0,4096,0.001,False,1.5,1024,512,1200,0.16691510379314423,0.16513518825304346,0.16871547978153104,0.055419921875,0.114990234375,0.004150390625,0.063720703125,0.06535819172859192,0.10155690461397171,0.8604990942371095,604.7409551395845,0.23575018346309662,0.3749178647994995,0.9958774858407587,0.9853659726229429,0.9925420446666107,632.673828125,0.15446138381958008,0.821533203125,0.23056760430335999
pali,flickr30k,final_quarter,False,2,0.2857142857142857,7,7,7,11,4.0,4096,0.001,True,1.1,1024,512,1200,0.6266040205955505,0.621595336147584,0.6317394320329186,0.98095703125,0.98876953125,0.001708984375,0.009521484375,0.24045178294181824,0.3861522674560547,0.06453860303124492,4041.2543249274427,0.3449970781803131,0.3255901634693146,0.991472562829371,0.762591290381426,0.9926312734973334,1877.552734375,0.4583868980407715,0.0,0.32205453515052795
pali,flickr30k,final_quarter,False,2,0.2857142857142857,7,7,7,11,4.0,4096,0.001,True,1.25,1024,512,1200,0.6266040205955505,0.621595336147584,0.6317394320329186,0.9296875,0.9638671875,0.0009765625,0.03515625,0.24045178294181824,0.3861522674560547,0.06453860303124492,4041.2543249274427,0.3449970781803131,0.3255901634693146,0.991472562829371,0.762591290381426,0.9926312734973334,1877.552734375,0.4583868980407715,0.0,0.32205453515052795
pali,flickr30k,final_quarter,False,2,0.2857142857142857,7,7,7,11,4.0,4096,0.001,True,1.5,1024,512,1200,0.6266040205955505,0.621595336147584,0.6317394320329186,0.451171875,0.725341796875,0.000244140625,0.2744140625,0.24045178294181824,0.3861522674560547,0.06453860303124492,4041.2543249274427,0.3449970781803131,0.3255901634693146,0.991472562829371,0.762591290381426,0.9926312734973334,1877.552734375,0.4583868980407715,0.0,0.32205453515052795
pali,flickr30k,final_quarter,False,2,0.2857142857142857,7,7,7,23,2.0,4096,0.0003,False,1.1,1024,512,1200,0.167944073677063,0.16634511223674053,0.16980784831321216,0.164794921875,0.16845703125,0.0048828125,0.008544921875,0.06600532680749893,0.10193876177072525,0.8619515711146591,606.0450041213957,0.24087829887866974,0.38181859254837036,0.9956939310914756,0.9852282411547301,0.9934552524382614,624.13671875,0.15237712860107422,0.822509765625,0.23674489557743073
pali,flickr30k,final_quarter,False,2,0.2857142857142857,7,7,7,23,2.0,4096,0.0003,False,1.25,1024,512,1200,0.167944073677063,0.16634511223674053,0.16980784831321216,0.145751953125,0.15966796875,0.004150390625,0.01806640625,0.06600532680749893,0.10193876177072525,0.8619515711146591,606.0450041213957,0.24087829887866974,0.38181859254837036,0.9956939310914756,0.9852282411547301,0.9934552524382614,624.13671875,0.15237712860107422,0.822509765625,0.23674489557743073
pali,flickr30k,final_quarter,False,2,0.2857142857142857,7,7,7,23,2.0,4096,0.0003,False,1.5,1024,512,1200,0.167944073677063,0.16634511223674053,0.16980784831321216,0.045166015625,0.1103515625,0.003173828125,0.068359375,0.06600532680749893,0.10193876177072525,0.8619515711146591,606.0450041213957,0.24087829887866974,0.38181859254837036,0.9956939310914756,0.9852282411547301,0.9934552524382614,624.13671875,0.15237712860107422,0.822509765625,0.23674489557743073
pali,flickr30k,final_quarter,False,2,0.2857142857142857,7,7,7,23,2.0,4096,0.0003,True,1.1,1024,512,1200,0.6304334402084351,0.6251250634042662,0.6361874776659533,0.9814453125,0.989501953125,0.001220703125,0.00927734375,0.24185943603515625,0.3885740637779236,0.06619475200984408,4036.6011695999814,0.3491795063018799,0.3318425714969635,0.9940743879807891,0.7650226536325482,0.9924268472269692,1877.97265625,0.45848941802978516,0.0,0.32441243529319763
pali,flickr30k,final_quarter,False,2,0.2857142857142857,7,7,7,23,2.0,4096,0.0003,True,1.25,1024,512,1200,0.6304334402084351,0.6251250634042662,0.6361874776659533,0.9248046875,0.961669921875,0.000732421875,0.03759765625,0.24185943603515625,0.3885740637779236,0.06619475200984408,4036.6011695999814,0.3491795063018799,0.3318425714969635,0.9940743879807891,0.7650226536325482,0.9924268472269692,1877.97265625,0.45848941802978516,0.0,0.32441243529319763
pali,flickr30k,final_quarter,False,2,0.2857142857142857,7,7,7,23,2.0,4096,0.0003,True,1.5,1024,512,1200,0.6304334402084351,0.6251250634042662,0.6361874776659533,0.46630859375,0.73291015625,0.000244140625,0.266845703125,0.24185943603515625,0.3885740637779236,0.06619475200984408,4036.6011695999814,0.3491795063018799,0.3318425714969635,0.9940743879807891,0.7650226536325482,0.9924268472269692,1877.97265625,0.45848941802978516,0.0,0.32441243529319763
pali,flickr30k,final_quarter,False,2,0.2857142857142857,7,7,7,23,2.0,4096,0.001,False,1.1,1024,512,1200,0.16664046049118042,0.16506613852252486,0.16848364268735166,0.164794921875,0.168701171875,0.004638671875,0.008544921875,0.06545095145702362,0.1011894941329956,0.8613517093569948,602.9266494000863,0.23389281332492828,0.3774630129337311,0.9957250422729652,0.9852379946873289,0.9935575630063332,622.681640625,0.1520218849182129,0.822509765625,0.22916916012763977
pali,flickr30k,final_quarter,False,2,0.2857142857142857,7,7,7,23,2.0,4096,0.001,False,1.25,1024,512,1200,0.16664046049118042,0.16506613852252486,0.16848364268735166,0.145751953125,0.15966796875,0.004150390625,0.01806640625,0.06545095145702362,0.1011894941329956,0.8613517093569948,602.9266494000863,0.23389281332492828,0.3774630129337311,0.9957250422729652,0.9852379946873289,0.9935575630063332,622.681640625,0.1520218849182129,0.822509765625,0.22916916012763977
pali,flickr30k,final_quarter,False,2,0.2857142857142857,7,7,7,23,2.0,4096,0.001,False,1.5,1024,512,1200,0.16664046049118042,0.16506613852252486,0.16848364268735166,0.046142578125,0.11083984375,0.003173828125,0.06787109375,0.06545095145702362,0.1011894941329956,0.8613517093569948,602.9266494000863,0.23389281332492828,0.3774630129337311,0.9957250422729652,0.9852379946873289,0.9935575630063332,622.681640625,0.1520218849182129,0.822509765625,0.22916916012763977
pali,flickr30k,final_quarter,False,2,0.2857142857142857,7,7,7,23,2.0,4096,0.001,True,1.1,1024,512,1200,0.6257201433181763,0.6205374501791084,0.6310974287305726,0.98291015625,0.989501953125,0.001953125,0.008544921875,0.24049705266952515,0.3852231204509735,0.06515413993914636,4040.507575410555,0.3442763388156891,0.3271583318710327,0.990552552695623,0.7623898829501483,0.9915000700356372,1878.50390625,0.4586191177368164,0.0,0.3217427432537079
pali,flickr30k,final_quarter,False,2,0.2857142857142857,7,7,7,23,2.0,4096,0.001,True,1.25,1024,512,1200,0.6257201433181763,0.6205374501791084,0.6310974287305726,0.923828125,0.96142578125,0.00048828125,0.0380859375,0.24049705266952515,0.3852231204509735,0.06515413993914636,4040.507575410555,0.3442763388156891,0.3271583318710327,0.990552552695623,0.7623898829501483,0.9915000700356372,1878.50390625,0.4586191177368164,0.0,0.3217427432537079
pali,flickr30k,final_quarter,False,2,0.2857142857142857,7,7,7,23,2.0,4096,0.001,True,1.5,1024,512,1200,0.6257201433181763,0.6205374501791084,0.6310974287305726,0.4501953125,0.724853515625,0.000244140625,0.27490234375,0.24049705266952515,0.3852231204509735,0.06515413993914636,4040.507575410555,0.3442763388156891,0.3271583318710327,0.990552552695623,0.7623898829501483,0.9915000700356372,1878.50390625,0.4586191177368164,0.0,0.3217427432537079
pali,flickr30k,final_quarter,False,2,0.2857142857142857,7,7,7,23,4.0,4096,0.0003,False,1.1,1024,512,1200,0.167944073677063,0.16634511223674053,0.16980784831321216,0.164794921875,0.16845703125,0.0048828125,0.008544921875,0.06600532680749893,0.10193876177072525,0.8619515711146591,606.0450041213957,0.24087829887866974,0.38181859254837036,0.9956939310914756,0.9852282411547301,0.9934552524382614,624.13671875,0.15237712860107422,0.822509765625,0.23674489557743073
pali,flickr30k,final_quarter,False,2,0.2857142857142857,7,7,7,23,4.0,4096,0.0003,False,1.25,1024,512,1200,0.167944073677063,0.16634511223674053,0.16980784831321216,0.145751953125,0.15966796875,0.004150390625,0.01806640625,0.06600532680749893,0.10193876177072525,0.8619515711146591,606.0450041213957,0.24087829887866974,0.38181859254837036,0.9956939310914756,0.9852282411547301,0.9934552524382614,624.13671875,0.15237712860107422,0.822509765625,0.23674489557743073
pali,flickr30k,final_quarter,False,2,0.2857142857142857,7,7,7,23,4.0,4096,0.0003,False,1.5,1024,512,1200,0.167944073677063,0.16634511223674053,0.16980784831321216,0.045166015625,0.1103515625,0.003173828125,0.068359375,0.06600532680749893,0.10193876177072525,0.8619515711146591,606.0450041213957,0.24087829887866974,0.38181859254837036,0.9956939310914756,0.9852282411547301,0.9934552524382614,624.13671875,0.15237712860107422,0.822509765625,0.23674489557743073
pali,flickr30k,final_quarter,False,2,0.2857142857142857,7,7,7,23,4.0,4096,0.0003,True,1.1,1024,512,1200,0.6304334402084351,0.6251250634042662,0.6361874776659533,0.9814453125,0.989501953125,0.001220703125,0.00927734375,0.24185943603515625,0.3885740637779236,0.06619475200984408,4036.6011695999814,0.3491795063018799,0.3318425714969635,0.9940743879807891,0.7650226536325482,0.9924268472269692,1877.97265625,0.45848941802978516,0.0,0.32441243529319763
pali,flickr30k,final_quarter,False,2,0.2857142857142857,7,7,7,23,4.0,4096,0.0003,True,1.25,1024,512,1200,0.6304334402084351,0.6251250634042662,0.6361874776659533,0.9248046875,0.961669921875,0.000732421875,0.03759765625,0.24185943603515625,0.3885740637779236,0.06619475200984408,4036.6011695999814,0.3491795063018799,0.3318425714969635,0.9940743879807891,0.7650226536325482,0.9924268472269692,1877.97265625,0.45848941802978516,0.0,0.32441243529319763
pali,flickr30k,final_quarter,False,2,0.2857142857142857,7,7,7,23,4.0,4096,0.0003,True,1.5,1024,512,1200,0.6304334402084351,0.6251250634042662,0.6361874776659533,0.46630859375,0.73291015625,0.000244140625,0.266845703125,0.24185943603515625,0.3885740637779236,0.06619475200984408,4036.6011695999814,0.3491795063018799,0.3318425714969635,0.9940743879807891,0.7650226536325482,0.9924268472269692,1877.97265625,0.45848941802978516,0.0,0.32441243529319763
pali,flickr30k,final_quarter,False,2,0.2857142857142857,7,7,7,23,4.0,4096,0.001,False,1.1,1024,512,1200,0.16664046049118042,0.16506613852252486,0.16848364268735166,0.164794921875,0.168701171875,0.004638671875,0.008544921875,0.06545095145702362,0.1011894941329956,0.8613517093569948,602.9266494000863,0.23389281332492828,0.3774630129337311,0.9957250422729652,0.9852379946873289,0.9935575630063332,622.681640625,0.1520218849182129,0.822509765625,0.22916916012763977
pali,flickr30k,final_quarter,False,2,0.2857142857142857,7,7,7,23,4.0,4096,0.001,False,1.25,1024,512,1200,0.16664046049118042,0.16506613852252486,0.16848364268735166,0.145751953125,0.15966796875,0.004150390625,0.01806640625,0.06545095145702362,0.1011894941329956,0.8613517093569948,602.9266494000863,0.23389281332492828,0.3774630129337311,0.9957250422729652,0.9852379946873289,0.9935575630063332,622.681640625,0.1520218849182129,0.822509765625,0.22916916012763977
pali,flickr30k,final_quarter,False,2,0.2857142857142857,7,7,7,23,4.0,4096,0.001,False,1.5,1024,512,1200,0.16664046049118042,0.16506613852252486,0.16848364268735166,0.046142578125,0.11083984375,0.003173828125,0.06787109375,0.06545095145702362,0.1011894941329956,0.8613517093569948,602.9266494000863,0.23389281332492828,0.3774630129337311,0.9957250422729652,0.9852379946873289,0.9935575630063332,622.681640625,0.1520218849182129,0.822509765625,0.22916916012763977
pali,flickr30k,final_quarter,False,2,0.2857142857142857,7,7,7,23,4.0,4096,0.001,True,1.1,1024,512,1200,0.6257201433181763,0.6205374501791084,0.6310974287305726,0.98291015625,0.989501953125,0.001953125,0.008544921875,0.24049705266952515,0.3852231204509735,0.06515413993914636,4040.507575410555,0.3442763388156891,0.3271583318710327,0.990552552695623,0.7623898829501483,0.9915000700356372,1878.50390625,0.4586191177368164,0.0,0.3217427432537079
pali,flickr30k,final_quarter,False,2,0.2857142857142857,7,7,7,23,4.0,4096,0.001,True,1.25,1024,512,1200,0.6257201433181763,0.6205374501791084,0.6310974287305726,0.923828125,0.96142578125,0.00048828125,0.0380859375,0.24049705266952515,0.3852231204509735,0.06515413993914636,4040.507575410555,0.3442763388156891,0.3271583318710327,0.990552552695623,0.7623898829501483,0.9915000700356372,1878.50390625,0.4586191177368164,0.0,0.3217427432537079
pali,flickr30k,final_quarter,False,2,0.2857142857142857,7,7,7,23,4.0,4096,0.001,True,1.5,1024,512,1200,0.6257201433181763,0.6205374501791084,0.6310974287305726,0.4501953125,0.724853515625,0.000244140625,0.27490234375,0.24049705266952515,0.3852231204509735,0.06515413993914636,4040.507575410555,0.3442763388156891,0.3271583318710327,0.990552552695623,0.7623898829501483,0.9915000700356372,1878.50390625,0.4586191177368164,0.0,0.3217427432537079
pali,flickr30k,final_quarter,False,2,0.2857142857142857,7,7,7,37,2.0,4096,0.0003,False,1.1,1024,512,1200,0.171443372964859,0.1698494749933161,0.17325751698444947,0.166748046875,0.170166015625,0.005615234375,0.009033203125,0.06723635643720627,0.10420702397823334,0.8590543524197387,614.9211354838504,0.25032803416252136,0.38015875220298767,0.995724853772508,0.9853594035562645,0.9932419663668893,642.009765625,0.15674066543579102,0.820068359375,0.2460765540599823
pali,flickr30k,final_quarter,False,2,0.2857142857142857,7,7,7,37,2.0,4096,0.0003,False,1.25,1024,512,1200,0.171443372964859,0.1698494749933161,0.17325751698444947,0.148681640625,0.162109375,0.004638671875,0.01806640625,0.06723635643720627,0.10420702397823334,0.8590543524197387,614.9211354838504,0.25032803416252136,0.38015875220298767,0.995724853772508,0.9853594035562645,0.9932419663668893,642.009765625,0.15674066543579102,0.820068359375,0.2460765540599823
pali,flickr30k,final_quarter,False,2,0.2857142857142857,7,7,7,37,2.0,4096,0.0003,False,1.5,1024,512,1200,0.171443372964859,0.1698494749933161,0.17325751698444947,0.053955078125,0.115478515625,0.00390625,0.0654296875,0.06723635643720627,0.10420702397823334,0.8590543524197387,614.9211354838504,0.25032803416252136,0.38015875220298767,0.995724853772508,0.9853594035562645,0.9932419663668893,642.009765625,0.15674066543579102,0.820068359375,0.2460765540599823
pali,flickr30k,final_quarter,False,2,0.2857142857142857,7,7,7,37,2.0,4096,0.0003,True,1.1,1024,512,1200,0.6315699219703674,0.6264769500441616,0.6365293201321037,0.98193359375,0.989501953125,0.00146484375,0.009033203125,0.24228626489639282,0.3892836570739746,0.065985561338299,4038.039684912055,0.3622733950614929,0.33129027485847473,0.9938898531409646,0.7654531129428244,0.9912061867537382,1868.80078125,0.4562501907348633,0.0,0.3233242630958557
pali,flickr30k,final_quarter,False,2,0.2857142857142857,7,7,7,37,2.0,4096,0.0003,True,1.25,1024,512,1200,0.6315699219703674,0.6264769500441616,0.6365293201321037,0.9228515625,0.9609375,0.00048828125,0.03857421875,0.24228626489639282,0.3892836570739746,0.065985561338299,4038.039684912055,0.3622733950614929,0.33129027485847473,0.9938898531409646,0.7654531129428244,0.9912061867537382,1868.80078125,0.4562501907348633,0.0,0.3233242630958557
pali,flickr30k,final_quarter,False,2,0.2857142857142857,7,7,7,37,2.0,4096,0.0003,True,1.5,1024,512,1200,0.6315699219703674,0.6264769500441616,0.6365293201321037,0.455078125,0.7275390625,0.0,0.2724609375,0.24228626489639282,0.3892836570739746,0.065985561338299,4038.039684912055,0.3622733950614929,0.33129027485847473,0.9938898531409646,0.7654531129428244,0.9912061867537382,1868.80078125,0.4562501907348633,0.0,0.3233242630958557
pali,flickr30k,final_quarter,False,2,0.2857142857142857,7,7,7,37,2.0,4096,0.001,False,1.1,1024,512,1200,0.17020639777183533,0.16863006859930466,0.17197324430162553,0.167236328125,0.17041015625,0.005615234375,0.0087890625,0.06670437753200531,0.10350202769041061,0.8579465661703277,612.9313658705458,0.24300311505794525,0.378056138753891,0.99577533524987,0.985381870626764,0.9933910547618235,640.57421875,0.15639019012451172,0.820068359375,0.23816034197807312
pali,flickr30k,final_quarter,False,2,0.2857142857142857,7,7,7,37,2.0,4096,0.001,False,1.25,1024,512,1200,0.17020639777183533,0.16863006859930466,0.17197324430162553,0.149169921875,0.162353515625,0.004638671875,0.017822265625,0.06670437753200531,0.10350202769041061,0.8579465661703277,612.9313658705458,0.24300311505794525,0.378056138753891,0.99577533524987,0.985381870626764,0.9933910547618235,640.57421875,0.15639019012451172,0.820068359375,0.23816034197807312
pali,flickr30k,final_quarter,False,2,0.2857142857142857,7,7,7,37,2.0,4096,0.001,False,1.5,1024,512,1200,0.17020639777183533,0.16863006859930466,0.17197324430162553,0.055419921875,0.1162109375,0.00390625,0.064697265625,0.06670437753200531,0.10350202769041061,0.8579465661703277,612.9313658705458,0.24300311505794525,0.378056138753891,0.99577533524987,0.985381870626764,0.9933910547618235,640.57421875,0.15639019012451172,0.820068359375,0.23816034197807312
pali,flickr30k,final_quarter,False,2,0.2857142857142857,7,7,7,37,2.0,4096,0.001,True,1.1,1024,512,1200,0.6242892146110535,0.6190465785781271,0.6292489059240325,0.98388671875,0.989501953125,0.00244140625,0.008056640625,0.23969195783138275,0.3845973014831543,0.06751761966430612,4033.0133135751084,0.35922902822494507,0.3263739347457886,0.9943165445848948,0.7647189647076668,0.9913433159560621,1861.912109375,0.45456838607788086,0.0,0.31900450587272644
pali,flickr30k,final_quarter,False,2,0.2857142857142857,7,7,7,37,2.0,4096,0.001,True,1.25,1024,512,1200,0.6242892146110535,0.6190465785781271,0.6292489059240325,0.9296875,0.9638671875,0.0009765625,0.03515625,0.23969195783138275,0.3845973014831543,0.06751761966430612,4033.0133135751084,0.35922902822494507,0.3263739347457886,0.9943165445848948,0.7647189647076668,0.9913433159560621,1861.912109375,0.45456838607788086,0.0,0.31900450587272644
pali,flickr30k,final_quarter,False,2,0.2857142857142857,7,7,7,37,2.0,4096,0.001,True,1.5,1024,512,1200,0.6242892146110535,0.6190465785781271,0.6292489059240325,0.4462890625,0.72314453125,0.0,0.27685546875,0.23969195783138275,0.3845973014831543,0.06751761966430612,4033.0133135751084,0.35922902822494507,0.3263739347457886,0.9943165445848948,0.7647189647076668,0.9913433159560621,1861.912109375,0.45456838607788086,0.0,0.31900450587272644
pali,flickr30k,final_quarter,False,2,0.2857142857142857,7,7,7,37,4.0,4096,0.0003,False,1.1,1024,512,1200,0.171443372964859,0.1698494749933161,0.17325751698444947,0.166748046875,0.170166015625,0.005615234375,0.009033203125,0.06723635643720627,0.10420702397823334,0.8590543524197387,614.9211354838504,0.25032803416252136,0.38015875220298767,0.995724853772508,0.9853594035562645,0.9932419663668893,642.009765625,0.15674066543579102,0.820068359375,0.2460765540599823
pali,flickr30k,final_quarter,False,2,0.2857142857142857,7,7,7,37,4.0,4096,0.0003,False,1.25,1024,512,1200,0.171443372964859,0.1698494749933161,0.17325751698444947,0.148681640625,0.162109375,0.004638671875,0.01806640625,0.06723635643720627,0.10420702397823334,0.8590543524197387,614.9211354838504,0.25032803416252136,0.38015875220298767,0.995724853772508,0.9853594035562645,0.9932419663668893,642.009765625,0.15674066543579102,0.820068359375,0.2460765540599823
pali,flickr30k,final_quarter,False,2,0.2857142857142857,7,7,7,37,4.0,4096,0.0003,False,1.5,1024,512,1200,0.171443372964859,0.1698494749933161,0.17325751698444947,0.053955078125,0.115478515625,0.00390625,0.0654296875,0.06723635643720627,0.10420702397823334,0.8590543524197387,614.9211354838504,0.25032803416252136,0.38015875220298767,0.995724853772508,0.9853594035562645,0.9932419663668893,642.009765625,0.15674066543579102,0.820068359375,0.2460765540599823
pali,flickr30k,final_quarter,False,2,0.2857142857142857,7,7,7,37,4.0,4096,0.0003,True,1.1,1024,512,1200,0.6315699219703674,0.6264769500441616,0.6365293201321037,0.98193359375,0.989501953125,0.00146484375,0.009033203125,0.24228626489639282,0.3892836570739746,0.065985561338299,4038.039684912055,0.3622733950614929,0.33129027485847473,0.9938898531409646,0.7654531129428244,0.9912061867537382,1868.80078125,0.4562501907348633,0.0,0.3233242630958557
pali,flickr30k,final_quarter,False,2,0.2857142857142857,7,7,7,37,4.0,4096,0.0003,True,1.25,1024,512,1200,0.6315699219703674,0.6264769500441616,0.6365293201321037,0.9228515625,0.9609375,0.00048828125,0.03857421875,0.24228626489639282,0.3892836570739746,0.065985561338299,4038.039684912055,0.3622733950614929,0.33129027485847473,0.9938898531409646,0.7654531129428244,0.9912061867537382,1868.80078125,0.4562501907348633,0.0,0.3233242630958557
pali,flickr30k,final_quarter,False,2,0.2857142857142857,7,7,7,37,4.0,4096,0.0003,True,1.5,1024,512,1200,0.6315699219703674,0.6264769500441616,0.6365293201321037,0.455078125,0.7275390625,0.0,0.2724609375,0.24228626489639282,0.3892836570739746,0.065985561338299,4038.039684912055,0.3622733950614929,0.33129027485847473,0.9938898531409646,0.7654531129428244,0.9912061867537382,1868.80078125,0.4562501907348633,0.0,0.3233242630958557
pali,flickr30k,final_quarter,False,2,0.2857142857142857,7,7,7,37,4.0,4096,0.001,False,1.1,1024,512,1200,0.17020639777183533,0.16863006859930466,0.17197324430162553,0.167236328125,0.17041015625,0.005615234375,0.0087890625,0.06670437753200531,0.10350202769041061,0.8579465661703277,612.9313658705458,0.24300311505794525,0.378056138753891,0.99577533524987,0.985381870626764,0.9933910547618235,640.57421875,0.15639019012451172,0.820068359375,0.23816034197807312
pali,flickr30k,final_quarter,False,2,0.2857142857142857,7,7,7,37,4.0,4096,0.001,False,1.25,1024,512,1200,0.17020639777183533,0.16863006859930466,0.17197324430162553,0.149169921875,0.162353515625,0.004638671875,0.017822265625,0.06670437753200531,0.10350202769041061,0.8579465661703277,612.9313658705458,0.24300311505794525,0.378056138753891,0.99577533524987,0.985381870626764,0.9933910547618235,640.57421875,0.15639019012451172,0.820068359375,0.23816034197807312
pali,flickr30k,final_quarter,False,2,0.2857142857142857,7,7,7,37,4.0,4096,0.001,False,1.5,1024,512,1200,0.17020639777183533,0.16863006859930466,0.17197324430162553,0.055419921875,0.1162109375,0.00390625,0.064697265625,0.06670437753200531,0.10350202769041061,0.8579465661703277,612.9313658705458,0.24300311505794525,0.378056138753891,0.99577533524987,0.985381870626764,0.9933910547618235,640.57421875,0.15639019012451172,0.820068359375,0.23816034197807312
pali,flickr30k,final_quarter,False,2,0.2857142857142857,7,7,7,37,4.0,4096,0.001,True,1.1,1024,512,1200,0.6242892146110535,0.6190465785781271,0.6292489059240325,0.98388671875,0.989501953125,0.00244140625,0.008056640625,0.23969195783138275,0.3845973014831543,0.06751761966430612,4033.0133135751084,0.35922902822494507,0.3263739347457886,0.9943165445848948,0.7647189647076668,0.9913433159560621,1861.912109375,0.45456838607788086,0.0,0.31900450587272644
pali,flickr30k,final_quarter,False,2,0.2857142857142857,7,7,7,37,4.0,4096,0.001,True,1.25,1024,512,1200,0.6242892146110535,0.6190465785781271,0.6292489059240325,0.9296875,0.9638671875,0.0009765625,0.03515625,0.23969195783138275,0.3845973014831543,0.06751761966430612,4033.0133135751084,0.35922902822494507,0.3263739347457886,0.9943165445848948,0.7647189647076668,0.9913433159560621,1861.912109375,0.45456838607788086,0.0,0.31900450587272644
pali,flickr30k,final_quarter,False,2,0.2857142857142857,7,7,7,37,4.0,4096,0.001,True,1.5,1024,512,1200,0.6242892146110535,0.6190465785781271,0.6292489059240325,0.4462890625,0.72314453125,0.0,0.27685546875,0.23969195783138275,0.3845973014831543,0.06751761966430612,4033.0133135751084,0.35922902822494507,0.3263739347457886,0.9943165445848948,0.7647189647076668,0.9913433159560621,1861.912109375,0.45456838607788086,0.0,0.31900450587272644
pali,flickr30k,final_quarter,False,3,0.42857142857142855,11,11,11,11,2.0,4096,0.0003,False,1.1,1024,512,1200,0.2372341752052307,0.23472152433532756,0.23957181880323333,0.164794921875,0.165283203125,0.0078125,0.00830078125,0.095637246966362,0.1415969282388687,0.866057952736077,550.8642981140621,0.4322347939014435,0.4864979088306427,0.9953183188246635,0.9863713657391227,0.9907378423278049,647.46875,0.15807342529296875,0.82568359375,0.3958861231803894
pali,flickr30k,final_quarter,False,3,0.42857142857142855,11,11,11,11,2.0,4096,0.0003,False,1.25,1024,512,1200,0.2372341752052307,0.23472152433532756,0.23957181880323333,0.139404296875,0.153564453125,0.0068359375,0.02099609375,0.095637246966362,0.1415969282388687,0.866057952736077,550.8642981140621,0.4322347939014435,0.4864979088306427,0.9953183188246635,0.9863713657391227,0.9907378423278049,647.46875,0.15807342529296875,0.82568359375,0.3958861231803894
pali,flickr30k,final_quarter,False,3,0.42857142857142855,11,11,11,11,2.0,4096,0.0003,False,1.5,1024,512,1200,0.2372341752052307,0.23472152433532756,0.23957181880323333,0.024658203125,0.09765625,0.00537109375,0.078369140625,0.095637246966362,0.1415969282388687,0.866057952736077,550.8642981140621,0.4322347939014435,0.4864979088306427,0.9953183188246635,0.9863713657391227,0.9907378423278049,647.46875,0.15807342529296875,0.82568359375,0.3958861231803894
pali,flickr30k,final_quarter,False,3,0.42857142857142855,11,11,11,11,2.0,4096,0.0003,True,1.1,1024,512,1200,0.6698877811431885,0.664844627486309,0.6756119242723798,0.986328125,0.98876953125,0.00439453125,0.0068359375,0.26429808139801025,0.4055897295475006,0.06673049459234791,4023.4898292471853,0.3870235085487366,0.32641223073005676,0.988935119952277,0.7017675337603708,0.9937464158924421,1885.361328125,0.4602932929992676,0.0,0.322814404964447
pali,flickr30k,final_quarter,False,3,0.42857142857142855,11,11,11,11,2.0,4096,0.0003,True,1.25,1024,512,1200,0.6698877811431885,0.664844627486309,0.6756119242723798,0.91162109375,0.953125,0.002685546875,0.044189453125,0.26429808139801025,0.4055897295475006,0.06673049459234791,4023.4898292471853,0.3870235085487366,0.32641223073005676,0.988935119952277,0.7017675337603708,0.9937464158924421,1885.361328125,0.4602932929992676,0.0,0.322814404964447
pali,flickr30k,final_quarter,False,3,0.42857142857142855,11,11,11,11,2.0,4096,0.0003,True,1.5,1024,512,1200,0.6698877811431885,0.664844627486309,0.6756119242723798,0.2470703125,0.621337890625,0.002197265625,0.37646484375,0.26429808139801025,0.4055897295475006,0.06673049459234791,4023.4898292471853,0.3870235085487366,0.32641223073005676,0.988935119952277,0.7017675337603708,0.9937464158924421,1885.361328125,0.4602932929992676,0.0,0.322814404964447
pali,flickr30k,final_quarter,False,3,0.42857142857142855,11,11,11,11,2.0,4096,0.001,False,1.1,1024,512,1200,0.23637737333774567,0.23387714861237327,0.23869010883790906,0.165771484375,0.16552734375,0.008056640625,0.0078125,0.09524382650852203,0.14113354682922363,0.8650523091832781,540.5860450574654,0.4205531179904938,0.48011064529418945,0.9953445909176412,0.9863934831737385,0.9906408346184261,646.49609375,0.1578359603881836,0.82568359375,0.382514089345932
pali,flickr30k,final_quarter,False,3,0.42857142857142855,11,11,11,11,2.0,4096,0.001,False,1.25,1024,512,1200,0.23637737333774567,0.23387714861237327,0.23869010883790906,0.140869140625,0.154296875,0.0068359375,0.020263671875,0.09524382650852203,0.14113354682922363,0.8650523091832781,540.5860450574654,0.4205531179904938,0.48011064529418945,0.9953445909176412,0.9863934831737385,0.9906408346184261,646.49609375,0.1578359603881836,0.82568359375,0.382514089345932
pali,flickr30k,final_quarter,False,3,0.42857142857142855,11,11,11,11,2.0,4096,0.001,False,1.5,1024,512,1200,0.23637737333774567,0.23387714861237327,0.23869010883790906,0.027099609375,0.098876953125,0.00537109375,0.0771484375,0.09524382650852203,0.14113354682922363,0.8650523091832781,540.5860450574654,0.4205531179904938,0.48011064529418945,0.9953445909176412,0.9863934831737385,0.9906408346184261,646.49609375,0.1578359603881836,0.82568359375,0.382514089345932
pali,flickr30k,final_quarter,False,3,0.42857142857142855,11,11,11,11,2.0,4096,0.001,True,1.1,1024,512,1200,0.6660643219947815,0.6611549703433411,0.6717260092118522,0.9833984375,0.98681640625,0.0048828125,0.00830078125,0.2639319896697998,0.4021323323249817,0.06700975413625272,4023.9601525145686,0.3772500157356262,0.3232952654361725,0.9849617557175596,0.6977180640661729,0.9938341410322137,1883.478515625,0.45983362197875977,0.0,0.32017987966537476
pali,flickr30k,final_quarter,False,3,0.42857142857142855,11,11,11,11,2.0,4096,0.001,True,1.25,1024,512,1200,0.6660643219947815,0.6611549703433411,0.6717260092118522,0.892578125,0.9423828125,0.00390625,0.0537109375,0.2639319896697998,0.4021323323249817,0.06700975413625272,4023.9601525145686,0.3772500157356262,0.3232952654361725,0.9849617557175596,0.6977180640661729,0.9938341410322137,1883.478515625,0.45983362197875977,0.0,0.32017987966537476
pali,flickr30k,final_quarter,False,3,0.42857142857142855,11,11,11,11,2.0,4096,0.001,True,1.5,1024,512,1200,0.6660643219947815,0.6611549703433411,0.6717260092118522,0.2138671875,0.60400390625,0.0029296875,0.39306640625,0.2639319896697998,0.4021323323249817,0.06700975413625272,4023.9601525145686,0.3772500157356262,0.3232952654361725,0.9849617557175596,0.6977180640661729,0.9938341410322137,1883.478515625,0.45983362197875977,0.0,0.32017987966537476
pali,flickr30k,final_quarter,False,3,0.42857142857142855,11,11,11,11,4.0,4096,0.0003,False,1.1,1024,512,1200,0.2372341752052307,0.23472152433532756,0.23957181880323333,0.164794921875,0.165283203125,0.0078125,0.00830078125,0.095637246966362,0.1415969282388687,0.866057952736077,550.8642981140621,0.4322347939014435,0.4864979088306427,0.9953183188246635,0.9863713657391227,0.9907378423278049,647.46875,0.15807342529296875,0.82568359375,0.3958861231803894
pali,flickr30k,final_quarter,False,3,0.42857142857142855,11,11,11,11,4.0,4096,0.0003,False,1.25,1024,512,1200,0.2372341752052307,0.23472152433532756,0.23957181880323333,0.139404296875,0.153564453125,0.0068359375,0.02099609375,0.095637246966362,0.1415969282388687,0.866057952736077,550.8642981140621,0.4322347939014435,0.4864979088306427,0.9953183188246635,0.9863713657391227,0.9907378423278049,647.46875,0.15807342529296875,0.82568359375,0.3958861231803894
pali,flickr30k,final_quarter,False,3,0.42857142857142855,11,11,11,11,4.0,4096,0.0003,False,1.5,1024,512,1200,0.2372341752052307,0.23472152433532756,0.23957181880323333,0.024658203125,0.09765625,0.00537109375,0.078369140625,0.095637246966362,0.1415969282388687,0.866057952736077,550.8642981140621,0.4322347939014435,0.4864979088306427,0.9953183188246635,0.9863713657391227,0.9907378423278049,647.46875,0.15807342529296875,0.82568359375,0.3958861231803894
pali,flickr30k,final_quarter,False,3,0.42857142857142855,11,11,11,11,4.0,4096,0.0003,True,1.1,1024,512,1200,0.6698877811431885,0.664844627486309,0.6756119242723798,0.986328125,0.98876953125,0.00439453125,0.0068359375,0.26429808139801025,0.4055897295475006,0.06673049459234791,4023.4898292471853,0.3870235085487366,0.32641223073005676,0.988935119952277,0.7017675337603708,0.9937464158924421,1885.361328125,0.4602932929992676,0.0,0.322814404964447
pali,flickr30k,final_quarter,False,3,0.42857142857142855,11,11,11,11,4.0,4096,0.0003,True,1.25,1024,512,1200,0.6698877811431885,0.664844627486309,0.6756119242723798,0.91162109375,0.953125,0.002685546875,0.044189453125,0.26429808139801025,0.4055897295475006,0.06673049459234791,4023.4898292471853,0.3870235085487366,0.32641223073005676,0.988935119952277,0.7017675337603708,0.9937464158924421,1885.361328125,0.4602932929992676,0.0,0.322814404964447
pali,flickr30k,final_quarter,False,3,0.42857142857142855,11,11,11,11,4.0,4096,0.0003,True,1.5,1024,512,1200,0.6698877811431885,0.664844627486309,0.6756119242723798,0.2470703125,0.621337890625,0.002197265625,0.37646484375,0.26429808139801025,0.4055897295475006,0.06673049459234791,4023.4898292471853,0.3870235085487366,0.32641223073005676,0.988935119952277,0.7017675337603708,0.9937464158924421,1885.361328125,0.4602932929992676,0.0,0.322814404964447
pali,flickr30k,final_quarter,False,3,0.42857142857142855,11,11,11,11,4.0,4096,0.001,False,1.1,1024,512,1200,0.23637737333774567,0.23387714861237327,0.23869010883790906,0.165771484375,0.16552734375,0.008056640625,0.0078125,0.09524382650852203,0.14113354682922363,0.8650523091832781,540.5860450574654,0.4205531179904938,0.48011064529418945,0.9953445909176412,0.9863934831737385,0.9906408346184261,646.49609375,0.1578359603881836,0.82568359375,0.382514089345932
pali,flickr30k,final_quarter,False,3,0.42857142857142855,11,11,11,11,4.0,4096,0.001,False,1.25,1024,512,1200,0.23637737333774567,0.23387714861237327,0.23869010883790906,0.140869140625,0.154296875,0.0068359375,0.020263671875,0.09524382650852203,0.14113354682922363,0.8650523091832781,540.5860450574654,0.4205531179904938,0.48011064529418945,0.9953445909176412,0.9863934831737385,0.9906408346184261,646.49609375,0.1578359603881836,0.82568359375,0.382514089345932
pali,flickr30k,final_quarter,False,3,0.42857142857142855,11,11,11,11,4.0,4096,0.001,False,1.5,1024,512,1200,0.23637737333774567,0.23387714861237327,0.23869010883790906,0.027099609375,0.098876953125,0.00537109375,0.0771484375,0.09524382650852203,0.14113354682922363,0.8650523091832781,540.5860450574654,0.4205531179904938,0.48011064529418945,0.9953445909176412,0.9863934831737385,0.9906408346184261,646.49609375,0.1578359603881836,0.82568359375,0.382514089345932
pali,flickr30k,final_quarter,False,3,0.42857142857142855,11,11,11,11,4.0,4096,0.001,True,1.1,1024,512,1200,0.6660643219947815,0.6611549703433411,0.6717260092118522,0.9833984375,0.98681640625,0.0048828125,0.00830078125,0.2639319896697998,0.4021323323249817,0.06700975413625272,4023.9601525145686,0.3772500157356262,0.3232952654361725,0.9849617557175596,0.6977180640661729,0.9938341410322137,1883.478515625,0.45983362197875977,0.0,0.32017987966537476
pali,flickr30k,final_quarter,False,3,0.42857142857142855,11,11,11,11,4.0,4096,0.001,True,1.25,1024,512,1200,0.6660643219947815,0.6611549703433411,0.6717260092118522,0.892578125,0.9423828125,0.00390625,0.0537109375,0.2639319896697998,0.4021323323249817,0.06700975413625272,4023.9601525145686,0.3772500157356262,0.3232952654361725,0.9849617557175596,0.6977180640661729,0.9938341410322137,1883.478515625,0.45983362197875977,0.0,0.32017987966537476
pali,flickr30k,final_quarter,False,3,0.42857142857142855,11,11,11,11,4.0,4096,0.001,True,1.5,1024,512,1200,0.6660643219947815,0.6611549703433411,0.6717260092118522,0.2138671875,0.60400390625,0.0029296875,0.39306640625,0.2639319896697998,0.4021323323249817,0.06700975413625272,4023.9601525145686,0.3772500157356262,0.3232952654361725,0.9849617557175596,0.6977180640661729,0.9938341410322137,1883.478515625,0.45983362197875977,0.0,0.32017987966537476
pali,flickr30k,final_quarter,False,3,0.42857142857142855,11,11,11,23,2.0,4096,0.0003,False,1.1,1024,512,1200,0.23718860745429993,0.23513965158417705,0.23991767569386865,0.163330078125,0.1630859375,0.007568359375,0.00732421875,0.09526129066944122,0.1419273018836975,0.8650785092199695,528.9346123689164,0.4176083505153656,0.4894222617149353,0.9953034616907787,0.9863771553925803,0.9911296745564274,637.59375,0.15566253662109375,0.828857421875,0.38553833961486816
pali,flickr30k,final_quarter,False,3,0.42857142857142855,11,11,11,23,2.0,4096,0.0003,False,1.25,1024,512,1200,0.23718860745429993,0.23513965158417705,0.23991767569386865,0.139404296875,0.151611328125,0.007080078125,0.019287109375,0.09526129066944122,0.1419273018836975,0.8650785092199695,528.9346123689164,0.4176083505153656,0.4894222617149353,0.9953034616907787,0.9863771553925803,0.9911296745564274,637.59375,0.15566253662109375,0.828857421875,0.38553833961486816
pali,flickr30k,final_quarter,False,3,0.42857142857142855,11,11,11,23,2.0,4096,0.0003,False,1.5,1024,512,1200,0.23718860745429993,0.23513965158417705,0.23991767569386865,0.025634765625,0.094970703125,0.0068359375,0.076171875,0.09526129066944122,0.1419273018836975,0.8650785092199695,528.9346123689164,0.4176083505153656,0.4894222617149353,0.9953034616907787,0.9863771553925803,0.9911296745564274,637.59375,0.15566253662109375,0.828857421875,0.38553833961486816
pali,flickr30k,final_quarter,False,3,0.42857142857142855,11,11,11,23,2.0,4096,0.0003,True,1.1,1024,512,1200,0.668541669845581,0.6637225652375491,0.6742612474947236,0.97998046875,0.98388671875,0.006103515625,0.010009765625,0.2636529505252838,0.40488868951797485,0.06534207545593128,4034.6067233791323,0.3907223045825958,0.32818374037742615,0.9942666652403758,0.7057441046175741,0.9870798808280825,1887.478515625,0.46081018447875977,0.0,0.32284459471702576
pali,flickr30k,final_quarter,False,3,0.42857142857142855,11,11,11,23,2.0,4096,0.0003,True,1.25,1024,512,1200,0.668541669845581,0.6637225652375491,0.6742612474947236,0.89453125,0.943359375,0.00390625,0.052734375,0.2636529505252838,0.40488868951797485,0.06534207545593128,4034.6067233791323,0.3907223045825958,0.32818374037742615,0.9942666652403758,0.7057441046175741,0.9870798808280825,1887.478515625,0.46081018447875977,0.0,0.32284459471702576
pali,flickr30k,final_quarter,False,3,0.42857142857142855,11,11,11,23,2.0,4096,0.0003,True,1.5,1024,512,1200,0.668541669845581,0.6637225652375491,0.6742612474947236,0.2568359375,0.625244140625,0.003173828125,0.37158203125,0.2636529505252838,0.40488868951797485,0.06534207545593128,4034.6067233791323,0.3907223045825958,0.32818374037742615,0.9942666652403758,0.7057441046175741,0.9870798808280825,1887.478515625,0.46081018447875977,0.0,0.32284459471702576
pali,flickr30k,final_quarter,False,3,0.42857142857142855,11,11,11,23,2.0,4096,0.001,False,1.1,1024,512,1200,0.23618537187576294,0.23414590424654308,0.23888840186336893,0.163818359375,0.163330078125,0.007568359375,0.007080078125,0.09478773176670074,0.141397625207901,0.8640322448437873,518.378015603214,0.40661731362342834,0.48426344990730286,0.9953296495178428,0.9863986176248786,0.9911466189275152,636.83203125,0.15547657012939453,0.828857421875,0.3734164237976074
pali,flickr30k,final_quarter,False,3,0.42857142857142855,11,11,11,23,2.0,4096,0.001,False,1.25,1024,512,1200,0.23618537187576294,0.23414590424654308,0.23888840186336893,0.139404296875,0.151611328125,0.007080078125,0.019287109375,0.09478773176670074,0.141397625207901,0.8640322448437873,518.378015603214,0.40661731362342834,0.48426344990730286,0.9953296495178428,0.9863986176248786,0.9911466189275152,636.83203125,0.15547657012939453,0.828857421875,0.3734164237976074
pali,flickr30k,final_quarter,False,3,0.42857142857142855,11,11,11,23,2.0,4096,0.001,False,1.5,1024,512,1200,0.23618537187576294,0.23414590424654308,0.23888840186336893,0.027587890625,0.095947265625,0.0068359375,0.0751953125,0.09478773176670074,0.141397625207901,0.8640322448437873,518.378015603214,0.40661731362342834,0.48426344990730286,0.9953296495178428,0.9863986176248786,0.9911466189275152,636.83203125,0.15547657012939453,0.828857421875,0.3734164237976074
pali,flickr30k,final_quarter,False,3,0.42857142857142855,11,11,11,23,2.0,4096,0.001,True,1.1,1024,512,1200,0.664089560508728,0.6591306336820708,0.6697960961915669,0.9814453125,0.984375,0.00634765625,0.00927734375,0.26246243715286255,0.40162721276283264,0.06630157819757775,4029.031260393709,0.37582433223724365,0.3222525715827942,0.9937098190970665,0.7037921963445465,0.9889912931034027,1882.767578125,0.45966005325317383,0.0,0.31835561990737915
pali,flickr30k,final_quarter,False,3,0.42857142857142855,11,11,11,23,2.0,4096,0.001,True,1.25,1024,512,1200,0.664089560508728,0.6591306336820708,0.6697960961915669,0.8896484375,0.940673828125,0.004150390625,0.05517578125,0.26246243715286255,0.40162721276283264,0.06630157819757775,4029.031260393709,0.37582433223724365,0.3222525715827942,0.9937098190970665,0.7037921963445465,0.9889912931034027,1882.767578125,0.45966005325317383,0.0,0.31835561990737915
pali,flickr30k,final_quarter,False,3,0.42857142857142855,11,11,11,23,2.0,4096,0.001,True,1.5,1024,512,1200,0.664089560508728,0.6591306336820708,0.6697960961915669,0.24462890625,0.619384765625,0.0029296875,0.377685546875,0.26246243715286255,0.40162721276283264,0.06630157819757775,4029.031260393709,0.37582433223724365,0.3222525715827942,0.9937098190970665,0.7037921963445465,0.9889912931034027,1882.767578125,0.45966005325317383,0.0,0.31835561990737915
pali,flickr30k,final_quarter,False,3,0.42857142857142855,11,11,11,23,4.0,4096,0.0003,False,1.1,1024,512,1200,0.23718860745429993,0.23513965158417705,0.23991767569386865,0.163330078125,0.1630859375,0.007568359375,0.00732421875,0.09526129066944122,0.1419273018836975,0.8650785092199695,528.9346123689164,0.4176083505153656,0.4894222617149353,0.9953034616907787,0.9863771553925803,0.9911296745564274,637.59375,0.15566253662109375,0.828857421875,0.38553833961486816
pali,flickr30k,final_quarter,False,3,0.42857142857142855,11,11,11,23,4.0,4096,0.0003,False,1.25,1024,512,1200,0.23718860745429993,0.23513965158417705,0.23991767569386865,0.139404296875,0.151611328125,0.007080078125,0.019287109375,0.09526129066944122,0.1419273018836975,0.8650785092199695,528.9346123689164,0.4176083505153656,0.4894222617149353,0.9953034616907787,0.9863771553925803,0.9911296745564274,637.59375,0.15566253662109375,0.828857421875,0.38553833961486816
pali,flickr30k,final_quarter,False,3,0.42857142857142855,11,11,11,23,4.0,4096,0.0003,False,1.5,1024,512,1200,0.23718860745429993,0.23513965158417705,0.23991767569386865,0.025634765625,0.094970703125,0.0068359375,0.076171875,0.09526129066944122,0.1419273018836975,0.8650785092199695,528.9346123689164,0.4176083505153656,0.4894222617149353,0.9953034616907787,0.9863771553925803,0.9911296745564274,637.59375,0.15566253662109375,0.828857421875,0.38553833961486816
pali,flickr30k,final_quarter,False,3,0.42857142857142855,11,11,11,23,4.0,4096,0.0003,True,1.1,1024,512,1200,0.668541669845581,0.6637225652375491,0.6742612474947236,0.97998046875,0.98388671875,0.006103515625,0.010009765625,0.2636529505252838,0.40488868951797485,0.06534207545593128,4034.6067233791323,0.3907223045825958,0.32818374037742615,0.9942666652403758,0.7057441046175741,0.9870798808280825,1887.478515625,0.46081018447875977,0.0,0.32284459471702576
pali,flickr30k,final_quarter,False,3,0.42857142857142855,11,11,11,23,4.0,4096,0.0003,True,1.25,1024,512,1200,0.668541669845581,0.6637225652375491,0.6742612474947236,0.89453125,0.943359375,0.00390625,0.052734375,0.2636529505252838,0.40488868951797485,0.06534207545593128,4034.6067233791323,0.3907223045825958,0.32818374037742615,0.9942666652403758,0.7057441046175741,0.9870798808280825,1887.478515625,0.46081018447875977,0.0,0.32284459471702576
pali,flickr30k,final_quarter,False,3,0.42857142857142855,11,11,11,23,4.0,4096,0.0003,True,1.5,1024,512,1200,0.668541669845581,0.6637225652375491,0.6742612474947236,0.2568359375,0.625244140625,0.003173828125,0.37158203125,0.2636529505252838,0.40488868951797485,0.06534207545593128,4034.6067233791323,0.3907223045825958,0.32818374037742615,0.9942666652403758,0.7057441046175741,0.9870798808280825,1887.478515625,0.46081018447875977,0.0,0.32284459471702576
pali,flickr30k,final_quarter,False,3,0.42857142857142855,11,11,11,23,4.0,4096,0.001,False,1.1,1024,512,1200,0.23618537187576294,0.23414590424654308,0.23888840186336893,0.163818359375,0.163330078125,0.007568359375,0.007080078125,0.09478773176670074,0.141397625207901,0.8640322448437873,518.378015603214,0.40661731362342834,0.48426344990730286,0.9953296495178428,0.9863986176248786,0.9911466189275152,636.83203125,0.15547657012939453,0.828857421875,0.3734164237976074
pali,flickr30k,final_quarter,False,3,0.42857142857142855,11,11,11,23,4.0,4096,0.001,False,1.25,1024,512,1200,0.23618537187576294,0.23414590424654308,0.23888840186336893,0.139404296875,0.151611328125,0.007080078125,0.019287109375,0.09478773176670074,0.141397625207901,0.8640322448437873,518.378015603214,0.40661731362342834,0.48426344990730286,0.9953296495178428,0.9863986176248786,0.9911466189275152,636.83203125,0.15547657012939453,0.828857421875,0.3734164237976074
pali,flickr30k,final_quarter,False,3,0.42857142857142855,11,11,11,23,4.0,4096,0.001,False,1.5,1024,512,1200,0.23618537187576294,0.23414590424654308,0.23888840186336893,0.027587890625,0.095947265625,0.0068359375,0.0751953125,0.09478773176670074,0.141397625207901,0.8640322448437873,518.378015603214,0.40661731362342834,0.48426344990730286,0.9953296495178428,0.9863986176248786,0.9911466189275152,636.83203125,0.15547657012939453,0.828857421875,0.3734164237976074
pali,flickr30k,final_quarter,False,3,0.42857142857142855,11,11,11,23,4.0,4096,0.001,True,1.1,1024,512,1200,0.664089560508728,0.6591306336820708,0.6697960961915669,0.9814453125,0.984375,0.00634765625,0.00927734375,0.26246243715286255,0.40162721276283264,0.06630157819757775,4029.031260393709,0.37582433223724365,0.3222525715827942,0.9937098190970665,0.7037921963445465,0.9889912931034027,1882.767578125,0.45966005325317383,0.0,0.31835561990737915
pali,flickr30k,final_quarter,False,3,0.42857142857142855,11,11,11,23,4.0,4096,0.001,True,1.25,1024,512,1200,0.664089560508728,0.6591306336820708,0.6697960961915669,0.8896484375,0.940673828125,0.004150390625,0.05517578125,0.26246243715286255,0.40162721276283264,0.06630157819757775,4029.031260393709,0.37582433223724365,0.3222525715827942,0.9937098190970665,0.7037921963445465,0.9889912931034027,1882.767578125,0.45966005325317383,0.0,0.31835561990737915
pali,flickr30k,final_quarter,False,3,0.42857142857142855,11,11,11,23,4.0,4096,0.001,True,1.5,1024,512,1200,0.664089560508728,0.6591306336820708,0.6697960961915669,0.24462890625,0.619384765625,0.0029296875,0.377685546875,0.26246243715286255,0.40162721276283264,0.06630157819757775,4029.031260393709,0.37582433223724365,0.3222525715827942,0.9937098190970665,0.7037921963445465,0.9889912931034027,1882.767578125,0.45966005325317383,0.0,0.31835561990737915
pali,flickr30k,final_quarter,False,3,0.42857142857142855,11,11,11,37,2.0,4096,0.0003,False,1.1,1024,512,1200,0.23712670803070068,0.23456907986474107,0.2395799212194106,0.17236328125,0.168701171875,0.010986328125,0.00732421875,0.09509315341711044,0.14203354716300964,0.8636658083099683,554.4931323498611,0.4201735258102417,0.4926864206790924,0.9954623275154004,0.9864717571974145,0.9912075690974483,656.65625,0.16031646728515625,0.822021484375,0.3903971016407013
pali,flickr30k,final_quarter,False,3,0.42857142857142855,11,11,11,37,2.0,4096,0.0003,False,1.25,1024,512,1200,0.23712670803070068,0.23456907986474107,0.2395799212194106,0.15283203125,0.160400390625,0.009521484375,0.01708984375,0.09509315341711044,0.14203354716300964,0.8636658083099683,554.4931323498611,0.4201735258102417,0.4926864206790924,0.9954623275154004,0.9864717571974145,0.9912075690974483,656.65625,0.16031646728515625,0.822021484375,0.3903971016407013
pali,flickr30k,final_quarter,False,3,0.42857142857142855,11,11,11,37,2.0,4096,0.0003,False,1.5,1024,512,1200,0.23712670803070068,0.23456907986474107,0.2395799212194106,0.033203125,0.101806640625,0.00830078125,0.076904296875,0.09509315341711044,0.14203354716300964,0.8636658083099683,554.4931323498611,0.4201735258102417,0.4926864206790924,0.9954623275154004,0.9864717571974145,0.9912075690974483,656.65625,0.16031646728515625,0.822021484375,0.3903971016407013
pali,flickr30k,final_quarter,False,3,0.42857142857142855,11,11,11,37,2.0,4096,0.0003,True,1.1,1024,512,1200,0.6675750017166138,0.6623894936725264,0.6729657392424997,0.9814453125,0.986083984375,0.004638671875,0.00927734375,0.2632836103439331,0.40429139137268066,0.06548420952089169,4032.4078706739288,0.40083304047584534,0.3312608003616333,0.9953257258712382,0.706625365419435,0.9917491858290527,1898.69140625,0.4635477066040039,0.0,0.32589977979660034
pali,flickr30k,final_quarter,False,3,0.42857142857142855,11,11,11,37,2.0,4096,0.0003,True,1.25,1024,512,1200,0.6675750017166138,0.6623894936725264,0.6729657392424997,0.89013671875,0.941650390625,0.00341796875,0.054931640625,0.2632836103439331,0.40429139137268066,0.06548420952089169,4032.4078706739288,0.40083304047584534,0.3312608003616333,0.9953257258712382,0.706625365419435,0.9917491858290527,1898.69140625,0.4635477066040039,0.0,0.32589977979660034
pali,flickr30k,final_quarter,False,3,0.42857142857142855,11,11,11,37,2.0,4096,0.0003,True,1.5,1024,512,1200,0.6675750017166138,0.6623894936725264,0.6729657392424997,0.259765625,0.6279296875,0.001953125,0.3701171875,0.2632836103439331,0.40429139137268066,0.06548420952089169,4032.4078706739288,0.40083304047584534,0.3312608003616333,0.9953257258712382,0.706625365419435,0.9917491858290527,1898.69140625,0.4635477066040039,0.0,0.32589977979660034
pali,flickr30k,final_quarter,False,3,0.42857142857142855,11,11,11,37,2.0,4096,0.001,False,1.1,1024,512,1200,0.23620113730430603,0.23367026361374882,0.23862743154822966,0.171875,0.16845703125,0.010986328125,0.007568359375,0.0946759283542633,0.14152520895004272,0.8623458427365828,544.4924367498389,0.4082832634449005,0.48694586753845215,0.995506741357352,0.9865020062852614,0.9910945392412027,655.9453125,0.1601428985595703,0.822021484375,0.3774055540561676
pali,flickr30k,final_quarter,False,3,0.42857142857142855,11,11,11,37,2.0,4096,0.001,False,1.25,1024,512,1200,0.23620113730430603,0.23367026361374882,0.23862743154822966,0.15283203125,0.160400390625,0.009521484375,0.01708984375,0.0946759283542633,0.14152520895004272,0.8623458427365828,544.4924367498389,0.4082832634449005,0.48694586753845215,0.995506741357352,0.9865020062852614,0.9910945392412027,655.9453125,0.1601428985595703,0.822021484375,0.3774055540561676
pali,flickr30k,final_quarter,False,3,0.42857142857142855,11,11,11,37,2.0,4096,0.001,False,1.5,1024,512,1200,0.23620113730430603,0.23367026361374882,0.23862743154822966,0.0361328125,0.103271484375,0.00830078125,0.075439453125,0.0946759283542633,0.14152520895004272,0.8623458427365828,544.4924367498389,0.4082832634449005,0.48694586753845215,0.995506741357352,0.9865020062852614,0.9910945392412027,655.9453125,0.1601428985595703,0.822021484375,0.3774055540561676
pali,flickr30k,final_quarter,False,3,0.42857142857142855,11,11,11,37,2.0,4096,0.001,True,1.1,1024,512,1200,0.6577643156051636,0.6527419228863437,0.6630735717626521,0.98486328125,0.9873046875,0.005126953125,0.007568359375,0.2593277096748352,0.39843660593032837,0.06600621511606579,4031.876775453291,0.3905872106552124,0.32585790753364563,0.9943499249640877,0.7060313063798178,0.9910215386051948,1892.068359375,0.4619307518005371,0.0,0.32002800703048706
pali,flickr30k,final_quarter,False,3,0.42857142857142855,11,11,11,37,2.0,4096,0.001,True,1.25,1024,512,1200,0.6577643156051636,0.6527419228863437,0.6630735717626521,0.89111328125,0.942626953125,0.0029296875,0.054443359375,0.2593277096748352,0.39843660593032837,0.06600621511606579,4031.876775453291,0.3905872106552124,0.32585790753364563,0.9943499249640877,0.7060313063798178,0.9910215386051948,1892.068359375,0.4619307518005371,0.0,0.32002800703048706
pali,flickr30k,final_quarter,False,3,0.42857142857142855,11,11,11,37,2.0,4096,0.001,True,1.5,1024,512,1200,0.6577643156051636,0.6527419228863437,0.6630735717626521,0.2509765625,0.623291015625,0.002197265625,0.37451171875,0.2593277096748352,0.39843660593032837,0.06600621511606579,4031.876775453291,0.3905872106552124,0.32585790753364563,0.9943499249640877,0.7060313063798178,0.9910215386051948,1892.068359375,0.4619307518005371,0.0,0.32002800703048706
pali,flickr30k,final_quarter,False,3,0.42857142857142855,11,11,11,37,4.0,4096,0.0003,False,1.1,1024,512,1200,0.23712670803070068,0.23456907986474107,0.2395799212194106,0.17236328125,0.168701171875,0.010986328125,0.00732421875,0.09509315341711044,0.14203354716300964,0.8636658083099683,554.4931323498611,0.4201735258102417,0.4926864206790924,0.9954623275154004,0.9864717571974145,0.9912075690974483,656.65625,0.16031646728515625,0.822021484375,0.3903971016407013
pali,flickr30k,final_quarter,False,3,0.42857142857142855,11,11,11,37,4.0,4096,0.0003,False,1.25,1024,512,1200,0.23712670803070068,0.23456907986474107,0.2395799212194106,0.15283203125,0.160400390625,0.009521484375,0.01708984375,0.09509315341711044,0.14203354716300964,0.8636658083099683,554.4931323498611,0.4201735258102417,0.4926864206790924,0.9954623275154004,0.9864717571974145,0.9912075690974483,656.65625,0.16031646728515625,0.822021484375,0.3903971016407013
pali,flickr30k,final_quarter,False,3,0.42857142857142855,11,11,11,37,4.0,4096,0.0003,False,1.5,1024,512,1200,0.23712670803070068,0.23456907986474107,0.2395799212194106,0.033203125,0.101806640625,0.00830078125,0.076904296875,0.09509315341711044,0.14203354716300964,0.8636658083099683,554.4931323498611,0.4201735258102417,0.4926864206790924,0.9954623275154004,0.9864717571974145,0.9912075690974483,656.65625,0.16031646728515625,0.822021484375,0.3903971016407013
pali,flickr30k,final_quarter,False,3,0.42857142857142855,11,11,11,37,4.0,4096,0.0003,True,1.1,1024,512,1200,0.6675750017166138,0.6623894936725264,0.6729657392424997,0.9814453125,0.986083984375,0.004638671875,0.00927734375,0.2632836103439331,0.40429139137268066,0.06548420952089169,4032.4078706739288,0.40083304047584534,0.3312608003616333,0.9953257258712382,0.706625365419435,0.9917491858290527,1898.69140625,0.4635477066040039,0.0,0.32589977979660034
pali,flickr30k,final_quarter,False,3,0.42857142857142855,11,11,11,37,4.0,4096,0.0003,True,1.25,1024,512,1200,0.6675750017166138,0.6623894936725264,0.6729657392424997,0.89013671875,0.941650390625,0.00341796875,0.054931640625,0.2632836103439331,0.40429139137268066,0.06548420952089169,4032.4078706739288,0.40083304047584534,0.3312608003616333,0.9953257258712382,0.706625365419435,0.9917491858290527,1898.69140625,0.4635477066040039,0.0,0.32589977979660034
pali,flickr30k,final_quarter,False,3,0.42857142857142855,11,11,11,37,4.0,4096,0.0003,True,1.5,1024,512,1200,0.6675750017166138,0.6623894936725264,0.6729657392424997,0.259765625,0.6279296875,0.001953125,0.3701171875,0.2632836103439331,0.40429139137268066,0.06548420952089169,4032.4078706739288,0.40083304047584534,0.3312608003616333,0.9953257258712382,0.706625365419435,0.9917491858290527,1898.69140625,0.4635477066040039,0.0,0.32589977979660034
pali,flickr30k,final_quarter,False,3,0.42857142857142855,11,11,11,37,4.0,4096,0.001,False,1.1,1024,512,1200,0.23620113730430603,0.23367026361374882,0.23862743154822966,0.171875,0.16845703125,0.010986328125,0.007568359375,0.0946759283542633,0.14152520895004272,0.8623458427365828,544.4924367498389,0.4082832634449005,0.48694586753845215,0.995506741357352,0.9865020062852614,0.9910945392412027,655.9453125,0.1601428985595703,0.822021484375,0.3774055540561676
pali,flickr30k,final_quarter,False,3,0.42857142857142855,11,11,11,37,4.0,4096,0.001,False,1.25,1024,512,1200,0.23620113730430603,0.23367026361374882,0.23862743154822966,0.15283203125,0.160400390625,0.009521484375,0.01708984375,0.0946759283542633,0.14152520895004272,0.8623458427365828,544.4924367498389,0.4082832634449005,0.48694586753845215,0.995506741357352,0.9865020062852614,0.9910945392412027,655.9453125,0.1601428985595703,0.822021484375,0.3774055540561676
pali,flickr30k,final_quarter,False,3,0.42857142857142855,11,11,11,37,4.0,4096,0.001,False,1.5,1024,512,1200,0.23620113730430603,0.23367026361374882,0.23862743154822966,0.0361328125,0.103271484375,0.00830078125,0.075439453125,0.0946759283542633,0.14152520895004272,0.8623458427365828,544.4924367498389,0.4082832634449005,0.48694586753845215,0.995506741357352,0.9865020062852614,0.9910945392412027,655.9453125,0.1601428985595703,0.822021484375,0.3774055540561676
pali,flickr30k,final_quarter,False,3,0.42857142857142855,11,11,11,37,4.0,4096,0.001,True,1.1,1024,512,1200,0.6577643156051636,0.6527419228863437,0.6630735717626521,0.98486328125,0.9873046875,0.005126953125,0.007568359375,0.2593277096748352,0.39843660593032837,0.06600621511606579,4031.876775453291,0.3905872106552124,0.32585790753364563,0.9943499249640877,0.7060313063798178,0.9910215386051948,1892.068359375,0.4619307518005371,0.0,0.32002800703048706
pali,flickr30k,final_quarter,False,3,0.42857142857142855,11,11,11,37,4.0,4096,0.001,True,1.25,1024,512,1200,0.6577643156051636,0.6527419228863437,0.6630735717626521,0.89111328125,0.942626953125,0.0029296875,0.054443359375,0.2593277096748352,0.39843660593032837,0.06600621511606579,4031.876775453291,0.3905872106552124,0.32585790753364563,0.9943499249640877,0.7060313063798178,0.9910215386051948,1892.068359375,0.4619307518005371,0.0,0.32002800703048706
pali,flickr30k,final_quarter,False,3,0.42857142857142855,11,11,11,37,4.0,4096,0.001,True,1.5,1024,512,1200,0.6577643156051636,0.6527419228863437,0.6630735717626521,0.2509765625,0.623291015625,0.002197265625,0.37451171875,0.2593277096748352,0.39843660593032837,0.06600621511606579,4031.876775453291,0.3905872106552124,0.32585790753364563,0.9943499249640877,0.7060313063798178,0.9910215386051948,1892.068359375,0.4619307518005371,0.0,0.32002800703048706
pali,flickr30k,final_quarter,False,4,0.5714285714285714,14,14,14,11,2.0,4096,0.0003,False,1.1,1024,512,1200,0.2792881727218628,0.27678855474005104,0.2819150105395238,0.10498046875,0.12890625,0.01171875,0.03564453125,0.1281469762325287,0.1511411815881729,0.8783443750569087,546.2862647965039,0.5381502509117126,0.6126993298530579,0.9954512379444148,0.988625866782374,0.9925273298808135,635.78515625,0.15522098541259766,0.833984375,0.5792008638381958
pali,flickr30k,final_quarter,False,4,0.5714285714285714,14,14,14,11,2.0,4096,0.0003,False,1.25,1024,512,1200,0.2792881727218628,0.27678855474005104,0.2819150105395238,-0.02880859375,0.0654296875,0.00830078125,0.1025390625,0.1281469762325287,0.1511411815881729,0.8783443750569087,546.2862647965039,0.5381502509117126,0.6126993298530579,0.9954512379444148,0.988625866782374,0.9925273298808135,635.78515625,0.15522098541259766,0.833984375,0.5792008638381958
pali,flickr30k,final_quarter,False,4,0.5714285714285714,14,14,14,11,2.0,4096,0.0003,False,1.5,1024,512,1200,0.2792881727218628,0.27678855474005104,0.2819150105395238,-0.13427734375,0.014404296875,0.006591796875,0.1552734375,0.1281469762325287,0.1511411815881729,0.8783443750569087,546.2862647965039,0.5381502509117126,0.6126993298530579,0.9954512379444148,0.988625866782374,0.9925273298808135,635.78515625,0.15522098541259766,0.833984375,0.5792008638381958
pali,flickr30k,final_quarter,False,4,0.5714285714285714,14,14,14,11,2.0,4096,0.0003,True,1.1,1024,512,1200,0.7024727463722229,0.697590965119889,0.7078271459584358,0.81982421875,0.900390625,0.009521484375,0.090087890625,0.31051868200302124,0.39195406436920166,0.0637525561659862,4037.966899372539,0.5454244017601013,0.32764962315559387,0.9939256160512201,0.6816154506351617,0.993347947490644,1911.537109375,0.46668386459350586,0.0,0.324627548456192
pali,flickr30k,final_quarter,False,4,0.5714285714285714,14,14,14,11,2.0,4096,0.0003,True,1.25,1024,512,1200,0.7024727463722229,0.697590965119889,0.7078271459584358,0.1533203125,0.571533203125,0.005126953125,0.42333984375,0.31051868200302124,0.39195406436920166,0.0637525561659862,4037.966899372539,0.5454244017601013,0.32764962315559387,0.9939256160512201,0.6816154506351617,0.993347947490644,1911.537109375,0.46668386459350586,0.0,0.324627548456192
pali,flickr30k,final_quarter,False,4,0.5714285714285714,14,14,14,11,2.0,4096,0.0003,True,1.5,1024,512,1200,0.7024727463722229,0.697590965119889,0.7078271459584358,-0.83740234375,0.0791015625,0.002197265625,0.918701171875,0.31051868200302124,0.39195406436920166,0.0637525561659862,4037.966899372539,0.5454244017601013,0.32764962315559387,0.9939256160512201,0.6816154506351617,0.993347947490644,1911.537109375,0.46668386459350586,0.0,0.324627548456192
pali,flickr30k,final_quarter,False,4,0.5714285714285714,14,14,14,11,2.0,4096,0.001,False,1.1,1024,512,1200,0.2789990305900574,0.27650470156004303,0.2816276863668463,0.1064453125,0.129638671875,0.01171875,0.034912109375,0.12799319624900818,0.1510058492422104,0.8783507806500154,545.8217980364711,0.5331681370735168,0.609338641166687,0.9954675211782723,0.9886414390848656,0.9924140757240758,635.595703125,0.15517473220825195,0.833984375,0.573171854019165
pali,flickr30k,final_quarter,False,4,0.5714285714285714,14,14,14,11,2.0,4096,0.001,False,1.25,1024,512,1200,0.2789990305900574,0.27650470156004303,0.2816276863668463,-0.02783203125,0.06591796875,0.00830078125,0.10205078125,0.12799319624900818,0.1510058492422104,0.8783507806500154,545.8217980364711,0.5331681370735168,0.609338641166687,0.9954675211782723,0.9886414390848656,0.9924140757240758,635.595703125,0.15517473220825195,0.833984375,0.573171854019165
pali,flickr30k,final_quarter,False,4,0.5714285714285714,14,14,14,11,2.0,4096,0.001,False,1.5,1024,512,1200,0.2789990305900574,0.27650470156004303,0.2816276863668463,-0.134765625,0.01416015625,0.006591796875,0.155517578125,0.12799319624900818,0.1510058492422104,0.8783507806500154,545.8217980364711,0.5331681370735168,0.609338641166687,0.9954675211782723,0.9886414390848656,0.9924140757240758,635.595703125,0.15517473220825195,0.833984375,0.573171854019165
pali,flickr30k,final_quarter,False,4,0.5714285714285714,14,14,14,11,2.0,4096,0.001,True,1.1,1024,512,1200,0.6937658190727234,0.6890831348864594,0.6991627334355144,0.826171875,0.9033203125,0.009765625,0.0869140625,0.30640143156051636,0.3873644173145294,0.06468495811073338,4035.27102233355,0.5302706956863403,0.3220856189727783,0.9943523864114885,0.6816566017339105,0.9928255454660861,1902.708984375,0.46452856063842773,0.0,0.3197231888771057
pali,flickr30k,final_quarter,False,4,0.5714285714285714,14,14,14,11,2.0,4096,0.001,True,1.25,1024,512,1200,0.6937658190727234,0.6890831348864594,0.6991627334355144,0.16796875,0.5791015625,0.0048828125,0.416015625,0.30640143156051636,0.3873644173145294,0.06468495811073338,4035.27102233355,0.5302706956863403,0.3220856189727783,0.9943523864114885,0.6816566017339105,0.9928255454660861,1902.708984375,0.46452856063842773,0.0,0.3197231888771057
pali,flickr30k,final_quarter,False,4,0.5714285714285714,14,14,14,11,2.0,4096,0.001,True,1.5,1024,512,1200,0.6937658190727234,0.6890831348864594,0.6991627334355144,-0.8408203125,0.0771484375,0.00244140625,0.92041015625,0.30640143156051636,0.3873644173145294,0.06468495811073338,4035.27102233355,0.5302706956863403,0.3220856189727783,0.9943523864114885,0.6816566017339105,0.9928255454660861,1902.708984375,0.46452856063842773,0.0,0.3197231888771057
pali,flickr30k,final_quarter,False,4,0.5714285714285714,14,14,14,11,4.0,4096,0.0003,False,1.1,1024,512,1200,0.2792881727218628,0.27678855474005104,0.2819150105395238,0.10498046875,0.12890625,0.01171875,0.03564453125,0.1281469762325287,0.1511411815881729,0.8783443750569087,546.2862647965039,0.5381502509117126,0.6126993298530579,0.9954512379444148,0.988625866782374,0.9925273298808135,635.78515625,0.15522098541259766,0.833984375,0.5792008638381958
pali,flickr30k,final_quarter,False,4,0.5714285714285714,14,14,14,11,4.0,4096,0.0003,False,1.25,1024,512,1200,0.2792881727218628,0.27678855474005104,0.2819150105395238,-0.02880859375,0.0654296875,0.00830078125,0.1025390625,0.1281469762325287,0.1511411815881729,0.8783443750569087,546.2862647965039,0.5381502509117126,0.6126993298530579,0.9954512379444148,0.988625866782374,0.9925273298808135,635.78515625,0.15522098541259766,0.833984375,0.5792008638381958
pali,flickr30k,final_quarter,False,4,0.5714285714285714,14,14,14,11,4.0,4096,0.0003,False,1.5,1024,512,1200,0.2792881727218628,0.27678855474005104,0.2819150105395238,-0.13427734375,0.014404296875,0.006591796875,0.1552734375,0.1281469762325287,0.1511411815881729,0.8783443750569087,546.2862647965039,0.5381502509117126,0.6126993298530579,0.9954512379444148,0.988625866782374,0.9925273298808135,635.78515625,0.15522098541259766,0.833984375,0.5792008638381958
pali,flickr30k,final_quarter,False,4,0.5714285714285714,14,14,14,11,4.0,4096,0.0003,True,1.1,1024,512,1200,0.7024727463722229,0.697590965119889,0.7078271459584358,0.81982421875,0.900390625,0.009521484375,0.090087890625,0.31051868200302124,0.39195406436920166,0.0637525561659862,4037.966899372539,0.5454244017601013,0.32764962315559387,0.9939256160512201,0.6816154506351617,0.993347947490644,1911.537109375,0.46668386459350586,0.0,0.324627548456192
pali,flickr30k,final_quarter,False,4,0.5714285714285714,14,14,14,11,4.0,4096,0.0003,True,1.25,1024,512,1200,0.7024727463722229,0.697590965119889,0.7078271459584358,0.1533203125,0.571533203125,0.005126953125,0.42333984375,0.31051868200302124,0.39195406436920166,0.0637525561659862,4037.966899372539,0.5454244017601013,0.32764962315559387,0.9939256160512201,0.6816154506351617,0.993347947490644,1911.537109375,0.46668386459350586,0.0,0.324627548456192
pali,flickr30k,final_quarter,False,4,0.5714285714285714,14,14,14,11,4.0,4096,0.0003,True,1.5,1024,512,1200,0.7024727463722229,0.697590965119889,0.7078271459584358,-0.83740234375,0.0791015625,0.002197265625,0.918701171875,0.31051868200302124,0.39195406436920166,0.0637525561659862,4037.966899372539,0.5454244017601013,0.32764962315559387,0.9939256160512201,0.6816154506351617,0.993347947490644,1911.537109375,0.46668386459350586,0.0,0.324627548456192
pali,flickr30k,final_quarter,False,4,0.5714285714285714,14,14,14,11,4.0,4096,0.001,False,1.1,1024,512,1200,0.2789990305900574,0.27650470156004303,0.2816276863668463,0.1064453125,0.129638671875,0.01171875,0.034912109375,0.12799319624900818,0.1510058492422104,0.8783507806500154,545.8217980364711,0.5331681370735168,0.609338641166687,0.9954675211782723,0.9886414390848656,0.9924140757240758,635.595703125,0.15517473220825195,0.833984375,0.573171854019165
pali,flickr30k,final_quarter,False,4,0.5714285714285714,14,14,14,11,4.0,4096,0.001,False,1.25,1024,512,1200,0.2789990305900574,0.27650470156004303,0.2816276863668463,-0.02783203125,0.06591796875,0.00830078125,0.10205078125,0.12799319624900818,0.1510058492422104,0.8783507806500154,545.8217980364711,0.5331681370735168,0.609338641166687,0.9954675211782723,0.9886414390848656,0.9924140757240758,635.595703125,0.15517473220825195,0.833984375,0.573171854019165
pali,flickr30k,final_quarter,False,4,0.5714285714285714,14,14,14,11,4.0,4096,0.001,False,1.5,1024,512,1200,0.2789990305900574,0.27650470156004303,0.2816276863668463,-0.134765625,0.01416015625,0.006591796875,0.155517578125,0.12799319624900818,0.1510058492422104,0.8783507806500154,545.8217980364711,0.5331681370735168,0.609338641166687,0.9954675211782723,0.9886414390848656,0.9924140757240758,635.595703125,0.15517473220825195,0.833984375,0.573171854019165
pali,flickr30k,final_quarter,False,4,0.5714285714285714,14,14,14,11,4.0,4096,0.001,True,1.1,1024,512,1200,0.6937658190727234,0.6890831348864594,0.6991627334355144,0.826171875,0.9033203125,0.009765625,0.0869140625,0.30640143156051636,0.3873644173145294,0.06468495811073338,4035.27102233355,0.5302706956863403,0.3220856189727783,0.9943523864114885,0.6816566017339105,0.9928255454660861,1902.708984375,0.46452856063842773,0.0,0.3197231888771057
pali,flickr30k,final_quarter,False,4,0.5714285714285714,14,14,14,11,4.0,4096,0.001,True,1.25,1024,512,1200,0.6937658190727234,0.6890831348864594,0.6991627334355144,0.16796875,0.5791015625,0.0048828125,0.416015625,0.30640143156051636,0.3873644173145294,0.06468495811073338,4035.27102233355,0.5302706956863403,0.3220856189727783,0.9943523864114885,0.6816566017339105,0.9928255454660861,1902.708984375,0.46452856063842773,0.0,0.3197231888771057
pali,flickr30k,final_quarter,False,4,0.5714285714285714,14,14,14,11,4.0,4096,0.001,True,1.5,1024,512,1200,0.6937658190727234,0.6890831348864594,0.6991627334355144,-0.8408203125,0.0771484375,0.00244140625,0.92041015625,0.30640143156051636,0.3873644173145294,0.06468495811073338,4035.27102233355,0.5302706956863403,0.3220856189727783,0.9943523864114885,0.6816566017339105,0.9928255454660861,1902.708984375,0.46452856063842773,0.0,0.3197231888771057
pali,flickr30k,final_quarter,False,4,0.5714285714285714,14,14,14,23,2.0,4096,0.0003,False,1.1,1024,512,1200,0.26825112104415894,0.26579564900821423,0.27071438209168264,0.0966796875,0.121826171875,0.01123046875,0.036376953125,0.12270807474851608,0.14554302394390106,0.8762738134816634,476.15591611222567,0.43715178966522217,0.6125417947769165,0.9953747639697981,0.9886418586365316,0.9927446507818964,601.67578125,0.14689350128173828,0.840087890625,0.46848779916763306
pali,flickr30k,final_quarter,False,4,0.5714285714285714,14,14,14,23,2.0,4096,0.0003,False,1.25,1024,512,1200,0.26825112104415894,0.26579564900821423,0.27071438209168264,-0.0205078125,0.06591796875,0.008544921875,0.094970703125,0.12270807474851608,0.14554302394390106,0.8762738134816634,476.15591611222567,0.43715178966522217,0.6125417947769165,0.9953747639697981,0.9886418586365316,0.9927446507818964,601.67578125,0.14689350128173828,0.840087890625,0.46848779916763306
pali,flickr30k,final_quarter,False,4,0.5714285714285714,14,14,14,23,2.0,4096,0.0003,False,1.5,1024,512,1200,0.26825112104415894,0.26579564900821423,0.27071438209168264,-0.1298828125,0.012451171875,0.00732421875,0.149658203125,0.12270807474851608,0.14554302394390106,0.8762738134816634,476.15591611222567,0.43715178966522217,0.6125417947769165,0.9953747639697981,0.9886418586365316,0.9927446507818964,601.67578125,0.14689350128173828,0.840087890625,0.46848779916763306
pali,flickr30k,final_quarter,False,4,0.5714285714285714,14,14,14,23,2.0,4096,0.0003,True,1.1,1024,512,1200,0.7195200324058533,0.7146002321387641,0.7249949248798657,0.81494140625,0.89697265625,0.010498046875,0.092529296875,0.31860578060150146,0.4009142518043518,0.06268404183243892,4040.8266855250818,0.5535303354263306,0.32961413264274597,0.9924164392726283,0.6808765501694186,0.9911848947103206,1917.822265625,0.4682183265686035,0.0,0.3278987407684326
pali,flickr30k,final_quarter,False,4,0.5714285714285714,14,14,14,23,2.0,4096,0.0003,True,1.25,1024,512,1200,0.7195200324058533,0.7146002321387641,0.7249949248798657,0.13623046875,0.564208984375,0.00390625,0.431884765625,0.31860578060150146,0.4009142518043518,0.06268404183243892,4040.8266855250818,0.5535303354263306,0.32961413264274597,0.9924164392726283,0.6808765501694186,0.9911848947103206,1917.822265625,0.4682183265686035,0.0,0.3278987407684326
pali,flickr30k,final_quarter,False,4,0.5714285714285714,14,14,14,23,2.0,4096,0.0003,True,1.5,1024,512,1200,0.7195200324058533,0.7146002321387641,0.7249949248798657,-0.85693359375,0.068603515625,0.0029296875,0.928466796875,0.31860578060150146,0.4009142518043518,0.06268404183243892,4040.8266855250818,0.5535303354263306,0.32961413264274597,0.9924164392726283,0.6808765501694186,0.9911848947103206,1917.822265625,0.4682183265686035,0.0,0.3278987407684326
pali,flickr30k,final_quarter,False,4,0.5714285714285714,14,14,14,23,2.0,4096,0.001,False,1.1,1024,512,1200,0.2675851881504059,0.2651351886088378,0.27002757316149656,0.09716796875,0.121826171875,0.011474609375,0.0361328125,0.1223607063293457,0.14522448182106018,0.87544447511089,464.586321848114,0.4259253740310669,0.6062085032463074,0.995405720126617,0.9886722221249982,0.9929476038022346,601.53125,0.14685821533203125,0.840087890625,0.4549908936023712
pali,flickr30k,final_quarter,False,4,0.5714285714285714,14,14,14,23,2.0,4096,0.001,False,1.25,1024,512,1200,0.2675851881504059,0.2651351886088378,0.27002757316149656,-0.021484375,0.065185546875,0.0087890625,0.095458984375,0.1223607063293457,0.14522448182106018,0.87544447511089,464.586321848114,0.4259253740310669,0.6062085032463074,0.995405720126617,0.9886722221249982,0.9929476038022346,601.53125,0.14685821533203125,0.840087890625,0.4549908936023712
pali,flickr30k,final_quarter,False,4,0.5714285714285714,14,14,14,23,2.0,4096,0.001,False,1.5,1024,512,1200,0.2675851881504059,0.2651351886088378,0.27002757316149656,-0.12939453125,0.0126953125,0.00732421875,0.1494140625,0.1223607063293457,0.14522448182106018,0.87544447511089,464.586321848114,0.4259253740310669,0.6062085032463074,0.995405720126617,0.9886722221249982,0.9929476038022346,601.53125,0.14685821533203125,0.840087890625,0.4549908936023712
pali,flickr30k,final_quarter,False,4,0.5714285714285714,14,14,14,23,2.0,4096,0.001,True,1.1,1024,512,1200,0.708971381187439,0.7041147456358885,0.7146128626191057,0.8203125,0.901123046875,0.009033203125,0.08984375,0.3134433925151825,0.3955279588699341,0.06386644754105178,4036.8911273837275,0.556174099445343,0.3237643241882324,0.9916845768923337,0.6804760128082643,0.9926667863765869,1910.1796875,0.4663524627685547,0.0,0.32301902770996094
pali,flickr30k,final_quarter,False,4,0.5714285714285714,14,14,14,23,2.0,4096,0.001,True,1.25,1024,512,1200,0.708971381187439,0.7041147456358885,0.7146128626191057,0.1689453125,0.580810546875,0.003662109375,0.41552734375,0.3134433925151825,0.3955279588699341,0.06386644754105178,4036.8911273837275,0.556174099445343,0.3237643241882324,0.9916845768923337,0.6804760128082643,0.9926667863765869,1910.1796875,0.4663524627685547,0.0,0.32301902770996094
pali,flickr30k,final_quarter,False,4,0.5714285714285714,14,14,14,23,2.0,4096,0.001,True,1.5,1024,512,1200,0.708971381187439,0.7041147456358885,0.7146128626191057,-0.8515625,0.071044921875,0.003173828125,0.92578125,0.3134433925151825,0.3955279588699341,0.06386644754105178,4036.8911273837275,0.556174099445343,0.3237643241882324,0.9916845768923337,0.6804760128082643,0.9926667863765869,1910.1796875,0.4663524627685547,0.0,0.32301902770996094
pali,flickr30k,final_quarter,False,4,0.5714285714285714,14,14,14,23,4.0,4096,0.0003,False,1.1,1024,512,1200,0.26825112104415894,0.26579564900821423,0.27071438209168264,0.0966796875,0.121826171875,0.01123046875,0.036376953125,0.12270807474851608,0.14554302394390106,0.8762738134816634,476.15591611222567,0.43715178966522217,0.6125417947769165,0.9953747639697981,0.9886418586365316,0.9927446507818964,601.67578125,0.14689350128173828,0.840087890625,0.46848779916763306
pali,flickr30k,final_quarter,False,4,0.5714285714285714,14,14,14,23,4.0,4096,0.0003,False,1.25,1024,512,1200,0.26825112104415894,0.26579564900821423,0.27071438209168264,-0.0205078125,0.06591796875,0.008544921875,0.094970703125,0.12270807474851608,0.14554302394390106,0.8762738134816634,476.15591611222567,0.43715178966522217,0.6125417947769165,0.9953747639697981,0.9886418586365316,0.9927446507818964,601.67578125,0.14689350128173828,0.840087890625,0.46848779916763306
pali,flickr30k,final_quarter,False,4,0.5714285714285714,14,14,14,23,4.0,4096,0.0003,False,1.5,1024,512,1200,0.26825112104415894,0.26579564900821423,0.27071438209168264,-0.1298828125,0.012451171875,0.00732421875,0.149658203125,0.12270807474851608,0.14554302394390106,0.8762738134816634,476.15591611222567,0.43715178966522217,0.6125417947769165,0.9953747639697981,0.9886418586365316,0.9927446507818964,601.67578125,0.14689350128173828,0.840087890625,0.46848779916763306
pali,flickr30k,final_quarter,False,4,0.5714285714285714,14,14,14,23,4.0,4096,0.0003,True,1.1,1024,512,1200,0.7195200324058533,0.7146002321387641,0.7249949248798657,0.81494140625,0.89697265625,0.010498046875,0.092529296875,0.31860578060150146,0.4009142518043518,0.06268404183243892,4040.8266855250818,0.5535303354263306,0.32961413264274597,0.9924164392726283,0.6808765501694186,0.9911848947103206,1917.822265625,0.4682183265686035,0.0,0.3278987407684326
pali,flickr30k,final_quarter,False,4,0.5714285714285714,14,14,14,23,4.0,4096,0.0003,True,1.25,1024,512,1200,0.7195200324058533,0.7146002321387641,0.7249949248798657,0.13623046875,0.564208984375,0.00390625,0.431884765625,0.31860578060150146,0.4009142518043518,0.06268404183243892,4040.8266855250818,0.5535303354263306,0.32961413264274597,0.9924164392726283,0.6808765501694186,0.9911848947103206,1917.822265625,0.4682183265686035,0.0,0.3278987407684326
pali,flickr30k,final_quarter,False,4,0.5714285714285714,14,14,14,23,4.0,4096,0.0003,True,1.5,1024,512,1200,0.7195200324058533,0.7146002321387641,0.7249949248798657,-0.85693359375,0.068603515625,0.0029296875,0.928466796875,0.31860578060150146,0.4009142518043518,0.06268404183243892,4040.8266855250818,0.5535303354263306,0.32961413264274597,0.9924164392726283,0.6808765501694186,0.9911848947103206,1917.822265625,0.4682183265686035,0.0,0.3278987407684326
pali,flickr30k,final_quarter,False,4,0.5714285714285714,14,14,14,23,4.0,4096,0.001,False,1.1,1024,512,1200,0.2675851881504059,0.2651351886088378,0.27002757316149656,0.09716796875,0.121826171875,0.011474609375,0.0361328125,0.1223607063293457,0.14522448182106018,0.87544447511089,464.586321848114,0.4259253740310669,0.6062085032463074,0.995405720126617,0.9886722221249982,0.9929476038022346,601.53125,0.14685821533203125,0.840087890625,0.4549908936023712
pali,flickr30k,final_quarter,False,4,0.5714285714285714,14,14,14,23,4.0,4096,0.001,False,1.25,1024,512,1200,0.2675851881504059,0.2651351886088378,0.27002757316149656,-0.021484375,0.065185546875,0.0087890625,0.095458984375,0.1223607063293457,0.14522448182106018,0.87544447511089,464.586321848114,0.4259253740310669,0.6062085032463074,0.995405720126617,0.9886722221249982,0.9929476038022346,601.53125,0.14685821533203125,0.840087890625,0.4549908936023712
pali,flickr30k,final_quarter,False,4,0.5714285714285714,14,14,14,23,4.0,4096,0.001,False,1.5,1024,512,1200,0.2675851881504059,0.2651351886088378,0.27002757316149656,-0.12939453125,0.0126953125,0.00732421875,0.1494140625,0.1223607063293457,0.14522448182106018,0.87544447511089,464.586321848114,0.4259253740310669,0.6062085032463074,0.995405720126617,0.9886722221249982,0.9929476038022346,601.53125,0.14685821533203125,0.840087890625,0.4549908936023712
pali,flickr30k,final_quarter,False,4,0.5714285714285714,14,14,14,23,4.0,4096,0.001,True,1.1,1024,512,1200,0.708971381187439,0.7041147456358885,0.7146128626191057,0.8203125,0.901123046875,0.009033203125,0.08984375,0.3134433925151825,0.3955279588699341,0.06386644754105178,4036.8911273837275,0.556174099445343,0.3237643241882324,0.9916845768923337,0.6804760128082643,0.9926667863765869,1910.1796875,0.4663524627685547,0.0,0.32301902770996094
pali,flickr30k,final_quarter,False,4,0.5714285714285714,14,14,14,23,4.0,4096,0.001,True,1.25,1024,512,1200,0.708971381187439,0.7041147456358885,0.7146128626191057,0.1689453125,0.580810546875,0.003662109375,0.41552734375,0.3134433925151825,0.3955279588699341,0.06386644754105178,4036.8911273837275,0.556174099445343,0.3237643241882324,0.9916845768923337,0.6804760128082643,0.9926667863765869,1910.1796875,0.4663524627685547,0.0,0.32301902770996094
pali,flickr30k,final_quarter,False,4,0.5714285714285714,14,14,14,23,4.0,4096,0.001,True,1.5,1024,512,1200,0.708971381187439,0.7041147456358885,0.7146128626191057,-0.8515625,0.071044921875,0.003173828125,0.92578125,0.3134433925151825,0.3955279588699341,0.06386644754105178,4036.8911273837275,0.556174099445343,0.3237643241882324,0.9916845768923337,0.6804760128082643,0.9926667863765869,1910.1796875,0.4663524627685547,0.0,0.32301902770996094
pali,flickr30k,final_quarter,False,4,0.5714285714285714,14,14,14,37,2.0,4096,0.0003,False,1.1,1024,512,1200,0.27342551946640015,0.27061505009187387,0.2762725746317301,0.10595703125,0.12939453125,0.01220703125,0.03564453125,0.1252214014530182,0.14820407330989838,0.8707446675606952,452.0689901212665,0.45628848671913147,0.6102883219718933,0.9956294688275779,0.9887782072430434,0.9926750308540497,634.90625,0.15500640869140625,0.83203125,0.46691396832466125
pali,flickr30k,final_quarter,False,4,0.5714285714285714,14,14,14,37,2.0,4096,0.0003,False,1.25,1024,512,1200,0.27342551946640015,0.27061505009187387,0.2762725746317301,-0.017578125,0.071044921875,0.0087890625,0.097412109375,0.1252214014530182,0.14820407330989838,0.8707446675606952,452.0689901212665,0.45628848671913147,0.6102883219718933,0.9956294688275779,0.9887782072430434,0.9926750308540497,634.90625,0.15500640869140625,0.83203125,0.46691396832466125
pali,flickr30k,final_quarter,False,4,0.5714285714285714,14,14,14,37,2.0,4096,0.0003,False,1.5,1024,512,1200,0.27342551946640015,0.27061505009187387,0.2762725746317301,-0.1416015625,0.012939453125,0.0048828125,0.159423828125,0.1252214014530182,0.14820407330989838,0.8707446675606952,452.0689901212665,0.45628848671913147,0.6102883219718933,0.9956294688275779,0.9887782072430434,0.9926750308540497,634.90625,0.15500640869140625,0.83203125,0.46691396832466125
pali,flickr30k,final_quarter,False,4,0.5714285714285714,14,14,14,37,2.0,4096,0.0003,True,1.1,1024,512,1200,0.7205177545547485,0.7158438859798479,0.7263252126023871,0.81396484375,0.893310546875,0.013671875,0.093017578125,0.31953108310699463,0.4009866714477539,0.06524568744681981,4034.824087206884,0.5461441874504089,0.3248378038406372,0.9920784946921294,0.6811923307061326,0.9900897376938512,1912.109375,0.4668235778808594,0.0,0.3280802369117737
pali,flickr30k,final_quarter,False,4,0.5714285714285714,14,14,14,37,2.0,4096,0.0003,True,1.25,1024,512,1200,0.7205177545547485,0.7158438859798479,0.7263252126023871,0.14697265625,0.56640625,0.007080078125,0.426513671875,0.31953108310699463,0.4009866714477539,0.06524568744681981,4034.824087206884,0.5461441874504089,0.3248378038406372,0.9920784946921294,0.6811923307061326,0.9900897376938512,1912.109375,0.4668235778808594,0.0,0.3280802369117737
pali,flickr30k,final_quarter,False,4,0.5714285714285714,14,14,14,37,2.0,4096,0.0003,True,1.5,1024,512,1200,0.7205177545547485,0.7158438859798479,0.7263252126023871,-0.8447265625,0.073974609375,0.003662109375,0.92236328125,0.31953108310699463,0.4009866714477539,0.06524568744681981,4034.824087206884,0.5461441874504089,0.3248378038406372,0.9920784946921294,0.6811923307061326,0.9900897376938512,1912.109375,0.4668235778808594,0.0,0.3280802369117737
pali,flickr30k,final_quarter,False,4,0.5714285714285714,14,14,14,37,2.0,4096,0.001,False,1.1,1024,512,1200,0.2728152871131897,0.27005249492431177,0.27563513101558784,0.10693359375,0.1298828125,0.01220703125,0.03515625,0.12489362806081772,0.14792165160179138,0.8698005074285173,435.06494874132835,0.4446476995944977,0.6063192486763,0.9956563114211681,0.9887938363953542,0.9928897771051273,634.48828125,0.15490436553955078,0.831787109375,0.45239317417144775
pali,flickr30k,final_quarter,False,4,0.5714285714285714,14,14,14,37,2.0,4096,0.001,False,1.25,1024,512,1200,0.2728152871131897,0.27005249492431177,0.27563513101558784,-0.01806640625,0.071044921875,0.008544921875,0.09765625,0.12489362806081772,0.14792165160179138,0.8698005074285173,435.06494874132835,0.4446476995944977,0.6063192486763,0.9956563114211681,0.9887938363953542,0.9928897771051273,634.48828125,0.15490436553955078,0.831787109375,0.45239317417144775
pali,flickr30k,final_quarter,False,4,0.5714285714285714,14,14,14,37,2.0,4096,0.001,False,1.5,1024,512,1200,0.2728152871131897,0.27005249492431177,0.27563513101558784,-0.1416015625,0.012939453125,0.0048828125,0.159423828125,0.12489362806081772,0.14792165160179138,0.8698005074285173,435.06494874132835,0.4446476995944977,0.6063192486763,0.9956563114211681,0.9887938363953542,0.9928897771051273,634.48828125,0.15490436553955078,0.831787109375,0.45239317417144775
pali,flickr30k,final_quarter,False,4,0.5714285714285714,14,14,14,37,2.0,4096,0.001,True,1.1,1024,512,1200,0.7093685865402222,0.7044833549123724,0.715109666727949,0.82666015625,0.902099609375,0.01123046875,0.086669921875,0.3138468265533447,0.39552175998687744,0.06632840131380892,4030.62462736845,0.5415648221969604,0.3176244795322418,0.9920724485171446,0.6812082424643154,0.9907853026660279,1904.833984375,0.46504735946655273,0.0,0.32288530468940735
pali,flickr30k,final_quarter,False,4,0.5714285714285714,14,14,14,37,2.0,4096,0.001,True,1.25,1024,512,1200,0.7093685865402222,0.7044833549123724,0.715109666727949,0.162109375,0.575439453125,0.005615234375,0.4189453125,0.3138468265533447,0.39552175998687744,0.06632840131380892,4030.62462736845,0.5415648221969604,0.3176244795322418,0.9920724485171446,0.6812082424643154,0.9907853026660279,1904.833984375,0.46504735946655273,0.0,0.32288530468940735
pali,flickr30k,final_quarter,False,4,0.5714285714285714,14,14,14,37,2.0,4096,0.001,True,1.5,1024,512,1200,0.7093685865402222,0.7044833549123724,0.715109666727949,-0.84033203125,0.0771484375,0.002685546875,0.920166015625,0.3138468265533447,0.39552175998687744,0.06632840131380892,4030.62462736845,0.5415648221969604,0.3176244795322418,0.9920724485171446,0.6812082424643154,0.9907853026660279,1904.833984375,0.46504735946655273,0.0,0.32288530468940735
pali,flickr30k,final_quarter,False,4,0.5714285714285714,14,14,14,37,4.0,4096,0.0003,False,1.1,1024,512,1200,0.27342551946640015,0.27061505009187387,0.2762725746317301,0.10595703125,0.12939453125,0.01220703125,0.03564453125,0.1252214014530182,0.14820407330989838,0.8707446675606952,452.0689901212665,0.45628848671913147,0.6102883219718933,0.9956294688275779,0.9887782072430434,0.9926750308540497,634.90625,0.15500640869140625,0.83203125,0.46691396832466125
pali,flickr30k,final_quarter,False,4,0.5714285714285714,14,14,14,37,4.0,4096,0.0003,False,1.25,1024,512,1200,0.27342551946640015,0.27061505009187387,0.2762725746317301,-0.017578125,0.071044921875,0.0087890625,0.097412109375,0.1252214014530182,0.14820407330989838,0.8707446675606952,452.0689901212665,0.45628848671913147,0.6102883219718933,0.9956294688275779,0.9887782072430434,0.9926750308540497,634.90625,0.15500640869140625,0.83203125,0.46691396832466125
pali,flickr30k,final_quarter,False,4,0.5714285714285714,14,14,14,37,4.0,4096,0.0003,False,1.5,1024,512,1200,0.27342551946640015,0.27061505009187387,0.2762725746317301,-0.1416015625,0.012939453125,0.0048828125,0.159423828125,0.1252214014530182,0.14820407330989838,0.8707446675606952,452.0689901212665,0.45628848671913147,0.6102883219718933,0.9956294688275779,0.9887782072430434,0.9926750308540497,634.90625,0.15500640869140625,0.83203125,0.46691396832466125
pali,flickr30k,final_quarter,False,4,0.5714285714285714,14,14,14,37,4.0,4096,0.0003,True,1.1,1024,512,1200,0.7205177545547485,0.7158438859798479,0.7263252126023871,0.81396484375,0.893310546875,0.013671875,0.093017578125,0.31953108310699463,0.4009866714477539,0.06524568744681981,4034.824087206884,0.5461441874504089,0.3248378038406372,0.9920784946921294,0.6811923307061326,0.9900897376938512,1912.109375,0.4668235778808594,0.0,0.3280802369117737
pali,flickr30k,final_quarter,False,4,0.5714285714285714,14,14,14,37,4.0,4096,0.0003,True,1.25,1024,512,1200,0.7205177545547485,0.7158438859798479,0.7263252126023871,0.14697265625,0.56640625,0.007080078125,0.426513671875,0.31953108310699463,0.4009866714477539,0.06524568744681981,4034.824087206884,0.5461441874504089,0.3248378038406372,0.9920784946921294,0.6811923307061326,0.9900897376938512,1912.109375,0.4668235778808594,0.0,0.3280802369117737
pali,flickr30k,final_quarter,False,4,0.5714285714285714,14,14,14,37,4.0,4096,0.0003,True,1.5,1024,512,1200,0.7205177545547485,0.7158438859798479,0.7263252126023871,-0.8447265625,0.073974609375,0.003662109375,0.92236328125,0.31953108310699463,0.4009866714477539,0.06524568744681981,4034.824087206884,0.5461441874504089,0.3248378038406372,0.9920784946921294,0.6811923307061326,0.9900897376938512,1912.109375,0.4668235778808594,0.0,0.3280802369117737
pali,flickr30k,final_quarter,False,4,0.5714285714285714,14,14,14,37,4.0,4096,0.001,False,1.1,1024,512,1200,0.2728152871131897,0.27005249492431177,0.27563513101558784,0.10693359375,0.1298828125,0.01220703125,0.03515625,0.12489362806081772,0.14792165160179138,0.8698005074285173,435.06494874132835,0.4446476995944977,0.6063192486763,0.9956563114211681,0.9887938363953542,0.9928897771051273,634.48828125,0.15490436553955078,0.831787109375,0.45239317417144775
pali,flickr30k,final_quarter,False,4,0.5714285714285714,14,14,14,37,4.0,4096,0.001,False,1.25,1024,512,1200,0.2728152871131897,0.27005249492431177,0.27563513101558784,-0.01806640625,0.071044921875,0.008544921875,0.09765625,0.12489362806081772,0.14792165160179138,0.8698005074285173,435.06494874132835,0.4446476995944977,0.6063192486763,0.9956563114211681,0.9887938363953542,0.9928897771051273,634.48828125,0.15490436553955078,0.831787109375,0.45239317417144775
pali,flickr30k,final_quarter,False,4,0.5714285714285714,14,14,14,37,4.0,4096,0.001,False,1.5,1024,512,1200,0.2728152871131897,0.27005249492431177,0.27563513101558784,-0.1416015625,0.012939453125,0.0048828125,0.159423828125,0.12489362806081772,0.14792165160179138,0.8698005074285173,435.06494874132835,0.4446476995944977,0.6063192486763,0.9956563114211681,0.9887938363953542,0.9928897771051273,634.48828125,0.15490436553955078,0.831787109375,0.45239317417144775
pali,flickr30k,final_quarter,False,4,0.5714285714285714,14,14,14,37,4.0,4096,0.001,True,1.1,1024,512,1200,0.7093685865402222,0.7044833549123724,0.715109666727949,0.82666015625,0.902099609375,0.01123046875,0.086669921875,0.3138468265533447,0.39552175998687744,0.06632840131380892,4030.62462736845,0.5415648221969604,0.3176244795322418,0.9920724485171446,0.6812082424643154,0.9907853026660279,1904.833984375,0.46504735946655273,0.0,0.32288530468940735
pali,flickr30k,final_quarter,False,4,0.5714285714285714,14,14,14,37,4.0,4096,0.001,True,1.25,1024,512,1200,0.7093685865402222,0.7044833549123724,0.715109666727949,0.162109375,0.575439453125,0.005615234375,0.4189453125,0.3138468265533447,0.39552175998687744,0.06632840131380892,4030.62462736845,0.5415648221969604,0.3176244795322418,0.9920724485171446,0.6812082424643154,0.9907853026660279,1904.833984375,0.46504735946655273,0.0,0.32288530468940735
pali,flickr30k,final_quarter,False,4,0.5714285714285714,14,14,14,37,4.0,4096,0.001,True,1.5,1024,512,1200,0.7093685865402222,0.7044833549123724,0.715109666727949,-0.84033203125,0.0771484375,0.002685546875,0.920166015625,0.3138468265533447,0.39552175998687744,0.06632840131380892,4030.62462736845,0.5415648221969604,0.3176244795322418,0.9920724485171446,0.6812082424643154,0.9907853026660279,1904.833984375,0.46504735946655273,0.0,0.32288530468940735
pali,flickr30k,final_quarter,False,5,0.7142857142857142,18,18,18,11,2.0,4096,0.0003,False,1.1,1024,512,1200,0.5422833561897278,0.5392569340852787,0.5462139759445563,0.160400390625,0.16259765625,0.0068359375,0.009033203125,0.19113638997077942,0.351146936416626,0.8633179615246608,596.6953626573955,0.664483904838562,0.8975663185119629,0.9916578215026509,0.9625310420227153,0.9914181711870008,590.8203125,0.1442432403564453,0.830810546875,0.6607481837272644
pali,flickr30k,final_quarter,False,5,0.7142857142857142,18,18,18,11,2.0,4096,0.0003,False,1.25,1024,512,1200,0.5422833561897278,0.5392569340852787,0.5462139759445563,0.158447265625,0.16162109375,0.0068359375,0.010009765625,0.19113638997077942,0.351146936416626,0.8633179615246608,596.6953626573955,0.664483904838562,0.8975663185119629,0.9916578215026509,0.9625310420227153,0.9914181711870008,590.8203125,0.1442432403564453,0.830810546875,0.6607481837272644
pali,flickr30k,final_quarter,False,5,0.7142857142857142,18,18,18,11,2.0,4096,0.0003,False,1.5,1024,512,1200,0.5422833561897278,0.5392569340852787,0.5462139759445563,0.144775390625,0.155029296875,0.006591796875,0.016845703125,0.19113638997077942,0.351146936416626,0.8633179615246608,596.6953626573955,0.664483904838562,0.8975663185119629,0.9916578215026509,0.9625310420227153,0.9914181711870008,590.8203125,0.1442432403564453,0.830810546875,0.6607481837272644
pali,flickr30k,final_quarter,False,5,0.7142857142857142,18,18,18,11,2.0,4096,0.0003,True,1.1,1024,512,1200,0.6935802698135376,0.6894889370800229,0.6984123632748378,1.0,1.0,0.0,0.0,0.24376598000526428,0.4498143196105957,0.0541231827678115,4058.4191605611845,0.4226338863372803,0.327440470457077,0.9919592128437725,0.6433859437183393,0.985872345056801,1944.1953125,0.4746570587158203,0.0,0.34473681449890137
pali,flickr30k,final_quarter,False,5,0.7142857142857142,18,18,18,11,2.0,4096,0.0003,True,1.25,1024,512,1200,0.6935802698135376,0.6894889370800229,0.6984123632748378,0.99853515625,0.999267578125,0.0,0.000732421875,0.24376598000526428,0.4498143196105957,0.0541231827678115,4058.4191605611845,0.4226338863372803,0.327440470457077,0.9919592128437725,0.6433859437183393,0.985872345056801,1944.1953125,0.4746570587158203,0.0,0.34473681449890137
pali,flickr30k,final_quarter,False,5,0.7142857142857142,18,18,18,11,2.0,4096,0.0003,True,1.5,1024,512,1200,0.6935802698135376,0.6894889370800229,0.6984123632748378,0.953125,0.9765625,0.0,0.0234375,0.24376598000526428,0.4498143196105957,0.0541231827678115,4058.4191605611845,0.4226338863372803,0.327440470457077,0.9919592128437725,0.6433859437183393,0.985872345056801,1944.1953125,0.4746570587158203,0.0,0.34473681449890137
pali,flickr30k,final_quarter,False,5,0.7142857142857142,18,18,18,11,2.0,4096,0.001,False,1.1,1024,512,1200,0.5409494042396545,0.5378932687439374,0.5448710139506148,0.160400390625,0.16259765625,0.0068359375,0.009033203125,0.1906278431415558,0.35032153129577637,0.863545034883341,595.8285408378832,0.6610528230667114,0.8878318071365356,0.9915689222184573,0.9624351493948995,0.9915361614750978,589.892578125,0.14401674270629883,0.830810546875,0.6570780873298645
pali,flickr30k,final_quarter,False,5,0.7142857142857142,18,18,18,11,2.0,4096,0.001,False,1.25,1024,512,1200,0.5409494042396545,0.5378932687439374,0.5448710139506148,0.158447265625,0.16162109375,0.0068359375,0.010009765625,0.1906278431415558,0.35032153129577637,0.863545034883341,595.8285408378832,0.6610528230667114,0.8878318071365356,0.9915689222184573,0.9624351493948995,0.9915361614750978,589.892578125,0.14401674270629883,0.830810546875,0.6570780873298645
pali,flickr30k,final_quarter,False,5,0.7142857142857142,18,18,18,11,2.0,4096,0.001,False,1.5,1024,512,1200,0.5409494042396545,0.5378932687439374,0.5448710139506148,0.143798828125,0.154541015625,0.006591796875,0.017333984375,0.1906278431415558,0.35032153129577637,0.863545034883341,595.8285408378832,0.6610528230667114,0.8878318071365356,0.9915689222184573,0.9624351493948995,0.9915361614750978,589.892578125,0.14401674270629883,0.830810546875,0.6570780873298645
pali,flickr30k,final_quarter,False,5,0.7142857142857142,18,18,18,11,2.0,4096,0.001,True,1.1,1024,512,1200,0.6861193180084229,0.6820673514535883,0.6908119513536803,1.0,1.0,0.0,0.0,0.24076244235038757,0.4453568458557129,0.05407017617224205,4058.537902602474,0.4206605851650238,0.3222235441207886,0.9920199771010518,0.6436145110703793,0.9911936830396946,1939.607421875,0.47353696823120117,0.0,0.34051278233528137
pali,flickr30k,final_quarter,False,5,0.7142857142857142,18,18,18,11,2.0,4096,0.001,True,1.25,1024,512,1200,0.6861193180084229,0.6820673514535883,0.6908119513536803,0.9990234375,0.99951171875,0.0,0.00048828125,0.24076244235038757,0.4453568458557129,0.05407017617224205,4058.537902602474,0.4206605851650238,0.3222235441207886,0.9920199771010518,0.6436145110703793,0.9911936830396946,1939.607421875,0.47353696823120117,0.0,0.34051278233528137
pali,flickr30k,final_quarter,False,5,0.7142857142857142,18,18,18,11,2.0,4096,0.001,True,1.5,1024,512,1200,0.6861193180084229,0.6820673514535883,0.6908119513536803,0.95947265625,0.979736328125,0.0,0.020263671875,0.24076244235038757,0.4453568458557129,0.05407017617224205,4058.537902602474,0.4206605851650238,0.3222235441207886,0.9920199771010518,0.6436145110703793,0.9911936830396946,1939.607421875,0.47353696823120117,0.0,0.34051278233528137
pali,flickr30k,final_quarter,False,5,0.7142857142857142,18,18,18,11,4.0,4096,0.0003,False,1.1,1024,512,1200,0.5422833561897278,0.5392569340852787,0.5462139759445563,0.160400390625,0.16259765625,0.0068359375,0.009033203125,0.19113638997077942,0.351146936416626,0.8633179615246608,596.6953626573955,0.664483904838562,0.8975663185119629,0.9916578215026509,0.9625310420227153,0.9914181711870008,590.8203125,0.1442432403564453,0.830810546875,0.6607481837272644
pali,flickr30k,final_quarter,False,5,0.7142857142857142,18,18,18,11,4.0,4096,0.0003,False,1.25,1024,512,1200,0.5422833561897278,0.5392569340852787,0.5462139759445563,0.158447265625,0.16162109375,0.0068359375,0.010009765625,0.19113638997077942,0.351146936416626,0.8633179615246608,596.6953626573955,0.664483904838562,0.8975663185119629,0.9916578215026509,0.9625310420227153,0.9914181711870008,590.8203125,0.1442432403564453,0.830810546875,0.6607481837272644
pali,flickr30k,final_quarter,False,5,0.7142857142857142,18,18,18,11,4.0,4096,0.0003,False,1.5,1024,512,1200,0.5422833561897278,0.5392569340852787,0.5462139759445563,0.144775390625,0.155029296875,0.006591796875,0.016845703125,0.19113638997077942,0.351146936416626,0.8633179615246608,596.6953626573955,0.664483904838562,0.8975663185119629,0.9916578215026509,0.9625310420227153,0.9914181711870008,590.8203125,0.1442432403564453,0.830810546875,0.6607481837272644
pali,flickr30k,final_quarter,False,5,0.7142857142857142,18,18,18,11,4.0,4096,0.0003,True,1.1,1024,512,1200,0.6935802698135376,0.6894889370800229,0.6984123632748378,1.0,1.0,0.0,0.0,0.24376598000526428,0.4498143196105957,0.0541231827678115,4058.4191605611845,0.4226338863372803,0.327440470457077,0.9919592128437725,0.6433859437183393,0.985872345056801,1944.1953125,0.4746570587158203,0.0,0.34473681449890137
pali,flickr30k,final_quarter,False,5,0.7142857142857142,18,18,18,11,4.0,4096,0.0003,True,1.25,1024,512,1200,0.6935802698135376,0.6894889370800229,0.6984123632748378,0.99853515625,0.999267578125,0.0,0.000732421875,0.24376598000526428,0.4498143196105957,0.0541231827678115,4058.4191605611845,0.4226338863372803,0.327440470457077,0.9919592128437725,0.6433859437183393,0.985872345056801,1944.1953125,0.4746570587158203,0.0,0.34473681449890137
pali,flickr30k,final_quarter,False,5,0.7142857142857142,18,18,18,11,4.0,4096,0.0003,True,1.5,1024,512,1200,0.6935802698135376,0.6894889370800229,0.6984123632748378,0.953125,0.9765625,0.0,0.0234375,0.24376598000526428,0.4498143196105957,0.0541231827678115,4058.4191605611845,0.4226338863372803,0.327440470457077,0.9919592128437725,0.6433859437183393,0.985872345056801,1944.1953125,0.4746570587158203,0.0,0.34473681449890137
pali,flickr30k,final_quarter,False,5,0.7142857142857142,18,18,18,11,4.0,4096,0.001,False,1.1,1024,512,1200,0.5409494042396545,0.5378932687439374,0.5448710139506148,0.160400390625,0.16259765625,0.0068359375,0.009033203125,0.1906278431415558,0.35032153129577637,0.863545034883341,595.8285408378832,0.6610528230667114,0.8878318071365356,0.9915689222184573,0.9624351493948995,0.9915361614750978,589.892578125,0.14401674270629883,0.830810546875,0.6570780873298645
pali,flickr30k,final_quarter,False,5,0.7142857142857142,18,18,18,11,4.0,4096,0.001,False,1.25,1024,512,1200,0.5409494042396545,0.5378932687439374,0.5448710139506148,0.158447265625,0.16162109375,0.0068359375,0.010009765625,0.1906278431415558,0.35032153129577637,0.863545034883341,595.8285408378832,0.6610528230667114,0.8878318071365356,0.9915689222184573,0.9624351493948995,0.9915361614750978,589.892578125,0.14401674270629883,0.830810546875,0.6570780873298645
pali,flickr30k,final_quarter,False,5,0.7142857142857142,18,18,18,11,4.0,4096,0.001,False,1.5,1024,512,1200,0.5409494042396545,0.5378932687439374,0.5448710139506148,0.143798828125,0.154541015625,0.006591796875,0.017333984375,0.1906278431415558,0.35032153129577637,0.863545034883341,595.8285408378832,0.6610528230667114,0.8878318071365356,0.9915689222184573,0.9624351493948995,0.9915361614750978,589.892578125,0.14401674270629883,0.830810546875,0.6570780873298645
pali,flickr30k,final_quarter,False,5,0.7142857142857142,18,18,18,11,4.0,4096,0.001,True,1.1,1024,512,1200,0.6861193180084229,0.6820673514535883,0.6908119513536803,1.0,1.0,0.0,0.0,0.24076244235038757,0.4453568458557129,0.05407017617224205,4058.537902602474,0.4206605851650238,0.3222235441207886,0.9920199771010518,0.6436145110703793,0.9911936830396946,1939.607421875,0.47353696823120117,0.0,0.34051278233528137
pali,flickr30k,final_quarter,False,5,0.7142857142857142,18,18,18,11,4.0,4096,0.001,True,1.25,1024,512,1200,0.6861193180084229,0.6820673514535883,0.6908119513536803,0.9990234375,0.99951171875,0.0,0.00048828125,0.24076244235038757,0.4453568458557129,0.05407017617224205,4058.537902602474,0.4206605851650238,0.3222235441207886,0.9920199771010518,0.6436145110703793,0.9911936830396946,1939.607421875,0.47353696823120117,0.0,0.34051278233528137
pali,flickr30k,final_quarter,False,5,0.7142857142857142,18,18,18,11,4.0,4096,0.001,True,1.5,1024,512,1200,0.6861193180084229,0.6820673514535883,0.6908119513536803,0.95947265625,0.979736328125,0.0,0.020263671875,0.24076244235038757,0.4453568458557129,0.05407017617224205,4058.537902602474,0.4206605851650238,0.3222235441207886,0.9920199771010518,0.6436145110703793,0.9911936830396946,1939.607421875,0.47353696823120117,0.0,0.34051278233528137
pali,flickr30k,final_quarter,False,5,0.7142857142857142,18,18,18,23,2.0,4096,0.0003,False,1.1,1024,512,1200,0.5477268695831299,0.5437749336502747,0.551454304732033,0.16748046875,0.167236328125,0.007568359375,0.00732421875,0.19301822781562805,0.35470864176750183,0.8587723624200854,614.7955911590572,0.6636129021644592,0.8939533829689026,0.9920126403732725,0.9629105504994856,0.9914963744745801,607.669921875,0.14835691452026367,0.82666015625,0.6638324856758118
pali,flickr30k,final_quarter,False,5,0.7142857142857142,18,18,18,23,2.0,4096,0.0003,False,1.25,1024,512,1200,0.5477268695831299,0.5437749336502747,0.551454304732033,0.1650390625,0.166259765625,0.00732421875,0.008544921875,0.19301822781562805,0.35470864176750183,0.8587723624200854,614.7955911590572,0.6636129021644592,0.8939533829689026,0.9920126403732725,0.9629105504994856,0.9914963744745801,607.669921875,0.14835691452026367,0.82666015625,0.6638324856758118
pali,flickr30k,final_quarter,False,5,0.7142857142857142,18,18,18,23,2.0,4096,0.0003,False,1.5,1024,512,1200,0.5477268695831299,0.5437749336502747,0.551454304732033,0.1533203125,0.1611328125,0.006591796875,0.014404296875,0.19301822781562805,0.35470864176750183,0.8587723624200854,614.7955911590572,0.6636129021644592,0.8939533829689026,0.9920126403732725,0.9629105504994856,0.9914963744745801,607.669921875,0.14835691452026367,0.82666015625,0.6638324856758118
pali,flickr30k,final_quarter,False,5,0.7142857142857142,18,18,18,23,2.0,4096,0.0003,True,1.1,1024,512,1200,0.687565267086029,0.683002879639389,0.6922956859780243,1.0,1.0,0.0,0.0,0.24160584807395935,0.4459594190120697,0.05417744411275826,4058.3271941778953,0.4158703684806824,0.3335293233394623,0.9937349922668849,0.6443914405988868,0.993133156812722,1939.552734375,0.4735236167907715,0.0,0.3432477116584778
pali,flickr30k,final_quarter,False,5,0.7142857142857142,18,18,18,23,2.0,4096,0.0003,True,1.25,1024,512,1200,0.687565267086029,0.683002879639389,0.6922956859780243,0.99755859375,0.998779296875,0.0,0.001220703125,0.24160584807395935,0.4459594190120697,0.05417744411275826,4058.3271941778953,0.4158703684806824,0.3335293233394623,0.9937349922668849,0.6443914405988868,0.993133156812722,1939.552734375,0.4735236167907715,0.0,0.3432477116584778
pali,flickr30k,final_quarter,False,5,0.7142857142857142,18,18,18,23,2.0,4096,0.0003,True,1.5,1024,512,1200,0.687565267086029,0.683002879639389,0.6922956859780243,0.95947265625,0.979736328125,0.0,0.020263671875,0.24160584807395935,0.4459594190120697,0.05417744411275826,4058.3271941778953,0.4158703684806824,0.3335293233394623,0.9937349922668849,0.6443914405988868,0.993133156812722,1939.552734375,0.4735236167907715,0.0,0.3432477116584778
pali,flickr30k,final_quarter,False,5,0.7142857142857142,18,18,18,23,2.0,4096,0.001,False,1.1,1024,512,1200,0.5458158254623413,0.5418685844211723,0.549528940601158,0.167236328125,0.1669921875,0.007568359375,0.00732421875,0.19234460592269897,0.35347121953964233,0.8590551803440709,613.5021689496584,0.6594994068145752,0.8972988724708557,0.9919666620444433,0.9628641961776874,0.9915006208333427,606.1015625,0.14797401428222656,0.8271484375,0.6578046083450317
pali,flickr30k,final_quarter,False,5,0.7142857142857142,18,18,18,23,2.0,4096,0.001,False,1.25,1024,512,1200,0.5458158254623413,0.5418685844211723,0.549528940601158,0.164794921875,0.166015625,0.00732421875,0.008544921875,0.19234460592269897,0.35347121953964233,0.8590551803440709,613.5021689496584,0.6594994068145752,0.8972988724708557,0.9919666620444433,0.9628641961776874,0.9915006208333427,606.1015625,0.14797401428222656,0.8271484375,0.6578046083450317
pali,flickr30k,final_quarter,False,5,0.7142857142857142,18,18,18,23,2.0,4096,0.001,False,1.5,1024,512,1200,0.5458158254623413,0.5418685844211723,0.549528940601158,0.152587890625,0.16064453125,0.006591796875,0.0146484375,0.19234460592269897,0.35347121953964233,0.8590551803440709,613.5021689496584,0.6594994068145752,0.8972988724708557,0.9919666620444433,0.9628641961776874,0.9915006208333427,606.1015625,0.14797401428222656,0.8271484375,0.6578046083450317
pali,flickr30k,final_quarter,False,5,0.7142857142857142,18,18,18,23,2.0,4096,0.001,True,1.1,1024,512,1200,0.679187536239624,0.6745333716069581,0.6837746996781788,1.0,1.0,0.0,0.0,0.23872046172618866,0.4404670298099518,0.05461065700638281,4057.779435736519,0.4116641879081726,0.32306763529777527,0.9934925755232588,0.6438576278842534,0.9954183472714049,1935.046875,0.4724235534667969,0.0,0.3385574221611023
pali,flickr30k,final_quarter,False,5,0.7142857142857142,18,18,18,23,2.0,4096,0.001,True,1.25,1024,512,1200,0.679187536239624,0.6745333716069581,0.6837746996781788,0.99755859375,0.998779296875,0.0,0.001220703125,0.23872046172618866,0.4404670298099518,0.05461065700638281,4057.779435736519,0.4116641879081726,0.32306763529777527,0.9934925755232588,0.6438576278842534,0.9954183472714049,1935.046875,0.4724235534667969,0.0,0.3385574221611023
pali,flickr30k,final_quarter,False,5,0.7142857142857142,18,18,18,23,2.0,4096,0.001,True,1.5,1024,512,1200,0.679187536239624,0.6745333716069581,0.6837746996781788,0.95849609375,0.979248046875,0.0,0.020751953125,0.23872046172618866,0.4404670298099518,0.05461065700638281,4057.779435736519,0.4116641879081726,0.32306763529777527,0.9934925755232588,0.6438576278842534,0.9954183472714049,1935.046875,0.4724235534667969,0.0,0.3385574221611023
pali,flickr30k,final_quarter,False,5,0.7142857142857142,18,18,18,23,4.0,4096,0.0003,False,1.1,1024,512,1200,0.5477268695831299,0.5437749336502747,0.551454304732033,0.16748046875,0.167236328125,0.007568359375,0.00732421875,0.19301822781562805,0.35470864176750183,0.8587723624200854,614.7955911590572,0.6636129021644592,0.8939533829689026,0.9920126403732725,0.9629105504994856,0.9914963744745801,607.669921875,0.14835691452026367,0.82666015625,0.6638324856758118
pali,flickr30k,final_quarter,False,5,0.7142857142857142,18,18,18,23,4.0,4096,0.0003,False,1.25,1024,512,1200,0.5477268695831299,0.5437749336502747,0.551454304732033,0.1650390625,0.166259765625,0.00732421875,0.008544921875,0.19301822781562805,0.35470864176750183,0.8587723624200854,614.7955911590572,0.6636129021644592,0.8939533829689026,0.9920126403732725,0.9629105504994856,0.9914963744745801,607.669921875,0.14835691452026367,0.82666015625,0.6638324856758118
pali,flickr30k,final_quarter,False,5,0.7142857142857142,18,18,18,23,4.0,4096,0.0003,False,1.5,1024,512,1200,0.5477268695831299,0.5437749336502747,0.551454304732033,0.1533203125,0.1611328125,0.006591796875,0.014404296875,0.19301822781562805,0.35470864176750183,0.8587723624200854,614.7955911590572,0.6636129021644592,0.8939533829689026,0.9920126403732725,0.9629105504994856,0.9914963744745801,607.669921875,0.14835691452026367,0.82666015625,0.6638324856758118
pali,flickr30k,final_quarter,False,5,0.7142857142857142,18,18,18,23,4.0,4096,0.0003,True,1.1,1024,512,1200,0.687565267086029,0.683002879639389,0.6922956859780243,1.0,1.0,0.0,0.0,0.24160584807395935,0.4459594190120697,0.05417744411275826,4058.3271941778953,0.4158703684806824,0.3335293233394623,0.9937349922668849,0.6443914405988868,0.993133156812722,1939.552734375,0.4735236167907715,0.0,0.3432477116584778
pali,flickr30k,final_quarter,False,5,0.7142857142857142,18,18,18,23,4.0,4096,0.0003,True,1.25,1024,512,1200,0.687565267086029,0.683002879639389,0.6922956859780243,0.99755859375,0.998779296875,0.0,0.001220703125,0.24160584807395935,0.4459594190120697,0.05417744411275826,4058.3271941778953,0.4158703684806824,0.3335293233394623,0.9937349922668849,0.6443914405988868,0.993133156812722,1939.552734375,0.4735236167907715,0.0,0.3432477116584778
pali,flickr30k,final_quarter,False,5,0.7142857142857142,18,18,18,23,4.0,4096,0.0003,True,1.5,1024,512,1200,0.687565267086029,0.683002879639389,0.6922956859780243,0.95947265625,0.979736328125,0.0,0.020263671875,0.24160584807395935,0.4459594190120697,0.05417744411275826,4058.3271941778953,0.4158703684806824,0.3335293233394623,0.9937349922668849,0.6443914405988868,0.993133156812722,1939.552734375,0.4735236167907715,0.0,0.3432477116584778
pali,flickr30k,final_quarter,False,5,0.7142857142857142,18,18,18,23,4.0,4096,0.001,False,1.1,1024,512,1200,0.5458158254623413,0.5418685844211723,0.549528940601158,0.167236328125,0.1669921875,0.007568359375,0.00732421875,0.19234460592269897,0.35347121953964233,0.8590551803440709,613.5021689496584,0.6594994068145752,0.8972988724708557,0.9919666620444433,0.9628641961776874,0.9915006208333427,606.1015625,0.14797401428222656,0.8271484375,0.6578046083450317
pali,flickr30k,final_quarter,False,5,0.7142857142857142,18,18,18,23,4.0,4096,0.001,False,1.25,1024,512,1200,0.5458158254623413,0.5418685844211723,0.549528940601158,0.164794921875,0.166015625,0.00732421875,0.008544921875,0.19234460592269897,0.35347121953964233,0.8590551803440709,613.5021689496584,0.6594994068145752,0.8972988724708557,0.9919666620444433,0.9628641961776874,0.9915006208333427,606.1015625,0.14797401428222656,0.8271484375,0.6578046083450317
pali,flickr30k,final_quarter,False,5,0.7142857142857142,18,18,18,23,4.0,4096,0.001,False,1.5,1024,512,1200,0.5458158254623413,0.5418685844211723,0.549528940601158,0.152587890625,0.16064453125,0.006591796875,0.0146484375,0.19234460592269897,0.35347121953964233,0.8590551803440709,613.5021689496584,0.6594994068145752,0.8972988724708557,0.9919666620444433,0.9628641961776874,0.9915006208333427,606.1015625,0.14797401428222656,0.8271484375,0.6578046083450317
pali,flickr30k,final_quarter,False,5,0.7142857142857142,18,18,18,23,4.0,4096,0.001,True,1.1,1024,512,1200,0.679187536239624,0.6745333716069581,0.6837746996781788,1.0,1.0,0.0,0.0,0.23872046172618866,0.4404670298099518,0.05461065700638281,4057.779435736519,0.4116641879081726,0.32306763529777527,0.9934925755232588,0.6438576278842534,0.9954183472714049,1935.046875,0.4724235534667969,0.0,0.3385574221611023
pali,flickr30k,final_quarter,False,5,0.7142857142857142,18,18,18,23,4.0,4096,0.001,True,1.25,1024,512,1200,0.679187536239624,0.6745333716069581,0.6837746996781788,0.99755859375,0.998779296875,0.0,0.001220703125,0.23872046172618866,0.4404670298099518,0.05461065700638281,4057.779435736519,0.4116641879081726,0.32306763529777527,0.9934925755232588,0.6438576278842534,0.9954183472714049,1935.046875,0.4724235534667969,0.0,0.3385574221611023
pali,flickr30k,final_quarter,False,5,0.7142857142857142,18,18,18,23,4.0,4096,0.001,True,1.5,1024,512,1200,0.679187536239624,0.6745333716069581,0.6837746996781788,0.95849609375,0.979248046875,0.0,0.020751953125,0.23872046172618866,0.4404670298099518,0.05461065700638281,4057.779435736519,0.4116641879081726,0.32306763529777527,0.9934925755232588,0.6438576278842534,0.9954183472714049,1935.046875,0.4724235534667969,0.0,0.3385574221611023
pali,flickr30k,final_quarter,False,5,0.7142857142857142,18,18,18,37,2.0,4096,0.0003,False,1.1,1024,512,1200,0.534748911857605,0.5307670046400744,0.5387016321561532,0.161376953125,0.16162109375,0.005859375,0.006103515625,0.1884087324142456,0.3463401198387146,0.8630808173431933,596.1231238275698,0.6608151793479919,0.9041725993156433,0.9916150746702392,0.9626243425787967,0.991482651130068,589.462890625,0.14391183853149414,0.833740234375,0.6550535559654236
pali,flickr30k,final_quarter,False,5,0.7142857142857142,18,18,18,37,2.0,4096,0.0003,False,1.25,1024,512,1200,0.534748911857605,0.5307670046400744,0.5387016321561532,0.160400390625,0.1611328125,0.005859375,0.006591796875,0.1884087324142456,0.3463401198387146,0.8630808173431933,596.1231238275698,0.6608151793479919,0.9041725993156433,0.9916150746702392,0.9626243425787967,0.991482651130068,589.462890625,0.14391183853149414,0.833740234375,0.6550535559654236
pali,flickr30k,final_quarter,False,5,0.7142857142857142,18,18,18,37,2.0,4096,0.0003,False,1.5,1024,512,1200,0.534748911857605,0.5307670046400744,0.5387016321561532,0.148193359375,0.1552734375,0.005615234375,0.0126953125,0.1884087324142456,0.3463401198387146,0.8630808173431933,596.1231238275698,0.6608151793479919,0.9041725993156433,0.9916150746702392,0.9626243425787967,0.991482651130068,589.462890625,0.14391183853149414,0.833740234375,0.6550535559654236
pali,flickr30k,final_quarter,False,5,0.7142857142857142,18,18,18,37,2.0,4096,0.0003,True,1.1,1024,512,1200,0.6908200979232788,0.6862771854910534,0.6956493561243405,0.99951171875,0.999755859375,0.0,0.000244140625,0.2422463297843933,0.4485738277435303,0.05466273908173515,4057.6549431179374,0.41999781131744385,0.3307291865348816,0.9938407180698563,0.6448280417882813,0.9948273748606419,1944.01171875,0.4746122360229492,0.0,0.3437415063381195
pali,flickr30k,final_quarter,False,5,0.7142857142857142,18,18,18,37,2.0,4096,0.0003,True,1.25,1024,512,1200,0.6908200979232788,0.6862771854910534,0.6956493561243405,0.99853515625,0.999267578125,0.0,0.000732421875,0.2422463297843933,0.4485738277435303,0.05466273908173515,4057.6549431179374,0.41999781131744385,0.3307291865348816,0.9938407180698563,0.6448280417882813,0.9948273748606419,1944.01171875,0.4746122360229492,0.0,0.3437415063381195
pali,flickr30k,final_quarter,False,5,0.7142857142857142,18,18,18,37,2.0,4096,0.0003,True,1.5,1024,512,1200,0.6908200979232788,0.6862771854910534,0.6956493561243405,0.958984375,0.9794921875,0.0,0.0205078125,0.2422463297843933,0.4485738277435303,0.05466273908173515,4057.6549431179374,0.41999781131744385,0.3307291865348816,0.9938407180698563,0.6448280417882813,0.9948273748606419,1944.01171875,0.4746122360229492,0.0,0.3437415063381195
pali,flickr30k,final_quarter,False,5,0.7142857142857142,18,18,18,37,2.0,4096,0.001,False,1.1,1024,512,1200,0.5339257121086121,0.5299510703160195,0.5378680653608171,0.161376953125,0.16162109375,0.005859375,0.006103515625,0.18808987736701965,0.34583580493927,0.8630784938732525,595.9302607194343,0.6580905914306641,0.9053419828414917,0.9916365065973968,0.9626331006393543,0.9916409004524557,589.12890625,0.1438302993774414,0.833740234375,0.6521767377853394
pali,flickr30k,final_quarter,False,5,0.7142857142857142,18,18,18,37,2.0,4096,0.001,False,1.25,1024,512,1200,0.5339257121086121,0.5299510703160195,0.5378680653608171,0.160400390625,0.1611328125,0.005859375,0.006591796875,0.18808987736701965,0.34583580493927,0.8630784938732525,595.9302607194343,0.6580905914306641,0.9053419828414917,0.9916365065973968,0.9626331006393543,0.9916409004524557,589.12890625,0.1438302993774414,0.833740234375,0.6521767377853394
pali,flickr30k,final_quarter,False,5,0.7142857142857142,18,18,18,37,2.0,4096,0.001,False,1.5,1024,512,1200,0.5339257121086121,0.5299510703160195,0.5378680653608171,0.148193359375,0.1552734375,0.005615234375,0.0126953125,0.18808987736701965,0.34583580493927,0.8630784938732525,595.9302607194343,0.6580905914306641,0.9053419828414917,0.9916365065973968,0.9626331006393543,0.9916409004524557,589.12890625,0.1438302993774414,0.833740234375,0.6521767377853394
pali,flickr30k,final_quarter,False,5,0.7142857142857142,18,18,18,37,2.0,4096,0.001,True,1.1,1024,512,1200,0.6838668584823608,0.6794016530911904,0.6887575329921674,0.99951171875,0.999755859375,0.0,0.000244140625,0.23992890119552612,0.4439379870891571,0.0547511949141644,4057.574836854383,0.4172526001930237,0.3248775601387024,0.9935389140320037,0.6444169608242813,0.9951963322645758,1940.8046875,0.4738292694091797,0.0,0.33981677889823914
pali,flickr30k,final_quarter,False,5,0.7142857142857142,18,18,18,37,2.0,4096,0.001,True,1.25,1024,512,1200,0.6838668584823608,0.6794016530911904,0.6887575329921674,0.99853515625,0.999267578125,0.0,0.000732421875,0.23992890119552612,0.4439379870891571,0.0547511949141644,4057.574836854383,0.4172526001930237,0.3248775601387024,0.9935389140320037,0.6444169608242813,0.9951963322645758,1940.8046875,0.4738292694091797,0.0,0.33981677889823914
pali,flickr30k,final_quarter,False,5,0.7142857142857142,18,18,18,37,2.0,4096,0.001,True,1.5,1024,512,1200,0.6838668584823608,0.6794016530911904,0.6887575329921674,0.958984375,0.9794921875,0.0,0.0205078125,0.23992890119552612,0.4439379870891571,0.0547511949141644,4057.574836854383,0.4172526001930237,0.3248775601387024,0.9935389140320037,0.6444169608242813,0.9951963322645758,1940.8046875,0.4738292694091797,0.0,0.33981677889823914
pali,flickr30k,final_quarter,False,5,0.7142857142857142,18,18,18,37,4.0,4096,0.0003,False,1.1,1024,512,1200,0.534748911857605,0.5307670046400744,0.5387016321561532,0.161376953125,0.16162109375,0.005859375,0.006103515625,0.1884087324142456,0.3463401198387146,0.8630808173431933,596.1231238275698,0.6608151793479919,0.9041725993156433,0.9916150746702392,0.9626243425787967,0.991482651130068,589.462890625,0.14391183853149414,0.833740234375,0.6550535559654236
pali,flickr30k,final_quarter,False,5,0.7142857142857142,18,18,18,37,4.0,4096,0.0003,False,1.25,1024,512,1200,0.534748911857605,0.5307670046400744,0.5387016321561532,0.160400390625,0.1611328125,0.005859375,0.006591796875,0.1884087324142456,0.3463401198387146,0.8630808173431933,596.1231238275698,0.6608151793479919,0.9041725993156433,0.9916150746702392,0.9626243425787967,0.991482651130068,589.462890625,0.14391183853149414,0.833740234375,0.6550535559654236
pali,flickr30k,final_quarter,False,5,0.7142857142857142,18,18,18,37,4.0,4096,0.0003,False,1.5,1024,512,1200,0.534748911857605,0.5307670046400744,0.5387016321561532,0.148193359375,0.1552734375,0.005615234375,0.0126953125,0.1884087324142456,0.3463401198387146,0.8630808173431933,596.1231238275698,0.6608151793479919,0.9041725993156433,0.9916150746702392,0.9626243425787967,0.991482651130068,589.462890625,0.14391183853149414,0.833740234375,0.6550535559654236
pali,flickr30k,final_quarter,False,5,0.7142857142857142,18,18,18,37,4.0,4096,0.0003,True,1.1,1024,512,1200,0.6908200979232788,0.6862771854910534,0.6956493561243405,0.99951171875,0.999755859375,0.0,0.000244140625,0.2422463297843933,0.4485738277435303,0.05466273908173515,4057.6549431179374,0.41999781131744385,0.3307291865348816,0.9938407180698563,0.6448280417882813,0.9948273748606419,1944.01171875,0.4746122360229492,0.0,0.3437415063381195
pali,flickr30k,final_quarter,False,5,0.7142857142857142,18,18,18,37,4.0,4096,0.0003,True,1.25,1024,512,1200,0.6908200979232788,0.6862771854910534,0.6956493561243405,0.99853515625,0.999267578125,0.0,0.000732421875,0.2422463297843933,0.4485738277435303,0.05466273908173515,4057.6549431179374,0.41999781131744385,0.3307291865348816,0.9938407180698563,0.6448280417882813,0.9948273748606419,1944.01171875,0.4746122360229492,0.0,0.3437415063381195
pali,flickr30k,final_quarter,False,5,0.7142857142857142,18,18,18,37,4.0,4096,0.0003,True,1.5,1024,512,1200,0.6908200979232788,0.6862771854910534,0.6956493561243405,0.958984375,0.9794921875,0.0,0.0205078125,0.2422463297843933,0.4485738277435303,0.05466273908173515,4057.6549431179374,0.41999781131744385,0.3307291865348816,0.9938407180698563,0.6448280417882813,0.9948273748606419,1944.01171875,0.4746122360229492,0.0,0.3437415063381195
pali,flickr30k,final_quarter,False,5,0.7142857142857142,18,18,18,37,4.0,4096,0.001,False,1.1,1024,512,1200,0.5339257121086121,0.5299510703160195,0.5378680653608171,0.161376953125,0.16162109375,0.005859375,0.006103515625,0.18808987736701965,0.34583580493927,0.8630784938732525,595.9302607194343,0.6580905914306641,0.9053419828414917,0.9916365065973968,0.9626331006393543,0.9916409004524557,589.12890625,0.1438302993774414,0.833740234375,0.6521767377853394
pali,flickr30k,final_quarter,False,5,0.7142857142857142,18,18,18,37,4.0,4096,0.001,False,1.25,1024,512,1200,0.5339257121086121,0.5299510703160195,0.5378680653608171,0.160400390625,0.1611328125,0.005859375,0.006591796875,0.18808987736701965,0.34583580493927,0.8630784938732525,595.9302607194343,0.6580905914306641,0.9053419828414917,0.9916365065973968,0.9626331006393543,0.9916409004524557,589.12890625,0.1438302993774414,0.833740234375,0.6521767377853394
pali,flickr30k,final_quarter,False,5,0.7142857142857142,18,18,18,37,4.0,4096,0.001,False,1.5,1024,512,1200,0.5339257121086121,0.5299510703160195,0.5378680653608171,0.148193359375,0.1552734375,0.005615234375,0.0126953125,0.18808987736701965,0.34583580493927,0.8630784938732525,595.9302607194343,0.6580905914306641,0.9053419828414917,0.9916365065973968,0.9626331006393543,0.9916409004524557,589.12890625,0.1438302993774414,0.833740234375,0.6521767377853394
pali,flickr30k,final_quarter,False,5,0.7142857142857142,18,18,18,37,4.0,4096,0.001,True,1.1,1024,512,1200,0.6838668584823608,0.6794016530911904,0.6887575329921674,0.99951171875,0.999755859375,0.0,0.000244140625,0.23992890119552612,0.4439379870891571,0.0547511949141644,4057.574836854383,0.4172526001930237,0.3248775601387024,0.9935389140320037,0.6444169608242813,0.9951963322645758,1940.8046875,0.4738292694091797,0.0,0.33981677889823914
pali,flickr30k,final_quarter,False,5,0.7142857142857142,18,18,18,37,4.0,4096,0.001,True,1.25,1024,512,1200,0.6838668584823608,0.6794016530911904,0.6887575329921674,0.99853515625,0.999267578125,0.0,0.000732421875,0.23992890119552612,0.4439379870891571,0.0547511949141644,4057.574836854383,0.4172526001930237,0.3248775601387024,0.9935389140320037,0.6444169608242813,0.9951963322645758,1940.8046875,0.4738292694091797,0.0,0.33981677889823914
pali,flickr30k,final_quarter,False,5,0.7142857142857142,18,18,18,37,4.0,4096,0.001,True,1.5,1024,512,1200,0.6838668584823608,0.6794016530911904,0.6887575329921674,0.958984375,0.9794921875,0.0,0.0205078125,0.23992890119552612,0.4439379870891571,0.0547511949141644,4057.574836854383,0.4172526001930237,0.3248775601387024,0.9935389140320037,0.6444169608242813,0.9951963322645758,1940.8046875,0.4738292694091797,0.0,0.33981677889823914
pali,flickr30k,final_quarter,False,6,0.8571428571428571,21,21,21,11,2.0,4096,0.0003,False,1.1,1024,512,1200,0.7507385015487671,0.7450090104714036,0.7559242885588902,0.142578125,0.14404296875,0.0048828125,0.00634765625,0.27980124950408936,0.4709373116493225,0.8808993071251718,519.6770213726998,0.8122634887695312,1.3161965608596802,0.9904891585841706,0.9648512993200501,0.9925085394648117,508.75,0.12420654296875,0.851318359375,0.8807756900787354
pali,flickr30k,final_quarter,False,6,0.8571428571428571,21,21,21,11,2.0,4096,0.0003,False,1.25,1024,512,1200,0.7507385015487671,0.7450090104714036,0.7559242885588902,0.140625,0.143310546875,0.004638671875,0.00732421875,0.27980124950408936,0.4709373116493225,0.8808993071251718,519.6770213726998,0.8122634887695312,1.3161965608596802,0.9904891585841706,0.9648512993200501,0.9925085394648117,508.75,0.12420654296875,0.851318359375,0.8807756900787354
pali,flickr30k,final_quarter,False,6,0.8571428571428571,21,21,21,11,2.0,4096,0.0003,False,1.5,1024,512,1200,0.7507385015487671,0.7450090104714036,0.7559242885588902,0.111328125,0.128662109375,0.004638671875,0.02197265625,0.27980124950408936,0.4709373116493225,0.8808993071251718,519.6770213726998,0.8122634887695312,1.3161965608596802,0.9904891585841706,0.9648512993200501,0.9925085394648117,508.75,0.12420654296875,0.851318359375,0.8807756900787354
pali,flickr30k,final_quarter,False,6,0.8571428571428571,21,21,21,11,2.0,4096,0.0003,True,1.1,1024,512,1200,0.6681957840919495,0.6631516302935779,0.6731094739370747,0.9990234375,0.99951171875,0.0,0.00048828125,0.2487988919019699,0.41939693689346313,0.060334420730795306,4048.8515464915185,0.4190782606601715,0.3264126479625702,0.9920400942341977,0.7224243519032875,0.9929201924826162,1917.30859375,0.4680929183959961,0.0,0.33567672967910767
pali,flickr30k,final_quarter,False,6,0.8571428571428571,21,21,21,11,2.0,4096,0.0003,True,1.25,1024,512,1200,0.6681957840919495,0.6631516302935779,0.6731094739370747,0.9912109375,0.99560546875,0.0,0.00439453125,0.2487988919019699,0.41939693689346313,0.060334420730795306,4048.8515464915185,0.4190782606601715,0.3264126479625702,0.9920400942341977,0.7224243519032875,0.9929201924826162,1917.30859375,0.4680929183959961,0.0,0.33567672967910767
pali,flickr30k,final_quarter,False,6,0.8571428571428571,21,21,21,11,2.0,4096,0.0003,True,1.5,1024,512,1200,0.6681957840919495,0.6631516302935779,0.6731094739370747,0.78369140625,0.891845703125,0.0,0.108154296875,0.2487988919019699,0.41939693689346313,0.060334420730795306,4048.8515464915185,0.4190782606601715,0.3264126479625702,0.9920400942341977,0.7224243519032875,0.9929201924826162,1917.30859375,0.4680929183959961,0.0,0.33567672967910767
pali,flickr30k,final_quarter,False,6,0.8571428571428571,21,21,21,11,2.0,4096,0.001,False,1.1,1024,512,1200,0.7506568431854248,0.7449393151735422,0.755809717864031,0.142578125,0.14404296875,0.0048828125,0.00634765625,0.2797463536262512,0.4709104001522064,0.8809045067165151,519.7331458719189,0.8149417042732239,1.3213645219802856,0.9904660321012244,0.964809307727065,0.9927587402622599,509.296875,0.12434005737304688,0.851318359375,0.8847205638885498
pali,flickr30k,final_quarter,False,6,0.8571428571428571,21,21,21,11,2.0,4096,0.001,False,1.25,1024,512,1200,0.7506568431854248,0.7449393151735422,0.755809717864031,0.140625,0.143310546875,0.004638671875,0.00732421875,0.2797463536262512,0.4709104001522064,0.8809045067165151,519.7331458719189,0.8149417042732239,1.3213645219802856,0.9904660321012244,0.964809307727065,0.9927587402622599,509.296875,0.12434005737304688,0.851318359375,0.8847205638885498
pali,flickr30k,final_quarter,False,6,0.8571428571428571,21,21,21,11,2.0,4096,0.001,False,1.5,1024,512,1200,0.7506568431854248,0.7449393151735422,0.755809717864031,0.1123046875,0.129150390625,0.004638671875,0.021484375,0.2797463536262512,0.4709104001522064,0.8809045067165151,519.7331458719189,0.8149417042732239,1.3213645219802856,0.9904660321012244,0.964809307727065,0.9927587402622599,509.296875,0.12434005737304688,0.851318359375,0.8847205638885498
pali,flickr30k,final_quarter,False,6,0.8571428571428571,21,21,21,11,2.0,4096,0.001,True,1.1,1024,512,1200,0.6601571440696716,0.6552445072011324,0.6649745805625571,0.9990234375,0.99951171875,0.0,0.00048828125,0.24566110968589783,0.4144960641860962,0.06001075096046828,4049.467361304597,0.4199165105819702,0.31930556893348694,0.99353358769207,0.7239242442539505,0.9928073575497217,1912.169921875,0.46683835983276367,0.0,0.33095255494117737
pali,flickr30k,final_quarter,False,6,0.8571428571428571,21,21,21,11,2.0,4096,0.001,True,1.25,1024,512,1200,0.6601571440696716,0.6552445072011324,0.6649745805625571,0.99072265625,0.995361328125,0.0,0.004638671875,0.24566110968589783,0.4144960641860962,0.06001075096046828,4049.467361304597,0.4199165105819702,0.31930556893348694,0.99353358769207,0.7239242442539505,0.9928073575497217,1912.169921875,0.46683835983276367,0.0,0.33095255494117737
pali,flickr30k,final_quarter,False,6,0.8571428571428571,21,21,21,11,2.0,4096,0.001,True,1.5,1024,512,1200,0.6601571440696716,0.6552445072011324,0.6649745805625571,0.79443359375,0.897216796875,0.0,0.102783203125,0.24566110968589783,0.4144960641860962,0.06001075096046828,4049.467361304597,0.4199165105819702,0.31930556893348694,0.99353358769207,0.7239242442539505,0.9928073575497217,1912.169921875,0.46683835983276367,0.0,0.33095255494117737
pali,flickr30k,final_quarter,False,6,0.8571428571428571,21,21,21,11,4.0,4096,0.0003,False,1.1,1024,512,1200,0.7507385015487671,0.7450090104714036,0.7559242885588902,0.142578125,0.14404296875,0.0048828125,0.00634765625,0.27980124950408936,0.4709373116493225,0.8808993071251718,519.6770213726998,0.8122634887695312,1.3161965608596802,0.9904891585841706,0.9648512993200501,0.9925085394648117,508.75,0.12420654296875,0.851318359375,0.8807756900787354
pali,flickr30k,final_quarter,False,6,0.8571428571428571,21,21,21,11,4.0,4096,0.0003,False,1.25,1024,512,1200,0.7507385015487671,0.7450090104714036,0.7559242885588902,0.140625,0.143310546875,0.004638671875,0.00732421875,0.27980124950408936,0.4709373116493225,0.8808993071251718,519.6770213726998,0.8122634887695312,1.3161965608596802,0.9904891585841706,0.9648512993200501,0.9925085394648117,508.75,0.12420654296875,0.851318359375,0.8807756900787354
pali,flickr30k,final_quarter,False,6,0.8571428571428571,21,21,21,11,4.0,4096,0.0003,False,1.5,1024,512,1200,0.7507385015487671,0.7450090104714036,0.7559242885588902,0.111328125,0.128662109375,0.004638671875,0.02197265625,0.27980124950408936,0.4709373116493225,0.8808993071251718,519.6770213726998,0.8122634887695312,1.3161965608596802,0.9904891585841706,0.9648512993200501,0.9925085394648117,508.75,0.12420654296875,0.851318359375,0.8807756900787354
pali,flickr30k,final_quarter,False,6,0.8571428571428571,21,21,21,11,4.0,4096,0.0003,True,1.1,1024,512,1200,0.6681957840919495,0.6631516302935779,0.6731094739370747,0.9990234375,0.99951171875,0.0,0.00048828125,0.2487988919019699,0.41939693689346313,0.060334420730795306,4048.8515464915185,0.4190782606601715,0.3264126479625702,0.9920400942341977,0.7224243519032875,0.9929201924826162,1917.30859375,0.4680929183959961,0.0,0.33567672967910767
pali,flickr30k,final_quarter,False,6,0.8571428571428571,21,21,21,11,4.0,4096,0.0003,True,1.25,1024,512,1200,0.6681957840919495,0.6631516302935779,0.6731094739370747,0.9912109375,0.99560546875,0.0,0.00439453125,0.2487988919019699,0.41939693689346313,0.060334420730795306,4048.8515464915185,0.4190782606601715,0.3264126479625702,0.9920400942341977,0.7224243519032875,0.9929201924826162,1917.30859375,0.4680929183959961,0.0,0.33567672967910767
pali,flickr30k,final_quarter,False,6,0.8571428571428571,21,21,21,11,4.0,4096,0.0003,True,1.5,1024,512,1200,0.6681957840919495,0.6631516302935779,0.6731094739370747,0.78369140625,0.891845703125,0.0,0.108154296875,0.2487988919019699,0.41939693689346313,0.060334420730795306,4048.8515464915185,0.4190782606601715,0.3264126479625702,0.9920400942341977,0.7224243519032875,0.9929201924826162,1917.30859375,0.4680929183959961,0.0,0.33567672967910767
pali,flickr30k,final_quarter,False,6,0.8571428571428571,21,21,21,11,4.0,4096,0.001,False,1.1,1024,512,1200,0.7506568431854248,0.7449393151735422,0.755809717864031,0.142578125,0.14404296875,0.0048828125,0.00634765625,0.2797463536262512,0.4709104001522064,0.8809045067165151,519.7331458719189,0.8149417042732239,1.3213645219802856,0.9904660321012244,0.964809307727065,0.9927587402622599,509.296875,0.12434005737304688,0.851318359375,0.8847205638885498
pali,flickr30k,final_quarter,False,6,0.8571428571428571,21,21,21,11,4.0,4096,0.001,False,1.25,1024,512,1200,0.7506568431854248,0.7449393151735422,0.755809717864031,0.140625,0.143310546875,0.004638671875,0.00732421875,0.2797463536262512,0.4709104001522064,0.8809045067165151,519.7331458719189,0.8149417042732239,1.3213645219802856,0.9904660321012244,0.964809307727065,0.9927587402622599,509.296875,0.12434005737304688,0.851318359375,0.8847205638885498
pali,flickr30k,final_quarter,False,6,0.8571428571428571,21,21,21,11,4.0,4096,0.001,False,1.5,1024,512,1200,0.7506568431854248,0.7449393151735422,0.755809717864031,0.1123046875,0.129150390625,0.004638671875,0.021484375,0.2797463536262512,0.4709104001522064,0.8809045067165151,519.7331458719189,0.8149417042732239,1.3213645219802856,0.9904660321012244,0.964809307727065,0.9927587402622599,509.296875,0.12434005737304688,0.851318359375,0.8847205638885498
pali,flickr30k,final_quarter,False,6,0.8571428571428571,21,21,21,11,4.0,4096,0.001,True,1.1,1024,512,1200,0.6601571440696716,0.6552445072011324,0.6649745805625571,0.9990234375,0.99951171875,0.0,0.00048828125,0.24566110968589783,0.4144960641860962,0.06001075096046828,4049.467361304597,0.4199165105819702,0.31930556893348694,0.99353358769207,0.7239242442539505,0.9928073575497217,1912.169921875,0.46683835983276367,0.0,0.33095255494117737
pali,flickr30k,final_quarter,False,6,0.8571428571428571,21,21,21,11,4.0,4096,0.001,True,1.25,1024,512,1200,0.6601571440696716,0.6552445072011324,0.6649745805625571,0.99072265625,0.995361328125,0.0,0.004638671875,0.24566110968589783,0.4144960641860962,0.06001075096046828,4049.467361304597,0.4199165105819702,0.31930556893348694,0.99353358769207,0.7239242442539505,0.9928073575497217,1912.169921875,0.46683835983276367,0.0,0.33095255494117737
pali,flickr30k,final_quarter,False,6,0.8571428571428571,21,21,21,11,4.0,4096,0.001,True,1.5,1024,512,1200,0.6601571440696716,0.6552445072011324,0.6649745805625571,0.79443359375,0.897216796875,0.0,0.102783203125,0.24566110968589783,0.4144960641860962,0.06001075096046828,4049.467361304597,0.4199165105819702,0.31930556893348694,0.99353358769207,0.7239242442539505,0.9928073575497217,1912.169921875,0.46683835983276367,0.0,0.33095255494117737
pali,flickr30k,final_quarter,False,6,0.8571428571428571,21,21,21,23,2.0,4096,0.0003,False,1.1,1024,512,1200,0.7511208057403564,0.7456975547305774,0.755795712309191,0.138671875,0.14111328125,0.003173828125,0.005615234375,0.2800084352493286,0.47111231088638306,0.8791601986923839,527.3145644559993,0.8242793083190918,1.3097388744354248,0.9904237129535612,0.9650306280665707,0.9928010494566176,516.7421875,0.1261577606201172,0.85302734375,0.8915544748306274
pali,flickr30k,final_quarter,False,6,0.8571428571428571,21,21,21,23,2.0,4096,0.0003,False,1.25,1024,512,1200,0.7511208057403564,0.7456975547305774,0.755795712309191,0.13671875,0.140380859375,0.0029296875,0.006591796875,0.2800084352493286,0.47111231088638306,0.8791601986923839,527.3145644559993,0.8242793083190918,1.3097388744354248,0.9904237129535612,0.9650306280665707,0.9928010494566176,516.7421875,0.1261577606201172,0.85302734375,0.8915544748306274
pali,flickr30k,final_quarter,False,6,0.8571428571428571,21,21,21,23,2.0,4096,0.0003,False,1.5,1024,512,1200,0.7511208057403564,0.7456975547305774,0.755795712309191,0.1103515625,0.12744140625,0.002685546875,0.019775390625,0.2800084352493286,0.47111231088638306,0.8791601986923839,527.3145644559993,0.8242793083190918,1.3097388744354248,0.9904237129535612,0.9650306280665707,0.9928010494566176,516.7421875,0.1261577606201172,0.85302734375,0.8915544748306274
pali,flickr30k,final_quarter,False,6,0.8571428571428571,21,21,21,23,2.0,4096,0.0003,True,1.1,1024,512,1200,0.6643171906471252,0.6595819669862977,0.6690208133339184,0.99951171875,0.999755859375,0.0,0.000244140625,0.24691808223724365,0.4173991084098816,0.06036123888459497,4048.4303398181837,0.4367874264717102,0.32510730624198914,0.9912383081217319,0.7213444223013328,0.9952876897351358,1908.755859375,0.4660048484802246,0.0,0.3350772559642792
pali,flickr30k,final_quarter,False,6,0.8571428571428571,21,21,21,23,2.0,4096,0.0003,True,1.25,1024,512,1200,0.6643171906471252,0.6595819669862977,0.6690208133339184,0.99072265625,0.995361328125,0.0,0.004638671875,0.24691808223724365,0.4173991084098816,0.06036123888459497,4048.4303398181837,0.4367874264717102,0.32510730624198914,0.9912383081217319,0.7213444223013328,0.9952876897351358,1908.755859375,0.4660048484802246,0.0,0.3350772559642792
pali,flickr30k,final_quarter,False,6,0.8571428571428571,21,21,21,23,2.0,4096,0.0003,True,1.5,1024,512,1200,0.6643171906471252,0.6595819669862977,0.6690208133339184,0.7783203125,0.88916015625,0.0,0.11083984375,0.24691808223724365,0.4173991084098816,0.06036123888459497,4048.4303398181837,0.4367874264717102,0.32510730624198914,0.9912383081217319,0.7213444223013328,0.9952876897351358,1908.755859375,0.4660048484802246,0.0,0.3350772559642792
pali,flickr30k,final_quarter,False,6,0.8571428571428571,21,21,21,23,2.0,4096,0.001,False,1.1,1024,512,1200,0.7515364289283752,0.7460940720426151,0.7562362197611947,0.138916015625,0.141357421875,0.003173828125,0.005615234375,0.28019505739212036,0.4713413119316101,0.8792122945381016,527.2044587385701,0.8249660730361938,1.3061749935150146,0.9902393527261407,0.9648210492474076,0.9927420827843473,517.009765625,0.12622308731079102,0.852783203125,0.8940637707710266
pali,flickr30k,final_quarter,False,6,0.8571428571428571,21,21,21,23,2.0,4096,0.001,False,1.25,1024,512,1200,0.7515364289283752,0.7460940720426151,0.7562362197611947,0.136962890625,0.140625,0.0029296875,0.006591796875,0.28019505739212036,0.4713413119316101,0.8792122945381016,527.2044587385701,0.8249660730361938,1.3061749935150146,0.9902393527261407,0.9648210492474076,0.9927420827843473,517.009765625,0.12622308731079102,0.852783203125,0.8940637707710266
pali,flickr30k,final_quarter,False,6,0.8571428571428571,21,21,21,23,2.0,4096,0.001,False,1.5,1024,512,1200,0.7515364289283752,0.7460940720426151,0.7562362197611947,0.110595703125,0.127685546875,0.002685546875,0.019775390625,0.28019505739212036,0.4713413119316101,0.8792122945381016,527.2044587385701,0.8249660730361938,1.3061749935150146,0.9902393527261407,0.9648210492474076,0.9927420827843473,517.009765625,0.12622308731079102,0.852783203125,0.8940637707710266
pali,flickr30k,final_quarter,False,6,0.8571428571428571,21,21,21,23,2.0,4096,0.001,True,1.1,1024,512,1200,0.6574171781539917,0.6527411318558733,0.6621306647837628,0.99951171875,0.999755859375,0.0,0.000244140625,0.24419765174388885,0.41321954131126404,0.061313171824974776,4046.162589791708,0.43228140473365784,0.3195325434207916,0.9908915817984758,0.7214598920618227,0.9948525787766893,1903.294921875,0.46467161178588867,0.0,0.33109501004219055
pali,flickr30k,final_quarter,False,6,0.8571428571428571,21,21,21,23,2.0,4096,0.001,True,1.25,1024,512,1200,0.6574171781539917,0.6527411318558733,0.6621306647837628,0.9921875,0.99609375,0.0,0.00390625,0.24419765174388885,0.41321954131126404,0.061313171824974776,4046.162589791708,0.43228140473365784,0.3195325434207916,0.9908915817984758,0.7214598920618227,0.9948525787766893,1903.294921875,0.46467161178588867,0.0,0.33109501004219055
pali,flickr30k,final_quarter,False,6,0.8571428571428571,21,21,21,23,2.0,4096,0.001,True,1.5,1024,512,1200,0.6574171781539917,0.6527411318558733,0.6621306647837628,0.77099609375,0.885498046875,0.0,0.114501953125,0.24419765174388885,0.41321954131126404,0.061313171824974776,4046.162589791708,0.43228140473365784,0.3195325434207916,0.9908915817984758,0.7214598920618227,0.9948525787766893,1903.294921875,0.46467161178588867,0.0,0.33109501004219055
pali,flickr30k,final_quarter,False,6,0.8571428571428571,21,21,21,23,4.0,4096,0.0003,False,1.1,1024,512,1200,0.7511208057403564,0.7456975547305774,0.755795712309191,0.138671875,0.14111328125,0.003173828125,0.005615234375,0.2800084352493286,0.47111231088638306,0.8791601986923839,527.3145644559993,0.8242793083190918,1.3097388744354248,0.9904237129535612,0.9650306280665707,0.9928010494566176,516.7421875,0.1261577606201172,0.85302734375,0.8915544748306274
pali,flickr30k,final_quarter,False,6,0.8571428571428571,21,21,21,23,4.0,4096,0.0003,False,1.25,1024,512,1200,0.7511208057403564,0.7456975547305774,0.755795712309191,0.13671875,0.140380859375,0.0029296875,0.006591796875,0.2800084352493286,0.47111231088638306,0.8791601986923839,527.3145644559993,0.8242793083190918,1.3097388744354248,0.9904237129535612,0.9650306280665707,0.9928010494566176,516.7421875,0.1261577606201172,0.85302734375,0.8915544748306274
pali,flickr30k,final_quarter,False,6,0.8571428571428571,21,21,21,23,4.0,4096,0.0003,False,1.5,1024,512,1200,0.7511208057403564,0.7456975547305774,0.755795712309191,0.1103515625,0.12744140625,0.002685546875,0.019775390625,0.2800084352493286,0.47111231088638306,0.8791601986923839,527.3145644559993,0.8242793083190918,1.3097388744354248,0.9904237129535612,0.9650306280665707,0.9928010494566176,516.7421875,0.1261577606201172,0.85302734375,0.8915544748306274
pali,flickr30k,final_quarter,False,6,0.8571428571428571,21,21,21,23,4.0,4096,0.0003,True,1.1,1024,512,1200,0.6643171906471252,0.6595819669862977,0.6690208133339184,0.99951171875,0.999755859375,0.0,0.000244140625,0.24691808223724365,0.4173991084098816,0.06036123888459497,4048.4303398181837,0.4367874264717102,0.32510730624198914,0.9912383081217319,0.7213444223013328,0.9952876897351358,1908.755859375,0.4660048484802246,0.0,0.3350772559642792
pali,flickr30k,final_quarter,False,6,0.8571428571428571,21,21,21,23,4.0,4096,0.0003,True,1.25,1024,512,1200,0.6643171906471252,0.6595819669862977,0.6690208133339184,0.99072265625,0.995361328125,0.0,0.004638671875,0.24691808223724365,0.4173991084098816,0.06036123888459497,4048.4303398181837,0.4367874264717102,0.32510730624198914,0.9912383081217319,0.7213444223013328,0.9952876897351358,1908.755859375,0.4660048484802246,0.0,0.3350772559642792
pali,flickr30k,final_quarter,False,6,0.8571428571428571,21,21,21,23,4.0,4096,0.0003,True,1.5,1024,512,1200,0.6643171906471252,0.6595819669862977,0.6690208133339184,0.7783203125,0.88916015625,0.0,0.11083984375,0.24691808223724365,0.4173991084098816,0.06036123888459497,4048.4303398181837,0.4367874264717102,0.32510730624198914,0.9912383081217319,0.7213444223013328,0.9952876897351358,1908.755859375,0.4660048484802246,0.0,0.3350772559642792
pali,flickr30k,final_quarter,False,6,0.8571428571428571,21,21,21,23,4.0,4096,0.001,False,1.1,1024,512,1200,0.7515364289283752,0.7460940720426151,0.7562362197611947,0.138916015625,0.141357421875,0.003173828125,0.005615234375,0.28019505739212036,0.4713413119316101,0.8792122945381016,527.2044587385701,0.8249660730361938,1.3061749935150146,0.9902393527261407,0.9648210492474076,0.9927420827843473,517.009765625,0.12622308731079102,0.852783203125,0.8940637707710266
pali,flickr30k,final_quarter,False,6,0.8571428571428571,21,21,21,23,4.0,4096,0.001,False,1.25,1024,512,1200,0.7515364289283752,0.7460940720426151,0.7562362197611947,0.136962890625,0.140625,0.0029296875,0.006591796875,0.28019505739212036,0.4713413119316101,0.8792122945381016,527.2044587385701,0.8249660730361938,1.3061749935150146,0.9902393527261407,0.9648210492474076,0.9927420827843473,517.009765625,0.12622308731079102,0.852783203125,0.8940637707710266
pali,flickr30k,final_quarter,False,6,0.8571428571428571,21,21,21,23,4.0,4096,0.001,False,1.5,1024,512,1200,0.7515364289283752,0.7460940720426151,0.7562362197611947,0.110595703125,0.127685546875,0.002685546875,0.019775390625,0.28019505739212036,0.4713413119316101,0.8792122945381016,527.2044587385701,0.8249660730361938,1.3061749935150146,0.9902393527261407,0.9648210492474076,0.9927420827843473,517.009765625,0.12622308731079102,0.852783203125,0.8940637707710266
pali,flickr30k,final_quarter,False,6,0.8571428571428571,21,21,21,23,4.0,4096,0.001,True,1.1,1024,512,1200,0.6574171781539917,0.6527411318558733,0.6621306647837628,0.99951171875,0.999755859375,0.0,0.000244140625,0.24419765174388885,0.41321954131126404,0.061313171824974776,4046.162589791708,0.43228140473365784,0.3195325434207916,0.9908915817984758,0.7214598920618227,0.9948525787766893,1903.294921875,0.46467161178588867,0.0,0.33109501004219055
pali,flickr30k,final_quarter,False,6,0.8571428571428571,21,21,21,23,4.0,4096,0.001,True,1.25,1024,512,1200,0.6574171781539917,0.6527411318558733,0.6621306647837628,0.9921875,0.99609375,0.0,0.00390625,0.24419765174388885,0.41321954131126404,0.061313171824974776,4046.162589791708,0.43228140473365784,0.3195325434207916,0.9908915817984758,0.7214598920618227,0.9948525787766893,1903.294921875,0.46467161178588867,0.0,0.33109501004219055
pali,flickr30k,final_quarter,False,6,0.8571428571428571,21,21,21,23,4.0,4096,0.001,True,1.5,1024,512,1200,0.6574171781539917,0.6527411318558733,0.6621306647837628,0.77099609375,0.885498046875,0.0,0.114501953125,0.24419765174388885,0.41321954131126404,0.061313171824974776,4046.162589791708,0.43228140473365784,0.3195325434207916,0.9908915817984758,0.7214598920618227,0.9948525787766893,1903.294921875,0.46467161178588867,0.0,0.33109501004219055
pali,flickr30k,final_quarter,False,6,0.8571428571428571,21,21,21,37,2.0,4096,0.0003,False,1.1,1024,512,1200,0.7534430623054504,0.7482867894432275,0.7591575376311084,0.14208984375,0.14453125,0.00390625,0.00634765625,0.28112417459487915,0.4723188877105713,0.8811121132980011,518.447294807329,0.835228681564331,1.3340502977371216,0.9905818211246437,0.9646774657874236,0.992993200701353,508.78125,0.12421417236328125,0.850341796875,0.8908823728561401
pali,flickr30k,final_quarter,False,6,0.8571428571428571,21,21,21,37,2.0,4096,0.0003,False,1.25,1024,512,1200,0.7534430623054504,0.7482867894432275,0.7591575376311084,0.13720703125,0.142578125,0.00341796875,0.0087890625,0.28112417459487915,0.4723188877105713,0.8811121132980011,518.447294807329,0.835228681564331,1.3340502977371216,0.9905818211246437,0.9646774657874236,0.992993200701353,508.78125,0.12421417236328125,0.850341796875,0.8908823728561401
pali,flickr30k,final_quarter,False,6,0.8571428571428571,21,21,21,37,2.0,4096,0.0003,False,1.5,1024,512,1200,0.7534430623054504,0.7482867894432275,0.7591575376311084,0.10595703125,0.127685546875,0.002685546875,0.0244140625,0.28112417459487915,0.4723188877105713,0.8811121132980011,518.447294807329,0.835228681564331,1.3340502977371216,0.9905818211246437,0.9646774657874236,0.992993200701353,508.78125,0.12421417236328125,0.850341796875,0.8908823728561401
pali,flickr30k,final_quarter,False,6,0.8571428571428571,21,21,21,37,2.0,4096,0.0003,True,1.1,1024,512,1200,0.6620437502861023,0.6575652177096345,0.6668321083910996,0.9990234375,0.99951171875,0.0,0.00048828125,0.24655020236968994,0.41549354791641235,0.05768993166119952,4053.2416942518857,0.43064212799072266,0.32555851340293884,0.9930795337327396,0.7230729435928529,0.992579608039136,1912.783203125,0.46698808670043945,0.0,0.33426451683044434
pali,flickr30k,final_quarter,False,6,0.8571428571428571,21,21,21,37,2.0,4096,0.0003,True,1.25,1024,512,1200,0.6620437502861023,0.6575652177096345,0.6668321083910996,0.9921875,0.99609375,0.0,0.00390625,0.24655020236968994,0.41549354791641235,0.05768993166119952,4053.2416942518857,0.43064212799072266,0.32555851340293884,0.9930795337327396,0.7230729435928529,0.992579608039136,1912.783203125,0.46698808670043945,0.0,0.33426451683044434
pali,flickr30k,final_quarter,False,6,0.8571428571428571,21,21,21,37,2.0,4096,0.0003,True,1.5,1024,512,1200,0.6620437502861023,0.6575652177096345,0.6668321083910996,0.76806640625,0.884033203125,0.0,0.115966796875,0.24655020236968994,0.41549354791641235,0.05768993166119952,4053.2416942518857,0.43064212799072266,0.32555851340293884,0.9930795337327396,0.7230729435928529,0.992579608039136,1912.783203125,0.46698808670043945,0.0,0.33426451683044434
pali,flickr30k,final_quarter,False,6,0.8571428571428571,21,21,21,37,2.0,4096,0.001,False,1.1,1024,512,1200,0.7522708177566528,0.7471455416583922,0.7580207299848553,0.14208984375,0.14453125,0.00390625,0.00634765625,0.2806553840637207,0.47161540389060974,0.8810601523311244,518.4957918459675,0.8307197690010071,1.32616126537323,0.9905823263526713,0.964681662787031,0.9931219625235415,508.357421875,0.12411069869995117,0.850341796875,0.8862337470054626
pali,flickr30k,final_quarter,False,6,0.8571428571428571,21,21,21,37,2.0,4096,0.001,False,1.25,1024,512,1200,0.7522708177566528,0.7471455416583922,0.7580207299848553,0.13720703125,0.142578125,0.00341796875,0.0087890625,0.2806553840637207,0.47161540389060974,0.8810601523311244,518.4957918459675,0.8307197690010071,1.32616126537323,0.9905823263526713,0.964681662787031,0.9931219625235415,508.357421875,0.12411069869995117,0.850341796875,0.8862337470054626
pali,flickr30k,final_quarter,False,6,0.8571428571428571,21,21,21,37,2.0,4096,0.001,False,1.5,1024,512,1200,0.7522708177566528,0.7471455416583922,0.7580207299848553,0.10595703125,0.127685546875,0.002685546875,0.0244140625,0.2806553840637207,0.47161540389060974,0.8810601523311244,518.4957918459675,0.8307197690010071,1.32616126537323,0.9905823263526713,0.964681662787031,0.9931219625235415,508.357421875,0.12411069869995117,0.850341796875,0.8862337470054626
pali,flickr30k,final_quarter,False,6,0.8571428571428571,21,21,21,37,2.0,4096,0.001,True,1.1,1024,512,1200,0.6559410691261292,0.6514466961205472,0.6607170028990368,0.99951171875,0.999755859375,0.0,0.000244140625,0.24481751024723053,0.41112351417541504,0.05809505114545518,4052.6984948411964,0.4252510070800781,0.31953558325767517,0.9921777103881771,0.7230236512169024,0.9925417194813942,1908.005859375,0.4658217430114746,0.0,0.33056920766830444
pali,flickr30k,final_quarter,False,6,0.8571428571428571,21,21,21,37,2.0,4096,0.001,True,1.25,1024,512,1200,0.6559410691261292,0.6514466961205472,0.6607170028990368,0.98779296875,0.993896484375,0.0,0.006103515625,0.24481751024723053,0.41112351417541504,0.05809505114545518,4052.6984948411964,0.4252510070800781,0.31953558325767517,0.9921777103881771,0.7230236512169024,0.9925417194813942,1908.005859375,0.4658217430114746,0.0,0.33056920766830444
pali,flickr30k,final_quarter,False,6,0.8571428571428571,21,21,21,37,2.0,4096,0.001,True,1.5,1024,512,1200,0.6559410691261292,0.6514466961205472,0.6607170028990368,0.74853515625,0.874267578125,0.0,0.125732421875,0.24481751024723053,0.41112351417541504,0.05809505114545518,4052.6984948411964,0.4252510070800781,0.31953558325767517,0.9921777103881771,0.7230236512169024,0.9925417194813942,1908.005859375,0.4658217430114746,0.0,0.33056920766830444
pali,flickr30k,final_quarter,False,6,0.8571428571428571,21,21,21,37,4.0,4096,0.0003,False,1.1,1024,512,1200,0.7534430623054504,0.7482867894432275,0.7591575376311084,0.14208984375,0.14453125,0.00390625,0.00634765625,0.28112417459487915,0.4723188877105713,0.8811121132980011,518.447294807329,0.835228681564331,1.3340502977371216,0.9905818211246437,0.9646774657874236,0.992993200701353,508.78125,0.12421417236328125,0.850341796875,0.8908823728561401
pali,flickr30k,final_quarter,False,6,0.8571428571428571,21,21,21,37,4.0,4096,0.0003,False,1.25,1024,512,1200,0.7534430623054504,0.7482867894432275,0.7591575376311084,0.13720703125,0.142578125,0.00341796875,0.0087890625,0.28112417459487915,0.4723188877105713,0.8811121132980011,518.447294807329,0.835228681564331,1.3340502977371216,0.9905818211246437,0.9646774657874236,0.992993200701353,508.78125,0.12421417236328125,0.850341796875,0.8908823728561401
pali,flickr30k,final_quarter,False,6,0.8571428571428571,21,21,21,37,4.0,4096,0.0003,False,1.5,1024,512,1200,0.7534430623054504,0.7482867894432275,0.7591575376311084,0.10595703125,0.127685546875,0.002685546875,0.0244140625,0.28112417459487915,0.4723188877105713,0.8811121132980011,518.447294807329,0.835228681564331,1.3340502977371216,0.9905818211246437,0.9646774657874236,0.992993200701353,508.78125,0.12421417236328125,0.850341796875,0.8908823728561401
pali,flickr30k,final_quarter,False,6,0.8571428571428571,21,21,21,37,4.0,4096,0.0003,True,1.1,1024,512,1200,0.6620437502861023,0.6575652177096345,0.6668321083910996,0.9990234375,0.99951171875,0.0,0.00048828125,0.24655020236968994,0.41549354791641235,0.05768993166119952,4053.2416942518857,0.43064212799072266,0.32555851340293884,0.9930795337327396,0.7230729435928529,0.992579608039136,1912.783203125,0.46698808670043945,0.0,0.33426451683044434
pali,flickr30k,final_quarter,False,6,0.8571428571428571,21,21,21,37,4.0,4096,0.0003,True,1.25,1024,512,1200,0.6620437502861023,0.6575652177096345,0.6668321083910996,0.9921875,0.99609375,0.0,0.00390625,0.24655020236968994,0.41549354791641235,0.05768993166119952,4053.2416942518857,0.43064212799072266,0.32555851340293884,0.9930795337327396,0.7230729435928529,0.992579608039136,1912.783203125,0.46698808670043945,0.0,0.33426451683044434
pali,flickr30k,final_quarter,False,6,0.8571428571428571,21,21,21,37,4.0,4096,0.0003,True,1.5,1024,512,1200,0.6620437502861023,0.6575652177096345,0.6668321083910996,0.76806640625,0.884033203125,0.0,0.115966796875,0.24655020236968994,0.41549354791641235,0.05768993166119952,4053.2416942518857,0.43064212799072266,0.32555851340293884,0.9930795337327396,0.7230729435928529,0.992579608039136,1912.783203125,0.46698808670043945,0.0,0.33426451683044434
pali,flickr30k,final_quarter,False,6,0.8571428571428571,21,21,21,37,4.0,4096,0.001,False,1.1,1024,512,1200,0.7522708177566528,0.7471455416583922,0.7580207299848553,0.14208984375,0.14453125,0.00390625,0.00634765625,0.2806553840637207,0.47161540389060974,0.8810601523311244,518.4957918459675,0.8307197690010071,1.32616126537323,0.9905823263526713,0.964681662787031,0.9931219625235415,508.357421875,0.12411069869995117,0.850341796875,0.8862337470054626
pali,flickr30k,final_quarter,False,6,0.8571428571428571,21,21,21,37,4.0,4096,0.001,False,1.25,1024,512,1200,0.7522708177566528,0.7471455416583922,0.7580207299848553,0.13720703125,0.142578125,0.00341796875,0.0087890625,0.2806553840637207,0.47161540389060974,0.8810601523311244,518.4957918459675,0.8307197690010071,1.32616126537323,0.9905823263526713,0.964681662787031,0.9931219625235415,508.357421875,0.12411069869995117,0.850341796875,0.8862337470054626
pali,flickr30k,final_quarter,False,6,0.8571428571428571,21,21,21,37,4.0,4096,0.001,False,1.5,1024,512,1200,0.7522708177566528,0.7471455416583922,0.7580207299848553,0.10595703125,0.127685546875,0.002685546875,0.0244140625,0.2806553840637207,0.47161540389060974,0.8810601523311244,518.4957918459675,0.8307197690010071,1.32616126537323,0.9905823263526713,0.964681662787031,0.9931219625235415,508.357421875,0.12411069869995117,0.850341796875,0.8862337470054626
pali,flickr30k,final_quarter,False,6,0.8571428571428571,21,21,21,37,4.0,4096,0.001,True,1.1,1024,512,1200,0.6559410691261292,0.6514466961205472,0.6607170028990368,0.99951171875,0.999755859375,0.0,0.000244140625,0.24481751024723053,0.41112351417541504,0.05809505114545518,4052.6984948411964,0.4252510070800781,0.31953558325767517,0.9921777103881771,0.7230236512169024,0.9925417194813942,1908.005859375,0.4658217430114746,0.0,0.33056920766830444
pali,flickr30k,final_quarter,False,6,0.8571428571428571,21,21,21,37,4.0,4096,0.001,True,1.25,1024,512,1200,0.6559410691261292,0.6514466961205472,0.6607170028990368,0.98779296875,0.993896484375,0.0,0.006103515625,0.24481751024723053,0.41112351417541504,0.05809505114545518,4052.6984948411964,0.4252510070800781,0.31953558325767517,0.9921777103881771,0.7230236512169024,0.9925417194813942,1908.005859375,0.4658217430114746,0.0,0.33056920766830444
pali,flickr30k,final_quarter,False,6,0.8571428571428571,21,21,21,37,4.0,4096,0.001,True,1.5,1024,512,1200,0.6559410691261292,0.6514466961205472,0.6607170028990368,0.74853515625,0.874267578125,0.0,0.125732421875,0.24481751024723053,0.41112351417541504,0.05809505114545518,4052.6984948411964,0.4252510070800781,0.31953558325767517,0.9921777103881771,0.7230236512169024,0.9925417194813942,1908.005859375,0.4658217430114746,0.0,0.33056920766830444
pali,flickr30k,final_quarter,False,7,1.0,25,25,25,11,2.0,4096,0.0003,False,1.1,1024,512,1200,0.15791848301887512,0.15656522539356957,0.15924592240116908,0.09716796875,0.0986328125,0.001953125,0.00341796875,0.057427000254392624,0.1004914790391922,0.9183819606313964,356.16109085583724,0.14765407145023346,0.6142003536224365,0.9816318324755466,0.9510712176418895,0.9897972556463469,350.80078125,0.08564472198486328,0.89794921875,0.18764987587928772
pali,flickr30k,final_quarter,False,7,1.0,25,25,25,11,2.0,4096,0.0003,False,1.25,1024,512,1200,0.15791848301887512,0.15656522539356957,0.15924592240116908,0.095703125,0.097900390625,0.001953125,0.004150390625,0.057427000254392624,0.1004914790391922,0.9183819606313964,356.16109085583724,0.14765407145023346,0.6142003536224365,0.9816318324755466,0.9510712176418895,0.9897972556463469,350.80078125,0.08564472198486328,0.89794921875,0.18764987587928772
pali,flickr30k,final_quarter,False,7,1.0,25,25,25,11,2.0,4096,0.0003,False,1.5,1024,512,1200,0.15791848301887512,0.15656522539356957,0.15924592240116908,0.0791015625,0.089599609375,0.001953125,0.012451171875,0.057427000254392624,0.1004914790391922,0.9183819606313964,356.16109085583724,0.14765407145023346,0.6142003536224365,0.9816318324755466,0.9510712176418895,0.9897972556463469,350.80078125,0.08564472198486328,0.89794921875,0.18764987587928772
pali,flickr30k,final_quarter,False,7,1.0,25,25,25,11,2.0,4096,0.0003,True,1.1,1024,512,1200,0.6241173148155212,0.6198532375070499,0.628667229313578,1.0,1.0,0.0,0.0,0.22330278158187866,0.4008144736289978,0.06472428559717511,4039.4056529183295,0.4561448097229004,0.3267759382724762,0.994670690492729,0.7671313604164492,0.9937215684574231,1903.19921875,0.4646482467651367,0.0,0.32677844166755676
pali,flickr30k,final_quarter,False,7,1.0,25,25,25,11,2.0,4096,0.0003,True,1.25,1024,512,1200,0.6241173148155212,0.6198532375070499,0.628667229313578,0.9990234375,0.99951171875,0.0,0.00048828125,0.22330278158187866,0.4008144736289978,0.06472428559717511,4039.4056529183295,0.4561448097229004,0.3267759382724762,0.994670690492729,0.7671313604164492,0.9937215684574231,1903.19921875,0.4646482467651367,0.0,0.32677844166755676
pali,flickr30k,final_quarter,False,7,1.0,25,25,25,11,2.0,4096,0.0003,True,1.5,1024,512,1200,0.6241173148155212,0.6198532375070499,0.628667229313578,0.9375,0.96875,0.0,0.03125,0.22330278158187866,0.4008144736289978,0.06472428559717511,4039.4056529183295,0.4561448097229004,0.3267759382724762,0.994670690492729,0.7671313604164492,0.9937215684574231,1903.19921875,0.4646482467651367,0.0,0.32677844166755676
pali,flickr30k,final_quarter,False,7,1.0,25,25,25,11,2.0,4096,0.001,False,1.1,1024,512,1200,0.15738019347190857,0.15603640776025712,0.15869793710044178,0.09716796875,0.0986328125,0.001953125,0.00341796875,0.05722969025373459,0.10015051066875458,0.9184364222096565,356.2145004955457,0.14737285673618317,0.6110849976539612,0.9818189580944374,0.9512224724845337,0.9897869163680728,350.705078125,0.08562135696411133,0.89794921875,0.18670545518398285
pali,flickr30k,final_quarter,False,7,1.0,25,25,25,11,2.0,4096,0.001,False,1.25,1024,512,1200,0.15738019347190857,0.15603640776025712,0.15869793710044178,0.09521484375,0.09765625,0.001953125,0.00439453125,0.05722969025373459,0.10015051066875458,0.9184364222096565,356.2145004955457,0.14737285673618317,0.6110849976539612,0.9818189580944374,0.9512224724845337,0.9897869163680728,350.705078125,0.08562135696411133,0.89794921875,0.18670545518398285
pali,flickr30k,final_quarter,False,7,1.0,25,25,25,11,2.0,4096,0.001,False,1.5,1024,512,1200,0.15738019347190857,0.15603640776025712,0.15869793710044178,0.07861328125,0.08935546875,0.001953125,0.0126953125,0.05722969025373459,0.10015051066875458,0.9184364222096565,356.2145004955457,0.14737285673618317,0.6110849976539612,0.9818189580944374,0.9512224724845337,0.9897869163680728,350.705078125,0.08562135696411133,0.89794921875,0.18670545518398285
pali,flickr30k,final_quarter,False,7,1.0,25,25,25,11,2.0,4096,0.001,True,1.1,1024,512,1200,0.6183252334594727,0.614081925804203,0.6227889184010564,1.0,1.0,0.0,0.0,0.22123783826828003,0.39708736538887024,0.06388946227545986,4041.572109321134,0.4518396854400635,0.3214397430419922,0.9951249094750945,0.7681603657541729,0.9934896851580627,1898.951171875,0.4636111259460449,0.0,0.32314932346343994
pali,flickr30k,final_quarter,False,7,1.0,25,25,25,11,2.0,4096,0.001,True,1.25,1024,512,1200,0.6183252334594727,0.614081925804203,0.6227889184010564,0.998046875,0.9990234375,0.0,0.0009765625,0.22123783826828003,0.39708736538887024,0.06388946227545986,4041.572109321134,0.4518396854400635,0.3214397430419922,0.9951249094750945,0.7681603657541729,0.9934896851580627,1898.951171875,0.4636111259460449,0.0,0.32314932346343994
pali,flickr30k,final_quarter,False,7,1.0,25,25,25,11,2.0,4096,0.001,True,1.5,1024,512,1200,0.6183252334594727,0.614081925804203,0.6227889184010564,0.9365234375,0.96826171875,0.0,0.03173828125,0.22123783826828003,0.39708736538887024,0.06388946227545986,4041.572109321134,0.4518396854400635,0.3214397430419922,0.9951249094750945,0.7681603657541729,0.9934896851580627,1898.951171875,0.4636111259460449,0.0,0.32314932346343994
pali,flickr30k,final_quarter,False,7,1.0,25,25,25,11,4.0,4096,0.0003,False,1.1,1024,512,1200,0.15791848301887512,0.15656522539356957,0.15924592240116908,0.09716796875,0.0986328125,0.001953125,0.00341796875,0.057427000254392624,0.1004914790391922,0.9183819606313964,356.16109085583724,0.14765407145023346,0.6142003536224365,0.9816318324755466,0.9510712176418895,0.9897972556463469,350.80078125,0.08564472198486328,0.89794921875,0.18764987587928772
pali,flickr30k,final_quarter,False,7,1.0,25,25,25,11,4.0,4096,0.0003,False,1.25,1024,512,1200,0.15791848301887512,0.15656522539356957,0.15924592240116908,0.095703125,0.097900390625,0.001953125,0.004150390625,0.057427000254392624,0.1004914790391922,0.9183819606313964,356.16109085583724,0.14765407145023346,0.6142003536224365,0.9816318324755466,0.9510712176418895,0.9897972556463469,350.80078125,0.08564472198486328,0.89794921875,0.18764987587928772
pali,flickr30k,final_quarter,False,7,1.0,25,25,25,11,4.0,4096,0.0003,False,1.5,1024,512,1200,0.15791848301887512,0.15656522539356957,0.15924592240116908,0.0791015625,0.089599609375,0.001953125,0.012451171875,0.057427000254392624,0.1004914790391922,0.9183819606313964,356.16109085583724,0.14765407145023346,0.6142003536224365,0.9816318324755466,0.9510712176418895,0.9897972556463469,350.80078125,0.08564472198486328,0.89794921875,0.18764987587928772
pali,flickr30k,final_quarter,False,7,1.0,25,25,25,11,4.0,4096,0.0003,True,1.1,1024,512,1200,0.6241173148155212,0.6198532375070499,0.628667229313578,1.0,1.0,0.0,0.0,0.22330278158187866,0.4008144736289978,0.06472428559717511,4039.4056529183295,0.4561448097229004,0.3267759382724762,0.994670690492729,0.7671313604164492,0.9937215684574231,1903.19921875,0.4646482467651367,0.0,0.32677844166755676
pali,flickr30k,final_quarter,False,7,1.0,25,25,25,11,4.0,4096,0.0003,True,1.25,1024,512,1200,0.6241173148155212,0.6198532375070499,0.628667229313578,0.9990234375,0.99951171875,0.0,0.00048828125,0.22330278158187866,0.4008144736289978,0.06472428559717511,4039.4056529183295,0.4561448097229004,0.3267759382724762,0.994670690492729,0.7671313604164492,0.9937215684574231,1903.19921875,0.4646482467651367,0.0,0.32677844166755676
pali,flickr30k,final_quarter,False,7,1.0,25,25,25,11,4.0,4096,0.0003,True,1.5,1024,512,1200,0.6241173148155212,0.6198532375070499,0.628667229313578,0.9375,0.96875,0.0,0.03125,0.22330278158187866,0.4008144736289978,0.06472428559717511,4039.4056529183295,0.4561448097229004,0.3267759382724762,0.994670690492729,0.7671313604164492,0.9937215684574231,1903.19921875,0.4646482467651367,0.0,0.32677844166755676
pali,flickr30k,final_quarter,False,7,1.0,25,25,25,11,4.0,4096,0.001,False,1.1,1024,512,1200,0.15738019347190857,0.15603640776025712,0.15869793710044178,0.09716796875,0.0986328125,0.001953125,0.00341796875,0.05722969025373459,0.10015051066875458,0.9184364222096565,356.2145004955457,0.14737285673618317,0.6110849976539612,0.9818189580944374,0.9512224724845337,0.9897869163680728,350.705078125,0.08562135696411133,0.89794921875,0.18670545518398285
pali,flickr30k,final_quarter,False,7,1.0,25,25,25,11,4.0,4096,0.001,False,1.25,1024,512,1200,0.15738019347190857,0.15603640776025712,0.15869793710044178,0.09521484375,0.09765625,0.001953125,0.00439453125,0.05722969025373459,0.10015051066875458,0.9184364222096565,356.2145004955457,0.14737285673618317,0.6110849976539612,0.9818189580944374,0.9512224724845337,0.9897869163680728,350.705078125,0.08562135696411133,0.89794921875,0.18670545518398285
pali,flickr30k,final_quarter,False,7,1.0,25,25,25,11,4.0,4096,0.001,False,1.5,1024,512,1200,0.15738019347190857,0.15603640776025712,0.15869793710044178,0.07861328125,0.08935546875,0.001953125,0.0126953125,0.05722969025373459,0.10015051066875458,0.9184364222096565,356.2145004955457,0.14737285673618317,0.6110849976539612,0.9818189580944374,0.9512224724845337,0.9897869163680728,350.705078125,0.08562135696411133,0.89794921875,0.18670545518398285
pali,flickr30k,final_quarter,False,7,1.0,25,25,25,11,4.0,4096,0.001,True,1.1,1024,512,1200,0.6183252334594727,0.614081925804203,0.6227889184010564,1.0,1.0,0.0,0.0,0.22123783826828003,0.39708736538887024,0.06388946227545986,4041.572109321134,0.4518396854400635,0.3214397430419922,0.9951249094750945,0.7681603657541729,0.9934896851580627,1898.951171875,0.4636111259460449,0.0,0.32314932346343994
pali,flickr30k,final_quarter,False,7,1.0,25,25,25,11,4.0,4096,0.001,True,1.25,1024,512,1200,0.6183252334594727,0.614081925804203,0.6227889184010564,0.998046875,0.9990234375,0.0,0.0009765625,0.22123783826828003,0.39708736538887024,0.06388946227545986,4041.572109321134,0.4518396854400635,0.3214397430419922,0.9951249094750945,0.7681603657541729,0.9934896851580627,1898.951171875,0.4636111259460449,0.0,0.32314932346343994
pali,flickr30k,final_quarter,False,7,1.0,25,25,25,11,4.0,4096,0.001,True,1.5,1024,512,1200,0.6183252334594727,0.614081925804203,0.6227889184010564,0.9365234375,0.96826171875,0.0,0.03173828125,0.22123783826828003,0.39708736538887024,0.06388946227545986,4041.572109321134,0.4518396854400635,0.3214397430419922,0.9951249094750945,0.7681603657541729,0.9934896851580627,1898.951171875,0.4636111259460449,0.0,0.32314932346343994
pali,flickr30k,final_quarter,False,7,1.0,25,25,25,23,2.0,4096,0.0003,False,1.1,1024,512,1200,0.15897567570209503,0.15764813580026385,0.16026712408965976,0.096435546875,0.098876953125,0.002197265625,0.004638671875,0.057910531759262085,0.10106514394283295,0.9184855671576218,356.32093865107515,0.14430172741413116,0.6047701835632324,0.9817014894940737,0.9508642014433024,0.9893944304067036,348.9609375,0.08519554138183594,0.89697265625,0.18902769684791565
pali,flickr30k,final_quarter,False,7,1.0,25,25,25,23,2.0,4096,0.0003,False,1.25,1024,512,1200,0.15897567570209503,0.15764813580026385,0.16026712408965976,0.094482421875,0.098388671875,0.001708984375,0.005615234375,0.057910531759262085,0.10106514394283295,0.9184855671576218,356.32093865107515,0.14430172741413116,0.6047701835632324,0.9817014894940737,0.9508642014433024,0.9893944304067036,348.9609375,0.08519554138183594,0.89697265625,0.18902769684791565
pali,flickr30k,final_quarter,False,7,1.0,25,25,25,23,2.0,4096,0.0003,False,1.5,1024,512,1200,0.15897567570209503,0.15764813580026385,0.16026712408965976,0.081298828125,0.091796875,0.001708984375,0.01220703125,0.057910531759262085,0.10106514394283295,0.9184855671576218,356.32093865107515,0.14430172741413116,0.6047701835632324,0.9817014894940737,0.9508642014433024,0.9893944304067036,348.9609375,0.08519554138183594,0.89697265625,0.18902769684791565
pali,flickr30k,final_quarter,False,7,1.0,25,25,25,23,2.0,4096,0.0003,True,1.1,1024,512,1200,0.6284542679786682,0.6236828613182297,0.6332473124959506,1.0,1.0,0.0,0.0,0.22483709454536438,0.40361714363098145,0.06421240723234029,4040.939637917978,0.4831506609916687,0.32418370246887207,0.99165412853197,0.7654572304589226,0.9920422079172309,1904.826171875,0.4650454521179199,0.0,0.32872527837753296
pali,flickr30k,final_quarter,False,7,1.0,25,25,25,23,2.0,4096,0.0003,True,1.25,1024,512,1200,0.6284542679786682,0.6236828613182297,0.6332473124959506,0.99853515625,0.999267578125,0.0,0.000732421875,0.22483709454536438,0.40361714363098145,0.06421240723234029,4040.939637917978,0.4831506609916687,0.32418370246887207,0.99165412853197,0.7654572304589226,0.9920422079172309,1904.826171875,0.4650454521179199,0.0,0.32872527837753296
pali,flickr30k,final_quarter,False,7,1.0,25,25,25,23,2.0,4096,0.0003,True,1.5,1024,512,1200,0.6284542679786682,0.6236828613182297,0.6332473124959506,0.935546875,0.9677734375,0.0,0.0322265625,0.22483709454536438,0.40361714363098145,0.06421240723234029,4040.939637917978,0.4831506609916687,0.32418370246887207,0.99165412853197,0.7654572304589226,0.9920422079172309,1904.826171875,0.4650454521179199,0.0,0.32872527837753296
pali,flickr30k,final_quarter,False,7,1.0,25,25,25,23,2.0,4096,0.001,False,1.1,1024,512,1200,0.1583460569381714,0.15701565429917536,0.15962920582423976,0.096435546875,0.098876953125,0.002197265625,0.004638671875,0.05766439437866211,0.10068166255950928,0.9185493804766716,356.1369237776891,0.14361470937728882,0.6078464388847351,0.9813245515435557,0.950410637145394,0.9895396651940352,348.6328125,0.08511543273925781,0.89697265625,0.1878921538591385
pali,flickr30k,final_quarter,False,7,1.0,25,25,25,23,2.0,4096,0.001,False,1.25,1024,512,1200,0.1583460569381714,0.15701565429917536,0.15962920582423976,0.094482421875,0.098388671875,0.001708984375,0.005615234375,0.05766439437866211,0.10068166255950928,0.9185493804766716,356.1369237776891,0.14361470937728882,0.6078464388847351,0.9813245515435557,0.950410637145394,0.9895396651940352,348.6328125,0.08511543273925781,0.89697265625,0.1878921538591385
pali,flickr30k,final_quarter,False,7,1.0,25,25,25,23,2.0,4096,0.001,False,1.5,1024,512,1200,0.1583460569381714,0.15701565429917536,0.15962920582423976,0.081787109375,0.092041015625,0.001708984375,0.011962890625,0.05766439437866211,0.10068166255950928,0.9185493804766716,356.1369237776891,0.14361470937728882,0.6078464388847351,0.9813245515435557,0.950410637145394,0.9895396651940352,348.6328125,0.08511543273925781,0.89697265625,0.1878921538591385
pali,flickr30k,final_quarter,False,7,1.0,25,25,25,23,2.0,4096,0.001,True,1.1,1024,512,1200,0.6168731451034546,0.6120639173590462,0.6214459002876538,1.0,1.0,0.0,0.0,0.22079738974571228,0.3960758149623871,0.06462325634242284,4040.820214226127,0.47410109639167786,0.31929811835289,0.9914120191003921,0.7648891048236778,0.9929126109258734,1892.625,0.462066650390625,0.0,0.32106778025627136
pali,flickr30k,final_quarter,False,7,1.0,25,25,25,23,2.0,4096,0.001,True,1.25,1024,512,1200,0.6168731451034546,0.6120639173590462,0.6214459002876538,0.998046875,0.9990234375,0.0,0.0009765625,0.22079738974571228,0.3960758149623871,0.06462325634242284,4040.820214226127,0.47410109639167786,0.31929811835289,0.9914120191003921,0.7648891048236778,0.9929126109258734,1892.625,0.462066650390625,0.0,0.32106778025627136
pali,flickr30k,final_quarter,False,7,1.0,25,25,25,23,2.0,4096,0.001,True,1.5,1024,512,1200,0.6168731451034546,0.6120639173590462,0.6214459002876538,0.9345703125,0.96728515625,0.0,0.03271484375,0.22079738974571228,0.3960758149623871,0.06462325634242284,4040.820214226127,0.47410109639167786,0.31929811835289,0.9914120191003921,0.7648891048236778,0.9929126109258734,1892.625,0.462066650390625,0.0,0.32106778025627136
pali,flickr30k,final_quarter,False,7,1.0,25,25,25,23,4.0,4096,0.0003,False,1.1,1024,512,1200,0.15897567570209503,0.15764813580026385,0.16026712408965976,0.096435546875,0.098876953125,0.002197265625,0.004638671875,0.057910531759262085,0.10106514394283295,0.9184855671576218,356.32093865107515,0.14430172741413116,0.6047701835632324,0.9817014894940737,0.9508642014433024,0.9893944304067036,348.9609375,0.08519554138183594,0.89697265625,0.18902769684791565
pali,flickr30k,final_quarter,False,7,1.0,25,25,25,23,4.0,4096,0.0003,False,1.25,1024,512,1200,0.15897567570209503,0.15764813580026385,0.16026712408965976,0.094482421875,0.098388671875,0.001708984375,0.005615234375,0.057910531759262085,0.10106514394283295,0.9184855671576218,356.32093865107515,0.14430172741413116,0.6047701835632324,0.9817014894940737,0.9508642014433024,0.9893944304067036,348.9609375,0.08519554138183594,0.89697265625,0.18902769684791565
pali,flickr30k,final_quarter,False,7,1.0,25,25,25,23,4.0,4096,0.0003,False,1.5,1024,512,1200,0.15897567570209503,0.15764813580026385,0.16026712408965976,0.081298828125,0.091796875,0.001708984375,0.01220703125,0.057910531759262085,0.10106514394283295,0.9184855671576218,356.32093865107515,0.14430172741413116,0.6047701835632324,0.9817014894940737,0.9508642014433024,0.9893944304067036,348.9609375,0.08519554138183594,0.89697265625,0.18902769684791565
pali,flickr30k,final_quarter,False,7,1.0,25,25,25,23,4.0,4096,0.0003,True,1.1,1024,512,1200,0.6284542679786682,0.6236828613182297,0.6332473124959506,1.0,1.0,0.0,0.0,0.22483709454536438,0.40361714363098145,0.06421240723234029,4040.939637917978,0.4831506609916687,0.32418370246887207,0.99165412853197,0.7654572304589226,0.9920422079172309,1904.826171875,0.4650454521179199,0.0,0.32872527837753296
pali,flickr30k,final_quarter,False,7,1.0,25,25,25,23,4.0,4096,0.0003,True,1.25,1024,512,1200,0.6284542679786682,0.6236828613182297,0.6332473124959506,0.99853515625,0.999267578125,0.0,0.000732421875,0.22483709454536438,0.40361714363098145,0.06421240723234029,4040.939637917978,0.4831506609916687,0.32418370246887207,0.99165412853197,0.7654572304589226,0.9920422079172309,1904.826171875,0.4650454521179199,0.0,0.32872527837753296
pali,flickr30k,final_quarter,False,7,1.0,25,25,25,23,4.0,4096,0.0003,True,1.5,1024,512,1200,0.6284542679786682,0.6236828613182297,0.6332473124959506,0.935546875,0.9677734375,0.0,0.0322265625,0.22483709454536438,0.40361714363098145,0.06421240723234029,4040.939637917978,0.4831506609916687,0.32418370246887207,0.99165412853197,0.7654572304589226,0.9920422079172309,1904.826171875,0.4650454521179199,0.0,0.32872527837753296
pali,flickr30k,final_quarter,False,7,1.0,25,25,25,23,4.0,4096,0.001,False,1.1,1024,512,1200,0.1583460569381714,0.15701565429917536,0.15962920582423976,0.096435546875,0.098876953125,0.002197265625,0.004638671875,0.05766439437866211,0.10068166255950928,0.9185493804766716,356.1369237776891,0.14361470937728882,0.6078464388847351,0.9813245515435557,0.950410637145394,0.9895396651940352,348.6328125,0.08511543273925781,0.89697265625,0.1878921538591385
pali,flickr30k,final_quarter,False,7,1.0,25,25,25,23,4.0,4096,0.001,False,1.25,1024,512,1200,0.1583460569381714,0.15701565429917536,0.15962920582423976,0.094482421875,0.098388671875,0.001708984375,0.005615234375,0.05766439437866211,0.10068166255950928,0.9185493804766716,356.1369237776891,0.14361470937728882,0.6078464388847351,0.9813245515435557,0.950410637145394,0.9895396651940352,348.6328125,0.08511543273925781,0.89697265625,0.1878921538591385
pali,flickr30k,final_quarter,False,7,1.0,25,25,25,23,4.0,4096,0.001,False,1.5,1024,512,1200,0.1583460569381714,0.15701565429917536,0.15962920582423976,0.081787109375,0.092041015625,0.001708984375,0.011962890625,0.05766439437866211,0.10068166255950928,0.9185493804766716,356.1369237776891,0.14361470937728882,0.6078464388847351,0.9813245515435557,0.950410637145394,0.9895396651940352,348.6328125,0.08511543273925781,0.89697265625,0.1878921538591385
pali,flickr30k,final_quarter,False,7,1.0,25,25,25,23,4.0,4096,0.001,True,1.1,1024,512,1200,0.6168731451034546,0.6120639173590462,0.6214459002876538,1.0,1.0,0.0,0.0,0.22079738974571228,0.3960758149623871,0.06462325634242284,4040.820214226127,0.47410109639167786,0.31929811835289,0.9914120191003921,0.7648891048236778,0.9929126109258734,1892.625,0.462066650390625,0.0,0.32106778025627136
pali,flickr30k,final_quarter,False,7,1.0,25,25,25,23,4.0,4096,0.001,True,1.25,1024,512,1200,0.6168731451034546,0.6120639173590462,0.6214459002876538,0.998046875,0.9990234375,0.0,0.0009765625,0.22079738974571228,0.3960758149623871,0.06462325634242284,4040.820214226127,0.47410109639167786,0.31929811835289,0.9914120191003921,0.7648891048236778,0.9929126109258734,1892.625,0.462066650390625,0.0,0.32106778025627136
pali,flickr30k,final_quarter,False,7,1.0,25,25,25,23,4.0,4096,0.001,True,1.5,1024,512,1200,0.6168731451034546,0.6120639173590462,0.6214459002876538,0.9345703125,0.96728515625,0.0,0.03271484375,0.22079738974571228,0.3960758149623871,0.06462325634242284,4040.820214226127,0.47410109639167786,0.31929811835289,0.9914120191003921,0.7648891048236778,0.9929126109258734,1892.625,0.462066650390625,0.0,0.32106778025627136
pali,flickr30k,final_quarter,False,7,1.0,25,25,25,37,2.0,4096,0.0003,False,1.1,1024,512,1200,0.15297986567020416,0.1517690987970127,0.15429365641793993,0.093505859375,0.093505859375,0.003662109375,0.003662109375,0.05563785135746002,0.09734201431274414,0.9220871050154648,338.78128067085123,0.14347028732299805,0.6012951731681824,0.9806419100563393,0.9504903124601793,0.9888899008069437,333.328125,0.08137893676757812,0.902099609375,0.18440884351730347
pali,flickr30k,final_quarter,False,7,1.0,25,25,25,37,2.0,4096,0.0003,False,1.25,1024,512,1200,0.15297986567020416,0.1517690987970127,0.15429365641793993,0.092529296875,0.09326171875,0.00341796875,0.004150390625,0.05563785135746002,0.09734201431274414,0.9220871050154648,338.78128067085123,0.14347028732299805,0.6012951731681824,0.9806419100563393,0.9504903124601793,0.9888899008069437,333.328125,0.08137893676757812,0.902099609375,0.18440884351730347
pali,flickr30k,final_quarter,False,7,1.0,25,25,25,37,2.0,4096,0.0003,False,1.5,1024,512,1200,0.15297986567020416,0.1517690987970127,0.15429365641793993,0.081298828125,0.087890625,0.003173828125,0.009765625,0.05563785135746002,0.09734201431274414,0.9220871050154648,338.78128067085123,0.14347028732299805,0.6012951731681824,0.9806419100563393,0.9504903124601793,0.9888899008069437,333.328125,0.08137893676757812,0.902099609375,0.18440884351730347
pali,flickr30k,final_quarter,False,7,1.0,25,25,25,37,2.0,4096,0.0003,True,1.1,1024,512,1200,0.6212836503982544,0.6162805618732818,0.6260788853425765,1.0,1.0,0.0,0.0,0.22227506339550018,0.399008572101593,0.06512470159829058,4038.553857818778,0.47270187735557556,0.32592761516571045,0.9933593370484625,0.7663761672115428,0.9927650869258857,1892.439453125,0.4620213508605957,0.0,0.3241421580314636
pali,flickr30k,final_quarter,False,7,1.0,25,25,25,37,2.0,4096,0.0003,True,1.25,1024,512,1200,0.6212836503982544,0.6162805618732818,0.6260788853425765,1.0,1.0,0.0,0.0,0.22227506339550018,0.399008572101593,0.06512470159829058,4038.553857818778,0.47270187735557556,0.32592761516571045,0.9933593370484625,0.7663761672115428,0.9927650869258857,1892.439453125,0.4620213508605957,0.0,0.3241421580314636
pali,flickr30k,final_quarter,False,7,1.0,25,25,25,37,2.0,4096,0.0003,True,1.5,1024,512,1200,0.6212836503982544,0.6162805618732818,0.6260788853425765,0.93115234375,0.965576171875,0.0,0.034423828125,0.22227506339550018,0.399008572101593,0.06512470159829058,4038.553857818778,0.47270187735557556,0.32592761516571045,0.9933593370484625,0.7663761672115428,0.9927650869258857,1892.439453125,0.4620213508605957,0.0,0.3241421580314636
pali,flickr30k,final_quarter,False,7,1.0,25,25,25,37,2.0,4096,0.001,False,1.1,1024,512,1200,0.15250638127326965,0.15129462845470698,0.15379780129223947,0.093505859375,0.093505859375,0.003662109375,0.003662109375,0.05546039342880249,0.09704598784446716,0.9221819519890415,338.73059451816056,0.1415037363767624,0.6003173589706421,0.9805475341983769,0.9503610017458687,0.9888527576836045,332.525390625,0.08118295669555664,0.902099609375,0.18098723888397217
pali,flickr30k,final_quarter,False,7,1.0,25,25,25,37,2.0,4096,0.001,False,1.25,1024,512,1200,0.15250638127326965,0.15129462845470698,0.15379780129223947,0.092529296875,0.09326171875,0.00341796875,0.004150390625,0.05546039342880249,0.09704598784446716,0.9221819519890415,338.73059451816056,0.1415037363767624,0.6003173589706421,0.9805475341983769,0.9503610017458687,0.9888527576836045,332.525390625,0.08118295669555664,0.902099609375,0.18098723888397217
pali,flickr30k,final_quarter,False,7,1.0,25,25,25,37,2.0,4096,0.001,False,1.5,1024,512,1200,0.15250638127326965,0.15129462845470698,0.15379780129223947,0.080810546875,0.087646484375,0.003173828125,0.010009765625,0.05546039342880249,0.09704598784446716,0.9221819519890415,338.73059451816056,0.1415037363767624,0.6003173589706421,0.9805475341983769,0.9503610017458687,0.9888527576836045,332.525390625,0.08118295669555664,0.902099609375,0.18098723888397217
pali,flickr30k,final_quarter,False,7,1.0,25,25,25,37,2.0,4096,0.001,True,1.1,1024,512,1200,0.6125564575195312,0.6076948276968324,0.6171442891645711,1.0,1.0,0.0,0.0,0.21921025216579437,0.39334625005722046,0.06481721793511919,4039.858494365361,0.46864786744117737,0.318991482257843,0.9942518451435493,0.7666816376187364,0.9935189734253035,1884.1328125,0.4599933624267578,0.0,0.31846797466278076
pali,flickr30k,final_quarter,False,7,1.0,25,25,25,37,2.0,4096,0.001,True,1.25,1024,512,1200,0.6125564575195312,0.6076948276968324,0.6171442891645711,1.0,1.0,0.0,0.0,0.21921025216579437,0.39334625005722046,0.06481721793511919,4039.858494365361,0.46864786744117737,0.318991482257843,0.9942518451435493,0.7666816376187364,0.9935189734253035,1884.1328125,0.4599933624267578,0.0,0.31846797466278076
pali,flickr30k,final_quarter,False,7,1.0,25,25,25,37,2.0,4096,0.001,True,1.5,1024,512,1200,0.6125564575195312,0.6076948276968324,0.6171442891645711,0.92822265625,0.964111328125,0.0,0.035888671875,0.21921025216579437,0.39334625005722046,0.06481721793511919,4039.858494365361,0.46864786744117737,0.318991482257843,0.9942518451435493,0.7666816376187364,0.9935189734253035,1884.1328125,0.4599933624267578,0.0,0.31846797466278076
pali,flickr30k,final_quarter,False,7,1.0,25,25,25,37,4.0,4096,0.0003,False,1.1,1024,512,1200,0.15297986567020416,0.1517690987970127,0.15429365641793993,0.093505859375,0.093505859375,0.003662109375,0.003662109375,0.05563785135746002,0.09734201431274414,0.9220871050154648,338.78128067085123,0.14347028732299805,0.6012951731681824,0.9806419100563393,0.9504903124601793,0.9888899008069437,333.328125,0.08137893676757812,0.902099609375,0.18440884351730347
pali,flickr30k,final_quarter,False,7,1.0,25,25,25,37,4.0,4096,0.0003,False,1.25,1024,512,1200,0.15297986567020416,0.1517690987970127,0.15429365641793993,0.092529296875,0.09326171875,0.00341796875,0.004150390625,0.05563785135746002,0.09734201431274414,0.9220871050154648,338.78128067085123,0.14347028732299805,0.6012951731681824,0.9806419100563393,0.9504903124601793,0.9888899008069437,333.328125,0.08137893676757812,0.902099609375,0.18440884351730347
pali,flickr30k,final_quarter,False,7,1.0,25,25,25,37,4.0,4096,0.0003,False,1.5,1024,512,1200,0.15297986567020416,0.1517690987970127,0.15429365641793993,0.081298828125,0.087890625,0.003173828125,0.009765625,0.05563785135746002,0.09734201431274414,0.9220871050154648,338.78128067085123,0.14347028732299805,0.6012951731681824,0.9806419100563393,0.9504903124601793,0.9888899008069437,333.328125,0.08137893676757812,0.902099609375,0.18440884351730347
pali,flickr30k,final_quarter,False,7,1.0,25,25,25,37,4.0,4096,0.0003,True,1.1,1024,512,1200,0.6212836503982544,0.6162805618732818,0.6260788853425765,1.0,1.0,0.0,0.0,0.22227506339550018,0.399008572101593,0.06512470159829058,4038.553857818778,0.47270187735557556,0.32592761516571045,0.9933593370484625,0.7663761672115428,0.9927650869258857,1892.439453125,0.4620213508605957,0.0,0.3241421580314636
pali,flickr30k,final_quarter,False,7,1.0,25,25,25,37,4.0,4096,0.0003,True,1.25,1024,512,1200,0.6212836503982544,0.6162805618732818,0.6260788853425765,1.0,1.0,0.0,0.0,0.22227506339550018,0.399008572101593,0.06512470159829058,4038.553857818778,0.47270187735557556,0.32592761516571045,0.9933593370484625,0.7663761672115428,0.9927650869258857,1892.439453125,0.4620213508605957,0.0,0.3241421580314636
pali,flickr30k,final_quarter,False,7,1.0,25,25,25,37,4.0,4096,0.0003,True,1.5,1024,512,1200,0.6212836503982544,0.6162805618732818,0.6260788853425765,0.93115234375,0.965576171875,0.0,0.034423828125,0.22227506339550018,0.399008572101593,0.06512470159829058,4038.553857818778,0.47270187735557556,0.32592761516571045,0.9933593370484625,0.7663761672115428,0.9927650869258857,1892.439453125,0.4620213508605957,0.0,0.3241421580314636
pali,flickr30k,final_quarter,False,7,1.0,25,25,25,37,4.0,4096,0.001,False,1.1,1024,512,1200,0.15250638127326965,0.15129462845470698,0.15379780129223947,0.093505859375,0.093505859375,0.003662109375,0.003662109375,0.05546039342880249,0.09704598784446716,0.9221819519890415,338.73059451816056,0.1415037363767624,0.6003173589706421,0.9805475341983769,0.9503610017458687,0.9888527576836045,332.525390625,0.08118295669555664,0.902099609375,0.18098723888397217
pali,flickr30k,final_quarter,False,7,1.0,25,25,25,37,4.0,4096,0.001,False,1.25,1024,512,1200,0.15250638127326965,0.15129462845470698,0.15379780129223947,0.092529296875,0.09326171875,0.00341796875,0.004150390625,0.05546039342880249,0.09704598784446716,0.9221819519890415,338.73059451816056,0.1415037363767624,0.6003173589706421,0.9805475341983769,0.9503610017458687,0.9888527576836045,332.525390625,0.08118295669555664,0.902099609375,0.18098723888397217
pali,flickr30k,final_quarter,False,7,1.0,25,25,25,37,4.0,4096,0.001,False,1.5,1024,512,1200,0.15250638127326965,0.15129462845470698,0.15379780129223947,0.080810546875,0.087646484375,0.003173828125,0.010009765625,0.05546039342880249,0.09704598784446716,0.9221819519890415,338.73059451816056,0.1415037363767624,0.6003173589706421,0.9805475341983769,0.9503610017458687,0.9888527576836045,332.525390625,0.08118295669555664,0.902099609375,0.18098723888397217
pali,flickr30k,final_quarter,False,7,1.0,25,25,25,37,4.0,4096,0.001,True,1.1,1024,512,1200,0.6125564575195312,0.6076948276968324,0.6171442891645711,1.0,1.0,0.0,0.0,0.21921025216579437,0.39334625005722046,0.06481721793511919,4039.858494365361,0.46864786744117737,0.318991482257843,0.9942518451435493,0.7666816376187364,0.9935189734253035,1884.1328125,0.4599933624267578,0.0,0.31846797466278076
pali,flickr30k,final_quarter,False,7,1.0,25,25,25,37,4.0,4096,0.001,True,1.25,1024,512,1200,0.6125564575195312,0.6076948276968324,0.6171442891645711,1.0,1.0,0.0,0.0,0.21921025216579437,0.39334625005722046,0.06481721793511919,4039.858494365361,0.46864786744117737,0.318991482257843,0.9942518451435493,0.7666816376187364,0.9935189734253035,1884.1328125,0.4599933624267578,0.0,0.31846797466278076
pali,flickr30k,final_quarter,False,7,1.0,25,25,25,37,4.0,4096,0.001,True,1.5,1024,512,1200,0.6125564575195312,0.6076948276968324,0.6171442891645711,0.92822265625,0.964111328125,0.0,0.035888671875,0.21921025216579437,0.39334625005722046,0.06481721793511919,4039.858494365361,0.46864786744117737,0.318991482257843,0.9942518451435493,0.7666816376187364,0.9935189734253035,1884.1328125,0.4599933624267578,0.0,0.31846797466278076
