family,dataset,pooling,audit,layer_idx,depth_fraction,llm_layer_number,vlm_layer_number,layer_number,seed,width_factor,d_sae,l1,normalize,dom_margin,train_examples,eval_examples,sae_steps,MFI,MFI_ci_low,MFI_ci_high,FMP,image_driven_frac,text_driven_frac,both_driven_frac,mean_text_delta,mean_image_delta,matched_gini,matched_eff_dim,image_only_mean_activation,llm_mean_activation,vlm_train_rec_r2,vlm_eval_rec_r2,llm_train_rec_r2,vlm_eval_l0,vlm_eval_active_frac,vlm_eval_dead_frac,vlm_eval_z_abs_mean
smol,pixelprose,final_quarter,False,0,0.0,0,0,0,11,2.0,4096,0.0003,False,1.1,1024,512,1200,0.058551687747240067,0.057699374815092595,0.05948974861967145,0.09716796875,0.09716796875,0.000244140625,0.000244140625,0.003118851687759161,0.05543283373117447,0.9280255602400139,308.26355940900754,0.13575294613838196,0.04775846377015114,0.9923177075974932,0.9873939150786879,0.9995550176212715,332.099609375,0.08107900619506836,0.902587890625,0.11806409060955048
smol,pixelprose,final_quarter,False,0,0.0,0,0,0,11,2.0,4096,0.0003,False,1.25,1024,512,1200,0.058551687747240067,0.057699374815092595,0.05948974861967145,0.09716796875,0.09716796875,0.000244140625,0.000244140625,0.003118851687759161,0.05543283373117447,0.9280255602400139,308.26355940900754,0.13575294613838196,0.04775846377015114,0.9923177075974932,0.9873939150786879,0.9995550176212715,332.099609375,0.08107900619506836,0.902587890625,0.11806409060955048
smol,pixelprose,final_quarter,False,0,0.0,0,0,0,11,2.0,4096,0.0003,False,1.5,1024,512,1200,0.058551687747240067,0.057699374815092595,0.05948974861967145,0.09716796875,0.09716796875,0.000244140625,0.000244140625,0.003118851687759161,0.05543283373117447,0.9280255602400139,308.26355940900754,0.13575294613838196,0.04775846377015114,0.9923177075974932,0.9873939150786879,0.9995550176212715,332.099609375,0.08107900619506836,0.902587890625,0.11806409060955048
smol,pixelprose,final_quarter,False,0,0.0,0,0,0,11,2.0,4096,0.0003,True,1.1,1024,512,1200,0.4656406044960022,0.4602076182665769,0.4715871211126796,1.0,1.0,0.0,0.0,0.02513713389635086,0.44050347805023193,0.09691593977776175,3866.409956623512,0.3615381419658661,0.33315327763557434,0.9930066586136168,0.8795348814330561,0.9956623764600672,1888.529296875,0.46106672286987305,0.0,0.29899027943611145
smol,pixelprose,final_quarter,False,0,0.0,0,0,0,11,2.0,4096,0.0003,True,1.25,1024,512,1200,0.4656406044960022,0.4602076182665769,0.4715871211126796,1.0,1.0,0.0,0.0,0.02513713389635086,0.44050347805023193,0.09691593977776175,3866.409956623512,0.3615381419658661,0.33315327763557434,0.9930066586136168,0.8795348814330561,0.9956623764600672,1888.529296875,0.46106672286987305,0.0,0.29899027943611145
smol,pixelprose,final_quarter,False,0,0.0,0,0,0,11,2.0,4096,0.0003,True,1.5,1024,512,1200,0.4656406044960022,0.4602076182665769,0.4715871211126796,1.0,1.0,0.0,0.0,0.02513713389635086,0.44050347805023193,0.09691593977776175,3866.409956623512,0.3615381419658661,0.33315327763557434,0.9930066586136168,0.8795348814330561,0.9956623764600672,1888.529296875,0.46106672286987305,0.0,0.29899027943611145
smol,pixelprose,final_quarter,False,0,0.0,0,0,0,11,2.0,4096,0.001,False,1.1,1024,512,1200,0.057935550808906555,0.05709067783973296,0.058861806735149,0.096923828125,0.096923828125,0.000244140625,0.000244140625,0.003033826593309641,0.054901719093322754,0.9278747897273633,306.18798604387695,0.13079893589019775,0.04080755636096001,0.992347638884665,0.9874137981610072,0.999596711295899,332.306640625,0.08112955093383789,0.90283203125,0.1137688085436821
smol,pixelprose,final_quarter,False,0,0.0,0,0,0,11,2.0,4096,0.001,False,1.25,1024,512,1200,0.057935550808906555,0.05709067783973296,0.058861806735149,0.096923828125,0.096923828125,0.000244140625,0.000244140625,0.003033826593309641,0.054901719093322754,0.9278747897273633,306.18798604387695,0.13079893589019775,0.04080755636096001,0.992347638884665,0.9874137981610072,0.999596711295899,332.306640625,0.08112955093383789,0.90283203125,0.1137688085436821
smol,pixelprose,final_quarter,False,0,0.0,0,0,0,11,2.0,4096,0.001,False,1.5,1024,512,1200,0.057935550808906555,0.05709067783973296,0.058861806735149,0.096923828125,0.096923828125,0.000244140625,0.000244140625,0.003033826593309641,0.054901719093322754,0.9278747897273633,306.18798604387695,0.13079893589019775,0.04080755636096001,0.992347638884665,0.9874137981610072,0.999596711295899,332.306640625,0.08112955093383789,0.90283203125,0.1137688085436821
smol,pixelprose,final_quarter,False,0,0.0,0,0,0,11,2.0,4096,0.001,True,1.1,1024,512,1200,0.4555090069770813,0.4503012699453393,0.46104876961908303,1.0,1.0,0.0,0.0,0.024907294660806656,0.43060171604156494,0.10335579154581992,3804.846963672373,0.3555251955986023,0.32956385612487793,0.988547465815846,0.8746888190976959,0.9927607045431845,1872.447265625,0.4571404457092285,0.0,0.29117563366889954
smol,pixelprose,final_quarter,False,0,0.0,0,0,0,11,2.0,4096,0.001,True,1.25,1024,512,1200,0.4555090069770813,0.4503012699453393,0.46104876961908303,1.0,1.0,0.0,0.0,0.024907294660806656,0.43060171604156494,0.10335579154581992,3804.846963672373,0.3555251955986023,0.32956385612487793,0.988547465815846,0.8746888190976959,0.9927607045431845,1872.447265625,0.4571404457092285,0.0,0.29117563366889954
smol,pixelprose,final_quarter,False,0,0.0,0,0,0,11,2.0,4096,0.001,True,1.5,1024,512,1200,0.4555090069770813,0.4503012699453393,0.46104876961908303,1.0,1.0,0.0,0.0,0.024907294660806656,0.43060171604156494,0.10335579154581992,3804.846963672373,0.3555251955986023,0.32956385612487793,0.988547465815846,0.8746888190976959,0.9927607045431845,1872.447265625,0.4571404457092285,0.0,0.29117563366889954
smol,pixelprose,final_quarter,False,0,0.0,0,0,0,11,4.0,4096,0.0003,False,1.1,1024,512,1200,0.058551687747240067,0.057699374815092595,0.05948974861967145,0.09716796875,0.09716796875,0.000244140625,0.000244140625,0.003118851687759161,0.05543283373117447,0.9280255602400139,308.26355940900754,0.13575294613838196,0.04775846377015114,0.9923177075974932,0.9873939150786879,0.9995550176212715,332.099609375,0.08107900619506836,0.902587890625,0.11806409060955048
smol,pixelprose,final_quarter,False,0,0.0,0,0,0,11,4.0,4096,0.0003,False,1.25,1024,512,1200,0.058551687747240067,0.057699374815092595,0.05948974861967145,0.09716796875,0.09716796875,0.000244140625,0.000244140625,0.003118851687759161,0.05543283373117447,0.9280255602400139,308.26355940900754,0.13575294613838196,0.04775846377015114,0.9923177075974932,0.9873939150786879,0.9995550176212715,332.099609375,0.08107900619506836,0.902587890625,0.11806409060955048
smol,pixelprose,final_quarter,False,0,0.0,0,0,0,11,4.0,4096,0.0003,False,1.5,1024,512,1200,0.058551687747240067,0.057699374815092595,0.05948974861967145,0.09716796875,0.09716796875,0.000244140625,0.000244140625,0.003118851687759161,0.05543283373117447,0.9280255602400139,308.26355940900754,0.13575294613838196,0.04775846377015114,0.9923177075974932,0.9873939150786879,0.9995550176212715,332.099609375,0.08107900619506836,0.902587890625,0.11806409060955048
smol,pixelprose,final_quarter,False,0,0.0,0,0,0,11,4.0,4096,0.0003,True,1.1,1024,512,1200,0.4656406044960022,0.4602076182665769,0.4715871211126796,1.0,1.0,0.0,0.0,0.02513713389635086,0.44050347805023193,0.09691593977776175,3866.409956623512,0.3615381419658661,0.33315327763557434,0.9930066586136168,0.8795348814330561,0.9956623764600672,1888.529296875,0.46106672286987305,0.0,0.29899027943611145
smol,pixelprose,final_quarter,False,0,0.0,0,0,0,11,4.0,4096,0.0003,True,1.25,1024,512,1200,0.4656406044960022,0.4602076182665769,0.4715871211126796,1.0,1.0,0.0,0.0,0.02513713389635086,0.44050347805023193,0.09691593977776175,3866.409956623512,0.3615381419658661,0.33315327763557434,0.9930066586136168,0.8795348814330561,0.9956623764600672,1888.529296875,0.46106672286987305,0.0,0.29899027943611145
smol,pixelprose,final_quarter,False,0,0.0,0,0,0,11,4.0,4096,0.0003,True,1.5,1024,512,1200,0.4656406044960022,0.4602076182665769,0.4715871211126796,1.0,1.0,0.0,0.0,0.02513713389635086,0.44050347805023193,0.09691593977776175,3866.409956623512,0.3615381419658661,0.33315327763557434,0.9930066586136168,0.8795348814330561,0.9956623764600672,1888.529296875,0.46106672286987305,0.0,0.29899027943611145
smol,pixelprose,final_quarter,False,0,0.0,0,0,0,11,4.0,4096,0.001,False,1.1,1024,512,1200,0.057935550808906555,0.05709067783973296,0.058861806735149,0.096923828125,0.096923828125,0.000244140625,0.000244140625,0.003033826593309641,0.054901719093322754,0.9278747897273633,306.18798604387695,0.13079893589019775,0.04080755636096001,0.992347638884665,0.9874137981610072,0.999596711295899,332.306640625,0.08112955093383789,0.90283203125,0.1137688085436821
smol,pixelprose,final_quarter,False,0,0.0,0,0,0,11,4.0,4096,0.001,False,1.25,1024,512,1200,0.057935550808906555,0.05709067783973296,0.058861806735149,0.096923828125,0.096923828125,0.000244140625,0.000244140625,0.003033826593309641,0.054901719093322754,0.9278747897273633,306.18798604387695,0.13079893589019775,0.04080755636096001,0.992347638884665,0.9874137981610072,0.999596711295899,332.306640625,0.08112955093383789,0.90283203125,0.1137688085436821
smol,pixelprose,final_quarter,False,0,0.0,0,0,0,11,4.0,4096,0.001,False,1.5,1024,512,1200,0.057935550808906555,0.05709067783973296,0.058861806735149,0.096923828125,0.096923828125,0.000244140625,0.000244140625,0.003033826593309641,0.054901719093322754,0.9278747897273633,306.18798604387695,0.13079893589019775,0.04080755636096001,0.992347638884665,0.9874137981610072,0.999596711295899,332.306640625,0.08112955093383789,0.90283203125,0.1137688085436821
smol,pixelprose,final_quarter,False,0,0.0,0,0,0,11,4.0,4096,0.001,True,1.1,1024,512,1200,0.4555090069770813,0.4503012699453393,0.46104876961908303,1.0,1.0,0.0,0.0,0.024907294660806656,0.43060171604156494,0.10335579154581992,3804.846963672373,0.3555251955986023,0.32956385612487793,0.988547465815846,0.8746888190976959,0.9927607045431845,1872.447265625,0.4571404457092285,0.0,0.29117563366889954
smol,pixelprose,final_quarter,False,0,0.0,0,0,0,11,4.0,4096,0.001,True,1.25,1024,512,1200,0.4555090069770813,0.4503012699453393,0.46104876961908303,1.0,1.0,0.0,0.0,0.024907294660806656,0.43060171604156494,0.10335579154581992,3804.846963672373,0.3555251955986023,0.32956385612487793,0.988547465815846,0.8746888190976959,0.9927607045431845,1872.447265625,0.4571404457092285,0.0,0.29117563366889954
smol,pixelprose,final_quarter,False,0,0.0,0,0,0,11,4.0,4096,0.001,True,1.5,1024,512,1200,0.4555090069770813,0.4503012699453393,0.46104876961908303,1.0,1.0,0.0,0.0,0.024907294660806656,0.43060171604156494,0.10335579154581992,3804.846963672373,0.3555251955986023,0.32956385612487793,0.988547465815846,0.8746888190976959,0.9927607045431845,1872.447265625,0.4571404457092285,0.0,0.29117563366889954
smol,pixelprose,final_quarter,False,0,0.0,0,0,0,23,2.0,4096,0.0003,False,1.1,1024,512,1200,0.05763440579175949,0.05677758448073291,0.0584953474921349,0.08837890625,0.088134765625,0.00048828125,0.000244140625,0.003111468628048897,0.05452294275164604,0.931552305153277,299.1717221502695,0.1356329470872879,0.04785891994833946,0.9922119099214083,0.9872869716147897,0.9987100441671128,318.685546875,0.0778040885925293,0.91162109375,0.11796583980321884
smol,pixelprose,final_quarter,False,0,0.0,0,0,0,23,2.0,4096,0.0003,False,1.25,1024,512,1200,0.05763440579175949,0.05677758448073291,0.0584953474921349,0.08837890625,0.088134765625,0.00048828125,0.000244140625,0.003111468628048897,0.05452294275164604,0.931552305153277,299.1717221502695,0.1356329470872879,0.04785891994833946,0.9922119099214083,0.9872869716147897,0.9987100441671128,318.685546875,0.0778040885925293,0.91162109375,0.11796583980321884
smol,pixelprose,final_quarter,False,0,0.0,0,0,0,23,2.0,4096,0.0003,False,1.5,1024,512,1200,0.05763440579175949,0.05677758448073291,0.0584953474921349,0.08837890625,0.088134765625,0.00048828125,0.000244140625,0.003111468628048897,0.05452294275164604,0.931552305153277,299.1717221502695,0.1356329470872879,0.04785891994833946,0.9922119099214083,0.9872869716147897,0.9987100441671128,318.685546875,0.0778040885925293,0.91162109375,0.11796583980321884
smol,pixelprose,final_quarter,False,0,0.0,0,0,0,23,2.0,4096,0.0003,True,1.1,1024,512,1200,0.4686010479927063,0.46252100797428286,0.47453140171564884,1.0,1.0,0.0,0.0,0.027179811149835587,0.4414212703704834,0.0907215879957314,3878.367292722462,0.37256816029548645,0.33185189962387085,0.9969642517220413,0.882303341849344,0.9933399595875576,1892.5234375,0.46204185485839844,0.0,0.29999005794525146
smol,pixelprose,final_quarter,False,0,0.0,0,0,0,23,2.0,4096,0.0003,True,1.25,1024,512,1200,0.4686010479927063,0.46252100797428286,0.47453140171564884,1.0,1.0,0.0,0.0,0.027179811149835587,0.4414212703704834,0.0907215879957314,3878.367292722462,0.37256816029548645,0.33185189962387085,0.9969642517220413,0.882303341849344,0.9933399595875576,1892.5234375,0.46204185485839844,0.0,0.29999005794525146
smol,pixelprose,final_quarter,False,0,0.0,0,0,0,23,2.0,4096,0.0003,True,1.5,1024,512,1200,0.4686010479927063,0.46252100797428286,0.47453140171564884,1.0,1.0,0.0,0.0,0.027179811149835587,0.4414212703704834,0.0907215879957314,3878.367292722462,0.37256816029548645,0.33185189962387085,0.9969642517220413,0.882303341849344,0.9933399595875576,1892.5234375,0.46204185485839844,0.0,0.29999005794525146
smol,pixelprose,final_quarter,False,0,0.0,0,0,0,23,2.0,4096,0.001,False,1.1,1024,512,1200,0.05731664597988129,0.05643350168429606,0.058202598128264074,0.08837890625,0.088134765625,0.00048828125,0.000244140625,0.0030395376961678267,0.05427710711956024,0.9312346565601858,298.1366055659556,0.13171790540218353,0.04030422866344452,0.9923219349028802,0.987348899234896,0.9989587140453399,317.986328125,0.07763338088989258,0.911865234375,0.11462419480085373
smol,pixelprose,final_quarter,False,0,0.0,0,0,0,23,2.0,4096,0.001,False,1.25,1024,512,1200,0.05731664597988129,0.05643350168429606,0.058202598128264074,0.08837890625,0.088134765625,0.00048828125,0.000244140625,0.0030395376961678267,0.05427710711956024,0.9312346565601858,298.1366055659556,0.13171790540218353,0.04030422866344452,0.9923219349028802,0.987348899234896,0.9989587140453399,317.986328125,0.07763338088989258,0.911865234375,0.11462419480085373
smol,pixelprose,final_quarter,False,0,0.0,0,0,0,23,2.0,4096,0.001,False,1.5,1024,512,1200,0.05731664597988129,0.05643350168429606,0.058202598128264074,0.08837890625,0.088134765625,0.00048828125,0.000244140625,0.0030395376961678267,0.05427710711956024,0.9312346565601858,298.1366055659556,0.13171790540218353,0.04030422866344452,0.9923219349028802,0.987348899234896,0.9989587140453399,317.986328125,0.07763338088989258,0.911865234375,0.11462419480085373
smol,pixelprose,final_quarter,False,0,0.0,0,0,0,23,2.0,4096,0.001,True,1.1,1024,512,1200,0.4599597752094269,0.4538995505106868,0.4657783228511107,1.0,1.0,0.0,0.0,0.02623773366212845,0.43372204899787903,0.09150133331501492,3875.8362288583567,0.36507710814476013,0.3313382863998413,0.9945723725434227,0.8805967303140794,0.9853352997116217,1883.572265625,0.4598565101623535,0.0,0.2939779460430145
smol,pixelprose,final_quarter,False,0,0.0,0,0,0,23,2.0,4096,0.001,True,1.25,1024,512,1200,0.4599597752094269,0.4538995505106868,0.4657783228511107,1.0,1.0,0.0,0.0,0.02623773366212845,0.43372204899787903,0.09150133331501492,3875.8362288583567,0.36507710814476013,0.3313382863998413,0.9945723725434227,0.8805967303140794,0.9853352997116217,1883.572265625,0.4598565101623535,0.0,0.2939779460430145
smol,pixelprose,final_quarter,False,0,0.0,0,0,0,23,2.0,4096,0.001,True,1.5,1024,512,1200,0.4599597752094269,0.4538995505106868,0.4657783228511107,1.0,1.0,0.0,0.0,0.02623773366212845,0.43372204899787903,0.09150133331501492,3875.8362288583567,0.36507710814476013,0.3313382863998413,0.9945723725434227,0.8805967303140794,0.9853352997116217,1883.572265625,0.4598565101623535,0.0,0.2939779460430145
smol,pixelprose,final_quarter,False,0,0.0,0,0,0,23,4.0,4096,0.0003,False,1.1,1024,512,1200,0.05763440579175949,0.05677758448073291,0.0584953474921349,0.08837890625,0.088134765625,0.00048828125,0.000244140625,0.003111468628048897,0.05452294275164604,0.931552305153277,299.1717221502695,0.1356329470872879,0.04785891994833946,0.9922119099214083,0.9872869716147897,0.9987100441671128,318.685546875,0.0778040885925293,0.91162109375,0.11796583980321884
smol,pixelprose,final_quarter,False,0,0.0,0,0,0,23,4.0,4096,0.0003,False,1.25,1024,512,1200,0.05763440579175949,0.05677758448073291,0.0584953474921349,0.08837890625,0.088134765625,0.00048828125,0.000244140625,0.003111468628048897,0.05452294275164604,0.931552305153277,299.1717221502695,0.1356329470872879,0.04785891994833946,0.9922119099214083,0.9872869716147897,0.9987100441671128,318.685546875,0.0778040885925293,0.91162109375,0.11796583980321884
smol,pixelprose,final_quarter,False,0,0.0,0,0,0,23,4.0,4096,0.0003,False,1.5,1024,512,1200,0.05763440579175949,0.05677758448073291,0.0584953474921349,0.08837890625,0.088134765625,0.00048828125,0.000244140625,0.003111468628048897,0.05452294275164604,0.931552305153277,299.1717221502695,0.1356329470872879,0.04785891994833946,0.9922119099214083,0.9872869716147897,0.9987100441671128,318.685546875,0.0778040885925293,0.91162109375,0.11796583980321884
smol,pixelprose,final_quarter,False,0,0.0,0,0,0,23,4.0,4096,0.0003,True,1.1,1024,512,1200,0.4686010479927063,0.46252100797428286,0.47453140171564884,1.0,1.0,0.0,0.0,0.027179811149835587,0.4414212703704834,0.0907215879957314,3878.367292722462,0.37256816029548645,0.33185189962387085,0.9969642517220413,0.882303341849344,0.9933399595875576,1892.5234375,0.46204185485839844,0.0,0.29999005794525146
smol,pixelprose,final_quarter,False,0,0.0,0,0,0,23,4.0,4096,0.0003,True,1.25,1024,512,1200,0.4686010479927063,0.46252100797428286,0.47453140171564884,1.0,1.0,0.0,0.0,0.027179811149835587,0.4414212703704834,0.0907215879957314,3878.367292722462,0.37256816029548645,0.33185189962387085,0.9969642517220413,0.882303341849344,0.9933399595875576,1892.5234375,0.46204185485839844,0.0,0.29999005794525146
smol,pixelprose,final_quarter,False,0,0.0,0,0,0,23,4.0,4096,0.0003,True,1.5,1024,512,1200,0.4686010479927063,0.46252100797428286,0.47453140171564884,1.0,1.0,0.0,0.0,0.027179811149835587,0.4414212703704834,0.0907215879957314,3878.367292722462,0.37256816029548645,0.33185189962387085,0.9969642517220413,0.882303341849344,0.9933399595875576,1892.5234375,0.46204185485839844,0.0,0.29999005794525146
smol,pixelprose,final_quarter,False,0,0.0,0,0,0,23,4.0,4096,0.001,False,1.1,1024,512,1200,0.05731664597988129,0.05643350168429606,0.058202598128264074,0.08837890625,0.088134765625,0.00048828125,0.000244140625,0.0030395376961678267,0.05427710711956024,0.9312346565601858,298.1366055659556,0.13171790540218353,0.04030422866344452,0.9923219349028802,0.987348899234896,0.9989587140453399,317.986328125,0.07763338088989258,0.911865234375,0.11462419480085373
smol,pixelprose,final_quarter,False,0,0.0,0,0,0,23,4.0,4096,0.001,False,1.25,1024,512,1200,0.05731664597988129,0.05643350168429606,0.058202598128264074,0.08837890625,0.088134765625,0.00048828125,0.000244140625,0.0030395376961678267,0.05427710711956024,0.9312346565601858,298.1366055659556,0.13171790540218353,0.04030422866344452,0.9923219349028802,0.987348899234896,0.9989587140453399,317.986328125,0.07763338088989258,0.911865234375,0.11462419480085373
smol,pixelprose,final_quarter,False,0,0.0,0,0,0,23,4.0,4096,0.001,False,1.5,1024,512,1200,0.05731664597988129,0.05643350168429606,0.058202598128264074,0.08837890625,0.088134765625,0.00048828125,0.000244140625,0.0030395376961678267,0.05427710711956024,0.9312346565601858,298.1366055659556,0.13171790540218353,0.04030422866344452,0.9923219349028802,0.987348899234896,0.9989587140453399,317.986328125,0.07763338088989258,0.911865234375,0.11462419480085373
smol,pixelprose,final_quarter,False,0,0.0,0,0,0,23,4.0,4096,0.001,True,1.1,1024,512,1200,0.4599597752094269,0.4538995505106868,0.4657783228511107,1.0,1.0,0.0,0.0,0.02623773366212845,0.43372204899787903,0.09150133331501492,3875.8362288583567,0.36507710814476013,0.3313382863998413,0.9945723725434227,0.8805967303140794,0.9853352997116217,1883.572265625,0.4598565101623535,0.0,0.2939779460430145
smol,pixelprose,final_quarter,False,0,0.0,0,0,0,23,4.0,4096,0.001,True,1.25,1024,512,1200,0.4599597752094269,0.4538995505106868,0.4657783228511107,1.0,1.0,0.0,0.0,0.02623773366212845,0.43372204899787903,0.09150133331501492,3875.8362288583567,0.36507710814476013,0.3313382863998413,0.9945723725434227,0.8805967303140794,0.9853352997116217,1883.572265625,0.4598565101623535,0.0,0.2939779460430145
smol,pixelprose,final_quarter,False,0,0.0,0,0,0,23,4.0,4096,0.001,True,1.5,1024,512,1200,0.4599597752094269,0.4538995505106868,0.4657783228511107,1.0,1.0,0.0,0.0,0.02623773366212845,0.43372204899787903,0.09150133331501492,3875.8362288583567,0.36507710814476013,0.3313382863998413,0.9945723725434227,0.8805967303140794,0.9853352997116217,1883.572265625,0.4598565101623535,0.0,0.2939779460430145
smol,pixelprose,final_quarter,False,0,0.0,0,0,0,37,2.0,4096,0.0003,False,1.1,1024,512,1200,0.05749991536140442,0.05657297132165695,0.058355478701923855,0.092041015625,0.092041015625,0.000732421875,0.000732421875,0.0031390399672091007,0.054360873997211456,0.9299670622114095,305.0266371155408,0.13673578202724457,0.04719241335988045,0.9919319594515482,0.986951476830088,0.9993655439527251,326.349609375,0.07967519760131836,0.906982421875,0.11886639893054962
smol,pixelprose,final_quarter,False,0,0.0,0,0,0,37,2.0,4096,0.0003,False,1.25,1024,512,1200,0.05749991536140442,0.05657297132165695,0.058355478701923855,0.092041015625,0.092041015625,0.000732421875,0.000732421875,0.0031390399672091007,0.054360873997211456,0.9299670622114095,305.0266371155408,0.13673578202724457,0.04719241335988045,0.9919319594515482,0.986951476830088,0.9993655439527251,326.349609375,0.07967519760131836,0.906982421875,0.11886639893054962
smol,pixelprose,final_quarter,False,0,0.0,0,0,0,37,2.0,4096,0.0003,False,1.5,1024,512,1200,0.05749991536140442,0.05657297132165695,0.058355478701923855,0.092041015625,0.092041015625,0.000732421875,0.000732421875,0.0031390399672091007,0.054360873997211456,0.9299670622114095,305.0266371155408,0.13673578202724457,0.04719241335988045,0.9919319594515482,0.986951476830088,0.9993655439527251,326.349609375,0.07967519760131836,0.906982421875,0.11886639893054962
smol,pixelprose,final_quarter,False,0,0.0,0,0,0,37,2.0,4096,0.0003,True,1.1,1024,512,1200,0.4631713032722473,0.4581835082761245,0.46855504481354726,1.0,1.0,0.0,0.0,0.025511905550956726,0.4376593828201294,0.09739851548722374,3855.171732000846,0.364666223526001,0.3402530550956726,0.9957893160893013,0.8809846017720707,0.9943948791165704,1884.21484375,0.46001338958740234,0.0,0.2968742549419403
smol,pixelprose,final_quarter,False,0,0.0,0,0,0,37,2.0,4096,0.0003,True,1.25,1024,512,1200,0.4631713032722473,0.4581835082761245,0.46855504481354726,1.0,1.0,0.0,0.0,0.025511905550956726,0.4376593828201294,0.09739851548722374,3855.171732000846,0.364666223526001,0.3402530550956726,0.9957893160893013,0.8809846017720707,0.9943948791165704,1884.21484375,0.46001338958740234,0.0,0.2968742549419403
smol,pixelprose,final_quarter,False,0,0.0,0,0,0,37,2.0,4096,0.0003,True,1.5,1024,512,1200,0.4631713032722473,0.4581835082761245,0.46855504481354726,1.0,1.0,0.0,0.0,0.025511905550956726,0.4376593828201294,0.09739851548722374,3855.171732000846,0.364666223526001,0.3402530550956726,0.9957893160893013,0.8809846017720707,0.9943948791165704,1884.21484375,0.46001338958740234,0.0,0.2968742549419403
smol,pixelprose,final_quarter,False,0,0.0,0,0,0,37,2.0,4096,0.001,False,1.1,1024,512,1200,0.0571831539273262,0.056264202241982274,0.058047578522382536,0.09130859375,0.091552734375,0.000732421875,0.0009765625,0.00306578422896564,0.054117366671562195,0.9306931321388223,302.0575249619401,0.13241992890834808,0.04006783291697502,0.9925461524740474,0.987612279418787,0.9995938251526785,323.265625,0.07892227172851562,0.9072265625,0.11510737985372543
smol,pixelprose,final_quarter,False,0,0.0,0,0,0,37,2.0,4096,0.001,False,1.25,1024,512,1200,0.0571831539273262,0.056264202241982274,0.058047578522382536,0.09130859375,0.091552734375,0.000732421875,0.0009765625,0.00306578422896564,0.054117366671562195,0.9306931321388223,302.0575249619401,0.13241992890834808,0.04006783291697502,0.9925461524740474,0.987612279418787,0.9995938251526785,323.265625,0.07892227172851562,0.9072265625,0.11510737985372543
smol,pixelprose,final_quarter,False,0,0.0,0,0,0,37,2.0,4096,0.001,False,1.5,1024,512,1200,0.0571831539273262,0.056264202241982274,0.058047578522382536,0.09130859375,0.091552734375,0.000732421875,0.0009765625,0.00306578422896564,0.054117366671562195,0.9306931321388223,302.0575249619401,0.13241992890834808,0.04006783291697502,0.9925461524740474,0.987612279418787,0.9995938251526785,323.265625,0.07892227172851562,0.9072265625,0.11510737985372543
smol,pixelprose,final_quarter,False,0,0.0,0,0,0,37,2.0,4096,0.001,True,1.1,1024,512,1200,0.45438992977142334,0.44944944847811713,0.4595345753856236,1.0,1.0,0.0,0.0,0.025376297533512115,0.4290136396884918,0.09682437766837701,3867.9012862776067,0.3582817614078522,0.3299937844276428,0.9966604366807227,0.8817846545788728,0.9943845700274084,1873.765625,0.4574623107910156,0.0,0.2903514802455902
smol,pixelprose,final_quarter,False,0,0.0,0,0,0,37,2.0,4096,0.001,True,1.25,1024,512,1200,0.45438992977142334,0.44944944847811713,0.4595345753856236,1.0,1.0,0.0,0.0,0.025376297533512115,0.4290136396884918,0.09682437766837701,3867.9012862776067,0.3582817614078522,0.3299937844276428,0.9966604366807227,0.8817846545788728,0.9943845700274084,1873.765625,0.4574623107910156,0.0,0.2903514802455902
smol,pixelprose,final_quarter,False,0,0.0,0,0,0,37,2.0,4096,0.001,True,1.5,1024,512,1200,0.45438992977142334,0.44944944847811713,0.4595345753856236,1.0,1.0,0.0,0.0,0.025376297533512115,0.4290136396884918,0.09682437766837701,3867.9012862776067,0.3582817614078522,0.3299937844276428,0.9966604366807227,0.8817846545788728,0.9943845700274084,1873.765625,0.4574623107910156,0.0,0.2903514802455902
smol,pixelprose,final_quarter,False,0,0.0,0,0,0,37,4.0,4096,0.0003,False,1.1,1024,512,1200,0.05749991536140442,0.05657297132165695,0.058355478701923855,0.092041015625,0.092041015625,0.000732421875,0.000732421875,0.0031390399672091007,0.054360873997211456,0.9299670622114095,305.0266371155408,0.13673578202724457,0.04719241335988045,0.9919319594515482,0.986951476830088,0.9993655439527251,326.349609375,0.07967519760131836,0.906982421875,0.11886639893054962
smol,pixelprose,final_quarter,False,0,0.0,0,0,0,37,4.0,4096,0.0003,False,1.25,1024,512,1200,0.05749991536140442,0.05657297132165695,0.058355478701923855,0.092041015625,0.092041015625,0.000732421875,0.000732421875,0.0031390399672091007,0.054360873997211456,0.9299670622114095,305.0266371155408,0.13673578202724457,0.04719241335988045,0.9919319594515482,0.986951476830088,0.9993655439527251,326.349609375,0.07967519760131836,0.906982421875,0.11886639893054962
smol,pixelprose,final_quarter,False,0,0.0,0,0,0,37,4.0,4096,0.0003,False,1.5,1024,512,1200,0.05749991536140442,0.05657297132165695,0.058355478701923855,0.092041015625,0.092041015625,0.000732421875,0.000732421875,0.0031390399672091007,0.054360873997211456,0.9299670622114095,305.0266371155408,0.13673578202724457,0.04719241335988045,0.9919319594515482,0.986951476830088,0.9993655439527251,326.349609375,0.07967519760131836,0.906982421875,0.11886639893054962
smol,pixelprose,final_quarter,False,0,0.0,0,0,0,37,4.0,4096,0.0003,True,1.1,1024,512,1200,0.4631713032722473,0.4581835082761245,0.46855504481354726,1.0,1.0,0.0,0.0,0.025511905550956726,0.4376593828201294,0.09739851548722374,3855.171732000846,0.364666223526001,0.3402530550956726,0.9957893160893013,0.8809846017720707,0.9943948791165704,1884.21484375,0.46001338958740234,0.0,0.2968742549419403
smol,pixelprose,final_quarter,False,0,0.0,0,0,0,37,4.0,4096,0.0003,True,1.25,1024,512,1200,0.4631713032722473,0.4581835082761245,0.46855504481354726,1.0,1.0,0.0,0.0,0.025511905550956726,0.4376593828201294,0.09739851548722374,3855.171732000846,0.364666223526001,0.3402530550956726,0.9957893160893013,0.8809846017720707,0.9943948791165704,1884.21484375,0.46001338958740234,0.0,0.2968742549419403
smol,pixelprose,final_quarter,False,0,0.0,0,0,0,37,4.0,4096,0.0003,True,1.5,1024,512,1200,0.4631713032722473,0.4581835082761245,0.46855504481354726,1.0,1.0,0.0,0.0,0.025511905550956726,0.4376593828201294,0.09739851548722374,3855.171732000846,0.364666223526001,0.3402530550956726,0.9957893160893013,0.8809846017720707,0.9943948791165704,1884.21484375,0.46001338958740234,0.0,0.2968742549419403
smol,pixelprose,final_quarter,False,0,0.0,0,0,0,37,4.0,4096,0.001,False,1.1,1024,512,1200,0.0571831539273262,0.056264202241982274,0.058047578522382536,0.09130859375,0.091552734375,0.000732421875,0.0009765625,0.00306578422896564,0.054117366671562195,0.9306931321388223,302.0575249619401,0.13241992890834808,0.04006783291697502,0.9925461524740474,0.987612279418787,0.9995938251526785,323.265625,0.07892227172851562,0.9072265625,0.11510737985372543
smol,pixelprose,final_quarter,False,0,0.0,0,0,0,37,4.0,4096,0.001,False,1.25,1024,512,1200,0.0571831539273262,0.056264202241982274,0.058047578522382536,0.09130859375,0.091552734375,0.000732421875,0.0009765625,0.00306578422896564,0.054117366671562195,0.9306931321388223,302.0575249619401,0.13241992890834808,0.04006783291697502,0.9925461524740474,0.987612279418787,0.9995938251526785,323.265625,0.07892227172851562,0.9072265625,0.11510737985372543
smol,pixelprose,final_quarter,False,0,0.0,0,0,0,37,4.0,4096,0.001,False,1.5,1024,512,1200,0.0571831539273262,0.056264202241982274,0.058047578522382536,0.09130859375,0.091552734375,0.000732421875,0.0009765625,0.00306578422896564,0.054117366671562195,0.9306931321388223,302.0575249619401,0.13241992890834808,0.04006783291697502,0.9925461524740474,0.987612279418787,0.9995938251526785,323.265625,0.07892227172851562,0.9072265625,0.11510737985372543
smol,pixelprose,final_quarter,False,0,0.0,0,0,0,37,4.0,4096,0.001,True,1.1,1024,512,1200,0.45438992977142334,0.44944944847811713,0.4595345753856236,1.0,1.0,0.0,0.0,0.025376297533512115,0.4290136396884918,0.09682437766837701,3867.9012862776067,0.3582817614078522,0.3299937844276428,0.9966604366807227,0.8817846545788728,0.9943845700274084,1873.765625,0.4574623107910156,0.0,0.2903514802455902
smol,pixelprose,final_quarter,False,0,0.0,0,0,0,37,4.0,4096,0.001,True,1.25,1024,512,1200,0.45438992977142334,0.44944944847811713,0.4595345753856236,1.0,1.0,0.0,0.0,0.025376297533512115,0.4290136396884918,0.09682437766837701,3867.9012862776067,0.3582817614078522,0.3299937844276428,0.9966604366807227,0.8817846545788728,0.9943845700274084,1873.765625,0.4574623107910156,0.0,0.2903514802455902
smol,pixelprose,final_quarter,False,0,0.0,0,0,0,37,4.0,4096,0.001,True,1.5,1024,512,1200,0.45438992977142334,0.44944944847811713,0.4595345753856236,1.0,1.0,0.0,0.0,0.025376297533512115,0.4290136396884918,0.09682437766837701,3867.9012862776067,0.3582817614078522,0.3299937844276428,0.9966604366807227,0.8817846545788728,0.9943845700274084,1873.765625,0.4574623107910156,0.0,0.2903514802455902
smol,pixelprose,final_quarter,False,1,0.14285714285714285,3,3,3,11,2.0,4096,0.0003,False,1.1,1024,512,1200,0.10223998129367828,0.10059808780642925,0.10374677281615732,0.124755859375,0.1259765625,0.000244140625,0.00146484375,0.006893589161336422,0.09534638375043869,0.9017067399055462,433.1926572484526,0.23982682824134827,0.483506441116333,0.9954886731481017,0.9922692647553782,0.998655169139642,470.640625,0.11490249633789062,0.873046875,0.21599091589450836
smol,pixelprose,final_quarter,False,1,0.14285714285714285,3,3,3,11,2.0,4096,0.0003,False,1.25,1024,512,1200,0.10223998129367828,0.10059808780642925,0.10374677281615732,0.123779296875,0.12548828125,0.000244140625,0.001953125,0.006893589161336422,0.09534638375043869,0.9017067399055462,433.1926572484526,0.23982682824134827,0.483506441116333,0.9954886731481017,0.9922692647553782,0.998655169139642,470.640625,0.11490249633789062,0.873046875,0.21599091589450836
smol,pixelprose,final_quarter,False,1,0.14285714285714285,3,3,3,11,2.0,4096,0.0003,False,1.5,1024,512,1200,0.10223998129367828,0.10059808780642925,0.10374677281615732,0.123291015625,0.125244140625,0.000244140625,0.002197265625,0.006893589161336422,0.09534638375043869,0.9017067399055462,433.1926572484526,0.23982682824134827,0.483506441116333,0.9954886731481017,0.9922692647553782,0.998655169139642,470.640625,0.11490249633789062,0.873046875,0.21599091589450836
smol,pixelprose,final_quarter,False,1,0.14285714285714285,3,3,3,11,2.0,4096,0.0003,True,1.1,1024,512,1200,0.47543054819107056,0.4703950379538583,0.48088705560803646,1.0,1.0,0.0,0.0,0.03908510133624077,0.4363454580307007,0.09282101205969011,3867.6411492779403,0.3532293736934662,0.330936074256897,0.99736368493466,0.8754149916713372,0.9906924390200164,1878.751953125,0.4586796760559082,0.0,0.29927483201026917
smol,pixelprose,final_quarter,False,1,0.14285714285714285,3,3,3,11,2.0,4096,0.0003,True,1.25,1024,512,1200,0.47543054819107056,0.4703950379538583,0.48088705560803646,1.0,1.0,0.0,0.0,0.03908510133624077,0.4363454580307007,0.09282101205969011,3867.6411492779403,0.3532293736934662,0.330936074256897,0.99736368493466,0.8754149916713372,0.9906924390200164,1878.751953125,0.4586796760559082,0.0,0.29927483201026917
smol,pixelprose,final_quarter,False,1,0.14285714285714285,3,3,3,11,2.0,4096,0.0003,True,1.5,1024,512,1200,0.47543054819107056,0.4703950379538583,0.48088705560803646,1.0,1.0,0.0,0.0,0.03908510133624077,0.4363454580307007,0.09282101205969011,3867.6411492779403,0.3532293736934662,0.330936074256897,0.99736368493466,0.8754149916713372,0.9906924390200164,1878.751953125,0.4586796760559082,0.0,0.29927483201026917
smol,pixelprose,final_quarter,False,1,0.14285714285714285,3,3,3,11,2.0,4096,0.001,False,1.1,1024,512,1200,0.10195167362689972,0.10033356875264872,0.10347124558884388,0.124755859375,0.1259765625,0.000244140625,0.00146484375,0.006884650327265263,0.09506702423095703,0.9035626147203227,424.6232430039993,0.23651838302612305,0.4770413339138031,0.9953714524857978,0.9921513807600651,0.998665415165985,469.189453125,0.1145482063293457,0.873046875,0.21290241181850433
smol,pixelprose,final_quarter,False,1,0.14285714285714285,3,3,3,11,2.0,4096,0.001,False,1.25,1024,512,1200,0.10195167362689972,0.10033356875264872,0.10347124558884388,0.123779296875,0.12548828125,0.000244140625,0.001953125,0.006884650327265263,0.09506702423095703,0.9035626147203227,424.6232430039993,0.23651838302612305,0.4770413339138031,0.9953714524857978,0.9921513807600651,0.998665415165985,469.189453125,0.1145482063293457,0.873046875,0.21290241181850433
smol,pixelprose,final_quarter,False,1,0.14285714285714285,3,3,3,11,2.0,4096,0.001,False,1.5,1024,512,1200,0.10195167362689972,0.10033356875264872,0.10347124558884388,0.123291015625,0.125244140625,0.000244140625,0.002197265625,0.006884650327265263,0.09506702423095703,0.9035626147203227,424.6232430039993,0.23651838302612305,0.4770413339138031,0.9953714524857978,0.9921513807600651,0.998665415165985,469.189453125,0.1145482063293457,0.873046875,0.21290241181850433
smol,pixelprose,final_quarter,False,1,0.14285714285714285,3,3,3,11,2.0,4096,0.001,True,1.1,1024,512,1200,0.4717717170715332,0.4667839512301725,0.477392417115334,1.0,1.0,0.0,0.0,0.038650862872600555,0.43312084674835205,0.09325833272149739,3876.243611775255,0.3511039614677429,0.32010433077812195,0.9958986560829758,0.8746028364754307,0.9968621476138102,1874.375,0.457611083984375,0.0,0.29663029313087463
smol,pixelprose,final_quarter,False,1,0.14285714285714285,3,3,3,11,2.0,4096,0.001,True,1.25,1024,512,1200,0.4717717170715332,0.4667839512301725,0.477392417115334,1.0,1.0,0.0,0.0,0.038650862872600555,0.43312084674835205,0.09325833272149739,3876.243611775255,0.3511039614677429,0.32010433077812195,0.9958986560829758,0.8746028364754307,0.9968621476138102,1874.375,0.457611083984375,0.0,0.29663029313087463
smol,pixelprose,final_quarter,False,1,0.14285714285714285,3,3,3,11,2.0,4096,0.001,True,1.5,1024,512,1200,0.4717717170715332,0.4667839512301725,0.477392417115334,1.0,1.0,0.0,0.0,0.038650862872600555,0.43312084674835205,0.09325833272149739,3876.243611775255,0.3511039614677429,0.32010433077812195,0.9958986560829758,0.8746028364754307,0.9968621476138102,1874.375,0.457611083984375,0.0,0.29663029313087463
smol,pixelprose,final_quarter,False,1,0.14285714285714285,3,3,3,11,4.0,4096,0.0003,False,1.1,1024,512,1200,0.10223998129367828,0.10059808780642925,0.10374677281615732,0.124755859375,0.1259765625,0.000244140625,0.00146484375,0.006893589161336422,0.09534638375043869,0.9017067399055462,433.1926572484526,0.23982682824134827,0.483506441116333,0.9954886731481017,0.9922692647553782,0.998655169139642,470.640625,0.11490249633789062,0.873046875,0.21599091589450836
smol,pixelprose,final_quarter,False,1,0.14285714285714285,3,3,3,11,4.0,4096,0.0003,False,1.25,1024,512,1200,0.10223998129367828,0.10059808780642925,0.10374677281615732,0.123779296875,0.12548828125,0.000244140625,0.001953125,0.006893589161336422,0.09534638375043869,0.9017067399055462,433.1926572484526,0.23982682824134827,0.483506441116333,0.9954886731481017,0.9922692647553782,0.998655169139642,470.640625,0.11490249633789062,0.873046875,0.21599091589450836
smol,pixelprose,final_quarter,False,1,0.14285714285714285,3,3,3,11,4.0,4096,0.0003,False,1.5,1024,512,1200,0.10223998129367828,0.10059808780642925,0.10374677281615732,0.123291015625,0.125244140625,0.000244140625,0.002197265625,0.006893589161336422,0.09534638375043869,0.9017067399055462,433.1926572484526,0.23982682824134827,0.483506441116333,0.9954886731481017,0.9922692647553782,0.998655169139642,470.640625,0.11490249633789062,0.873046875,0.21599091589450836
smol,pixelprose,final_quarter,False,1,0.14285714285714285,3,3,3,11,4.0,4096,0.0003,True,1.1,1024,512,1200,0.47543054819107056,0.4703950379538583,0.48088705560803646,1.0,1.0,0.0,0.0,0.03908510133624077,0.4363454580307007,0.09282101205969011,3867.6411492779403,0.3532293736934662,0.330936074256897,0.99736368493466,0.8754149916713372,0.9906924390200164,1878.751953125,0.4586796760559082,0.0,0.29927483201026917
smol,pixelprose,final_quarter,False,1,0.14285714285714285,3,3,3,11,4.0,4096,0.0003,True,1.25,1024,512,1200,0.47543054819107056,0.4703950379538583,0.48088705560803646,1.0,1.0,0.0,0.0,0.03908510133624077,0.4363454580307007,0.09282101205969011,3867.6411492779403,0.3532293736934662,0.330936074256897,0.99736368493466,0.8754149916713372,0.9906924390200164,1878.751953125,0.4586796760559082,0.0,0.29927483201026917
smol,pixelprose,final_quarter,False,1,0.14285714285714285,3,3,3,11,4.0,4096,0.0003,True,1.5,1024,512,1200,0.47543054819107056,0.4703950379538583,0.48088705560803646,1.0,1.0,0.0,0.0,0.03908510133624077,0.4363454580307007,0.09282101205969011,3867.6411492779403,0.3532293736934662,0.330936074256897,0.99736368493466,0.8754149916713372,0.9906924390200164,1878.751953125,0.4586796760559082,0.0,0.29927483201026917
smol,pixelprose,final_quarter,False,1,0.14285714285714285,3,3,3,11,4.0,4096,0.001,False,1.1,1024,512,1200,0.10195167362689972,0.10033356875264872,0.10347124558884388,0.124755859375,0.1259765625,0.000244140625,0.00146484375,0.006884650327265263,0.09506702423095703,0.9035626147203227,424.6232430039993,0.23651838302612305,0.4770413339138031,0.9953714524857978,0.9921513807600651,0.998665415165985,469.189453125,0.1145482063293457,0.873046875,0.21290241181850433
smol,pixelprose,final_quarter,False,1,0.14285714285714285,3,3,3,11,4.0,4096,0.001,False,1.25,1024,512,1200,0.10195167362689972,0.10033356875264872,0.10347124558884388,0.123779296875,0.12548828125,0.000244140625,0.001953125,0.006884650327265263,0.09506702423095703,0.9035626147203227,424.6232430039993,0.23651838302612305,0.4770413339138031,0.9953714524857978,0.9921513807600651,0.998665415165985,469.189453125,0.1145482063293457,0.873046875,0.21290241181850433
smol,pixelprose,final_quarter,False,1,0.14285714285714285,3,3,3,11,4.0,4096,0.001,False,1.5,1024,512,1200,0.10195167362689972,0.10033356875264872,0.10347124558884388,0.123291015625,0.125244140625,0.000244140625,0.002197265625,0.006884650327265263,0.09506702423095703,0.9035626147203227,424.6232430039993,0.23651838302612305,0.4770413339138031,0.9953714524857978,0.9921513807600651,0.998665415165985,469.189453125,0.1145482063293457,0.873046875,0.21290241181850433
smol,pixelprose,final_quarter,False,1,0.14285714285714285,3,3,3,11,4.0,4096,0.001,True,1.1,1024,512,1200,0.4717717170715332,0.4667839512301725,0.477392417115334,1.0,1.0,0.0,0.0,0.038650862872600555,0.43312084674835205,0.09325833272149739,3876.243611775255,0.3511039614677429,0.32010433077812195,0.9958986560829758,0.8746028364754307,0.9968621476138102,1874.375,0.457611083984375,0.0,0.29663029313087463
smol,pixelprose,final_quarter,False,1,0.14285714285714285,3,3,3,11,4.0,4096,0.001,True,1.25,1024,512,1200,0.4717717170715332,0.4667839512301725,0.477392417115334,1.0,1.0,0.0,0.0,0.038650862872600555,0.43312084674835205,0.09325833272149739,3876.243611775255,0.3511039614677429,0.32010433077812195,0.9958986560829758,0.8746028364754307,0.9968621476138102,1874.375,0.457611083984375,0.0,0.29663029313087463
smol,pixelprose,final_quarter,False,1,0.14285714285714285,3,3,3,11,4.0,4096,0.001,True,1.5,1024,512,1200,0.4717717170715332,0.4667839512301725,0.477392417115334,1.0,1.0,0.0,0.0,0.038650862872600555,0.43312084674835205,0.09325833272149739,3876.243611775255,0.3511039614677429,0.32010433077812195,0.9958986560829758,0.8746028364754307,0.9968621476138102,1874.375,0.457611083984375,0.0,0.29663029313087463
smol,pixelprose,final_quarter,False,1,0.14285714285714285,3,3,3,23,2.0,4096,0.0003,False,1.1,1024,512,1200,0.0940176397562027,0.09263490669527527,0.0954760547787373,0.1103515625,0.112060546875,0.000244140625,0.001953125,0.00645041186362505,0.08756723254919052,0.9144102092422107,372.9873904393809,0.22447219491004944,0.4890677034854889,0.9953141571355193,0.9920904599840036,0.9987556037547065,413.287109375,0.10090017318725586,0.88623046875,0.20128652453422546
smol,pixelprose,final_quarter,False,1,0.14285714285714285,3,3,3,23,2.0,4096,0.0003,False,1.25,1024,512,1200,0.0940176397562027,0.09263490669527527,0.0954760547787373,0.1103515625,0.112060546875,0.000244140625,0.001953125,0.00645041186362505,0.08756723254919052,0.9144102092422107,372.9873904393809,0.22447219491004944,0.4890677034854889,0.9953141571355193,0.9920904599840036,0.9987556037547065,413.287109375,0.10090017318725586,0.88623046875,0.20128652453422546
smol,pixelprose,final_quarter,False,1,0.14285714285714285,3,3,3,23,2.0,4096,0.0003,False,1.5,1024,512,1200,0.0940176397562027,0.09263490669527527,0.0954760547787373,0.10986328125,0.11181640625,0.000244140625,0.002197265625,0.00645041186362505,0.08756723254919052,0.9144102092422107,372.9873904393809,0.22447219491004944,0.4890677034854889,0.9953141571355193,0.9920904599840036,0.9987556037547065,413.287109375,0.10090017318725586,0.88623046875,0.20128652453422546
smol,pixelprose,final_quarter,False,1,0.14285714285714285,3,3,3,23,2.0,4096,0.0003,True,1.1,1024,512,1200,0.4779168367385864,0.47265414909925313,0.4834939251159085,1.0,1.0,0.0,0.0,0.038850512355566025,0.4390663206577301,0.09106810172692326,3905.7409738991387,0.35754576325416565,0.32779285311698914,0.9949658395141856,0.8724579270074487,0.9906485426922182,1890.54296875,0.46155834197998047,0.0,0.30203521251678467
smol,pixelprose,final_quarter,False,1,0.14285714285714285,3,3,3,23,2.0,4096,0.0003,True,1.25,1024,512,1200,0.4779168367385864,0.47265414909925313,0.4834939251159085,1.0,1.0,0.0,0.0,0.038850512355566025,0.4390663206577301,0.09106810172692326,3905.7409738991387,0.35754576325416565,0.32779285311698914,0.9949658395141856,0.8724579270074487,0.9906485426922182,1890.54296875,0.46155834197998047,0.0,0.30203521251678467
smol,pixelprose,final_quarter,False,1,0.14285714285714285,3,3,3,23,2.0,4096,0.0003,True,1.5,1024,512,1200,0.4779168367385864,0.47265414909925313,0.4834939251159085,1.0,1.0,0.0,0.0,0.038850512355566025,0.4390663206577301,0.09106810172692326,3905.7409738991387,0.35754576325416565,0.32779285311698914,0.9949658395141856,0.8724579270074487,0.9906485426922182,1890.54296875,0.46155834197998047,0.0,0.30203521251678467
smol,pixelprose,final_quarter,False,1,0.14285714285714285,3,3,3,23,2.0,4096,0.001,False,1.1,1024,512,1200,0.09362569451332092,0.09226303993636975,0.09510128959354915,0.11083984375,0.112060546875,0.00048828125,0.001708984375,0.006365559529513121,0.08726013451814651,0.9153033749063371,367.173873383221,0.21788279712200165,0.47982650995254517,0.9951843921092042,0.9919535014539855,0.9987771028873484,411.216796875,0.10039472579956055,0.88623046875,0.19560225307941437
smol,pixelprose,final_quarter,False,1,0.14285714285714285,3,3,3,23,2.0,4096,0.001,False,1.25,1024,512,1200,0.09362569451332092,0.09226303993636975,0.09510128959354915,0.1103515625,0.112060546875,0.000244140625,0.001953125,0.006365559529513121,0.08726013451814651,0.9153033749063371,367.173873383221,0.21788279712200165,0.47982650995254517,0.9951843921092042,0.9919535014539855,0.9987771028873484,411.216796875,0.10039472579956055,0.88623046875,0.19560225307941437
smol,pixelprose,final_quarter,False,1,0.14285714285714285,3,3,3,23,2.0,4096,0.001,False,1.5,1024,512,1200,0.09362569451332092,0.09226303993636975,0.09510128959354915,0.10986328125,0.11181640625,0.000244140625,0.002197265625,0.006365559529513121,0.08726013451814651,0.9153033749063371,367.173873383221,0.21788279712200165,0.47982650995254517,0.9951843921092042,0.9919535014539855,0.9987771028873484,411.216796875,0.10039472579956055,0.88623046875,0.19560225307941437
smol,pixelprose,final_quarter,False,1,0.14285714285714285,3,3,3,23,2.0,4096,0.001,True,1.1,1024,512,1200,0.4678380787372589,0.46260051434946947,0.47324104021972746,1.0,1.0,0.0,0.0,0.038549408316612244,0.42928868532180786,0.09312831342662763,3887.7022557433265,0.3489531874656677,0.3240947127342224,0.995430857789696,0.8741321246806619,0.9918899045416211,1878.1171875,0.4585247039794922,0.0,0.2945171296596527
smol,pixelprose,final_quarter,False,1,0.14285714285714285,3,3,3,23,2.0,4096,0.001,True,1.25,1024,512,1200,0.4678380787372589,0.46260051434946947,0.47324104021972746,1.0,1.0,0.0,0.0,0.038549408316612244,0.42928868532180786,0.09312831342662763,3887.7022557433265,0.3489531874656677,0.3240947127342224,0.995430857789696,0.8741321246806619,0.9918899045416211,1878.1171875,0.4585247039794922,0.0,0.2945171296596527
smol,pixelprose,final_quarter,False,1,0.14285714285714285,3,3,3,23,2.0,4096,0.001,True,1.5,1024,512,1200,0.4678380787372589,0.46260051434946947,0.47324104021972746,1.0,1.0,0.0,0.0,0.038549408316612244,0.42928868532180786,0.09312831342662763,3887.7022557433265,0.3489531874656677,0.3240947127342224,0.995430857789696,0.8741321246806619,0.9918899045416211,1878.1171875,0.4585247039794922,0.0,0.2945171296596527
smol,pixelprose,final_quarter,False,1,0.14285714285714285,3,3,3,23,4.0,4096,0.0003,False,1.1,1024,512,1200,0.0940176397562027,0.09263490669527527,0.0954760547787373,0.1103515625,0.112060546875,0.000244140625,0.001953125,0.00645041186362505,0.08756723254919052,0.9144102092422107,372.9873904393809,0.22447219491004944,0.4890677034854889,0.9953141571355193,0.9920904599840036,0.9987556037547065,413.287109375,0.10090017318725586,0.88623046875,0.20128652453422546
smol,pixelprose,final_quarter,False,1,0.14285714285714285,3,3,3,23,4.0,4096,0.0003,False,1.25,1024,512,1200,0.0940176397562027,0.09263490669527527,0.0954760547787373,0.1103515625,0.112060546875,0.000244140625,0.001953125,0.00645041186362505,0.08756723254919052,0.9144102092422107,372.9873904393809,0.22447219491004944,0.4890677034854889,0.9953141571355193,0.9920904599840036,0.9987556037547065,413.287109375,0.10090017318725586,0.88623046875,0.20128652453422546
smol,pixelprose,final_quarter,False,1,0.14285714285714285,3,3,3,23,4.0,4096,0.0003,False,1.5,1024,512,1200,0.0940176397562027,0.09263490669527527,0.0954760547787373,0.10986328125,0.11181640625,0.000244140625,0.002197265625,0.00645041186362505,0.08756723254919052,0.9144102092422107,372.9873904393809,0.22447219491004944,0.4890677034854889,0.9953141571355193,0.9920904599840036,0.9987556037547065,413.287109375,0.10090017318725586,0.88623046875,0.20128652453422546
smol,pixelprose,final_quarter,False,1,0.14285714285714285,3,3,3,23,4.0,4096,0.0003,True,1.1,1024,512,1200,0.4779168367385864,0.47265414909925313,0.4834939251159085,1.0,1.0,0.0,0.0,0.038850512355566025,0.4390663206577301,0.09106810172692326,3905.7409738991387,0.35754576325416565,0.32779285311698914,0.9949658395141856,0.8724579270074487,0.9906485426922182,1890.54296875,0.46155834197998047,0.0,0.30203521251678467
smol,pixelprose,final_quarter,False,1,0.14285714285714285,3,3,3,23,4.0,4096,0.0003,True,1.25,1024,512,1200,0.4779168367385864,0.47265414909925313,0.4834939251159085,1.0,1.0,0.0,0.0,0.038850512355566025,0.4390663206577301,0.09106810172692326,3905.7409738991387,0.35754576325416565,0.32779285311698914,0.9949658395141856,0.8724579270074487,0.9906485426922182,1890.54296875,0.46155834197998047,0.0,0.30203521251678467
smol,pixelprose,final_quarter,False,1,0.14285714285714285,3,3,3,23,4.0,4096,0.0003,True,1.5,1024,512,1200,0.4779168367385864,0.47265414909925313,0.4834939251159085,1.0,1.0,0.0,0.0,0.038850512355566025,0.4390663206577301,0.09106810172692326,3905.7409738991387,0.35754576325416565,0.32779285311698914,0.9949658395141856,0.8724579270074487,0.9906485426922182,1890.54296875,0.46155834197998047,0.0,0.30203521251678467
smol,pixelprose,final_quarter,False,1,0.14285714285714285,3,3,3,23,4.0,4096,0.001,False,1.1,1024,512,1200,0.09362569451332092,0.09226303993636975,0.09510128959354915,0.11083984375,0.112060546875,0.00048828125,0.001708984375,0.006365559529513121,0.08726013451814651,0.9153033749063371,367.173873383221,0.21788279712200165,0.47982650995254517,0.9951843921092042,0.9919535014539855,0.9987771028873484,411.216796875,0.10039472579956055,0.88623046875,0.19560225307941437
smol,pixelprose,final_quarter,False,1,0.14285714285714285,3,3,3,23,4.0,4096,0.001,False,1.25,1024,512,1200,0.09362569451332092,0.09226303993636975,0.09510128959354915,0.1103515625,0.112060546875,0.000244140625,0.001953125,0.006365559529513121,0.08726013451814651,0.9153033749063371,367.173873383221,0.21788279712200165,0.47982650995254517,0.9951843921092042,0.9919535014539855,0.9987771028873484,411.216796875,0.10039472579956055,0.88623046875,0.19560225307941437
smol,pixelprose,final_quarter,False,1,0.14285714285714285,3,3,3,23,4.0,4096,0.001,False,1.5,1024,512,1200,0.09362569451332092,0.09226303993636975,0.09510128959354915,0.10986328125,0.11181640625,0.000244140625,0.002197265625,0.006365559529513121,0.08726013451814651,0.9153033749063371,367.173873383221,0.21788279712200165,0.47982650995254517,0.9951843921092042,0.9919535014539855,0.9987771028873484,411.216796875,0.10039472579956055,0.88623046875,0.19560225307941437
smol,pixelprose,final_quarter,False,1,0.14285714285714285,3,3,3,23,4.0,4096,0.001,True,1.1,1024,512,1200,0.4678380787372589,0.46260051434946947,0.47324104021972746,1.0,1.0,0.0,0.0,0.038549408316612244,0.42928868532180786,0.09312831342662763,3887.7022557433265,0.3489531874656677,0.3240947127342224,0.995430857789696,0.8741321246806619,0.9918899045416211,1878.1171875,0.4585247039794922,0.0,0.2945171296596527
smol,pixelprose,final_quarter,False,1,0.14285714285714285,3,3,3,23,4.0,4096,0.001,True,1.25,1024,512,1200,0.4678380787372589,0.46260051434946947,0.47324104021972746,1.0,1.0,0.0,0.0,0.038549408316612244,0.42928868532180786,0.09312831342662763,3887.7022557433265,0.3489531874656677,0.3240947127342224,0.995430857789696,0.8741321246806619,0.9918899045416211,1878.1171875,0.4585247039794922,0.0,0.2945171296596527
smol,pixelprose,final_quarter,False,1,0.14285714285714285,3,3,3,23,4.0,4096,0.001,True,1.5,1024,512,1200,0.4678380787372589,0.46260051434946947,0.47324104021972746,1.0,1.0,0.0,0.0,0.038549408316612244,0.42928868532180786,0.09312831342662763,3887.7022557433265,0.3489531874656677,0.3240947127342224,0.995430857789696,0.8741321246806619,0.9918899045416211,1878.1171875,0.4585247039794922,0.0,0.2945171296596527
smol,pixelprose,final_quarter,False,1,0.14285714285714285,3,3,3,37,2.0,4096,0.0003,False,1.1,1024,512,1200,0.09962178021669388,0.09824339213137137,0.10108149378811504,0.1240234375,0.123779296875,0.0009765625,0.000732421875,0.006780695170164108,0.09284108132123947,0.9064226070500853,408.3324282206994,0.2353602796792984,0.48672381043434143,0.9954926433175855,0.9922678700109402,0.9987441999600676,452.427734375,0.11045598983764648,0.87646484375,0.2116038054227829
smol,pixelprose,final_quarter,False,1,0.14285714285714285,3,3,3,37,2.0,4096,0.0003,False,1.25,1024,512,1200,0.09962178021669388,0.09824339213137137,0.10108149378811504,0.1240234375,0.123779296875,0.0009765625,0.000732421875,0.006780695170164108,0.09284108132123947,0.9064226070500853,408.3324282206994,0.2353602796792984,0.48672381043434143,0.9954926433175855,0.9922678700109402,0.9987441999600676,452.427734375,0.11045598983764648,0.87646484375,0.2116038054227829
smol,pixelprose,final_quarter,False,1,0.14285714285714285,3,3,3,37,2.0,4096,0.0003,False,1.5,1024,512,1200,0.09962178021669388,0.09824339213137137,0.10108149378811504,0.12255859375,0.123046875,0.0009765625,0.00146484375,0.006780695170164108,0.09284108132123947,0.9064226070500853,408.3324282206994,0.2353602796792984,0.48672381043434143,0.9954926433175855,0.9922678700109402,0.9987441999600676,452.427734375,0.11045598983764648,0.87646484375,0.2116038054227829
smol,pixelprose,final_quarter,False,1,0.14285714285714285,3,3,3,37,2.0,4096,0.0003,True,1.1,1024,512,1200,0.47375842928886414,0.46888524523965314,0.47919807021389715,1.0,1.0,0.0,0.0,0.039914846420288086,0.43384355306625366,0.0912357701959415,3904.9792688979005,0.35874542593955994,0.32612693309783936,0.996919716096877,0.8751785250976216,0.993911591534801,1885.232421875,0.46026182174682617,0.0,0.29806679487228394
smol,pixelprose,final_quarter,False,1,0.14285714285714285,3,3,3,37,2.0,4096,0.0003,True,1.25,1024,512,1200,0.47375842928886414,0.46888524523965314,0.47919807021389715,1.0,1.0,0.0,0.0,0.039914846420288086,0.43384355306625366,0.0912357701959415,3904.9792688979005,0.35874542593955994,0.32612693309783936,0.996919716096877,0.8751785250976216,0.993911591534801,1885.232421875,0.46026182174682617,0.0,0.29806679487228394
smol,pixelprose,final_quarter,False,1,0.14285714285714285,3,3,3,37,2.0,4096,0.0003,True,1.5,1024,512,1200,0.47375842928886414,0.46888524523965314,0.47919807021389715,1.0,1.0,0.0,0.0,0.039914846420288086,0.43384355306625366,0.0912357701959415,3904.9792688979005,0.35874542593955994,0.32612693309783936,0.996919716096877,0.8751785250976216,0.993911591534801,1885.232421875,0.46026182174682617,0.0,0.29806679487228394
smol,pixelprose,final_quarter,False,1,0.14285714285714285,3,3,3,37,2.0,4096,0.001,False,1.1,1024,512,1200,0.09850767254829407,0.09715830794120847,0.0999357750712079,0.123291015625,0.123291015625,0.0009765625,0.0009765625,0.006667392794042826,0.09184027463197708,0.9070744251002032,404.6504669579431,0.22718611359596252,0.4791673421859741,0.9953948556674667,0.9921635016021849,0.9987497946132429,450.388671875,0.10995817184448242,0.876708984375,0.2043144553899765
smol,pixelprose,final_quarter,False,1,0.14285714285714285,3,3,3,37,2.0,4096,0.001,False,1.25,1024,512,1200,0.09850767254829407,0.09715830794120847,0.0999357750712079,0.123291015625,0.123291015625,0.0009765625,0.0009765625,0.006667392794042826,0.09184027463197708,0.9070744251002032,404.6504669579431,0.22718611359596252,0.4791673421859741,0.9953948556674667,0.9921635016021849,0.9987497946132429,450.388671875,0.10995817184448242,0.876708984375,0.2043144553899765
smol,pixelprose,final_quarter,False,1,0.14285714285714285,3,3,3,37,2.0,4096,0.001,False,1.5,1024,512,1200,0.09850767254829407,0.09715830794120847,0.0999357750712079,0.121826171875,0.12255859375,0.0009765625,0.001708984375,0.006667392794042826,0.09184027463197708,0.9070744251002032,404.6504669579431,0.22718611359596252,0.4791673421859741,0.9953948556674667,0.9921635016021849,0.9987497946132429,450.388671875,0.10995817184448242,0.876708984375,0.2043144553899765
smol,pixelprose,final_quarter,False,1,0.14285714285714285,3,3,3,37,2.0,4096,0.001,True,1.1,1024,512,1200,0.47040021419525146,0.4654153281255276,0.4757968480931595,1.0,1.0,0.0,0.0,0.039622776210308075,0.4307774305343628,0.08999645723964686,3912.079505416325,0.3633340895175934,0.32490938901901245,0.9951539927000824,0.8741949244701177,0.9904939998275125,1884.8671875,0.4601726531982422,0.0,0.29586106538772583
smol,pixelprose,final_quarter,False,1,0.14285714285714285,3,3,3,37,2.0,4096,0.001,True,1.25,1024,512,1200,0.47040021419525146,0.4654153281255276,0.4757968480931595,1.0,1.0,0.0,0.0,0.039622776210308075,0.4307774305343628,0.08999645723964686,3912.079505416325,0.3633340895175934,0.32490938901901245,0.9951539927000824,0.8741949244701177,0.9904939998275125,1884.8671875,0.4601726531982422,0.0,0.29586106538772583
smol,pixelprose,final_quarter,False,1,0.14285714285714285,3,3,3,37,2.0,4096,0.001,True,1.5,1024,512,1200,0.47040021419525146,0.4654153281255276,0.4757968480931595,1.0,1.0,0.0,0.0,0.039622776210308075,0.4307774305343628,0.08999645723964686,3912.079505416325,0.3633340895175934,0.32490938901901245,0.9951539927000824,0.8741949244701177,0.9904939998275125,1884.8671875,0.4601726531982422,0.0,0.29586106538772583
smol,pixelprose,final_quarter,False,1,0.14285714285714285,3,3,3,37,4.0,4096,0.0003,False,1.1,1024,512,1200,0.09962178021669388,0.09824339213137137,0.10108149378811504,0.1240234375,0.123779296875,0.0009765625,0.000732421875,0.006780695170164108,0.09284108132123947,0.9064226070500853,408.3324282206994,0.2353602796792984,0.48672381043434143,0.9954926433175855,0.9922678700109402,0.9987441999600676,452.427734375,0.11045598983764648,0.87646484375,0.2116038054227829
smol,pixelprose,final_quarter,False,1,0.14285714285714285,3,3,3,37,4.0,4096,0.0003,False,1.25,1024,512,1200,0.09962178021669388,0.09824339213137137,0.10108149378811504,0.1240234375,0.123779296875,0.0009765625,0.000732421875,0.006780695170164108,0.09284108132123947,0.9064226070500853,408.3324282206994,0.2353602796792984,0.48672381043434143,0.9954926433175855,0.9922678700109402,0.9987441999600676,452.427734375,0.11045598983764648,0.87646484375,0.2116038054227829
smol,pixelprose,final_quarter,False,1,0.14285714285714285,3,3,3,37,4.0,4096,0.0003,False,1.5,1024,512,1200,0.09962178021669388,0.09824339213137137,0.10108149378811504,0.12255859375,0.123046875,0.0009765625,0.00146484375,0.006780695170164108,0.09284108132123947,0.9064226070500853,408.3324282206994,0.2353602796792984,0.48672381043434143,0.9954926433175855,0.9922678700109402,0.9987441999600676,452.427734375,0.11045598983764648,0.87646484375,0.2116038054227829
smol,pixelprose,final_quarter,False,1,0.14285714285714285,3,3,3,37,4.0,4096,0.0003,True,1.1,1024,512,1200,0.47375842928886414,0.46888524523965314,0.47919807021389715,1.0,1.0,0.0,0.0,0.039914846420288086,0.43384355306625366,0.0912357701959415,3904.9792688979005,0.35874542593955994,0.32612693309783936,0.996919716096877,0.8751785250976216,0.993911591534801,1885.232421875,0.46026182174682617,0.0,0.29806679487228394
smol,pixelprose,final_quarter,False,1,0.14285714285714285,3,3,3,37,4.0,4096,0.0003,True,1.25,1024,512,1200,0.47375842928886414,0.46888524523965314,0.47919807021389715,1.0,1.0,0.0,0.0,0.039914846420288086,0.43384355306625366,0.0912357701959415,3904.9792688979005,0.35874542593955994,0.32612693309783936,0.996919716096877,0.8751785250976216,0.993911591534801,1885.232421875,0.46026182174682617,0.0,0.29806679487228394
smol,pixelprose,final_quarter,False,1,0.14285714285714285,3,3,3,37,4.0,4096,0.0003,True,1.5,1024,512,1200,0.47375842928886414,0.46888524523965314,0.47919807021389715,1.0,1.0,0.0,0.0,0.039914846420288086,0.43384355306625366,0.0912357701959415,3904.9792688979005,0.35874542593955994,0.32612693309783936,0.996919716096877,0.8751785250976216,0.993911591534801,1885.232421875,0.46026182174682617,0.0,0.29806679487228394
smol,pixelprose,final_quarter,False,1,0.14285714285714285,3,3,3,37,4.0,4096,0.001,False,1.1,1024,512,1200,0.09850767254829407,0.09715830794120847,0.0999357750712079,0.123291015625,0.123291015625,0.0009765625,0.0009765625,0.006667392794042826,0.09184027463197708,0.9070744251002032,404.6504669579431,0.22718611359596252,0.4791673421859741,0.9953948556674667,0.9921635016021849,0.9987497946132429,450.388671875,0.10995817184448242,0.876708984375,0.2043144553899765
smol,pixelprose,final_quarter,False,1,0.14285714285714285,3,3,3,37,4.0,4096,0.001,False,1.25,1024,512,1200,0.09850767254829407,0.09715830794120847,0.0999357750712079,0.123291015625,0.123291015625,0.0009765625,0.0009765625,0.006667392794042826,0.09184027463197708,0.9070744251002032,404.6504669579431,0.22718611359596252,0.4791673421859741,0.9953948556674667,0.9921635016021849,0.9987497946132429,450.388671875,0.10995817184448242,0.876708984375,0.2043144553899765
smol,pixelprose,final_quarter,False,1,0.14285714285714285,3,3,3,37,4.0,4096,0.001,False,1.5,1024,512,1200,0.09850767254829407,0.09715830794120847,0.0999357750712079,0.121826171875,0.12255859375,0.0009765625,0.001708984375,0.006667392794042826,0.09184027463197708,0.9070744251002032,404.6504669579431,0.22718611359596252,0.4791673421859741,0.9953948556674667,0.9921635016021849,0.9987497946132429,450.388671875,0.10995817184448242,0.876708984375,0.2043144553899765
smol,pixelprose,final_quarter,False,1,0.14285714285714285,3,3,3,37,4.0,4096,0.001,True,1.1,1024,512,1200,0.47040021419525146,0.4654153281255276,0.4757968480931595,1.0,1.0,0.0,0.0,0.039622776210308075,0.4307774305343628,0.08999645723964686,3912.079505416325,0.3633340895175934,0.32490938901901245,0.9951539927000824,0.8741949244701177,0.9904939998275125,1884.8671875,0.4601726531982422,0.0,0.29586106538772583
smol,pixelprose,final_quarter,False,1,0.14285714285714285,3,3,3,37,4.0,4096,0.001,True,1.25,1024,512,1200,0.47040021419525146,0.4654153281255276,0.4757968480931595,1.0,1.0,0.0,0.0,0.039622776210308075,0.4307774305343628,0.08999645723964686,3912.079505416325,0.3633340895175934,0.32490938901901245,0.9951539927000824,0.8741949244701177,0.9904939998275125,1884.8671875,0.4601726531982422,0.0,0.29586106538772583
smol,pixelprose,final_quarter,False,1,0.14285714285714285,3,3,3,37,4.0,4096,0.001,True,1.5,1024,512,1200,0.47040021419525146,0.4654153281255276,0.4757968480931595,1.0,1.0,0.0,0.0,0.039622776210308075,0.4307774305343628,0.08999645723964686,3912.079505416325,0.3633340895175934,0.32490938901901245,0.9951539927000824,0.8741949244701177,0.9904939998275125,1884.8671875,0.4601726531982422,0.0,0.29586106538772583
smol,pixelprose,final_quarter,False,2,0.2857142857142857,7,7,7,11,2.0,4096,0.0003,False,1.1,1024,512,1200,0.1268390566110611,0.12515887603331066,0.1285362999395147,0.123046875,0.125244140625,0.001220703125,0.00341796875,0.012768657878041267,0.11407039314508438,0.9040279767927883,423.50829002423177,0.24340933561325073,0.4261968731880188,0.9946497130197579,0.9900395842312276,0.9979645169317505,448.275390625,0.10944223403930664,0.87109375,0.23022623360157013
smol,pixelprose,final_quarter,False,2,0.2857142857142857,7,7,7,11,2.0,4096,0.0003,False,1.25,1024,512,1200,0.1268390566110611,0.12515887603331066,0.1285362999395147,0.12255859375,0.125,0.001220703125,0.003662109375,0.012768657878041267,0.11407039314508438,0.9040279767927883,423.50829002423177,0.24340933561325073,0.4261968731880188,0.9946497130197579,0.9900395842312276,0.9979645169317505,448.275390625,0.10944223403930664,0.87109375,0.23022623360157013
smol,pixelprose,final_quarter,False,2,0.2857142857142857,7,7,7,11,2.0,4096,0.0003,False,1.5,1024,512,1200,0.1268390566110611,0.12515887603331066,0.1285362999395147,0.12158203125,0.124755859375,0.0009765625,0.004150390625,0.012768657878041267,0.11407039314508438,0.9040279767927883,423.50829002423177,0.24340933561325073,0.4261968731880188,0.9946497130197579,0.9900395842312276,0.9979645169317505,448.275390625,0.10944223403930664,0.87109375,0.23022623360157013
smol,pixelprose,final_quarter,False,2,0.2857142857142857,7,7,7,11,2.0,4096,0.0003,True,1.1,1024,512,1200,0.4878586232662201,0.4831262135354336,0.4925673517063842,1.0,1.0,0.0,0.0,0.0623481422662735,0.4255104959011078,0.08966109012051228,3883.2145975717917,0.34319546818733215,0.32997825741767883,0.9935840913013387,0.8566828823419785,0.9866973147465088,1882.78125,0.45966339111328125,0.0,0.29883360862731934
smol,pixelprose,final_quarter,False,2,0.2857142857142857,7,7,7,11,2.0,4096,0.0003,True,1.25,1024,512,1200,0.4878586232662201,0.4831262135354336,0.4925673517063842,1.0,1.0,0.0,0.0,0.0623481422662735,0.4255104959011078,0.08966109012051228,3883.2145975717917,0.34319546818733215,0.32997825741767883,0.9935840913013387,0.8566828823419785,0.9866973147465088,1882.78125,0.45966339111328125,0.0,0.29883360862731934
smol,pixelprose,final_quarter,False,2,0.2857142857142857,7,7,7,11,2.0,4096,0.0003,True,1.5,1024,512,1200,0.4878586232662201,0.4831262135354336,0.4925673517063842,1.0,1.0,0.0,0.0,0.0623481422662735,0.4255104959011078,0.08966109012051228,3883.2145975717917,0.34319546818733215,0.32997825741767883,0.9935840913013387,0.8566828823419785,0.9866973147465088,1882.78125,0.45966339111328125,0.0,0.29883360862731934
smol,pixelprose,final_quarter,False,2,0.2857142857142857,7,7,7,11,2.0,4096,0.001,False,1.1,1024,512,1200,0.12603327631950378,0.12438161652280541,0.1277153090624779,0.122802734375,0.125,0.001220703125,0.00341796875,0.012686317786574364,0.11334694921970367,0.9043315811783003,421.5066088979559,0.23679468035697937,0.41901716589927673,0.994761266829659,0.9901564158843381,0.997953016418876,447.138671875,0.10916471481323242,0.871337890625,0.22407035529613495
smol,pixelprose,final_quarter,False,2,0.2857142857142857,7,7,7,11,2.0,4096,0.001,False,1.25,1024,512,1200,0.12603327631950378,0.12438161652280541,0.1277153090624779,0.122314453125,0.124755859375,0.001220703125,0.003662109375,0.012686317786574364,0.11334694921970367,0.9043315811783003,421.5066088979559,0.23679468035697937,0.41901716589927673,0.994761266829659,0.9901564158843381,0.997953016418876,447.138671875,0.10916471481323242,0.871337890625,0.22407035529613495
smol,pixelprose,final_quarter,False,2,0.2857142857142857,7,7,7,11,2.0,4096,0.001,False,1.5,1024,512,1200,0.12603327631950378,0.12438161652280541,0.1277153090624779,0.121826171875,0.124755859375,0.0009765625,0.00390625,0.012686317786574364,0.11334694921970367,0.9043315811783003,421.5066088979559,0.23679468035697937,0.41901716589927673,0.994761266829659,0.9901564158843381,0.997953016418876,447.138671875,0.10916471481323242,0.871337890625,0.22407035529613495
smol,pixelprose,final_quarter,False,2,0.2857142857142857,7,7,7,11,2.0,4096,0.001,True,1.1,1024,512,1200,0.4850252866744995,0.4802917967943358,0.48961740582890345,1.0,1.0,0.0,0.0,0.06216653436422348,0.42285874485969543,0.08558602964242056,3911.20813748543,0.34902223944664,0.32292425632476807,0.996241722861006,0.8586085140335104,0.991119921771329,1883.513671875,0.4598422050476074,0.0,0.2972845137119293
smol,pixelprose,final_quarter,False,2,0.2857142857142857,7,7,7,11,2.0,4096,0.001,True,1.25,1024,512,1200,0.4850252866744995,0.4802917967943358,0.48961740582890345,1.0,1.0,0.0,0.0,0.06216653436422348,0.42285874485969543,0.08558602964242056,3911.20813748543,0.34902223944664,0.32292425632476807,0.996241722861006,0.8586085140335104,0.991119921771329,1883.513671875,0.4598422050476074,0.0,0.2972845137119293
smol,pixelprose,final_quarter,False,2,0.2857142857142857,7,7,7,11,2.0,4096,0.001,True,1.5,1024,512,1200,0.4850252866744995,0.4802917967943358,0.48961740582890345,1.0,1.0,0.0,0.0,0.06216653436422348,0.42285874485969543,0.08558602964242056,3911.20813748543,0.34902223944664,0.32292425632476807,0.996241722861006,0.8586085140335104,0.991119921771329,1883.513671875,0.4598422050476074,0.0,0.2972845137119293
smol,pixelprose,final_quarter,False,2,0.2857142857142857,7,7,7,11,4.0,4096,0.0003,False,1.1,1024,512,1200,0.1268390566110611,0.12515887603331066,0.1285362999395147,0.123046875,0.125244140625,0.001220703125,0.00341796875,0.012768657878041267,0.11407039314508438,0.9040279767927883,423.50829002423177,0.24340933561325073,0.4261968731880188,0.9946497130197579,0.9900395842312276,0.9979645169317505,448.275390625,0.10944223403930664,0.87109375,0.23022623360157013
smol,pixelprose,final_quarter,False,2,0.2857142857142857,7,7,7,11,4.0,4096,0.0003,False,1.25,1024,512,1200,0.1268390566110611,0.12515887603331066,0.1285362999395147,0.12255859375,0.125,0.001220703125,0.003662109375,0.012768657878041267,0.11407039314508438,0.9040279767927883,423.50829002423177,0.24340933561325073,0.4261968731880188,0.9946497130197579,0.9900395842312276,0.9979645169317505,448.275390625,0.10944223403930664,0.87109375,0.23022623360157013
smol,pixelprose,final_quarter,False,2,0.2857142857142857,7,7,7,11,4.0,4096,0.0003,False,1.5,1024,512,1200,0.1268390566110611,0.12515887603331066,0.1285362999395147,0.12158203125,0.124755859375,0.0009765625,0.004150390625,0.012768657878041267,0.11407039314508438,0.9040279767927883,423.50829002423177,0.24340933561325073,0.4261968731880188,0.9946497130197579,0.9900395842312276,0.9979645169317505,448.275390625,0.10944223403930664,0.87109375,0.23022623360157013
smol,pixelprose,final_quarter,False,2,0.2857142857142857,7,7,7,11,4.0,4096,0.0003,True,1.1,1024,512,1200,0.4878586232662201,0.4831262135354336,0.4925673517063842,1.0,1.0,0.0,0.0,0.0623481422662735,0.4255104959011078,0.08966109012051228,3883.2145975717917,0.34319546818733215,0.32997825741767883,0.9935840913013387,0.8566828823419785,0.9866973147465088,1882.78125,0.45966339111328125,0.0,0.29883360862731934
smol,pixelprose,final_quarter,False,2,0.2857142857142857,7,7,7,11,4.0,4096,0.0003,True,1.25,1024,512,1200,0.4878586232662201,0.4831262135354336,0.4925673517063842,1.0,1.0,0.0,0.0,0.0623481422662735,0.4255104959011078,0.08966109012051228,3883.2145975717917,0.34319546818733215,0.32997825741767883,0.9935840913013387,0.8566828823419785,0.9866973147465088,1882.78125,0.45966339111328125,0.0,0.29883360862731934
smol,pixelprose,final_quarter,False,2,0.2857142857142857,7,7,7,11,4.0,4096,0.0003,True,1.5,1024,512,1200,0.4878586232662201,0.4831262135354336,0.4925673517063842,1.0,1.0,0.0,0.0,0.0623481422662735,0.4255104959011078,0.08966109012051228,3883.2145975717917,0.34319546818733215,0.32997825741767883,0.9935840913013387,0.8566828823419785,0.9866973147465088,1882.78125,0.45966339111328125,0.0,0.29883360862731934
smol,pixelprose,final_quarter,False,2,0.2857142857142857,7,7,7,11,4.0,4096,0.001,False,1.1,1024,512,1200,0.12603327631950378,0.12438161652280541,0.1277153090624779,0.122802734375,0.125,0.001220703125,0.00341796875,0.012686317786574364,0.11334694921970367,0.9043315811783003,421.5066088979559,0.23679468035697937,0.41901716589927673,0.994761266829659,0.9901564158843381,0.997953016418876,447.138671875,0.10916471481323242,0.871337890625,0.22407035529613495
smol,pixelprose,final_quarter,False,2,0.2857142857142857,7,7,7,11,4.0,4096,0.001,False,1.25,1024,512,1200,0.12603327631950378,0.12438161652280541,0.1277153090624779,0.122314453125,0.124755859375,0.001220703125,0.003662109375,0.012686317786574364,0.11334694921970367,0.9043315811783003,421.5066088979559,0.23679468035697937,0.41901716589927673,0.994761266829659,0.9901564158843381,0.997953016418876,447.138671875,0.10916471481323242,0.871337890625,0.22407035529613495
smol,pixelprose,final_quarter,False,2,0.2857142857142857,7,7,7,11,4.0,4096,0.001,False,1.5,1024,512,1200,0.12603327631950378,0.12438161652280541,0.1277153090624779,0.121826171875,0.124755859375,0.0009765625,0.00390625,0.012686317786574364,0.11334694921970367,0.9043315811783003,421.5066088979559,0.23679468035697937,0.41901716589927673,0.994761266829659,0.9901564158843381,0.997953016418876,447.138671875,0.10916471481323242,0.871337890625,0.22407035529613495
smol,pixelprose,final_quarter,False,2,0.2857142857142857,7,7,7,11,4.0,4096,0.001,True,1.1,1024,512,1200,0.4850252866744995,0.4802917967943358,0.48961740582890345,1.0,1.0,0.0,0.0,0.06216653436422348,0.42285874485969543,0.08558602964242056,3911.20813748543,0.34902223944664,0.32292425632476807,0.996241722861006,0.8586085140335104,0.991119921771329,1883.513671875,0.4598422050476074,0.0,0.2972845137119293
smol,pixelprose,final_quarter,False,2,0.2857142857142857,7,7,7,11,4.0,4096,0.001,True,1.25,1024,512,1200,0.4850252866744995,0.4802917967943358,0.48961740582890345,1.0,1.0,0.0,0.0,0.06216653436422348,0.42285874485969543,0.08558602964242056,3911.20813748543,0.34902223944664,0.32292425632476807,0.996241722861006,0.8586085140335104,0.991119921771329,1883.513671875,0.4598422050476074,0.0,0.2972845137119293
smol,pixelprose,final_quarter,False,2,0.2857142857142857,7,7,7,11,4.0,4096,0.001,True,1.5,1024,512,1200,0.4850252866744995,0.4802917967943358,0.48961740582890345,1.0,1.0,0.0,0.0,0.06216653436422348,0.42285874485969543,0.08558602964242056,3911.20813748543,0.34902223944664,0.32292425632476807,0.996241722861006,0.8586085140335104,0.991119921771329,1883.513671875,0.4598422050476074,0.0,0.2972845137119293
smol,pixelprose,final_quarter,False,2,0.2857142857142857,7,7,7,23,2.0,4096,0.0003,False,1.1,1024,512,1200,0.1268250048160553,0.124993226220613,0.12871254057572515,0.125732421875,0.127685546875,0.000732421875,0.002685546875,0.01300281286239624,0.11382219195365906,0.9024205154227811,422.9268187287495,0.24317333102226257,0.422641396522522,0.9945430702644803,0.9900098320168095,0.9978233426021241,466.5390625,0.11390113830566406,0.870361328125,0.23008982837200165
smol,pixelprose,final_quarter,False,2,0.2857142857142857,7,7,7,23,2.0,4096,0.0003,False,1.25,1024,512,1200,0.1268250048160553,0.124993226220613,0.12871254057572515,0.124755859375,0.12744140625,0.00048828125,0.003173828125,0.01300281286239624,0.11382219195365906,0.9024205154227811,422.9268187287495,0.24317333102226257,0.422641396522522,0.9945430702644803,0.9900098320168095,0.9978233426021241,466.5390625,0.11390113830566406,0.870361328125,0.23008982837200165
smol,pixelprose,final_quarter,False,2,0.2857142857142857,7,7,7,23,2.0,4096,0.0003,False,1.5,1024,512,1200,0.1268250048160553,0.124993226220613,0.12871254057572515,0.123779296875,0.126953125,0.00048828125,0.003662109375,0.01300281286239624,0.11382219195365906,0.9024205154227811,422.9268187287495,0.24317333102226257,0.422641396522522,0.9945430702644803,0.9900098320168095,0.9978233426021241,466.5390625,0.11390113830566406,0.870361328125,0.23008982837200165
smol,pixelprose,final_quarter,False,2,0.2857142857142857,7,7,7,23,2.0,4096,0.0003,True,1.1,1024,512,1200,0.4913901686668396,0.4865261468745302,0.49579667582002,1.0,1.0,0.0,0.0,0.06280166655778885,0.42858850955963135,0.08772777852498868,3880.8404129737446,0.3493424952030182,0.32428455352783203,0.9970516281425043,0.8580866317693715,0.9910099424461645,1894.224609375,0.46245718002319336,0.0,0.30227145552635193
smol,pixelprose,final_quarter,False,2,0.2857142857142857,7,7,7,23,2.0,4096,0.0003,True,1.25,1024,512,1200,0.4913901686668396,0.4865261468745302,0.49579667582002,1.0,1.0,0.0,0.0,0.06280166655778885,0.42858850955963135,0.08772777852498868,3880.8404129737446,0.3493424952030182,0.32428455352783203,0.9970516281425043,0.8580866317693715,0.9910099424461645,1894.224609375,0.46245718002319336,0.0,0.30227145552635193
smol,pixelprose,final_quarter,False,2,0.2857142857142857,7,7,7,23,2.0,4096,0.0003,True,1.5,1024,512,1200,0.4913901686668396,0.4865261468745302,0.49579667582002,1.0,1.0,0.0,0.0,0.06280166655778885,0.42858850955963135,0.08772777852498868,3880.8404129737446,0.3493424952030182,0.32428455352783203,0.9970516281425043,0.8580866317693715,0.9910099424461645,1894.224609375,0.46245718002319336,0.0,0.30227145552635193
smol,pixelprose,final_quarter,False,2,0.2857142857142857,7,7,7,23,2.0,4096,0.001,False,1.1,1024,512,1200,0.1264299750328064,0.12463480881997384,0.12825445671878696,0.12548828125,0.12744140625,0.000732421875,0.002685546875,0.012970399111509323,0.11345958709716797,0.901275071122208,426.56708049439015,0.24028615653514862,0.41272643208503723,0.9948770829472269,0.9902786512017834,0.9978764667336059,466.513671875,0.11389493942260742,0.870361328125,0.2279122918844223
smol,pixelprose,final_quarter,False,2,0.2857142857142857,7,7,7,23,2.0,4096,0.001,False,1.25,1024,512,1200,0.1264299750328064,0.12463480881997384,0.12825445671878696,0.12451171875,0.127197265625,0.00048828125,0.003173828125,0.012970399111509323,0.11345958709716797,0.901275071122208,426.56708049439015,0.24028615653514862,0.41272643208503723,0.9948770829472269,0.9902786512017834,0.9978764667336059,466.513671875,0.11389493942260742,0.870361328125,0.2279122918844223
smol,pixelprose,final_quarter,False,2,0.2857142857142857,7,7,7,23,2.0,4096,0.001,False,1.5,1024,512,1200,0.1264299750328064,0.12463480881997384,0.12825445671878696,0.12353515625,0.126708984375,0.00048828125,0.003662109375,0.012970399111509323,0.11345958709716797,0.901275071122208,426.56708049439015,0.24028615653514862,0.41272643208503723,0.9948770829472269,0.9902786512017834,0.9978764667336059,466.513671875,0.11389493942260742,0.870361328125,0.2279122918844223
smol,pixelprose,final_quarter,False,2,0.2857142857142857,7,7,7,23,2.0,4096,0.001,True,1.1,1024,512,1200,0.48145896196365356,0.47679173501528566,0.4857030933155329,1.0,1.0,0.0,0.0,0.06190316379070282,0.41955581307411194,0.08599311033298264,3912.0665939093165,0.3452204763889313,0.3224843740463257,0.9946797659182758,0.8568638904049763,0.9937221203914861,1884.619140625,0.4601120948791504,0.0,0.29513686895370483
smol,pixelprose,final_quarter,False,2,0.2857142857142857,7,7,7,23,2.0,4096,0.001,True,1.25,1024,512,1200,0.48145896196365356,0.47679173501528566,0.4857030933155329,1.0,1.0,0.0,0.0,0.06190316379070282,0.41955581307411194,0.08599311033298264,3912.0665939093165,0.3452204763889313,0.3224843740463257,0.9946797659182758,0.8568638904049763,0.9937221203914861,1884.619140625,0.4601120948791504,0.0,0.29513686895370483
smol,pixelprose,final_quarter,False,2,0.2857142857142857,7,7,7,23,2.0,4096,0.001,True,1.5,1024,512,1200,0.48145896196365356,0.47679173501528566,0.4857030933155329,1.0,1.0,0.0,0.0,0.06190316379070282,0.41955581307411194,0.08599311033298264,3912.0665939093165,0.3452204763889313,0.3224843740463257,0.9946797659182758,0.8568638904049763,0.9937221203914861,1884.619140625,0.4601120948791504,0.0,0.29513686895370483
smol,pixelprose,final_quarter,False,2,0.2857142857142857,7,7,7,23,4.0,4096,0.0003,False,1.1,1024,512,1200,0.1268250048160553,0.124993226220613,0.12871254057572515,0.125732421875,0.127685546875,0.000732421875,0.002685546875,0.01300281286239624,0.11382219195365906,0.9024205154227811,422.9268187287495,0.24317333102226257,0.422641396522522,0.9945430702644803,0.9900098320168095,0.9978233426021241,466.5390625,0.11390113830566406,0.870361328125,0.23008982837200165
smol,pixelprose,final_quarter,False,2,0.2857142857142857,7,7,7,23,4.0,4096,0.0003,False,1.25,1024,512,1200,0.1268250048160553,0.124993226220613,0.12871254057572515,0.124755859375,0.12744140625,0.00048828125,0.003173828125,0.01300281286239624,0.11382219195365906,0.9024205154227811,422.9268187287495,0.24317333102226257,0.422641396522522,0.9945430702644803,0.9900098320168095,0.9978233426021241,466.5390625,0.11390113830566406,0.870361328125,0.23008982837200165
smol,pixelprose,final_quarter,False,2,0.2857142857142857,7,7,7,23,4.0,4096,0.0003,False,1.5,1024,512,1200,0.1268250048160553,0.124993226220613,0.12871254057572515,0.123779296875,0.126953125,0.00048828125,0.003662109375,0.01300281286239624,0.11382219195365906,0.9024205154227811,422.9268187287495,0.24317333102226257,0.422641396522522,0.9945430702644803,0.9900098320168095,0.9978233426021241,466.5390625,0.11390113830566406,0.870361328125,0.23008982837200165
smol,pixelprose,final_quarter,False,2,0.2857142857142857,7,7,7,23,4.0,4096,0.0003,True,1.1,1024,512,1200,0.4913901686668396,0.4865261468745302,0.49579667582002,1.0,1.0,0.0,0.0,0.06280166655778885,0.42858850955963135,0.08772777852498868,3880.8404129737446,0.3493424952030182,0.32428455352783203,0.9970516281425043,0.8580866317693715,0.9910099424461645,1894.224609375,0.46245718002319336,0.0,0.30227145552635193
smol,pixelprose,final_quarter,False,2,0.2857142857142857,7,7,7,23,4.0,4096,0.0003,True,1.25,1024,512,1200,0.4913901686668396,0.4865261468745302,0.49579667582002,1.0,1.0,0.0,0.0,0.06280166655778885,0.42858850955963135,0.08772777852498868,3880.8404129737446,0.3493424952030182,0.32428455352783203,0.9970516281425043,0.8580866317693715,0.9910099424461645,1894.224609375,0.46245718002319336,0.0,0.30227145552635193
smol,pixelprose,final_quarter,False,2,0.2857142857142857,7,7,7,23,4.0,4096,0.0003,True,1.5,1024,512,1200,0.4913901686668396,0.4865261468745302,0.49579667582002,1.0,1.0,0.0,0.0,0.06280166655778885,0.42858850955963135,0.08772777852498868,3880.8404129737446,0.3493424952030182,0.32428455352783203,0.9970516281425043,0.8580866317693715,0.9910099424461645,1894.224609375,0.46245718002319336,0.0,0.30227145552635193
smol,pixelprose,final_quarter,False,2,0.2857142857142857,7,7,7,23,4.0,4096,0.001,False,1.1,1024,512,1200,0.1264299750328064,0.12463480881997384,0.12825445671878696,0.12548828125,0.12744140625,0.000732421875,0.002685546875,0.012970399111509323,0.11345958709716797,0.901275071122208,426.56708049439015,0.24028615653514862,0.41272643208503723,0.9948770829472269,0.9902786512017834,0.9978764667336059,466.513671875,0.11389493942260742,0.870361328125,0.2279122918844223
smol,pixelprose,final_quarter,False,2,0.2857142857142857,7,7,7,23,4.0,4096,0.001,False,1.25,1024,512,1200,0.1264299750328064,0.12463480881997384,0.12825445671878696,0.12451171875,0.127197265625,0.00048828125,0.003173828125,0.012970399111509323,0.11345958709716797,0.901275071122208,426.56708049439015,0.24028615653514862,0.41272643208503723,0.9948770829472269,0.9902786512017834,0.9978764667336059,466.513671875,0.11389493942260742,0.870361328125,0.2279122918844223
smol,pixelprose,final_quarter,False,2,0.2857142857142857,7,7,7,23,4.0,4096,0.001,False,1.5,1024,512,1200,0.1264299750328064,0.12463480881997384,0.12825445671878696,0.12353515625,0.126708984375,0.00048828125,0.003662109375,0.012970399111509323,0.11345958709716797,0.901275071122208,426.56708049439015,0.24028615653514862,0.41272643208503723,0.9948770829472269,0.9902786512017834,0.9978764667336059,466.513671875,0.11389493942260742,0.870361328125,0.2279122918844223
smol,pixelprose,final_quarter,False,2,0.2857142857142857,7,7,7,23,4.0,4096,0.001,True,1.1,1024,512,1200,0.48145896196365356,0.47679173501528566,0.4857030933155329,1.0,1.0,0.0,0.0,0.06190316379070282,0.41955581307411194,0.08599311033298264,3912.0665939093165,0.3452204763889313,0.3224843740463257,0.9946797659182758,0.8568638904049763,0.9937221203914861,1884.619140625,0.4601120948791504,0.0,0.29513686895370483
smol,pixelprose,final_quarter,False,2,0.2857142857142857,7,7,7,23,4.0,4096,0.001,True,1.25,1024,512,1200,0.48145896196365356,0.47679173501528566,0.4857030933155329,1.0,1.0,0.0,0.0,0.06190316379070282,0.41955581307411194,0.08599311033298264,3912.0665939093165,0.3452204763889313,0.3224843740463257,0.9946797659182758,0.8568638904049763,0.9937221203914861,1884.619140625,0.4601120948791504,0.0,0.29513686895370483
smol,pixelprose,final_quarter,False,2,0.2857142857142857,7,7,7,23,4.0,4096,0.001,True,1.5,1024,512,1200,0.48145896196365356,0.47679173501528566,0.4857030933155329,1.0,1.0,0.0,0.0,0.06190316379070282,0.41955581307411194,0.08599311033298264,3912.0665939093165,0.3452204763889313,0.3224843740463257,0.9946797659182758,0.8568638904049763,0.9937221203914861,1884.619140625,0.4601120948791504,0.0,0.29513686895370483
smol,pixelprose,final_quarter,False,2,0.2857142857142857,7,7,7,37,2.0,4096,0.0003,False,1.1,1024,512,1200,0.12752504646778107,0.1258245490014815,0.12941265481094888,0.121826171875,0.12353515625,0.00244140625,0.004150390625,0.012964937835931778,0.1145600974559784,0.905731601483477,408.942888551742,0.246072456240654,0.4304742217063904,0.9946525810873406,0.9901291505504991,0.9979837659170311,448.306640625,0.10944986343383789,0.873291015625,0.23393605649471283
smol,pixelprose,final_quarter,False,2,0.2857142857142857,7,7,7,37,2.0,4096,0.0003,False,1.25,1024,512,1200,0.12752504646778107,0.1258245490014815,0.12941265481094888,0.120849609375,0.123046875,0.00244140625,0.004638671875,0.012964937835931778,0.1145600974559784,0.905731601483477,408.942888551742,0.246072456240654,0.4304742217063904,0.9946525810873406,0.9901291505504991,0.9979837659170311,448.306640625,0.10944986343383789,0.873291015625,0.23393605649471283
smol,pixelprose,final_quarter,False,2,0.2857142857142857,7,7,7,37,2.0,4096,0.0003,False,1.5,1024,512,1200,0.12752504646778107,0.1258245490014815,0.12941265481094888,0.118408203125,0.1220703125,0.002197265625,0.005859375,0.012964937835931778,0.1145600974559784,0.905731601483477,408.942888551742,0.246072456240654,0.4304742217063904,0.9946525810873406,0.9901291505504991,0.9979837659170311,448.306640625,0.10944986343383789,0.873291015625,0.23393605649471283
smol,pixelprose,final_quarter,False,2,0.2857142857142857,7,7,7,37,2.0,4096,0.0003,True,1.1,1024,512,1200,0.48260611295700073,0.47788128258107465,0.4874820338591235,1.0,1.0,0.0,0.0,0.0623316764831543,0.42027443647384644,0.08917606846758398,3914.2908996787432,0.35801059007644653,0.32339730858802795,0.9964051518061449,0.8582510324069591,0.995642781820961,1875.056640625,0.4577775001525879,0.0,0.29479512572288513
smol,pixelprose,final_quarter,False,2,0.2857142857142857,7,7,7,37,2.0,4096,0.0003,True,1.25,1024,512,1200,0.48260611295700073,0.47788128258107465,0.4874820338591235,1.0,1.0,0.0,0.0,0.0623316764831543,0.42027443647384644,0.08917606846758398,3914.2908996787432,0.35801059007644653,0.32339730858802795,0.9964051518061449,0.8582510324069591,0.995642781820961,1875.056640625,0.4577775001525879,0.0,0.29479512572288513
smol,pixelprose,final_quarter,False,2,0.2857142857142857,7,7,7,37,2.0,4096,0.0003,True,1.5,1024,512,1200,0.48260611295700073,0.47788128258107465,0.4874820338591235,1.0,1.0,0.0,0.0,0.0623316764831543,0.42027443647384644,0.08917606846758398,3914.2908996787432,0.35801059007644653,0.32339730858802795,0.9964051518061449,0.8582510324069591,0.995642781820961,1875.056640625,0.4577775001525879,0.0,0.29479512572288513
smol,pixelprose,final_quarter,False,2,0.2857142857142857,7,7,7,37,2.0,4096,0.001,False,1.1,1024,512,1200,0.1268804371356964,0.125188428205729,0.1286571259093762,0.122314453125,0.1240234375,0.00244140625,0.004150390625,0.012926600873470306,0.1139538437128067,0.9033576652289269,420.02355447753257,0.23892372846603394,0.42428383231163025,0.9947989021849252,0.9902519731594026,0.9979698506455837,449.73046875,0.10979747772216797,0.872802734375,0.22730129957199097
smol,pixelprose,final_quarter,False,2,0.2857142857142857,7,7,7,37,2.0,4096,0.001,False,1.25,1024,512,1200,0.1268804371356964,0.125188428205729,0.1286571259093762,0.121337890625,0.12353515625,0.00244140625,0.004638671875,0.012926600873470306,0.1139538437128067,0.9033576652289269,420.02355447753257,0.23892372846603394,0.42428383231163025,0.9947989021849252,0.9902519731594026,0.9979698506455837,449.73046875,0.10979747772216797,0.872802734375,0.22730129957199097
smol,pixelprose,final_quarter,False,2,0.2857142857142857,7,7,7,37,2.0,4096,0.001,False,1.5,1024,512,1200,0.1268804371356964,0.125188428205729,0.1286571259093762,0.118896484375,0.12255859375,0.002197265625,0.005859375,0.012926600873470306,0.1139538437128067,0.9033576652289269,420.02355447753257,0.23892372846603394,0.42428383231163025,0.9947989021849252,0.9902519731594026,0.9979698506455837,449.73046875,0.10979747772216797,0.872802734375,0.22730129957199097
smol,pixelprose,final_quarter,False,2,0.2857142857142857,7,7,7,37,2.0,4096,0.001,True,1.1,1024,512,1200,0.4816484749317169,0.476891462529602,0.4866996246826602,1.0,1.0,0.0,0.0,0.06263074278831482,0.4190177321434021,0.08857441483972286,3916.382348248045,0.36664244532585144,0.3146021366119385,0.9936443524040929,0.8557030013295336,0.9973179821074024,1877.345703125,0.45833635330200195,0.0,0.2940181791782379
smol,pixelprose,final_quarter,False,2,0.2857142857142857,7,7,7,37,2.0,4096,0.001,True,1.25,1024,512,1200,0.4816484749317169,0.476891462529602,0.4866996246826602,1.0,1.0,0.0,0.0,0.06263074278831482,0.4190177321434021,0.08857441483972286,3916.382348248045,0.36664244532585144,0.3146021366119385,0.9936443524040929,0.8557030013295336,0.9973179821074024,1877.345703125,0.45833635330200195,0.0,0.2940181791782379
smol,pixelprose,final_quarter,False,2,0.2857142857142857,7,7,7,37,2.0,4096,0.001,True,1.5,1024,512,1200,0.4816484749317169,0.476891462529602,0.4866996246826602,1.0,1.0,0.0,0.0,0.06263074278831482,0.4190177321434021,0.08857441483972286,3916.382348248045,0.36664244532585144,0.3146021366119385,0.9936443524040929,0.8557030013295336,0.9973179821074024,1877.345703125,0.45833635330200195,0.0,0.2940181791782379
smol,pixelprose,final_quarter,False,2,0.2857142857142857,7,7,7,37,4.0,4096,0.0003,False,1.1,1024,512,1200,0.12752504646778107,0.1258245490014815,0.12941265481094888,0.121826171875,0.12353515625,0.00244140625,0.004150390625,0.012964937835931778,0.1145600974559784,0.905731601483477,408.942888551742,0.246072456240654,0.4304742217063904,0.9946525810873406,0.9901291505504991,0.9979837659170311,448.306640625,0.10944986343383789,0.873291015625,0.23393605649471283
smol,pixelprose,final_quarter,False,2,0.2857142857142857,7,7,7,37,4.0,4096,0.0003,False,1.25,1024,512,1200,0.12752504646778107,0.1258245490014815,0.12941265481094888,0.120849609375,0.123046875,0.00244140625,0.004638671875,0.012964937835931778,0.1145600974559784,0.905731601483477,408.942888551742,0.246072456240654,0.4304742217063904,0.9946525810873406,0.9901291505504991,0.9979837659170311,448.306640625,0.10944986343383789,0.873291015625,0.23393605649471283
smol,pixelprose,final_quarter,False,2,0.2857142857142857,7,7,7,37,4.0,4096,0.0003,False,1.5,1024,512,1200,0.12752504646778107,0.1258245490014815,0.12941265481094888,0.118408203125,0.1220703125,0.002197265625,0.005859375,0.012964937835931778,0.1145600974559784,0.905731601483477,408.942888551742,0.246072456240654,0.4304742217063904,0.9946525810873406,0.9901291505504991,0.9979837659170311,448.306640625,0.10944986343383789,0.873291015625,0.23393605649471283
smol,pixelprose,final_quarter,False,2,0.2857142857142857,7,7,7,37,4.0,4096,0.0003,True,1.1,1024,512,1200,0.48260611295700073,0.47788128258107465,0.4874820338591235,1.0,1.0,0.0,0.0,0.0623316764831543,0.42027443647384644,0.08917606846758398,3914.2908996787432,0.35801059007644653,0.32339730858802795,0.9964051518061449,0.8582510324069591,0.995642781820961,1875.056640625,0.4577775001525879,0.0,0.29479512572288513
smol,pixelprose,final_quarter,False,2,0.2857142857142857,7,7,7,37,4.0,4096,0.0003,True,1.25,1024,512,1200,0.48260611295700073,0.47788128258107465,0.4874820338591235,1.0,1.0,0.0,0.0,0.0623316764831543,0.42027443647384644,0.08917606846758398,3914.2908996787432,0.35801059007644653,0.32339730858802795,0.9964051518061449,0.8582510324069591,0.995642781820961,1875.056640625,0.4577775001525879,0.0,0.29479512572288513
smol,pixelprose,final_quarter,False,2,0.2857142857142857,7,7,7,37,4.0,4096,0.0003,True,1.5,1024,512,1200,0.48260611295700073,0.47788128258107465,0.4874820338591235,1.0,1.0,0.0,0.0,0.0623316764831543,0.42027443647384644,0.08917606846758398,3914.2908996787432,0.35801059007644653,0.32339730858802795,0.9964051518061449,0.8582510324069591,0.995642781820961,1875.056640625,0.4577775001525879,0.0,0.29479512572288513
smol,pixelprose,final_quarter,False,2,0.2857142857142857,7,7,7,37,4.0,4096,0.001,False,1.1,1024,512,1200,0.1268804371356964,0.125188428205729,0.1286571259093762,0.122314453125,0.1240234375,0.00244140625,0.004150390625,0.012926600873470306,0.1139538437128067,0.9033576652289269,420.02355447753257,0.23892372846603394,0.42428383231163025,0.9947989021849252,0.9902519731594026,0.9979698506455837,449.73046875,0.10979747772216797,0.872802734375,0.22730129957199097
smol,pixelprose,final_quarter,False,2,0.2857142857142857,7,7,7,37,4.0,4096,0.001,False,1.25,1024,512,1200,0.1268804371356964,0.125188428205729,0.1286571259093762,0.121337890625,0.12353515625,0.00244140625,0.004638671875,0.012926600873470306,0.1139538437128067,0.9033576652289269,420.02355447753257,0.23892372846603394,0.42428383231163025,0.9947989021849252,0.9902519731594026,0.9979698506455837,449.73046875,0.10979747772216797,0.872802734375,0.22730129957199097
smol,pixelprose,final_quarter,False,2,0.2857142857142857,7,7,7,37,4.0,4096,0.001,False,1.5,1024,512,1200,0.1268804371356964,0.125188428205729,0.1286571259093762,0.118896484375,0.12255859375,0.002197265625,0.005859375,0.012926600873470306,0.1139538437128067,0.9033576652289269,420.02355447753257,0.23892372846603394,0.42428383231163025,0.9947989021849252,0.9902519731594026,0.9979698506455837,449.73046875,0.10979747772216797,0.872802734375,0.22730129957199097
smol,pixelprose,final_quarter,False,2,0.2857142857142857,7,7,7,37,4.0,4096,0.001,True,1.1,1024,512,1200,0.4816484749317169,0.476891462529602,0.4866996246826602,1.0,1.0,0.0,0.0,0.06263074278831482,0.4190177321434021,0.08857441483972286,3916.382348248045,0.36664244532585144,0.3146021366119385,0.9936443524040929,0.8557030013295336,0.9973179821074024,1877.345703125,0.45833635330200195,0.0,0.2940181791782379
smol,pixelprose,final_quarter,False,2,0.2857142857142857,7,7,7,37,4.0,4096,0.001,True,1.25,1024,512,1200,0.4816484749317169,0.476891462529602,0.4866996246826602,1.0,1.0,0.0,0.0,0.06263074278831482,0.4190177321434021,0.08857441483972286,3916.382348248045,0.36664244532585144,0.3146021366119385,0.9936443524040929,0.8557030013295336,0.9973179821074024,1877.345703125,0.45833635330200195,0.0,0.2940181791782379
smol,pixelprose,final_quarter,False,2,0.2857142857142857,7,7,7,37,4.0,4096,0.001,True,1.5,1024,512,1200,0.4816484749317169,0.476891462529602,0.4866996246826602,1.0,1.0,0.0,0.0,0.06263074278831482,0.4190177321434021,0.08857441483972286,3916.382348248045,0.36664244532585144,0.3146021366119385,0.9936443524040929,0.8557030013295336,0.9973179821074024,1877.345703125,0.45833635330200195,0.0,0.2940181791782379
smol,pixelprose,final_quarter,False,3,0.42857142857142855,10,10,10,11,2.0,4096,0.0003,False,1.1,1024,512,1200,0.14879482984542847,0.14689193991798674,0.15060118404326203,0.14208984375,0.143310546875,0.002197265625,0.00341796875,0.02038039080798626,0.12841445207595825,0.8907643557732292,478.74737972566606,0.2517879903316498,0.5335418581962585,0.9946792134896438,0.9884016831364061,0.9975742088679607,503.66015625,0.12296390533447266,0.8525390625,0.24272018671035767
smol,pixelprose,final_quarter,False,3,0.42857142857142855,10,10,10,11,2.0,4096,0.0003,False,1.25,1024,512,1200,0.14879482984542847,0.14689193991798674,0.15060118404326203,0.1416015625,0.143310546875,0.001953125,0.003662109375,0.02038039080798626,0.12841445207595825,0.8907643557732292,478.74737972566606,0.2517879903316498,0.5335418581962585,0.9946792134896438,0.9884016831364061,0.9975742088679607,503.66015625,0.12296390533447266,0.8525390625,0.24272018671035767
smol,pixelprose,final_quarter,False,3,0.42857142857142855,10,10,10,11,2.0,4096,0.0003,False,1.5,1024,512,1200,0.14879482984542847,0.14689193991798674,0.15060118404326203,0.140625,0.142822265625,0.001953125,0.004150390625,0.02038039080798626,0.12841445207595825,0.8907643557732292,478.74737972566606,0.2517879903316498,0.5335418581962585,0.9946792134896438,0.9884016831364061,0.9975742088679607,503.66015625,0.12296390533447266,0.8525390625,0.24272018671035767
smol,pixelprose,final_quarter,False,3,0.42857142857142855,10,10,10,11,2.0,4096,0.0003,True,1.1,1024,512,1200,0.4951218068599701,0.48949099824676523,0.5008749868473388,1.0,1.0,0.0,0.0,0.08866169303655624,0.40646013617515564,0.11647260333198718,3790.7030858082007,0.5006582736968994,0.3232190012931824,0.9999739603173278,0.8390945190586265,0.9937664999010027,1791.185546875,0.4373011589050293,0.0,0.28690966963768005
smol,pixelprose,final_quarter,False,3,0.42857142857142855,10,10,10,11,2.0,4096,0.0003,True,1.25,1024,512,1200,0.4951218068599701,0.48949099824676523,0.5008749868473388,1.0,1.0,0.0,0.0,0.08866169303655624,0.40646013617515564,0.11647260333198718,3790.7030858082007,0.5006582736968994,0.3232190012931824,0.9999739603173278,0.8390945190586265,0.9937664999010027,1791.185546875,0.4373011589050293,0.0,0.28690966963768005
smol,pixelprose,final_quarter,False,3,0.42857142857142855,10,10,10,11,2.0,4096,0.0003,True,1.5,1024,512,1200,0.4951218068599701,0.48949099824676523,0.5008749868473388,1.0,1.0,0.0,0.0,0.08866169303655624,0.40646013617515564,0.11647260333198718,3790.7030858082007,0.5006582736968994,0.3232190012931824,0.9999739603173278,0.8390945190586265,0.9937664999010027,1791.185546875,0.4373011589050293,0.0,0.28690966963768005
smol,pixelprose,final_quarter,False,3,0.42857142857142855,10,10,10,11,2.0,4096,0.001,False,1.1,1024,512,1200,0.14835920929908752,0.14646621160936774,0.15015289906805265,0.141845703125,0.14306640625,0.002197265625,0.00341796875,0.020282398909330368,0.12807680666446686,0.8928832971528813,469.1543275385678,0.24780809879302979,0.5279046297073364,0.9945715951237597,0.9883308940036591,0.9976056444133099,500.400390625,0.12216806411743164,0.852783203125,0.23899848759174347
smol,pixelprose,final_quarter,False,3,0.42857142857142855,10,10,10,11,2.0,4096,0.001,False,1.25,1024,512,1200,0.14835920929908752,0.14646621160936774,0.15015289906805265,0.141357421875,0.14306640625,0.001953125,0.003662109375,0.020282398909330368,0.12807680666446686,0.8928832971528813,469.1543275385678,0.24780809879302979,0.5279046297073364,0.9945715951237597,0.9883308940036591,0.9976056444133099,500.400390625,0.12216806411743164,0.852783203125,0.23899848759174347
smol,pixelprose,final_quarter,False,3,0.42857142857142855,10,10,10,11,2.0,4096,0.001,False,1.5,1024,512,1200,0.14835920929908752,0.14646621160936774,0.15015289906805265,0.140380859375,0.142578125,0.001953125,0.004150390625,0.020282398909330368,0.12807680666446686,0.8928832971528813,469.1543275385678,0.24780809879302979,0.5279046297073364,0.9945715951237597,0.9883308940036591,0.9976056444133099,500.400390625,0.12216806411743164,0.852783203125,0.23899848759174347
smol,pixelprose,final_quarter,False,3,0.42857142857142855,10,10,10,11,2.0,4096,0.001,True,1.1,1024,512,1200,0.48205238580703735,0.47774763849156443,0.4866389057395281,1.0,1.0,0.0,0.0,0.08167536556720734,0.4003770351409912,0.0909273225701483,3877.195659673826,0.4077988862991333,0.3189064860343933,0.9996555704047246,0.8441123848615208,0.9944660516143587,1837.96875,0.44872283935546875,0.0,0.28361013531684875
smol,pixelprose,final_quarter,False,3,0.42857142857142855,10,10,10,11,2.0,4096,0.001,True,1.25,1024,512,1200,0.48205238580703735,0.47774763849156443,0.4866389057395281,1.0,1.0,0.0,0.0,0.08167536556720734,0.4003770351409912,0.0909273225701483,3877.195659673826,0.4077988862991333,0.3189064860343933,0.9996555704047246,0.8441123848615208,0.9944660516143587,1837.96875,0.44872283935546875,0.0,0.28361013531684875
smol,pixelprose,final_quarter,False,3,0.42857142857142855,10,10,10,11,2.0,4096,0.001,True,1.5,1024,512,1200,0.48205238580703735,0.47774763849156443,0.4866389057395281,1.0,1.0,0.0,0.0,0.08167536556720734,0.4003770351409912,0.0909273225701483,3877.195659673826,0.4077988862991333,0.3189064860343933,0.9996555704047246,0.8441123848615208,0.9944660516143587,1837.96875,0.44872283935546875,0.0,0.28361013531684875
smol,pixelprose,final_quarter,False,3,0.42857142857142855,10,10,10,11,4.0,4096,0.0003,False,1.1,1024,512,1200,0.14879482984542847,0.14689193991798674,0.15060118404326203,0.14208984375,0.143310546875,0.002197265625,0.00341796875,0.02038039080798626,0.12841445207595825,0.8907643557732292,478.74737972566606,0.2517879903316498,0.5335418581962585,0.9946792134896438,0.9884016831364061,0.9975742088679607,503.66015625,0.12296390533447266,0.8525390625,0.24272018671035767
smol,pixelprose,final_quarter,False,3,0.42857142857142855,10,10,10,11,4.0,4096,0.0003,False,1.25,1024,512,1200,0.14879482984542847,0.14689193991798674,0.15060118404326203,0.1416015625,0.143310546875,0.001953125,0.003662109375,0.02038039080798626,0.12841445207595825,0.8907643557732292,478.74737972566606,0.2517879903316498,0.5335418581962585,0.9946792134896438,0.9884016831364061,0.9975742088679607,503.66015625,0.12296390533447266,0.8525390625,0.24272018671035767
smol,pixelprose,final_quarter,False,3,0.42857142857142855,10,10,10,11,4.0,4096,0.0003,False,1.5,1024,512,1200,0.14879482984542847,0.14689193991798674,0.15060118404326203,0.140625,0.142822265625,0.001953125,0.004150390625,0.02038039080798626,0.12841445207595825,0.8907643557732292,478.74737972566606,0.2517879903316498,0.5335418581962585,0.9946792134896438,0.9884016831364061,0.9975742088679607,503.66015625,0.12296390533447266,0.8525390625,0.24272018671035767
smol,pixelprose,final_quarter,False,3,0.42857142857142855,10,10,10,11,4.0,4096,0.0003,True,1.1,1024,512,1200,0.4951218068599701,0.48949099824676523,0.5008749868473388,1.0,1.0,0.0,0.0,0.08866169303655624,0.40646013617515564,0.11647260333198718,3790.7030858082007,0.5006582736968994,0.3232190012931824,0.9999739603173278,0.8390945190586265,0.9937664999010027,1791.185546875,0.4373011589050293,0.0,0.28690966963768005
smol,pixelprose,final_quarter,False,3,0.42857142857142855,10,10,10,11,4.0,4096,0.0003,True,1.25,1024,512,1200,0.4951218068599701,0.48949099824676523,0.5008749868473388,1.0,1.0,0.0,0.0,0.08866169303655624,0.40646013617515564,0.11647260333198718,3790.7030858082007,0.5006582736968994,0.3232190012931824,0.9999739603173278,0.8390945190586265,0.9937664999010027,1791.185546875,0.4373011589050293,0.0,0.28690966963768005
smol,pixelprose,final_quarter,False,3,0.42857142857142855,10,10,10,11,4.0,4096,0.0003,True,1.5,1024,512,1200,0.4951218068599701,0.48949099824676523,0.5008749868473388,1.0,1.0,0.0,0.0,0.08866169303655624,0.40646013617515564,0.11647260333198718,3790.7030858082007,0.5006582736968994,0.3232190012931824,0.9999739603173278,0.8390945190586265,0.9937664999010027,1791.185546875,0.4373011589050293,0.0,0.28690966963768005
smol,pixelprose,final_quarter,False,3,0.42857142857142855,10,10,10,11,4.0,4096,0.001,False,1.1,1024,512,1200,0.14835920929908752,0.14646621160936774,0.15015289906805265,0.141845703125,0.14306640625,0.002197265625,0.00341796875,0.020282398909330368,0.12807680666446686,0.8928832971528813,469.1543275385678,0.24780809879302979,0.5279046297073364,0.9945715951237597,0.9883308940036591,0.9976056444133099,500.400390625,0.12216806411743164,0.852783203125,0.23899848759174347
smol,pixelprose,final_quarter,False,3,0.42857142857142855,10,10,10,11,4.0,4096,0.001,False,1.25,1024,512,1200,0.14835920929908752,0.14646621160936774,0.15015289906805265,0.141357421875,0.14306640625,0.001953125,0.003662109375,0.020282398909330368,0.12807680666446686,0.8928832971528813,469.1543275385678,0.24780809879302979,0.5279046297073364,0.9945715951237597,0.9883308940036591,0.9976056444133099,500.400390625,0.12216806411743164,0.852783203125,0.23899848759174347
smol,pixelprose,final_quarter,False,3,0.42857142857142855,10,10,10,11,4.0,4096,0.001,False,1.5,1024,512,1200,0.14835920929908752,0.14646621160936774,0.15015289906805265,0.140380859375,0.142578125,0.001953125,0.004150390625,0.020282398909330368,0.12807680666446686,0.8928832971528813,469.1543275385678,0.24780809879302979,0.5279046297073364,0.9945715951237597,0.9883308940036591,0.9976056444133099,500.400390625,0.12216806411743164,0.852783203125,0.23899848759174347
smol,pixelprose,final_quarter,False,3,0.42857142857142855,10,10,10,11,4.0,4096,0.001,True,1.1,1024,512,1200,0.48205238580703735,0.47774763849156443,0.4866389057395281,1.0,1.0,0.0,0.0,0.08167536556720734,0.4003770351409912,0.0909273225701483,3877.195659673826,0.4077988862991333,0.3189064860343933,0.9996555704047246,0.8441123848615208,0.9944660516143587,1837.96875,0.44872283935546875,0.0,0.28361013531684875
smol,pixelprose,final_quarter,False,3,0.42857142857142855,10,10,10,11,4.0,4096,0.001,True,1.25,1024,512,1200,0.48205238580703735,0.47774763849156443,0.4866389057395281,1.0,1.0,0.0,0.0,0.08167536556720734,0.4003770351409912,0.0909273225701483,3877.195659673826,0.4077988862991333,0.3189064860343933,0.9996555704047246,0.8441123848615208,0.9944660516143587,1837.96875,0.44872283935546875,0.0,0.28361013531684875
smol,pixelprose,final_quarter,False,3,0.42857142857142855,10,10,10,11,4.0,4096,0.001,True,1.5,1024,512,1200,0.48205238580703735,0.47774763849156443,0.4866389057395281,1.0,1.0,0.0,0.0,0.08167536556720734,0.4003770351409912,0.0909273225701483,3877.195659673826,0.4077988862991333,0.3189064860343933,0.9996555704047246,0.8441123848615208,0.9944660516143587,1837.96875,0.44872283935546875,0.0,0.28361013531684875
smol,pixelprose,final_quarter,False,3,0.42857142857142855,10,10,10,23,2.0,4096,0.0003,False,1.1,1024,512,1200,0.14331436157226562,0.14146914006996666,0.14510074651807373,0.13525390625,0.135498046875,0.002685546875,0.0029296875,0.01959919184446335,0.12371517717838287,0.8970019480635694,453.9731307071734,0.2361251264810562,0.5360336899757385,0.9934498616386552,0.9873493865756192,0.9972130353648663,469.05078125,0.11451435089111328,0.862060546875,0.22817645967006683
smol,pixelprose,final_quarter,False,3,0.42857142857142855,10,10,10,23,2.0,4096,0.0003,False,1.25,1024,512,1200,0.14331436157226562,0.14146914006996666,0.14510074651807373,0.13330078125,0.13525390625,0.001953125,0.00390625,0.01959919184446335,0.12371517717838287,0.8970019480635694,453.9731307071734,0.2361251264810562,0.5360336899757385,0.9934498616386552,0.9873493865756192,0.9972130353648663,469.05078125,0.11451435089111328,0.862060546875,0.22817645967006683
smol,pixelprose,final_quarter,False,3,0.42857142857142855,10,10,10,23,2.0,4096,0.0003,False,1.5,1024,512,1200,0.14331436157226562,0.14146914006996666,0.14510074651807373,0.130859375,0.134033203125,0.001953125,0.005126953125,0.01959919184446335,0.12371517717838287,0.8970019480635694,453.9731307071734,0.2361251264810562,0.5360336899757385,0.9934498616386552,0.9873493865756192,0.9972130353648663,469.05078125,0.11451435089111328,0.862060546875,0.22817645967006683
smol,pixelprose,final_quarter,False,3,0.42857142857142855,10,10,10,23,2.0,4096,0.0003,True,1.1,1024,512,1200,0.5062599182128906,0.501744430490362,0.5107957559303031,1.0,1.0,0.0,0.0,0.08051197230815887,0.42574799060821533,0.08335115402819702,3933.9090197762744,0.35162609815597534,0.3252097964286804,0.9962290083248498,0.8447515432151307,0.9946539435081948,1896.802734375,0.4630866050720215,0.0,0.305183082818985
smol,pixelprose,final_quarter,False,3,0.42857142857142855,10,10,10,23,2.0,4096,0.0003,True,1.25,1024,512,1200,0.5062599182128906,0.501744430490362,0.5107957559303031,1.0,1.0,0.0,0.0,0.08051197230815887,0.42574799060821533,0.08335115402819702,3933.9090197762744,0.35162609815597534,0.3252097964286804,0.9962290083248498,0.8447515432151307,0.9946539435081948,1896.802734375,0.4630866050720215,0.0,0.305183082818985
smol,pixelprose,final_quarter,False,3,0.42857142857142855,10,10,10,23,2.0,4096,0.0003,True,1.5,1024,512,1200,0.5062599182128906,0.501744430490362,0.5107957559303031,1.0,1.0,0.0,0.0,0.08051197230815887,0.42574799060821533,0.08335115402819702,3933.9090197762744,0.35162609815597534,0.3252097964286804,0.9962290083248498,0.8447515432151307,0.9946539435081948,1896.802734375,0.4630866050720215,0.0,0.305183082818985
smol,pixelprose,final_quarter,False,3,0.42857142857142855,10,10,10,23,2.0,4096,0.001,False,1.1,1024,512,1200,0.14401906728744507,0.14215379409361048,0.14582558008733032,0.13525390625,0.135498046875,0.002685546875,0.0029296875,0.019700685515999794,0.12431837618350983,0.8979477627935242,451.9563328497665,0.24536609649658203,0.5333868861198425,0.9934416501447199,0.9872568234148489,0.9970452014694113,470.197265625,0.11479425430297852,0.86181640625,0.23630908131599426
smol,pixelprose,final_quarter,False,3,0.42857142857142855,10,10,10,23,2.0,4096,0.001,False,1.25,1024,512,1200,0.14401906728744507,0.14215379409361048,0.14582558008733032,0.13330078125,0.13525390625,0.001953125,0.00390625,0.019700685515999794,0.12431837618350983,0.8979477627935242,451.9563328497665,0.24536609649658203,0.5333868861198425,0.9934416501447199,0.9872568234148489,0.9970452014694113,470.197265625,0.11479425430297852,0.86181640625,0.23630908131599426
smol,pixelprose,final_quarter,False,3,0.42857142857142855,10,10,10,23,2.0,4096,0.001,False,1.5,1024,512,1200,0.14401906728744507,0.14215379409361048,0.14582558008733032,0.13037109375,0.134033203125,0.001708984375,0.00537109375,0.019700685515999794,0.12431837618350983,0.8979477627935242,451.9563328497665,0.24536609649658203,0.5333868861198425,0.9934416501447199,0.9872568234148489,0.9970452014694113,470.197265625,0.11479425430297852,0.86181640625,0.23630908131599426
smol,pixelprose,final_quarter,False,3,0.42857142857142855,10,10,10,23,2.0,4096,0.001,True,1.1,1024,512,1200,0.5000836849212646,0.4955359053972643,0.5045374840759905,1.0,1.0,0.0,0.0,0.07970324158668518,0.42038044333457947,0.08423040403501679,3918.5807210028847,0.3486967980861664,0.3170029819011688,0.9958866160085138,0.8446243988881236,0.9941806305031642,1892.572265625,0.4620537757873535,0.0,0.30083993077278137
smol,pixelprose,final_quarter,False,3,0.42857142857142855,10,10,10,23,2.0,4096,0.001,True,1.25,1024,512,1200,0.5000836849212646,0.4955359053972643,0.5045374840759905,1.0,1.0,0.0,0.0,0.07970324158668518,0.42038044333457947,0.08423040403501679,3918.5807210028847,0.3486967980861664,0.3170029819011688,0.9958866160085138,0.8446243988881236,0.9941806305031642,1892.572265625,0.4620537757873535,0.0,0.30083993077278137
smol,pixelprose,final_quarter,False,3,0.42857142857142855,10,10,10,23,2.0,4096,0.001,True,1.5,1024,512,1200,0.5000836849212646,0.4955359053972643,0.5045374840759905,1.0,1.0,0.0,0.0,0.07970324158668518,0.42038044333457947,0.08423040403501679,3918.5807210028847,0.3486967980861664,0.3170029819011688,0.9958866160085138,0.8446243988881236,0.9941806305031642,1892.572265625,0.4620537757873535,0.0,0.30083993077278137
smol,pixelprose,final_quarter,False,3,0.42857142857142855,10,10,10,23,4.0,4096,0.0003,False,1.1,1024,512,1200,0.14331436157226562,0.14146914006996666,0.14510074651807373,0.13525390625,0.135498046875,0.002685546875,0.0029296875,0.01959919184446335,0.12371517717838287,0.8970019480635694,453.9731307071734,0.2361251264810562,0.5360336899757385,0.9934498616386552,0.9873493865756192,0.9972130353648663,469.05078125,0.11451435089111328,0.862060546875,0.22817645967006683
smol,pixelprose,final_quarter,False,3,0.42857142857142855,10,10,10,23,4.0,4096,0.0003,False,1.25,1024,512,1200,0.14331436157226562,0.14146914006996666,0.14510074651807373,0.13330078125,0.13525390625,0.001953125,0.00390625,0.01959919184446335,0.12371517717838287,0.8970019480635694,453.9731307071734,0.2361251264810562,0.5360336899757385,0.9934498616386552,0.9873493865756192,0.9972130353648663,469.05078125,0.11451435089111328,0.862060546875,0.22817645967006683
smol,pixelprose,final_quarter,False,3,0.42857142857142855,10,10,10,23,4.0,4096,0.0003,False,1.5,1024,512,1200,0.14331436157226562,0.14146914006996666,0.14510074651807373,0.130859375,0.134033203125,0.001953125,0.005126953125,0.01959919184446335,0.12371517717838287,0.8970019480635694,453.9731307071734,0.2361251264810562,0.5360336899757385,0.9934498616386552,0.9873493865756192,0.9972130353648663,469.05078125,0.11451435089111328,0.862060546875,0.22817645967006683
smol,pixelprose,final_quarter,False,3,0.42857142857142855,10,10,10,23,4.0,4096,0.0003,True,1.1,1024,512,1200,0.5062599182128906,0.501744430490362,0.5107957559303031,1.0,1.0,0.0,0.0,0.08051197230815887,0.42574799060821533,0.08335115402819702,3933.9090197762744,0.35162609815597534,0.3252097964286804,0.9962290083248498,0.8447515432151307,0.9946539435081948,1896.802734375,0.4630866050720215,0.0,0.305183082818985
smol,pixelprose,final_quarter,False,3,0.42857142857142855,10,10,10,23,4.0,4096,0.0003,True,1.25,1024,512,1200,0.5062599182128906,0.501744430490362,0.5107957559303031,1.0,1.0,0.0,0.0,0.08051197230815887,0.42574799060821533,0.08335115402819702,3933.9090197762744,0.35162609815597534,0.3252097964286804,0.9962290083248498,0.8447515432151307,0.9946539435081948,1896.802734375,0.4630866050720215,0.0,0.305183082818985
smol,pixelprose,final_quarter,False,3,0.42857142857142855,10,10,10,23,4.0,4096,0.0003,True,1.5,1024,512,1200,0.5062599182128906,0.501744430490362,0.5107957559303031,1.0,1.0,0.0,0.0,0.08051197230815887,0.42574799060821533,0.08335115402819702,3933.9090197762744,0.35162609815597534,0.3252097964286804,0.9962290083248498,0.8447515432151307,0.9946539435081948,1896.802734375,0.4630866050720215,0.0,0.305183082818985
smol,pixelprose,final_quarter,False,3,0.42857142857142855,10,10,10,23,4.0,4096,0.001,False,1.1,1024,512,1200,0.14401906728744507,0.14215379409361048,0.14582558008733032,0.13525390625,0.135498046875,0.002685546875,0.0029296875,0.019700685515999794,0.12431837618350983,0.8979477627935242,451.9563328497665,0.24536609649658203,0.5333868861198425,0.9934416501447199,0.9872568234148489,0.9970452014694113,470.197265625,0.11479425430297852,0.86181640625,0.23630908131599426
smol,pixelprose,final_quarter,False,3,0.42857142857142855,10,10,10,23,4.0,4096,0.001,False,1.25,1024,512,1200,0.14401906728744507,0.14215379409361048,0.14582558008733032,0.13330078125,0.13525390625,0.001953125,0.00390625,0.019700685515999794,0.12431837618350983,0.8979477627935242,451.9563328497665,0.24536609649658203,0.5333868861198425,0.9934416501447199,0.9872568234148489,0.9970452014694113,470.197265625,0.11479425430297852,0.86181640625,0.23630908131599426
smol,pixelprose,final_quarter,False,3,0.42857142857142855,10,10,10,23,4.0,4096,0.001,False,1.5,1024,512,1200,0.14401906728744507,0.14215379409361048,0.14582558008733032,0.13037109375,0.134033203125,0.001708984375,0.00537109375,0.019700685515999794,0.12431837618350983,0.8979477627935242,451.9563328497665,0.24536609649658203,0.5333868861198425,0.9934416501447199,0.9872568234148489,0.9970452014694113,470.197265625,0.11479425430297852,0.86181640625,0.23630908131599426
smol,pixelprose,final_quarter,False,3,0.42857142857142855,10,10,10,23,4.0,4096,0.001,True,1.1,1024,512,1200,0.5000836849212646,0.4955359053972643,0.5045374840759905,1.0,1.0,0.0,0.0,0.07970324158668518,0.42038044333457947,0.08423040403501679,3918.5807210028847,0.3486967980861664,0.3170029819011688,0.9958866160085138,0.8446243988881236,0.9941806305031642,1892.572265625,0.4620537757873535,0.0,0.30083993077278137
smol,pixelprose,final_quarter,False,3,0.42857142857142855,10,10,10,23,4.0,4096,0.001,True,1.25,1024,512,1200,0.5000836849212646,0.4955359053972643,0.5045374840759905,1.0,1.0,0.0,0.0,0.07970324158668518,0.42038044333457947,0.08423040403501679,3918.5807210028847,0.3486967980861664,0.3170029819011688,0.9958866160085138,0.8446243988881236,0.9941806305031642,1892.572265625,0.4620537757873535,0.0,0.30083993077278137
smol,pixelprose,final_quarter,False,3,0.42857142857142855,10,10,10,23,4.0,4096,0.001,True,1.5,1024,512,1200,0.5000836849212646,0.4955359053972643,0.5045374840759905,1.0,1.0,0.0,0.0,0.07970324158668518,0.42038044333457947,0.08423040403501679,3918.5807210028847,0.3486967980861664,0.3170029819011688,0.9958866160085138,0.8446243988881236,0.9941806305031642,1892.572265625,0.4620537757873535,0.0,0.30083993077278137
smol,pixelprose,final_quarter,False,3,0.42857142857142855,10,10,10,37,2.0,4096,0.0003,False,1.1,1024,512,1200,0.14755985140800476,0.14575687184587877,0.14950209943235676,0.136962890625,0.138427734375,0.001220703125,0.002685546875,0.01992739364504814,0.12763245403766632,0.8964519134255966,457.7690028982061,0.24185554683208466,0.5331305861473083,0.9939209065290865,0.9877850003146825,0.9972111826582077,471.9140625,0.11521339416503906,0.8603515625,0.234530508518219
smol,pixelprose,final_quarter,False,3,0.42857142857142855,10,10,10,37,2.0,4096,0.0003,False,1.25,1024,512,1200,0.14755985140800476,0.14575687184587877,0.14950209943235676,0.135986328125,0.137939453125,0.001220703125,0.003173828125,0.01992739364504814,0.12763245403766632,0.8964519134255966,457.7690028982061,0.24185554683208466,0.5331305861473083,0.9939209065290865,0.9877850003146825,0.9972111826582077,471.9140625,0.11521339416503906,0.8603515625,0.234530508518219
smol,pixelprose,final_quarter,False,3,0.42857142857142855,10,10,10,37,2.0,4096,0.0003,False,1.5,1024,512,1200,0.14755985140800476,0.14575687184587877,0.14950209943235676,0.135498046875,0.1376953125,0.001220703125,0.00341796875,0.01992739364504814,0.12763245403766632,0.8964519134255966,457.7690028982061,0.24185554683208466,0.5331305861473083,0.9939209065290865,0.9877850003146825,0.9972111826582077,471.9140625,0.11521339416503906,0.8603515625,0.234530508518219
smol,pixelprose,final_quarter,False,3,0.42857142857142855,10,10,10,37,2.0,4096,0.0003,True,1.1,1024,512,1200,0.5009844899177551,0.49709782252903095,0.5054487112371134,1.0,1.0,0.0,0.0,0.08009976148605347,0.42088472843170166,0.0816202095178225,3918.3090270570983,0.34943318367004395,0.32916659116744995,0.9958380384309882,0.8440706023493931,0.9634515951843059,1884.615234375,0.460111141204834,0.0,0.3003830909729004
smol,pixelprose,final_quarter,False,3,0.42857142857142855,10,10,10,37,2.0,4096,0.0003,True,1.25,1024,512,1200,0.5009844899177551,0.49709782252903095,0.5054487112371134,1.0,1.0,0.0,0.0,0.08009976148605347,0.42088472843170166,0.0816202095178225,3918.3090270570983,0.34943318367004395,0.32916659116744995,0.9958380384309882,0.8440706023493931,0.9634515951843059,1884.615234375,0.460111141204834,0.0,0.3003830909729004
smol,pixelprose,final_quarter,False,3,0.42857142857142855,10,10,10,37,2.0,4096,0.0003,True,1.5,1024,512,1200,0.5009844899177551,0.49709782252903095,0.5054487112371134,1.0,1.0,0.0,0.0,0.08009976148605347,0.42088472843170166,0.0816202095178225,3918.3090270570983,0.34943318367004395,0.32916659116744995,0.9958380384309882,0.8440706023493931,0.9634515951843059,1884.615234375,0.460111141204834,0.0,0.3003830909729004
smol,pixelprose,final_quarter,False,3,0.42857142857142855,10,10,10,37,2.0,4096,0.001,False,1.1,1024,512,1200,0.14710552990436554,0.14533770061862014,0.1490355988011288,0.13671875,0.137939453125,0.001220703125,0.00244140625,0.019926317036151886,0.12717920541763306,0.8952097501373546,463.077299693901,0.24592475593090057,0.5266742706298828,0.9935417803507949,0.987337521573323,0.9973113223319933,473.732421875,0.11565732955932617,0.861083984375,0.2379388064146042
smol,pixelprose,final_quarter,False,3,0.42857142857142855,10,10,10,37,2.0,4096,0.001,False,1.25,1024,512,1200,0.14710552990436554,0.14533770061862014,0.1490355988011288,0.1357421875,0.137451171875,0.001220703125,0.0029296875,0.019926317036151886,0.12717920541763306,0.8952097501373546,463.077299693901,0.24592475593090057,0.5266742706298828,0.9935417803507949,0.987337521573323,0.9973113223319933,473.732421875,0.11565732955932617,0.861083984375,0.2379388064146042
smol,pixelprose,final_quarter,False,3,0.42857142857142855,10,10,10,37,2.0,4096,0.001,False,1.5,1024,512,1200,0.14710552990436554,0.14533770061862014,0.1490355988011288,0.134765625,0.136962890625,0.001220703125,0.00341796875,0.019926317036151886,0.12717920541763306,0.8952097501373546,463.077299693901,0.24592475593090057,0.5266742706298828,0.9935417803507949,0.987337521573323,0.9973113223319933,473.732421875,0.11565732955932617,0.861083984375,0.2379388064146042
smol,pixelprose,final_quarter,False,3,0.42857142857142855,10,10,10,37,2.0,4096,0.001,True,1.1,1024,512,1200,0.4919523000717163,0.4880112679908052,0.49621784117625795,1.0,1.0,0.0,0.0,0.07916933298110962,0.4127829968929291,0.08429126951668714,3890.103663782735,0.34241271018981934,0.31343916058540344,0.9952720129577358,0.843516007237052,0.9920867120787453,1873.5078125,0.4573993682861328,0.0,0.2939402163028717
smol,pixelprose,final_quarter,False,3,0.42857142857142855,10,10,10,37,2.0,4096,0.001,True,1.25,1024,512,1200,0.4919523000717163,0.4880112679908052,0.49621784117625795,1.0,1.0,0.0,0.0,0.07916933298110962,0.4127829968929291,0.08429126951668714,3890.103663782735,0.34241271018981934,0.31343916058540344,0.9952720129577358,0.843516007237052,0.9920867120787453,1873.5078125,0.4573993682861328,0.0,0.2939402163028717
smol,pixelprose,final_quarter,False,3,0.42857142857142855,10,10,10,37,2.0,4096,0.001,True,1.5,1024,512,1200,0.4919523000717163,0.4880112679908052,0.49621784117625795,1.0,1.0,0.0,0.0,0.07916933298110962,0.4127829968929291,0.08429126951668714,3890.103663782735,0.34241271018981934,0.31343916058540344,0.9952720129577358,0.843516007237052,0.9920867120787453,1873.5078125,0.4573993682861328,0.0,0.2939402163028717
smol,pixelprose,final_quarter,False,3,0.42857142857142855,10,10,10,37,4.0,4096,0.0003,False,1.1,1024,512,1200,0.14755985140800476,0.14575687184587877,0.14950209943235676,0.136962890625,0.138427734375,0.001220703125,0.002685546875,0.01992739364504814,0.12763245403766632,0.8964519134255966,457.7690028982061,0.24185554683208466,0.5331305861473083,0.9939209065290865,0.9877850003146825,0.9972111826582077,471.9140625,0.11521339416503906,0.8603515625,0.234530508518219
smol,pixelprose,final_quarter,False,3,0.42857142857142855,10,10,10,37,4.0,4096,0.0003,False,1.25,1024,512,1200,0.14755985140800476,0.14575687184587877,0.14950209943235676,0.135986328125,0.137939453125,0.001220703125,0.003173828125,0.01992739364504814,0.12763245403766632,0.8964519134255966,457.7690028982061,0.24185554683208466,0.5331305861473083,0.9939209065290865,0.9877850003146825,0.9972111826582077,471.9140625,0.11521339416503906,0.8603515625,0.234530508518219
smol,pixelprose,final_quarter,False,3,0.42857142857142855,10,10,10,37,4.0,4096,0.0003,False,1.5,1024,512,1200,0.14755985140800476,0.14575687184587877,0.14950209943235676,0.135498046875,0.1376953125,0.001220703125,0.00341796875,0.01992739364504814,0.12763245403766632,0.8964519134255966,457.7690028982061,0.24185554683208466,0.5331305861473083,0.9939209065290865,0.9877850003146825,0.9972111826582077,471.9140625,0.11521339416503906,0.8603515625,0.234530508518219
smol,pixelprose,final_quarter,False,3,0.42857142857142855,10,10,10,37,4.0,4096,0.0003,True,1.1,1024,512,1200,0.5009844899177551,0.49709782252903095,0.5054487112371134,1.0,1.0,0.0,0.0,0.08009976148605347,0.42088472843170166,0.0816202095178225,3918.3090270570983,0.34943318367004395,0.32916659116744995,0.9958380384309882,0.8440706023493931,0.9634515951843059,1884.615234375,0.460111141204834,0.0,0.3003830909729004
smol,pixelprose,final_quarter,False,3,0.42857142857142855,10,10,10,37,4.0,4096,0.0003,True,1.25,1024,512,1200,0.5009844899177551,0.49709782252903095,0.5054487112371134,1.0,1.0,0.0,0.0,0.08009976148605347,0.42088472843170166,0.0816202095178225,3918.3090270570983,0.34943318367004395,0.32916659116744995,0.9958380384309882,0.8440706023493931,0.9634515951843059,1884.615234375,0.460111141204834,0.0,0.3003830909729004
smol,pixelprose,final_quarter,False,3,0.42857142857142855,10,10,10,37,4.0,4096,0.0003,True,1.5,1024,512,1200,0.5009844899177551,0.49709782252903095,0.5054487112371134,1.0,1.0,0.0,0.0,0.08009976148605347,0.42088472843170166,0.0816202095178225,3918.3090270570983,0.34943318367004395,0.32916659116744995,0.9958380384309882,0.8440706023493931,0.9634515951843059,1884.615234375,0.460111141204834,0.0,0.3003830909729004
smol,pixelprose,final_quarter,False,3,0.42857142857142855,10,10,10,37,4.0,4096,0.001,False,1.1,1024,512,1200,0.14710552990436554,0.14533770061862014,0.1490355988011288,0.13671875,0.137939453125,0.001220703125,0.00244140625,0.019926317036151886,0.12717920541763306,0.8952097501373546,463.077299693901,0.24592475593090057,0.5266742706298828,0.9935417803507949,0.987337521573323,0.9973113223319933,473.732421875,0.11565732955932617,0.861083984375,0.2379388064146042
smol,pixelprose,final_quarter,False,3,0.42857142857142855,10,10,10,37,4.0,4096,0.001,False,1.25,1024,512,1200,0.14710552990436554,0.14533770061862014,0.1490355988011288,0.1357421875,0.137451171875,0.001220703125,0.0029296875,0.019926317036151886,0.12717920541763306,0.8952097501373546,463.077299693901,0.24592475593090057,0.5266742706298828,0.9935417803507949,0.987337521573323,0.9973113223319933,473.732421875,0.11565732955932617,0.861083984375,0.2379388064146042
smol,pixelprose,final_quarter,False,3,0.42857142857142855,10,10,10,37,4.0,4096,0.001,False,1.5,1024,512,1200,0.14710552990436554,0.14533770061862014,0.1490355988011288,0.134765625,0.136962890625,0.001220703125,0.00341796875,0.019926317036151886,0.12717920541763306,0.8952097501373546,463.077299693901,0.24592475593090057,0.5266742706298828,0.9935417803507949,0.987337521573323,0.9973113223319933,473.732421875,0.11565732955932617,0.861083984375,0.2379388064146042
smol,pixelprose,final_quarter,False,3,0.42857142857142855,10,10,10,37,4.0,4096,0.001,True,1.1,1024,512,1200,0.4919523000717163,0.4880112679908052,0.49621784117625795,1.0,1.0,0.0,0.0,0.07916933298110962,0.4127829968929291,0.08429126951668714,3890.103663782735,0.34241271018981934,0.31343916058540344,0.9952720129577358,0.843516007237052,0.9920867120787453,1873.5078125,0.4573993682861328,0.0,0.2939402163028717
smol,pixelprose,final_quarter,False,3,0.42857142857142855,10,10,10,37,4.0,4096,0.001,True,1.25,1024,512,1200,0.4919523000717163,0.4880112679908052,0.49621784117625795,1.0,1.0,0.0,0.0,0.07916933298110962,0.4127829968929291,0.08429126951668714,3890.103663782735,0.34241271018981934,0.31343916058540344,0.9952720129577358,0.843516007237052,0.9920867120787453,1873.5078125,0.4573993682861328,0.0,0.2939402163028717
smol,pixelprose,final_quarter,False,3,0.42857142857142855,10,10,10,37,4.0,4096,0.001,True,1.5,1024,512,1200,0.4919523000717163,0.4880112679908052,0.49621784117625795,1.0,1.0,0.0,0.0,0.07916933298110962,0.4127829968929291,0.08429126951668714,3890.103663782735,0.34241271018981934,0.31343916058540344,0.9952720129577358,0.843516007237052,0.9920867120787453,1873.5078125,0.4573993682861328,0.0,0.2939402163028717
smol,pixelprose,final_quarter,False,4,0.5714285714285714,13,13,13,11,2.0,4096,0.0003,False,1.1,1024,512,1200,0.176382377743721,0.17381059074505173,0.17869068352811154,0.134521484375,0.13720703125,0.002685546875,0.00537109375,0.02760736085474491,0.14877501130104065,0.897280061609131,454.01511842859645,0.30325421690940857,0.7230236530303955,0.9944697366170842,0.9885081862059147,0.9970775961639728,481.763671875,0.11761808395385742,0.857666015625,0.29491904377937317
smol,pixelprose,final_quarter,False,4,0.5714285714285714,13,13,13,11,2.0,4096,0.0003,False,1.25,1024,512,1200,0.176382377743721,0.17381059074505173,0.17869068352811154,0.134521484375,0.13720703125,0.002685546875,0.00537109375,0.02760736085474491,0.14877501130104065,0.897280061609131,454.01511842859645,0.30325421690940857,0.7230236530303955,0.9944697366170842,0.9885081862059147,0.9970775961639728,481.763671875,0.11761808395385742,0.857666015625,0.29491904377937317
smol,pixelprose,final_quarter,False,4,0.5714285714285714,13,13,13,11,2.0,4096,0.0003,False,1.5,1024,512,1200,0.176382377743721,0.17381059074505173,0.17869068352811154,0.132080078125,0.13623046875,0.00244140625,0.006591796875,0.02760736085474491,0.14877501130104065,0.897280061609131,454.01511842859645,0.30325421690940857,0.7230236530303955,0.9944697366170842,0.9885081862059147,0.9970775961639728,481.763671875,0.11761808395385742,0.857666015625,0.29491904377937317
smol,pixelprose,final_quarter,False,4,0.5714285714285714,13,13,13,11,2.0,4096,0.0003,True,1.1,1024,512,1200,0.5086301565170288,0.5044191554421559,0.512943858950166,1.0,1.0,0.0,0.0,0.09684069454669952,0.41178950667381287,0.08526698110151726,3931.553727372525,0.3708169758319855,0.3277510702610016,0.9972454392320028,0.8311163062932034,0.9926660284499265,1877.453125,0.4583625793457031,0.0,0.29570499062538147
smol,pixelprose,final_quarter,False,4,0.5714285714285714,13,13,13,11,2.0,4096,0.0003,True,1.25,1024,512,1200,0.5086301565170288,0.5044191554421559,0.512943858950166,1.0,1.0,0.0,0.0,0.09684069454669952,0.41178950667381287,0.08526698110151726,3931.553727372525,0.3708169758319855,0.3277510702610016,0.9972454392320028,0.8311163062932034,0.9926660284499265,1877.453125,0.4583625793457031,0.0,0.29570499062538147
smol,pixelprose,final_quarter,False,4,0.5714285714285714,13,13,13,11,2.0,4096,0.0003,True,1.5,1024,512,1200,0.5086301565170288,0.5044191554421559,0.512943858950166,0.99951171875,0.999755859375,0.0,0.000244140625,0.09684069454669952,0.41178950667381287,0.08526698110151726,3931.553727372525,0.3708169758319855,0.3277510702610016,0.9972454392320028,0.8311163062932034,0.9926660284499265,1877.453125,0.4583625793457031,0.0,0.29570499062538147
smol,pixelprose,final_quarter,False,4,0.5714285714285714,13,13,13,11,2.0,4096,0.001,False,1.1,1024,512,1200,0.17633575201034546,0.1737283703070716,0.1786604510540201,0.134765625,0.137451171875,0.002685546875,0.00537109375,0.027661055326461792,0.14867469668388367,0.8970662237379933,455.467217143373,0.3083963096141815,0.7194687128067017,0.9925056537751147,0.9864770349131214,0.9970931151401722,482.556640625,0.11781167984008789,0.857421875,0.2992974817752838
smol,pixelprose,final_quarter,False,4,0.5714285714285714,13,13,13,11,2.0,4096,0.001,False,1.25,1024,512,1200,0.17633575201034546,0.1737283703070716,0.1786604510540201,0.134765625,0.137451171875,0.002685546875,0.00537109375,0.027661055326461792,0.14867469668388367,0.8970662237379933,455.467217143373,0.3083963096141815,0.7194687128067017,0.9925056537751147,0.9864770349131214,0.9970931151401722,482.556640625,0.11781167984008789,0.857421875,0.2992974817752838
smol,pixelprose,final_quarter,False,4,0.5714285714285714,13,13,13,11,2.0,4096,0.001,False,1.5,1024,512,1200,0.17633575201034546,0.1737283703070716,0.1786604510540201,0.13232421875,0.136474609375,0.00244140625,0.006591796875,0.027661055326461792,0.14867469668388367,0.8970662237379933,455.467217143373,0.3083963096141815,0.7194687128067017,0.9925056537751147,0.9864770349131214,0.9970931151401722,482.556640625,0.11781167984008789,0.857421875,0.2992974817752838
smol,pixelprose,final_quarter,False,4,0.5714285714285714,13,13,13,11,2.0,4096,0.001,True,1.1,1024,512,1200,0.5112718343734741,0.5070743246309576,0.5155868476009345,1.0,1.0,0.0,0.0,0.09584609419107437,0.41542571783065796,0.08405062859944859,3900.845882826177,0.3497016727924347,0.31881725788116455,0.9976388345573428,0.8317453842771696,0.9908244224462566,1885.197265625,0.4602532386779785,0.0,0.29827433824539185
smol,pixelprose,final_quarter,False,4,0.5714285714285714,13,13,13,11,2.0,4096,0.001,True,1.25,1024,512,1200,0.5112718343734741,0.5070743246309576,0.5155868476009345,1.0,1.0,0.0,0.0,0.09584609419107437,0.41542571783065796,0.08405062859944859,3900.845882826177,0.3497016727924347,0.31881725788116455,0.9976388345573428,0.8317453842771696,0.9908244224462566,1885.197265625,0.4602532386779785,0.0,0.29827433824539185
smol,pixelprose,final_quarter,False,4,0.5714285714285714,13,13,13,11,2.0,4096,0.001,True,1.5,1024,512,1200,0.5112718343734741,0.5070743246309576,0.5155868476009345,1.0,1.0,0.0,0.0,0.09584609419107437,0.41542571783065796,0.08405062859944859,3900.845882826177,0.3497016727924347,0.31881725788116455,0.9976388345573428,0.8317453842771696,0.9908244224462566,1885.197265625,0.4602532386779785,0.0,0.29827433824539185
smol,pixelprose,final_quarter,False,4,0.5714285714285714,13,13,13,11,4.0,4096,0.0003,False,1.1,1024,512,1200,0.176382377743721,0.17381059074505173,0.17869068352811154,0.134521484375,0.13720703125,0.002685546875,0.00537109375,0.02760736085474491,0.14877501130104065,0.897280061609131,454.01511842859645,0.30325421690940857,0.7230236530303955,0.9944697366170842,0.9885081862059147,0.9970775961639728,481.763671875,0.11761808395385742,0.857666015625,0.29491904377937317
smol,pixelprose,final_quarter,False,4,0.5714285714285714,13,13,13,11,4.0,4096,0.0003,False,1.25,1024,512,1200,0.176382377743721,0.17381059074505173,0.17869068352811154,0.134521484375,0.13720703125,0.002685546875,0.00537109375,0.02760736085474491,0.14877501130104065,0.897280061609131,454.01511842859645,0.30325421690940857,0.7230236530303955,0.9944697366170842,0.9885081862059147,0.9970775961639728,481.763671875,0.11761808395385742,0.857666015625,0.29491904377937317
smol,pixelprose,final_quarter,False,4,0.5714285714285714,13,13,13,11,4.0,4096,0.0003,False,1.5,1024,512,1200,0.176382377743721,0.17381059074505173,0.17869068352811154,0.132080078125,0.13623046875,0.00244140625,0.006591796875,0.02760736085474491,0.14877501130104065,0.897280061609131,454.01511842859645,0.30325421690940857,0.7230236530303955,0.9944697366170842,0.9885081862059147,0.9970775961639728,481.763671875,0.11761808395385742,0.857666015625,0.29491904377937317
smol,pixelprose,final_quarter,False,4,0.5714285714285714,13,13,13,11,4.0,4096,0.0003,True,1.1,1024,512,1200,0.5086301565170288,0.5044191554421559,0.512943858950166,1.0,1.0,0.0,0.0,0.09684069454669952,0.41178950667381287,0.08526698110151726,3931.553727372525,0.3708169758319855,0.3277510702610016,0.9972454392320028,0.8311163062932034,0.9926660284499265,1877.453125,0.4583625793457031,0.0,0.29570499062538147
smol,pixelprose,final_quarter,False,4,0.5714285714285714,13,13,13,11,4.0,4096,0.0003,True,1.25,1024,512,1200,0.5086301565170288,0.5044191554421559,0.512943858950166,1.0,1.0,0.0,0.0,0.09684069454669952,0.41178950667381287,0.08526698110151726,3931.553727372525,0.3708169758319855,0.3277510702610016,0.9972454392320028,0.8311163062932034,0.9926660284499265,1877.453125,0.4583625793457031,0.0,0.29570499062538147
smol,pixelprose,final_quarter,False,4,0.5714285714285714,13,13,13,11,4.0,4096,0.0003,True,1.5,1024,512,1200,0.5086301565170288,0.5044191554421559,0.512943858950166,0.99951171875,0.999755859375,0.0,0.000244140625,0.09684069454669952,0.41178950667381287,0.08526698110151726,3931.553727372525,0.3708169758319855,0.3277510702610016,0.9972454392320028,0.8311163062932034,0.9926660284499265,1877.453125,0.4583625793457031,0.0,0.29570499062538147
smol,pixelprose,final_quarter,False,4,0.5714285714285714,13,13,13,11,4.0,4096,0.001,False,1.1,1024,512,1200,0.17633575201034546,0.1737283703070716,0.1786604510540201,0.134765625,0.137451171875,0.002685546875,0.00537109375,0.027661055326461792,0.14867469668388367,0.8970662237379933,455.467217143373,0.3083963096141815,0.7194687128067017,0.9925056537751147,0.9864770349131214,0.9970931151401722,482.556640625,0.11781167984008789,0.857421875,0.2992974817752838
smol,pixelprose,final_quarter,False,4,0.5714285714285714,13,13,13,11,4.0,4096,0.001,False,1.25,1024,512,1200,0.17633575201034546,0.1737283703070716,0.1786604510540201,0.134765625,0.137451171875,0.002685546875,0.00537109375,0.027661055326461792,0.14867469668388367,0.8970662237379933,455.467217143373,0.3083963096141815,0.7194687128067017,0.9925056537751147,0.9864770349131214,0.9970931151401722,482.556640625,0.11781167984008789,0.857421875,0.2992974817752838
smol,pixelprose,final_quarter,False,4,0.5714285714285714,13,13,13,11,4.0,4096,0.001,False,1.5,1024,512,1200,0.17633575201034546,0.1737283703070716,0.1786604510540201,0.13232421875,0.136474609375,0.00244140625,0.006591796875,0.027661055326461792,0.14867469668388367,0.8970662237379933,455.467217143373,0.3083963096141815,0.7194687128067017,0.9925056537751147,0.9864770349131214,0.9970931151401722,482.556640625,0.11781167984008789,0.857421875,0.2992974817752838
smol,pixelprose,final_quarter,False,4,0.5714285714285714,13,13,13,11,4.0,4096,0.001,True,1.1,1024,512,1200,0.5112718343734741,0.5070743246309576,0.5155868476009345,1.0,1.0,0.0,0.0,0.09584609419107437,0.41542571783065796,0.08405062859944859,3900.845882826177,0.3497016727924347,0.31881725788116455,0.9976388345573428,0.8317453842771696,0.9908244224462566,1885.197265625,0.4602532386779785,0.0,0.29827433824539185
smol,pixelprose,final_quarter,False,4,0.5714285714285714,13,13,13,11,4.0,4096,0.001,True,1.25,1024,512,1200,0.5112718343734741,0.5070743246309576,0.5155868476009345,1.0,1.0,0.0,0.0,0.09584609419107437,0.41542571783065796,0.08405062859944859,3900.845882826177,0.3497016727924347,0.31881725788116455,0.9976388345573428,0.8317453842771696,0.9908244224462566,1885.197265625,0.4602532386779785,0.0,0.29827433824539185
smol,pixelprose,final_quarter,False,4,0.5714285714285714,13,13,13,11,4.0,4096,0.001,True,1.5,1024,512,1200,0.5112718343734741,0.5070743246309576,0.5155868476009345,1.0,1.0,0.0,0.0,0.09584609419107437,0.41542571783065796,0.08405062859944859,3900.845882826177,0.3497016727924347,0.31881725788116455,0.9976388345573428,0.8317453842771696,0.9908244224462566,1885.197265625,0.4602532386779785,0.0,0.29827433824539185
smol,pixelprose,final_quarter,False,4,0.5714285714285714,13,13,13,23,2.0,4096,0.0003,False,1.1,1024,512,1200,0.17952558398246765,0.17713084690731193,0.18200683360555558,0.141845703125,0.1455078125,0.00146484375,0.005126953125,0.02782171219587326,0.1517038643360138,0.8946071790188151,465.6201031278625,0.30457791686058044,0.7266747951507568,0.9947890078169781,0.9887714406152851,0.9974907940414177,501.35546875,0.12240123748779297,0.85009765625,0.2971075177192688
smol,pixelprose,final_quarter,False,4,0.5714285714285714,13,13,13,23,2.0,4096,0.0003,False,1.25,1024,512,1200,0.17952558398246765,0.17713084690731193,0.18200683360555558,0.140380859375,0.14501953125,0.001220703125,0.005859375,0.02782171219587326,0.1517038643360138,0.8946071790188151,465.6201031278625,0.30457791686058044,0.7266747951507568,0.9947890078169781,0.9887714406152851,0.9974907940414177,501.35546875,0.12240123748779297,0.85009765625,0.2971075177192688
smol,pixelprose,final_quarter,False,4,0.5714285714285714,13,13,13,23,2.0,4096,0.0003,False,1.5,1024,512,1200,0.17952558398246765,0.17713084690731193,0.18200683360555558,0.139404296875,0.14453125,0.001220703125,0.00634765625,0.02782171219587326,0.1517038643360138,0.8946071790188151,465.6201031278625,0.30457791686058044,0.7266747951507568,0.9947890078169781,0.9887714406152851,0.9974907940414177,501.35546875,0.12240123748779297,0.85009765625,0.2971075177192688
smol,pixelprose,final_quarter,False,4,0.5714285714285714,13,13,13,23,2.0,4096,0.0003,True,1.1,1024,512,1200,0.521155834197998,0.5168096446956042,0.5251237609132658,1.0,1.0,0.0,0.0,0.09745310246944427,0.4237027168273926,0.08177811446725586,3899.4336679264165,0.3731672167778015,0.32136884331703186,0.9927692557485748,0.8282777878616695,0.9913594105756697,1894.830078125,0.46260499954223633,0.0,0.3051682710647583
smol,pixelprose,final_quarter,False,4,0.5714285714285714,13,13,13,23,2.0,4096,0.0003,True,1.25,1024,512,1200,0.521155834197998,0.5168096446956042,0.5251237609132658,1.0,1.0,0.0,0.0,0.09745310246944427,0.4237027168273926,0.08177811446725586,3899.4336679264165,0.3731672167778015,0.32136884331703186,0.9927692557485748,0.8282777878616695,0.9913594105756697,1894.830078125,0.46260499954223633,0.0,0.3051682710647583
smol,pixelprose,final_quarter,False,4,0.5714285714285714,13,13,13,23,2.0,4096,0.0003,True,1.5,1024,512,1200,0.521155834197998,0.5168096446956042,0.5251237609132658,1.0,1.0,0.0,0.0,0.09745310246944427,0.4237027168273926,0.08177811446725586,3899.4336679264165,0.3731672167778015,0.32136884331703186,0.9927692557485748,0.8282777878616695,0.9913594105756697,1894.830078125,0.46260499954223633,0.0,0.3051682710647583
smol,pixelprose,final_quarter,False,4,0.5714285714285714,13,13,13,23,2.0,4096,0.001,False,1.1,1024,512,1200,0.17857445776462555,0.17617837456127744,0.18100643642246722,0.14208984375,0.14599609375,0.00146484375,0.00537109375,0.02762206643819809,0.15095238387584686,0.894132878664365,467.2178213722203,0.2974047362804413,0.720647394657135,0.9933530139227811,0.9873302304053843,0.9974414886261572,500.76953125,0.12225818634033203,0.84912109375,0.2903446853160858
smol,pixelprose,final_quarter,False,4,0.5714285714285714,13,13,13,23,2.0,4096,0.001,False,1.25,1024,512,1200,0.17857445776462555,0.17617837456127744,0.18100643642246722,0.1396484375,0.14501953125,0.001220703125,0.006591796875,0.02762206643819809,0.15095238387584686,0.894132878664365,467.2178213722203,0.2974047362804413,0.720647394657135,0.9933530139227811,0.9873302304053843,0.9974414886261572,500.76953125,0.12225818634033203,0.84912109375,0.2903446853160858
smol,pixelprose,final_quarter,False,4,0.5714285714285714,13,13,13,23,2.0,4096,0.001,False,1.5,1024,512,1200,0.17857445776462555,0.17617837456127744,0.18100643642246722,0.138671875,0.14453125,0.001220703125,0.007080078125,0.02762206643819809,0.15095238387584686,0.894132878664365,467.2178213722203,0.2974047362804413,0.720647394657135,0.9933530139227811,0.9873302304053843,0.9974414886261572,500.76953125,0.12225818634033203,0.84912109375,0.2903446853160858
smol,pixelprose,final_quarter,False,4,0.5714285714285714,13,13,13,23,2.0,4096,0.001,True,1.1,1024,512,1200,0.5149745345115662,0.5108546675503021,0.5189532339325524,1.0,1.0,0.0,0.0,0.09649421274662018,0.4184803366661072,0.08044844151728064,3915.8410751318,0.35335177183151245,0.31664595007896423,0.9941396051969239,0.8294681927961025,0.9910230162000468,1893.46484375,0.46227169036865234,0.0,0.30135491490364075
smol,pixelprose,final_quarter,False,4,0.5714285714285714,13,13,13,23,2.0,4096,0.001,True,1.25,1024,512,1200,0.5149745345115662,0.5108546675503021,0.5189532339325524,1.0,1.0,0.0,0.0,0.09649421274662018,0.4184803366661072,0.08044844151728064,3915.8410751318,0.35335177183151245,0.31664595007896423,0.9941396051969239,0.8294681927961025,0.9910230162000468,1893.46484375,0.46227169036865234,0.0,0.30135491490364075
smol,pixelprose,final_quarter,False,4,0.5714285714285714,13,13,13,23,2.0,4096,0.001,True,1.5,1024,512,1200,0.5149745345115662,0.5108546675503021,0.5189532339325524,1.0,1.0,0.0,0.0,0.09649421274662018,0.4184803366661072,0.08044844151728064,3915.8410751318,0.35335177183151245,0.31664595007896423,0.9941396051969239,0.8294681927961025,0.9910230162000468,1893.46484375,0.46227169036865234,0.0,0.30135491490364075
smol,pixelprose,final_quarter,False,4,0.5714285714285714,13,13,13,23,4.0,4096,0.0003,False,1.1,1024,512,1200,0.17952558398246765,0.17713084690731193,0.18200683360555558,0.141845703125,0.1455078125,0.00146484375,0.005126953125,0.02782171219587326,0.1517038643360138,0.8946071790188151,465.6201031278625,0.30457791686058044,0.7266747951507568,0.9947890078169781,0.9887714406152851,0.9974907940414177,501.35546875,0.12240123748779297,0.85009765625,0.2971075177192688
smol,pixelprose,final_quarter,False,4,0.5714285714285714,13,13,13,23,4.0,4096,0.0003,False,1.25,1024,512,1200,0.17952558398246765,0.17713084690731193,0.18200683360555558,0.140380859375,0.14501953125,0.001220703125,0.005859375,0.02782171219587326,0.1517038643360138,0.8946071790188151,465.6201031278625,0.30457791686058044,0.7266747951507568,0.9947890078169781,0.9887714406152851,0.9974907940414177,501.35546875,0.12240123748779297,0.85009765625,0.2971075177192688
smol,pixelprose,final_quarter,False,4,0.5714285714285714,13,13,13,23,4.0,4096,0.0003,False,1.5,1024,512,1200,0.17952558398246765,0.17713084690731193,0.18200683360555558,0.139404296875,0.14453125,0.001220703125,0.00634765625,0.02782171219587326,0.1517038643360138,0.8946071790188151,465.6201031278625,0.30457791686058044,0.7266747951507568,0.9947890078169781,0.9887714406152851,0.9974907940414177,501.35546875,0.12240123748779297,0.85009765625,0.2971075177192688
smol,pixelprose,final_quarter,False,4,0.5714285714285714,13,13,13,23,4.0,4096,0.0003,True,1.1,1024,512,1200,0.521155834197998,0.5168096446956042,0.5251237609132658,1.0,1.0,0.0,0.0,0.09745310246944427,0.4237027168273926,0.08177811446725586,3899.4336679264165,0.3731672167778015,0.32136884331703186,0.9927692557485748,0.8282777878616695,0.9913594105756697,1894.830078125,0.46260499954223633,0.0,0.3051682710647583
smol,pixelprose,final_quarter,False,4,0.5714285714285714,13,13,13,23,4.0,4096,0.0003,True,1.25,1024,512,1200,0.521155834197998,0.5168096446956042,0.5251237609132658,1.0,1.0,0.0,0.0,0.09745310246944427,0.4237027168273926,0.08177811446725586,3899.4336679264165,0.3731672167778015,0.32136884331703186,0.9927692557485748,0.8282777878616695,0.9913594105756697,1894.830078125,0.46260499954223633,0.0,0.3051682710647583
smol,pixelprose,final_quarter,False,4,0.5714285714285714,13,13,13,23,4.0,4096,0.0003,True,1.5,1024,512,1200,0.521155834197998,0.5168096446956042,0.5251237609132658,1.0,1.0,0.0,0.0,0.09745310246944427,0.4237027168273926,0.08177811446725586,3899.4336679264165,0.3731672167778015,0.32136884331703186,0.9927692557485748,0.8282777878616695,0.9913594105756697,1894.830078125,0.46260499954223633,0.0,0.3051682710647583
smol,pixelprose,final_quarter,False,4,0.5714285714285714,13,13,13,23,4.0,4096,0.001,False,1.1,1024,512,1200,0.17857445776462555,0.17617837456127744,0.18100643642246722,0.14208984375,0.14599609375,0.00146484375,0.00537109375,0.02762206643819809,0.15095238387584686,0.894132878664365,467.2178213722203,0.2974047362804413,0.720647394657135,0.9933530139227811,0.9873302304053843,0.9974414886261572,500.76953125,0.12225818634033203,0.84912109375,0.2903446853160858
smol,pixelprose,final_quarter,False,4,0.5714285714285714,13,13,13,23,4.0,4096,0.001,False,1.25,1024,512,1200,0.17857445776462555,0.17617837456127744,0.18100643642246722,0.1396484375,0.14501953125,0.001220703125,0.006591796875,0.02762206643819809,0.15095238387584686,0.894132878664365,467.2178213722203,0.2974047362804413,0.720647394657135,0.9933530139227811,0.9873302304053843,0.9974414886261572,500.76953125,0.12225818634033203,0.84912109375,0.2903446853160858
smol,pixelprose,final_quarter,False,4,0.5714285714285714,13,13,13,23,4.0,4096,0.001,False,1.5,1024,512,1200,0.17857445776462555,0.17617837456127744,0.18100643642246722,0.138671875,0.14453125,0.001220703125,0.007080078125,0.02762206643819809,0.15095238387584686,0.894132878664365,467.2178213722203,0.2974047362804413,0.720647394657135,0.9933530139227811,0.9873302304053843,0.9974414886261572,500.76953125,0.12225818634033203,0.84912109375,0.2903446853160858
smol,pixelprose,final_quarter,False,4,0.5714285714285714,13,13,13,23,4.0,4096,0.001,True,1.1,1024,512,1200,0.5149745345115662,0.5108546675503021,0.5189532339325524,1.0,1.0,0.0,0.0,0.09649421274662018,0.4184803366661072,0.08044844151728064,3915.8410751318,0.35335177183151245,0.31664595007896423,0.9941396051969239,0.8294681927961025,0.9910230162000468,1893.46484375,0.46227169036865234,0.0,0.30135491490364075
smol,pixelprose,final_quarter,False,4,0.5714285714285714,13,13,13,23,4.0,4096,0.001,True,1.25,1024,512,1200,0.5149745345115662,0.5108546675503021,0.5189532339325524,1.0,1.0,0.0,0.0,0.09649421274662018,0.4184803366661072,0.08044844151728064,3915.8410751318,0.35335177183151245,0.31664595007896423,0.9941396051969239,0.8294681927961025,0.9910230162000468,1893.46484375,0.46227169036865234,0.0,0.30135491490364075
smol,pixelprose,final_quarter,False,4,0.5714285714285714,13,13,13,23,4.0,4096,0.001,True,1.5,1024,512,1200,0.5149745345115662,0.5108546675503021,0.5189532339325524,1.0,1.0,0.0,0.0,0.09649421274662018,0.4184803366661072,0.08044844151728064,3915.8410751318,0.35335177183151245,0.31664595007896423,0.9941396051969239,0.8294681927961025,0.9910230162000468,1893.46484375,0.46227169036865234,0.0,0.30135491490364075
smol,pixelprose,final_quarter,False,4,0.5714285714285714,13,13,13,37,2.0,4096,0.0003,False,1.1,1024,512,1200,0.1736905723810196,0.17145393246610183,0.1757673687166971,0.12939453125,0.1318359375,0.001708984375,0.004150390625,0.027284957468509674,0.14640562236309052,0.8992086311713516,445.537232373404,0.29584500193595886,0.7266976833343506,0.9945053167841739,0.9886104383536233,0.9974279461597557,463.919921875,0.11326169967651367,0.86474609375,0.2892022430896759
smol,pixelprose,final_quarter,False,4,0.5714285714285714,13,13,13,37,2.0,4096,0.0003,False,1.25,1024,512,1200,0.1736905723810196,0.17145393246610183,0.1757673687166971,0.126953125,0.13134765625,0.0009765625,0.00537109375,0.027284957468509674,0.14640562236309052,0.8992086311713516,445.537232373404,0.29584500193595886,0.7266976833343506,0.9945053167841739,0.9886104383536233,0.9974279461597557,463.919921875,0.11326169967651367,0.86474609375,0.2892022430896759
smol,pixelprose,final_quarter,False,4,0.5714285714285714,13,13,13,37,2.0,4096,0.0003,False,1.5,1024,512,1200,0.1736905723810196,0.17145393246610183,0.1757673687166971,0.12353515625,0.129638671875,0.0009765625,0.007080078125,0.027284957468509674,0.14640562236309052,0.8992086311713516,445.537232373404,0.29584500193595886,0.7266976833343506,0.9945053167841739,0.9886104383536233,0.9974279461597557,463.919921875,0.11326169967651367,0.86474609375,0.2892022430896759
smol,pixelprose,final_quarter,False,4,0.5714285714285714,13,13,13,37,2.0,4096,0.0003,True,1.1,1024,512,1200,0.5195206999778748,0.5154604688854306,0.5233709557083784,1.0,1.0,0.0,0.0,0.09665507823228836,0.4228655993938446,0.0844644744160788,3915.1756240161244,0.35139960050582886,0.3251136839389801,0.9939382625407639,0.8285083127164322,0.9949286033298966,1889.837890625,0.46138620376586914,0.0,0.304353266954422
smol,pixelprose,final_quarter,False,4,0.5714285714285714,13,13,13,37,2.0,4096,0.0003,True,1.25,1024,512,1200,0.5195206999778748,0.5154604688854306,0.5233709557083784,1.0,1.0,0.0,0.0,0.09665507823228836,0.4228655993938446,0.0844644744160788,3915.1756240161244,0.35139960050582886,0.3251136839389801,0.9939382625407639,0.8285083127164322,0.9949286033298966,1889.837890625,0.46138620376586914,0.0,0.304353266954422
smol,pixelprose,final_quarter,False,4,0.5714285714285714,13,13,13,37,2.0,4096,0.0003,True,1.5,1024,512,1200,0.5195206999778748,0.5154604688854306,0.5233709557083784,1.0,1.0,0.0,0.0,0.09665507823228836,0.4228655993938446,0.0844644744160788,3915.1756240161244,0.35139960050582886,0.3251136839389801,0.9939382625407639,0.8285083127164322,0.9949286033298966,1889.837890625,0.46138620376586914,0.0,0.304353266954422
smol,pixelprose,final_quarter,False,4,0.5714285714285714,13,13,13,37,2.0,4096,0.001,False,1.1,1024,512,1200,0.1736382246017456,0.17142180588380143,0.17567624644107127,0.128662109375,0.131591796875,0.00146484375,0.00439453125,0.027277955785393715,0.14636026322841644,0.9012870322456286,437.2262953003839,0.2943294048309326,0.719745934009552,0.9942938757315266,0.9884040184297763,0.9974716141517072,462.41796875,0.11289501190185547,0.86474609375,0.28788790106773376
smol,pixelprose,final_quarter,False,4,0.5714285714285714,13,13,13,37,2.0,4096,0.001,False,1.25,1024,512,1200,0.1736382246017456,0.17142180588380143,0.17567624644107127,0.126708984375,0.131103515625,0.0009765625,0.00537109375,0.027277955785393715,0.14636026322841644,0.9012870322456286,437.2262953003839,0.2943294048309326,0.719745934009552,0.9942938757315266,0.9884040184297763,0.9974716141517072,462.41796875,0.11289501190185547,0.86474609375,0.28788790106773376
smol,pixelprose,final_quarter,False,4,0.5714285714285714,13,13,13,37,2.0,4096,0.001,False,1.5,1024,512,1200,0.1736382246017456,0.17142180588380143,0.17567624644107127,0.123291015625,0.12939453125,0.0009765625,0.007080078125,0.027277955785393715,0.14636026322841644,0.9012870322456286,437.2262953003839,0.2943294048309326,0.719745934009552,0.9942938757315266,0.9884040184297763,0.9974716141517072,462.41796875,0.11289501190185547,0.86474609375,0.28788790106773376
smol,pixelprose,final_quarter,False,4,0.5714285714285714,13,13,13,37,2.0,4096,0.001,True,1.1,1024,512,1200,0.5151363611221313,0.5109263676742557,0.5190641592344036,1.0,1.0,0.0,0.0,0.09645311534404755,0.418683260679245,0.08306104978680909,3925.335169013628,0.3587338328361511,0.31734442710876465,0.9953863195869711,0.8289445751142284,0.9925405837089948,1890.05078125,0.4614381790161133,0.0,0.3016316592693329
smol,pixelprose,final_quarter,False,4,0.5714285714285714,13,13,13,37,2.0,4096,0.001,True,1.25,1024,512,1200,0.5151363611221313,0.5109263676742557,0.5190641592344036,1.0,1.0,0.0,0.0,0.09645311534404755,0.418683260679245,0.08306104978680909,3925.335169013628,0.3587338328361511,0.31734442710876465,0.9953863195869711,0.8289445751142284,0.9925405837089948,1890.05078125,0.4614381790161133,0.0,0.3016316592693329
smol,pixelprose,final_quarter,False,4,0.5714285714285714,13,13,13,37,2.0,4096,0.001,True,1.5,1024,512,1200,0.5151363611221313,0.5109263676742557,0.5190641592344036,1.0,1.0,0.0,0.0,0.09645311534404755,0.418683260679245,0.08306104978680909,3925.335169013628,0.3587338328361511,0.31734442710876465,0.9953863195869711,0.8289445751142284,0.9925405837089948,1890.05078125,0.4614381790161133,0.0,0.3016316592693329
smol,pixelprose,final_quarter,False,4,0.5714285714285714,13,13,13,37,4.0,4096,0.0003,False,1.1,1024,512,1200,0.1736905723810196,0.17145393246610183,0.1757673687166971,0.12939453125,0.1318359375,0.001708984375,0.004150390625,0.027284957468509674,0.14640562236309052,0.8992086311713516,445.537232373404,0.29584500193595886,0.7266976833343506,0.9945053167841739,0.9886104383536233,0.9974279461597557,463.919921875,0.11326169967651367,0.86474609375,0.2892022430896759
smol,pixelprose,final_quarter,False,4,0.5714285714285714,13,13,13,37,4.0,4096,0.0003,False,1.25,1024,512,1200,0.1736905723810196,0.17145393246610183,0.1757673687166971,0.126953125,0.13134765625,0.0009765625,0.00537109375,0.027284957468509674,0.14640562236309052,0.8992086311713516,445.537232373404,0.29584500193595886,0.7266976833343506,0.9945053167841739,0.9886104383536233,0.9974279461597557,463.919921875,0.11326169967651367,0.86474609375,0.2892022430896759
smol,pixelprose,final_quarter,False,4,0.5714285714285714,13,13,13,37,4.0,4096,0.0003,False,1.5,1024,512,1200,0.1736905723810196,0.17145393246610183,0.1757673687166971,0.12353515625,0.129638671875,0.0009765625,0.007080078125,0.027284957468509674,0.14640562236309052,0.8992086311713516,445.537232373404,0.29584500193595886,0.7266976833343506,0.9945053167841739,0.9886104383536233,0.9974279461597557,463.919921875,0.11326169967651367,0.86474609375,0.2892022430896759
smol,pixelprose,final_quarter,False,4,0.5714285714285714,13,13,13,37,4.0,4096,0.0003,True,1.1,1024,512,1200,0.5195206999778748,0.5154604688854306,0.5233709557083784,1.0,1.0,0.0,0.0,0.09665507823228836,0.4228655993938446,0.0844644744160788,3915.1756240161244,0.35139960050582886,0.3251136839389801,0.9939382625407639,0.8285083127164322,0.9949286033298966,1889.837890625,0.46138620376586914,0.0,0.304353266954422
smol,pixelprose,final_quarter,False,4,0.5714285714285714,13,13,13,37,4.0,4096,0.0003,True,1.25,1024,512,1200,0.5195206999778748,0.5154604688854306,0.5233709557083784,1.0,1.0,0.0,0.0,0.09665507823228836,0.4228655993938446,0.0844644744160788,3915.1756240161244,0.35139960050582886,0.3251136839389801,0.9939382625407639,0.8285083127164322,0.9949286033298966,1889.837890625,0.46138620376586914,0.0,0.304353266954422
smol,pixelprose,final_quarter,False,4,0.5714285714285714,13,13,13,37,4.0,4096,0.0003,True,1.5,1024,512,1200,0.5195206999778748,0.5154604688854306,0.5233709557083784,1.0,1.0,0.0,0.0,0.09665507823228836,0.4228655993938446,0.0844644744160788,3915.1756240161244,0.35139960050582886,0.3251136839389801,0.9939382625407639,0.8285083127164322,0.9949286033298966,1889.837890625,0.46138620376586914,0.0,0.304353266954422
smol,pixelprose,final_quarter,False,4,0.5714285714285714,13,13,13,37,4.0,4096,0.001,False,1.1,1024,512,1200,0.1736382246017456,0.17142180588380143,0.17567624644107127,0.128662109375,0.131591796875,0.00146484375,0.00439453125,0.027277955785393715,0.14636026322841644,0.9012870322456286,437.2262953003839,0.2943294048309326,0.719745934009552,0.9942938757315266,0.9884040184297763,0.9974716141517072,462.41796875,0.11289501190185547,0.86474609375,0.28788790106773376
smol,pixelprose,final_quarter,False,4,0.5714285714285714,13,13,13,37,4.0,4096,0.001,False,1.25,1024,512,1200,0.1736382246017456,0.17142180588380143,0.17567624644107127,0.126708984375,0.131103515625,0.0009765625,0.00537109375,0.027277955785393715,0.14636026322841644,0.9012870322456286,437.2262953003839,0.2943294048309326,0.719745934009552,0.9942938757315266,0.9884040184297763,0.9974716141517072,462.41796875,0.11289501190185547,0.86474609375,0.28788790106773376
smol,pixelprose,final_quarter,False,4,0.5714285714285714,13,13,13,37,4.0,4096,0.001,False,1.5,1024,512,1200,0.1736382246017456,0.17142180588380143,0.17567624644107127,0.123291015625,0.12939453125,0.0009765625,0.007080078125,0.027277955785393715,0.14636026322841644,0.9012870322456286,437.2262953003839,0.2943294048309326,0.719745934009552,0.9942938757315266,0.9884040184297763,0.9974716141517072,462.41796875,0.11289501190185547,0.86474609375,0.28788790106773376
smol,pixelprose,final_quarter,False,4,0.5714285714285714,13,13,13,37,4.0,4096,0.001,True,1.1,1024,512,1200,0.5151363611221313,0.5109263676742557,0.5190641592344036,1.0,1.0,0.0,0.0,0.09645311534404755,0.418683260679245,0.08306104978680909,3925.335169013628,0.3587338328361511,0.31734442710876465,0.9953863195869711,0.8289445751142284,0.9925405837089948,1890.05078125,0.4614381790161133,0.0,0.3016316592693329
smol,pixelprose,final_quarter,False,4,0.5714285714285714,13,13,13,37,4.0,4096,0.001,True,1.25,1024,512,1200,0.5151363611221313,0.5109263676742557,0.5190641592344036,1.0,1.0,0.0,0.0,0.09645311534404755,0.418683260679245,0.08306104978680909,3925.335169013628,0.3587338328361511,0.31734442710876465,0.9953863195869711,0.8289445751142284,0.9925405837089948,1890.05078125,0.4614381790161133,0.0,0.3016316592693329
smol,pixelprose,final_quarter,False,4,0.5714285714285714,13,13,13,37,4.0,4096,0.001,True,1.5,1024,512,1200,0.5151363611221313,0.5109263676742557,0.5190641592344036,1.0,1.0,0.0,0.0,0.09645311534404755,0.418683260679245,0.08306104978680909,3925.335169013628,0.3587338328361511,0.31734442710876465,0.9953863195869711,0.8289445751142284,0.9925405837089948,1890.05078125,0.4614381790161133,0.0,0.3016316592693329
smol,pixelprose,final_quarter,False,5,0.7142857142857142,16,16,16,11,2.0,4096,0.0003,False,1.1,1024,512,1200,0.27961739897727966,0.2767131124724983,0.28284762824405335,0.14453125,0.146728515625,0.001953125,0.004150390625,0.05364174395799637,0.2259756326675415,0.8916621588425836,468.92714439134966,0.5339124202728271,1.2110971212387085,0.9960143860051194,0.9917355377753889,0.9969276820522887,532.13671875,0.12991619110107422,0.84912109375,0.5307037234306335
smol,pixelprose,final_quarter,False,5,0.7142857142857142,16,16,16,11,2.0,4096,0.0003,False,1.25,1024,512,1200,0.27961739897727966,0.2767131124724983,0.28284762824405335,0.142578125,0.145751953125,0.001953125,0.005126953125,0.05364174395799637,0.2259756326675415,0.8916621588425836,468.92714439134966,0.5339124202728271,1.2110971212387085,0.9960143860051194,0.9917355377753889,0.9969276820522887,532.13671875,0.12991619110107422,0.84912109375,0.5307037234306335
smol,pixelprose,final_quarter,False,5,0.7142857142857142,16,16,16,11,2.0,4096,0.0003,False,1.5,1024,512,1200,0.27961739897727966,0.2767131124724983,0.28284762824405335,0.142578125,0.145751953125,0.001953125,0.005126953125,0.05364174395799637,0.2259756326675415,0.8916621588425836,468.92714439134966,0.5339124202728271,1.2110971212387085,0.9960143860051194,0.9917355377753889,0.9969276820522887,532.13671875,0.12991619110107422,0.84912109375,0.5307037234306335
smol,pixelprose,final_quarter,False,5,0.7142857142857142,16,16,16,11,2.0,4096,0.0003,True,1.1,1024,512,1200,0.5352560877799988,0.531897895905422,0.5391276992610073,1.0,1.0,0.0,0.0,0.12042891979217529,0.4148271679878235,0.08070422653681356,3942.2193412320944,0.34849032759666443,0.3193542957305908,0.9977162958837447,0.8259016632710581,0.9942748173787049,1895.76171875,0.4628324508666992,0.0,0.3067088723182678
smol,pixelprose,final_quarter,False,5,0.7142857142857142,16,16,16,11,2.0,4096,0.0003,True,1.25,1024,512,1200,0.5352560877799988,0.531897895905422,0.5391276992610073,1.0,1.0,0.0,0.0,0.12042891979217529,0.4148271679878235,0.08070422653681356,3942.2193412320944,0.34849032759666443,0.3193542957305908,0.9977162958837447,0.8259016632710581,0.9942748173787049,1895.76171875,0.4628324508666992,0.0,0.3067088723182678
smol,pixelprose,final_quarter,False,5,0.7142857142857142,16,16,16,11,2.0,4096,0.0003,True,1.5,1024,512,1200,0.5352560877799988,0.531897895905422,0.5391276992610073,1.0,1.0,0.0,0.0,0.12042891979217529,0.4148271679878235,0.08070422653681356,3942.2193412320944,0.34849032759666443,0.3193542957305908,0.9977162958837447,0.8259016632710581,0.9942748173787049,1895.76171875,0.4628324508666992,0.0,0.3067088723182678
smol,pixelprose,final_quarter,False,5,0.7142857142857142,16,16,16,11,2.0,4096,0.001,False,1.1,1024,512,1200,0.27823635935783386,0.2753821911763225,0.2814379310315417,0.144287109375,0.146484375,0.001953125,0.004150390625,0.05346681550145149,0.22476953268051147,0.8922790555723138,464.4373478619327,0.5252246856689453,1.1949437856674194,0.9959693991340826,0.9916877943226308,0.9969353456345885,530.306640625,0.1294693946838379,0.849365234375,0.524300217628479
smol,pixelprose,final_quarter,False,5,0.7142857142857142,16,16,16,11,2.0,4096,0.001,False,1.25,1024,512,1200,0.27823635935783386,0.2753821911763225,0.2814379310315417,0.142333984375,0.1455078125,0.001953125,0.005126953125,0.05346681550145149,0.22476953268051147,0.8922790555723138,464.4373478619327,0.5252246856689453,1.1949437856674194,0.9959693991340826,0.9916877943226308,0.9969353456345885,530.306640625,0.1294693946838379,0.849365234375,0.524300217628479
smol,pixelprose,final_quarter,False,5,0.7142857142857142,16,16,16,11,2.0,4096,0.001,False,1.5,1024,512,1200,0.27823635935783386,0.2753821911763225,0.2814379310315417,0.142333984375,0.1455078125,0.001953125,0.005126953125,0.05346681550145149,0.22476953268051147,0.8922790555723138,464.4373478619327,0.5252246856689453,1.1949437856674194,0.9959693991340826,0.9916877943226308,0.9969353456345885,530.306640625,0.1294693946838379,0.849365234375,0.524300217628479
smol,pixelprose,final_quarter,False,5,0.7142857142857142,16,16,16,11,2.0,4096,0.001,True,1.1,1024,512,1200,0.5196958780288696,0.5161764474134543,0.5234626159610343,1.0,1.0,0.0,0.0,0.11869744956493378,0.40099847316741943,0.08130882846156842,3928.4634403151804,0.3475460410118103,0.3126668334007263,0.999508171649982,0.8269773505073704,0.994853621234144,1869.017578125,0.45630311965942383,0.0,0.295026034116745
smol,pixelprose,final_quarter,False,5,0.7142857142857142,16,16,16,11,2.0,4096,0.001,True,1.25,1024,512,1200,0.5196958780288696,0.5161764474134543,0.5234626159610343,1.0,1.0,0.0,0.0,0.11869744956493378,0.40099847316741943,0.08130882846156842,3928.4634403151804,0.3475460410118103,0.3126668334007263,0.999508171649982,0.8269773505073704,0.994853621234144,1869.017578125,0.45630311965942383,0.0,0.295026034116745
smol,pixelprose,final_quarter,False,5,0.7142857142857142,16,16,16,11,2.0,4096,0.001,True,1.5,1024,512,1200,0.5196958780288696,0.5161764474134543,0.5234626159610343,1.0,1.0,0.0,0.0,0.11869744956493378,0.40099847316741943,0.08130882846156842,3928.4634403151804,0.3475460410118103,0.3126668334007263,0.999508171649982,0.8269773505073704,0.994853621234144,1869.017578125,0.45630311965942383,0.0,0.295026034116745
smol,pixelprose,final_quarter,False,5,0.7142857142857142,16,16,16,11,4.0,4096,0.0003,False,1.1,1024,512,1200,0.27961739897727966,0.2767131124724983,0.28284762824405335,0.14453125,0.146728515625,0.001953125,0.004150390625,0.05364174395799637,0.2259756326675415,0.8916621588425836,468.92714439134966,0.5339124202728271,1.2110971212387085,0.9960143860051194,0.9917355377753889,0.9969276820522887,532.13671875,0.12991619110107422,0.84912109375,0.5307037234306335
smol,pixelprose,final_quarter,False,5,0.7142857142857142,16,16,16,11,4.0,4096,0.0003,False,1.25,1024,512,1200,0.27961739897727966,0.2767131124724983,0.28284762824405335,0.142578125,0.145751953125,0.001953125,0.005126953125,0.05364174395799637,0.2259756326675415,0.8916621588425836,468.92714439134966,0.5339124202728271,1.2110971212387085,0.9960143860051194,0.9917355377753889,0.9969276820522887,532.13671875,0.12991619110107422,0.84912109375,0.5307037234306335
smol,pixelprose,final_quarter,False,5,0.7142857142857142,16,16,16,11,4.0,4096,0.0003,False,1.5,1024,512,1200,0.27961739897727966,0.2767131124724983,0.28284762824405335,0.142578125,0.145751953125,0.001953125,0.005126953125,0.05364174395799637,0.2259756326675415,0.8916621588425836,468.92714439134966,0.5339124202728271,1.2110971212387085,0.9960143860051194,0.9917355377753889,0.9969276820522887,532.13671875,0.12991619110107422,0.84912109375,0.5307037234306335
smol,pixelprose,final_quarter,False,5,0.7142857142857142,16,16,16,11,4.0,4096,0.0003,True,1.1,1024,512,1200,0.5352560877799988,0.531897895905422,0.5391276992610073,1.0,1.0,0.0,0.0,0.12042891979217529,0.4148271679878235,0.08070422653681356,3942.2193412320944,0.34849032759666443,0.3193542957305908,0.9977162958837447,0.8259016632710581,0.9942748173787049,1895.76171875,0.4628324508666992,0.0,0.3067088723182678
smol,pixelprose,final_quarter,False,5,0.7142857142857142,16,16,16,11,4.0,4096,0.0003,True,1.25,1024,512,1200,0.5352560877799988,0.531897895905422,0.5391276992610073,1.0,1.0,0.0,0.0,0.12042891979217529,0.4148271679878235,0.08070422653681356,3942.2193412320944,0.34849032759666443,0.3193542957305908,0.9977162958837447,0.8259016632710581,0.9942748173787049,1895.76171875,0.4628324508666992,0.0,0.3067088723182678
smol,pixelprose,final_quarter,False,5,0.7142857142857142,16,16,16,11,4.0,4096,0.0003,True,1.5,1024,512,1200,0.5352560877799988,0.531897895905422,0.5391276992610073,1.0,1.0,0.0,0.0,0.12042891979217529,0.4148271679878235,0.08070422653681356,3942.2193412320944,0.34849032759666443,0.3193542957305908,0.9977162958837447,0.8259016632710581,0.9942748173787049,1895.76171875,0.4628324508666992,0.0,0.3067088723182678
smol,pixelprose,final_quarter,False,5,0.7142857142857142,16,16,16,11,4.0,4096,0.001,False,1.1,1024,512,1200,0.27823635935783386,0.2753821911763225,0.2814379310315417,0.144287109375,0.146484375,0.001953125,0.004150390625,0.05346681550145149,0.22476953268051147,0.8922790555723138,464.4373478619327,0.5252246856689453,1.1949437856674194,0.9959693991340826,0.9916877943226308,0.9969353456345885,530.306640625,0.1294693946838379,0.849365234375,0.524300217628479
smol,pixelprose,final_quarter,False,5,0.7142857142857142,16,16,16,11,4.0,4096,0.001,False,1.25,1024,512,1200,0.27823635935783386,0.2753821911763225,0.2814379310315417,0.142333984375,0.1455078125,0.001953125,0.005126953125,0.05346681550145149,0.22476953268051147,0.8922790555723138,464.4373478619327,0.5252246856689453,1.1949437856674194,0.9959693991340826,0.9916877943226308,0.9969353456345885,530.306640625,0.1294693946838379,0.849365234375,0.524300217628479
smol,pixelprose,final_quarter,False,5,0.7142857142857142,16,16,16,11,4.0,4096,0.001,False,1.5,1024,512,1200,0.27823635935783386,0.2753821911763225,0.2814379310315417,0.142333984375,0.1455078125,0.001953125,0.005126953125,0.05346681550145149,0.22476953268051147,0.8922790555723138,464.4373478619327,0.5252246856689453,1.1949437856674194,0.9959693991340826,0.9916877943226308,0.9969353456345885,530.306640625,0.1294693946838379,0.849365234375,0.524300217628479
smol,pixelprose,final_quarter,False,5,0.7142857142857142,16,16,16,11,4.0,4096,0.001,True,1.1,1024,512,1200,0.5196958780288696,0.5161764474134543,0.5234626159610343,1.0,1.0,0.0,0.0,0.11869744956493378,0.40099847316741943,0.08130882846156842,3928.4634403151804,0.3475460410118103,0.3126668334007263,0.999508171649982,0.8269773505073704,0.994853621234144,1869.017578125,0.45630311965942383,0.0,0.295026034116745
smol,pixelprose,final_quarter,False,5,0.7142857142857142,16,16,16,11,4.0,4096,0.001,True,1.25,1024,512,1200,0.5196958780288696,0.5161764474134543,0.5234626159610343,1.0,1.0,0.0,0.0,0.11869744956493378,0.40099847316741943,0.08130882846156842,3928.4634403151804,0.3475460410118103,0.3126668334007263,0.999508171649982,0.8269773505073704,0.994853621234144,1869.017578125,0.45630311965942383,0.0,0.295026034116745
smol,pixelprose,final_quarter,False,5,0.7142857142857142,16,16,16,11,4.0,4096,0.001,True,1.5,1024,512,1200,0.5196958780288696,0.5161764474134543,0.5234626159610343,1.0,1.0,0.0,0.0,0.11869744956493378,0.40099847316741943,0.08130882846156842,3928.4634403151804,0.3475460410118103,0.3126668334007263,0.999508171649982,0.8269773505073704,0.994853621234144,1869.017578125,0.45630311965942383,0.0,0.295026034116745
smol,pixelprose,final_quarter,False,5,0.7142857142857142,16,16,16,23,2.0,4096,0.0003,False,1.1,1024,512,1200,0.2808496654033661,0.27715698515676196,0.2844744501737296,0.13671875,0.14208984375,0.0009765625,0.00634765625,0.05421588569879532,0.22663378715515137,0.8910369315397273,480.0690537014427,0.5321841239929199,1.1969397068023682,0.9959618407550551,0.9917239823273689,0.9966952268700877,521.431640625,0.1273026466369629,0.8525390625,0.529452383518219
smol,pixelprose,final_quarter,False,5,0.7142857142857142,16,16,16,23,2.0,4096,0.0003,False,1.25,1024,512,1200,0.2808496654033661,0.27715698515676196,0.2844744501737296,0.134765625,0.14111328125,0.0009765625,0.00732421875,0.05421588569879532,0.22663378715515137,0.8910369315397273,480.0690537014427,0.5321841239929199,1.1969397068023682,0.9959618407550551,0.9917239823273689,0.9966952268700877,521.431640625,0.1273026466369629,0.8525390625,0.529452383518219
smol,pixelprose,final_quarter,False,5,0.7142857142857142,16,16,16,23,2.0,4096,0.0003,False,1.5,1024,512,1200,0.2808496654033661,0.27715698515676196,0.2844744501737296,0.1337890625,0.140625,0.0009765625,0.0078125,0.05421588569879532,0.22663378715515137,0.8910369315397273,480.0690537014427,0.5321841239929199,1.1969397068023682,0.9959618407550551,0.9917239823273689,0.9966952268700877,521.431640625,0.1273026466369629,0.8525390625,0.529452383518219
smol,pixelprose,final_quarter,False,5,0.7142857142857142,16,16,16,23,2.0,4096,0.0003,True,1.1,1024,512,1200,0.5360352396965027,0.5316511347351479,0.5401306581930839,1.0,1.0,0.0,0.0,0.12015649676322937,0.4158787131309509,0.07825605331165371,3963.5766001274983,0.3624427914619446,0.32134169340133667,0.9951063837126923,0.8220662986465709,0.9894577214291759,1902.7109375,0.46452903747558594,0.0,0.3078141510486603
smol,pixelprose,final_quarter,False,5,0.7142857142857142,16,16,16,23,2.0,4096,0.0003,True,1.25,1024,512,1200,0.5360352396965027,0.5316511347351479,0.5401306581930839,1.0,1.0,0.0,0.0,0.12015649676322937,0.4158787131309509,0.07825605331165371,3963.5766001274983,0.3624427914619446,0.32134169340133667,0.9951063837126923,0.8220662986465709,0.9894577214291759,1902.7109375,0.46452903747558594,0.0,0.3078141510486603
smol,pixelprose,final_quarter,False,5,0.7142857142857142,16,16,16,23,2.0,4096,0.0003,True,1.5,1024,512,1200,0.5360352396965027,0.5316511347351479,0.5401306581930839,1.0,1.0,0.0,0.0,0.12015649676322937,0.4158787131309509,0.07825605331165371,3963.5766001274983,0.3624427914619446,0.32134169340133667,0.9951063837126923,0.8220662986465709,0.9894577214291759,1902.7109375,0.46452903747558594,0.0,0.3078141510486603
smol,pixelprose,final_quarter,False,5,0.7142857142857142,16,16,16,23,2.0,4096,0.001,False,1.1,1024,512,1200,0.2803364098072052,0.27668990502133967,0.2839404370817647,0.13671875,0.14208984375,0.0009765625,0.00634765625,0.05410293862223625,0.22623346745967865,0.8914597911120138,477.42300404563053,0.5203382968902588,1.1886727809906006,0.995814869905416,0.9915805995332286,0.9966125524851789,520.57421875,0.12709331512451172,0.852783203125,0.5176296234130859
smol,pixelprose,final_quarter,False,5,0.7142857142857142,16,16,16,23,2.0,4096,0.001,False,1.25,1024,512,1200,0.2803364098072052,0.27668990502133967,0.2839404370817647,0.134765625,0.14111328125,0.0009765625,0.00732421875,0.05410293862223625,0.22623346745967865,0.8914597911120138,477.42300404563053,0.5203382968902588,1.1886727809906006,0.995814869905416,0.9915805995332286,0.9966125524851789,520.57421875,0.12709331512451172,0.852783203125,0.5176296234130859
smol,pixelprose,final_quarter,False,5,0.7142857142857142,16,16,16,23,2.0,4096,0.001,False,1.5,1024,512,1200,0.2803364098072052,0.27668990502133967,0.2839404370817647,0.1337890625,0.140625,0.0009765625,0.0078125,0.05410293862223625,0.22623346745967865,0.8914597911120138,477.42300404563053,0.5203382968902588,1.1886727809906006,0.995814869905416,0.9915805995332286,0.9966125524851789,520.57421875,0.12709331512451172,0.852783203125,0.5176296234130859
smol,pixelprose,final_quarter,False,5,0.7142857142857142,16,16,16,23,2.0,4096,0.001,True,1.1,1024,512,1200,0.5053877234458923,0.5011025867454009,0.5097970809554682,1.0,1.0,0.0,0.0,0.11721529066562653,0.388172447681427,0.09801790281196061,3885.708777064561,0.38389140367507935,0.3165507912635803,0.9986345260115077,0.8236764640232703,0.9935882575680877,1834.576171875,0.4478945732116699,0.0,0.2843182682991028
smol,pixelprose,final_quarter,False,5,0.7142857142857142,16,16,16,23,2.0,4096,0.001,True,1.25,1024,512,1200,0.5053877234458923,0.5011025867454009,0.5097970809554682,1.0,1.0,0.0,0.0,0.11721529066562653,0.388172447681427,0.09801790281196061,3885.708777064561,0.38389140367507935,0.3165507912635803,0.9986345260115077,0.8236764640232703,0.9935882575680877,1834.576171875,0.4478945732116699,0.0,0.2843182682991028
smol,pixelprose,final_quarter,False,5,0.7142857142857142,16,16,16,23,2.0,4096,0.001,True,1.5,1024,512,1200,0.5053877234458923,0.5011025867454009,0.5097970809554682,1.0,1.0,0.0,0.0,0.11721529066562653,0.388172447681427,0.09801790281196061,3885.708777064561,0.38389140367507935,0.3165507912635803,0.9986345260115077,0.8236764640232703,0.9935882575680877,1834.576171875,0.4478945732116699,0.0,0.2843182682991028
smol,pixelprose,final_quarter,False,5,0.7142857142857142,16,16,16,23,4.0,4096,0.0003,False,1.1,1024,512,1200,0.2808496654033661,0.27715698515676196,0.2844744501737296,0.13671875,0.14208984375,0.0009765625,0.00634765625,0.05421588569879532,0.22663378715515137,0.8910369315397273,480.0690537014427,0.5321841239929199,1.1969397068023682,0.9959618407550551,0.9917239823273689,0.9966952268700877,521.431640625,0.1273026466369629,0.8525390625,0.529452383518219
smol,pixelprose,final_quarter,False,5,0.7142857142857142,16,16,16,23,4.0,4096,0.0003,False,1.25,1024,512,1200,0.2808496654033661,0.27715698515676196,0.2844744501737296,0.134765625,0.14111328125,0.0009765625,0.00732421875,0.05421588569879532,0.22663378715515137,0.8910369315397273,480.0690537014427,0.5321841239929199,1.1969397068023682,0.9959618407550551,0.9917239823273689,0.9966952268700877,521.431640625,0.1273026466369629,0.8525390625,0.529452383518219
smol,pixelprose,final_quarter,False,5,0.7142857142857142,16,16,16,23,4.0,4096,0.0003,False,1.5,1024,512,1200,0.2808496654033661,0.27715698515676196,0.2844744501737296,0.1337890625,0.140625,0.0009765625,0.0078125,0.05421588569879532,0.22663378715515137,0.8910369315397273,480.0690537014427,0.5321841239929199,1.1969397068023682,0.9959618407550551,0.9917239823273689,0.9966952268700877,521.431640625,0.1273026466369629,0.8525390625,0.529452383518219
smol,pixelprose,final_quarter,False,5,0.7142857142857142,16,16,16,23,4.0,4096,0.0003,True,1.1,1024,512,1200,0.5360352396965027,0.5316511347351479,0.5401306581930839,1.0,1.0,0.0,0.0,0.12015649676322937,0.4158787131309509,0.07825605331165371,3963.5766001274983,0.3624427914619446,0.32134169340133667,0.9951063837126923,0.8220662986465709,0.9894577214291759,1902.7109375,0.46452903747558594,0.0,0.3078141510486603
smol,pixelprose,final_quarter,False,5,0.7142857142857142,16,16,16,23,4.0,4096,0.0003,True,1.25,1024,512,1200,0.5360352396965027,0.5316511347351479,0.5401306581930839,1.0,1.0,0.0,0.0,0.12015649676322937,0.4158787131309509,0.07825605331165371,3963.5766001274983,0.3624427914619446,0.32134169340133667,0.9951063837126923,0.8220662986465709,0.9894577214291759,1902.7109375,0.46452903747558594,0.0,0.3078141510486603
smol,pixelprose,final_quarter,False,5,0.7142857142857142,16,16,16,23,4.0,4096,0.0003,True,1.5,1024,512,1200,0.5360352396965027,0.5316511347351479,0.5401306581930839,1.0,1.0,0.0,0.0,0.12015649676322937,0.4158787131309509,0.07825605331165371,3963.5766001274983,0.3624427914619446,0.32134169340133667,0.9951063837126923,0.8220662986465709,0.9894577214291759,1902.7109375,0.46452903747558594,0.0,0.3078141510486603
smol,pixelprose,final_quarter,False,5,0.7142857142857142,16,16,16,23,4.0,4096,0.001,False,1.1,1024,512,1200,0.2803364098072052,0.27668990502133967,0.2839404370817647,0.13671875,0.14208984375,0.0009765625,0.00634765625,0.05410293862223625,0.22623346745967865,0.8914597911120138,477.42300404563053,0.5203382968902588,1.1886727809906006,0.995814869905416,0.9915805995332286,0.9966125524851789,520.57421875,0.12709331512451172,0.852783203125,0.5176296234130859
smol,pixelprose,final_quarter,False,5,0.7142857142857142,16,16,16,23,4.0,4096,0.001,False,1.25,1024,512,1200,0.2803364098072052,0.27668990502133967,0.2839404370817647,0.134765625,0.14111328125,0.0009765625,0.00732421875,0.05410293862223625,0.22623346745967865,0.8914597911120138,477.42300404563053,0.5203382968902588,1.1886727809906006,0.995814869905416,0.9915805995332286,0.9966125524851789,520.57421875,0.12709331512451172,0.852783203125,0.5176296234130859
smol,pixelprose,final_quarter,False,5,0.7142857142857142,16,16,16,23,4.0,4096,0.001,False,1.5,1024,512,1200,0.2803364098072052,0.27668990502133967,0.2839404370817647,0.1337890625,0.140625,0.0009765625,0.0078125,0.05410293862223625,0.22623346745967865,0.8914597911120138,477.42300404563053,0.5203382968902588,1.1886727809906006,0.995814869905416,0.9915805995332286,0.9966125524851789,520.57421875,0.12709331512451172,0.852783203125,0.5176296234130859
smol,pixelprose,final_quarter,False,5,0.7142857142857142,16,16,16,23,4.0,4096,0.001,True,1.1,1024,512,1200,0.5053877234458923,0.5011025867454009,0.5097970809554682,1.0,1.0,0.0,0.0,0.11721529066562653,0.388172447681427,0.09801790281196061,3885.708777064561,0.38389140367507935,0.3165507912635803,0.9986345260115077,0.8236764640232703,0.9935882575680877,1834.576171875,0.4478945732116699,0.0,0.2843182682991028
smol,pixelprose,final_quarter,False,5,0.7142857142857142,16,16,16,23,4.0,4096,0.001,True,1.25,1024,512,1200,0.5053877234458923,0.5011025867454009,0.5097970809554682,1.0,1.0,0.0,0.0,0.11721529066562653,0.388172447681427,0.09801790281196061,3885.708777064561,0.38389140367507935,0.3165507912635803,0.9986345260115077,0.8236764640232703,0.9935882575680877,1834.576171875,0.4478945732116699,0.0,0.2843182682991028
smol,pixelprose,final_quarter,False,5,0.7142857142857142,16,16,16,23,4.0,4096,0.001,True,1.5,1024,512,1200,0.5053877234458923,0.5011025867454009,0.5097970809554682,1.0,1.0,0.0,0.0,0.11721529066562653,0.388172447681427,0.09801790281196061,3885.708777064561,0.38389140367507935,0.3165507912635803,0.9986345260115077,0.8236764640232703,0.9935882575680877,1834.576171875,0.4478945732116699,0.0,0.2843182682991028
smol,pixelprose,final_quarter,False,5,0.7142857142857142,16,16,16,37,2.0,4096,0.0003,False,1.1,1024,512,1200,0.28323423862457275,0.27956710549260605,0.2874842772529519,0.1357421875,0.139892578125,0.002197265625,0.00634765625,0.05385376513004303,0.22938048839569092,0.8929739419557623,471.3574660592334,0.5297617316246033,1.208592414855957,0.9955850911902835,0.9913742964747555,0.9966892139481583,519.15625,0.12674713134765625,0.85498046875,0.5270072221755981
smol,pixelprose,final_quarter,False,5,0.7142857142857142,16,16,16,37,2.0,4096,0.0003,False,1.25,1024,512,1200,0.28323423862457275,0.27956710549260605,0.2874842772529519,0.134765625,0.1396484375,0.001953125,0.0068359375,0.05385376513004303,0.22938048839569092,0.8929739419557623,471.3574660592334,0.5297617316246033,1.208592414855957,0.9955850911902835,0.9913742964747555,0.9966892139481583,519.15625,0.12674713134765625,0.85498046875,0.5270072221755981
smol,pixelprose,final_quarter,False,5,0.7142857142857142,16,16,16,37,2.0,4096,0.0003,False,1.5,1024,512,1200,0.28323423862457275,0.27956710549260605,0.2874842772529519,0.13427734375,0.139404296875,0.001953125,0.007080078125,0.05385376513004303,0.22938048839569092,0.8929739419557623,471.3574660592334,0.5297617316246033,1.208592414855957,0.9955850911902835,0.9913742964747555,0.9966892139481583,519.15625,0.12674713134765625,0.85498046875,0.5270072221755981
smol,pixelprose,final_quarter,False,5,0.7142857142857142,16,16,16,37,2.0,4096,0.0003,True,1.1,1024,512,1200,0.533588707447052,0.5294827778765466,0.5384907194427797,1.0,1.0,0.0,0.0,0.11958872526884079,0.4139999747276306,0.07925130910579525,3970.261916044021,0.3590259253978729,0.31970590353012085,0.9968239856021228,0.8254543567578407,0.9935013818787223,1898.43359375,0.4634847640991211,0.0,0.3062964975833893
smol,pixelprose,final_quarter,False,5,0.7142857142857142,16,16,16,37,2.0,4096,0.0003,True,1.25,1024,512,1200,0.533588707447052,0.5294827778765466,0.5384907194427797,1.0,1.0,0.0,0.0,0.11958872526884079,0.4139999747276306,0.07925130910579525,3970.261916044021,0.3590259253978729,0.31970590353012085,0.9968239856021228,0.8254543567578407,0.9935013818787223,1898.43359375,0.4634847640991211,0.0,0.3062964975833893
smol,pixelprose,final_quarter,False,5,0.7142857142857142,16,16,16,37,2.0,4096,0.0003,True,1.5,1024,512,1200,0.533588707447052,0.5294827778765466,0.5384907194427797,1.0,1.0,0.0,0.0,0.11958872526884079,0.4139999747276306,0.07925130910579525,3970.261916044021,0.3590259253978729,0.31970590353012085,0.9968239856021228,0.8254543567578407,0.9935013818787223,1898.43359375,0.4634847640991211,0.0,0.3062964975833893
smol,pixelprose,final_quarter,False,5,0.7142857142857142,16,16,16,37,2.0,4096,0.001,False,1.1,1024,512,1200,0.282902330160141,0.27926447797362924,0.2871210462588351,0.135986328125,0.139892578125,0.002197265625,0.006103515625,0.053829021751880646,0.22907330095767975,0.8913479656138923,476.76694883372187,0.5276426076889038,1.2165112495422363,0.9959209656855199,0.9917052866754765,0.996972340315199,520.517578125,0.12707948684692383,0.85498046875,0.5250071287155151
smol,pixelprose,final_quarter,False,5,0.7142857142857142,16,16,16,37,2.0,4096,0.001,False,1.25,1024,512,1200,0.282902330160141,0.27926447797362924,0.2871210462588351,0.134521484375,0.139404296875,0.001953125,0.0068359375,0.053829021751880646,0.22907330095767975,0.8913479656138923,476.76694883372187,0.5276426076889038,1.2165112495422363,0.9959209656855199,0.9917052866754765,0.996972340315199,520.517578125,0.12707948684692383,0.85498046875,0.5250071287155151
smol,pixelprose,final_quarter,False,5,0.7142857142857142,16,16,16,37,2.0,4096,0.001,False,1.5,1024,512,1200,0.282902330160141,0.27926447797362924,0.2871210462588351,0.134033203125,0.13916015625,0.001953125,0.007080078125,0.053829021751880646,0.22907330095767975,0.8913479656138923,476.76694883372187,0.5276426076889038,1.2165112495422363,0.9959209656855199,0.9917052866754765,0.996972340315199,520.517578125,0.12707948684692383,0.85498046875,0.5250071287155151
smol,pixelprose,final_quarter,False,5,0.7142857142857142,16,16,16,37,2.0,4096,0.001,True,1.1,1024,512,1200,0.530015230178833,0.5260603507456836,0.5349063068657415,1.0,1.0,0.0,0.0,0.1190497875213623,0.4109654426574707,0.07917422301363897,3972.5664800370764,0.358980655670166,0.3179728388786316,0.994771751815584,0.8239956091159778,0.9982290831425008,1898.4609375,0.46349143981933594,0.0,0.3040374517440796
smol,pixelprose,final_quarter,False,5,0.7142857142857142,16,16,16,37,2.0,4096,0.001,True,1.25,1024,512,1200,0.530015230178833,0.5260603507456836,0.5349063068657415,1.0,1.0,0.0,0.0,0.1190497875213623,0.4109654426574707,0.07917422301363897,3972.5664800370764,0.358980655670166,0.3179728388786316,0.994771751815584,0.8239956091159778,0.9982290831425008,1898.4609375,0.46349143981933594,0.0,0.3040374517440796
smol,pixelprose,final_quarter,False,5,0.7142857142857142,16,16,16,37,2.0,4096,0.001,True,1.5,1024,512,1200,0.530015230178833,0.5260603507456836,0.5349063068657415,1.0,1.0,0.0,0.0,0.1190497875213623,0.4109654426574707,0.07917422301363897,3972.5664800370764,0.358980655670166,0.3179728388786316,0.994771751815584,0.8239956091159778,0.9982290831425008,1898.4609375,0.46349143981933594,0.0,0.3040374517440796
smol,pixelprose,final_quarter,False,5,0.7142857142857142,16,16,16,37,4.0,4096,0.0003,False,1.1,1024,512,1200,0.28323423862457275,0.27956710549260605,0.2874842772529519,0.1357421875,0.139892578125,0.002197265625,0.00634765625,0.05385376513004303,0.22938048839569092,0.8929739419557623,471.3574660592334,0.5297617316246033,1.208592414855957,0.9955850911902835,0.9913742964747555,0.9966892139481583,519.15625,0.12674713134765625,0.85498046875,0.5270072221755981
smol,pixelprose,final_quarter,False,5,0.7142857142857142,16,16,16,37,4.0,4096,0.0003,False,1.25,1024,512,1200,0.28323423862457275,0.27956710549260605,0.2874842772529519,0.134765625,0.1396484375,0.001953125,0.0068359375,0.05385376513004303,0.22938048839569092,0.8929739419557623,471.3574660592334,0.5297617316246033,1.208592414855957,0.9955850911902835,0.9913742964747555,0.9966892139481583,519.15625,0.12674713134765625,0.85498046875,0.5270072221755981
smol,pixelprose,final_quarter,False,5,0.7142857142857142,16,16,16,37,4.0,4096,0.0003,False,1.5,1024,512,1200,0.28323423862457275,0.27956710549260605,0.2874842772529519,0.13427734375,0.139404296875,0.001953125,0.007080078125,0.05385376513004303,0.22938048839569092,0.8929739419557623,471.3574660592334,0.5297617316246033,1.208592414855957,0.9955850911902835,0.9913742964747555,0.9966892139481583,519.15625,0.12674713134765625,0.85498046875,0.5270072221755981
smol,pixelprose,final_quarter,False,5,0.7142857142857142,16,16,16,37,4.0,4096,0.0003,True,1.1,1024,512,1200,0.533588707447052,0.5294827778765466,0.5384907194427797,1.0,1.0,0.0,0.0,0.11958872526884079,0.4139999747276306,0.07925130910579525,3970.261916044021,0.3590259253978729,0.31970590353012085,0.9968239856021228,0.8254543567578407,0.9935013818787223,1898.43359375,0.4634847640991211,0.0,0.3062964975833893
smol,pixelprose,final_quarter,False,5,0.7142857142857142,16,16,16,37,4.0,4096,0.0003,True,1.25,1024,512,1200,0.533588707447052,0.5294827778765466,0.5384907194427797,1.0,1.0,0.0,0.0,0.11958872526884079,0.4139999747276306,0.07925130910579525,3970.261916044021,0.3590259253978729,0.31970590353012085,0.9968239856021228,0.8254543567578407,0.9935013818787223,1898.43359375,0.4634847640991211,0.0,0.3062964975833893
smol,pixelprose,final_quarter,False,5,0.7142857142857142,16,16,16,37,4.0,4096,0.0003,True,1.5,1024,512,1200,0.533588707447052,0.5294827778765466,0.5384907194427797,1.0,1.0,0.0,0.0,0.11958872526884079,0.4139999747276306,0.07925130910579525,3970.261916044021,0.3590259253978729,0.31970590353012085,0.9968239856021228,0.8254543567578407,0.9935013818787223,1898.43359375,0.4634847640991211,0.0,0.3062964975833893
smol,pixelprose,final_quarter,False,5,0.7142857142857142,16,16,16,37,4.0,4096,0.001,False,1.1,1024,512,1200,0.282902330160141,0.27926447797362924,0.2871210462588351,0.135986328125,0.139892578125,0.002197265625,0.006103515625,0.053829021751880646,0.22907330095767975,0.8913479656138923,476.76694883372187,0.5276426076889038,1.2165112495422363,0.9959209656855199,0.9917052866754765,0.996972340315199,520.517578125,0.12707948684692383,0.85498046875,0.5250071287155151
smol,pixelprose,final_quarter,False,5,0.7142857142857142,16,16,16,37,4.0,4096,0.001,False,1.25,1024,512,1200,0.282902330160141,0.27926447797362924,0.2871210462588351,0.134521484375,0.139404296875,0.001953125,0.0068359375,0.053829021751880646,0.22907330095767975,0.8913479656138923,476.76694883372187,0.5276426076889038,1.2165112495422363,0.9959209656855199,0.9917052866754765,0.996972340315199,520.517578125,0.12707948684692383,0.85498046875,0.5250071287155151
smol,pixelprose,final_quarter,False,5,0.7142857142857142,16,16,16,37,4.0,4096,0.001,False,1.5,1024,512,1200,0.282902330160141,0.27926447797362924,0.2871210462588351,0.134033203125,0.13916015625,0.001953125,0.007080078125,0.053829021751880646,0.22907330095767975,0.8913479656138923,476.76694883372187,0.5276426076889038,1.2165112495422363,0.9959209656855199,0.9917052866754765,0.996972340315199,520.517578125,0.12707948684692383,0.85498046875,0.5250071287155151
smol,pixelprose,final_quarter,False,5,0.7142857142857142,16,16,16,37,4.0,4096,0.001,True,1.1,1024,512,1200,0.530015230178833,0.5260603507456836,0.5349063068657415,1.0,1.0,0.0,0.0,0.1190497875213623,0.4109654426574707,0.07917422301363897,3972.5664800370764,0.358980655670166,0.3179728388786316,0.994771751815584,0.8239956091159778,0.9982290831425008,1898.4609375,0.46349143981933594,0.0,0.3040374517440796
smol,pixelprose,final_quarter,False,5,0.7142857142857142,16,16,16,37,4.0,4096,0.001,True,1.25,1024,512,1200,0.530015230178833,0.5260603507456836,0.5349063068657415,1.0,1.0,0.0,0.0,0.1190497875213623,0.4109654426574707,0.07917422301363897,3972.5664800370764,0.358980655670166,0.3179728388786316,0.994771751815584,0.8239956091159778,0.9982290831425008,1898.4609375,0.46349143981933594,0.0,0.3040374517440796
smol,pixelprose,final_quarter,False,5,0.7142857142857142,16,16,16,37,4.0,4096,0.001,True,1.5,1024,512,1200,0.530015230178833,0.5260603507456836,0.5349063068657415,1.0,1.0,0.0,0.0,0.1190497875213623,0.4109654426574707,0.07917422301363897,3972.5664800370764,0.358980655670166,0.3179728388786316,0.994771751815584,0.8239956091159778,0.9982290831425008,1898.4609375,0.46349143981933594,0.0,0.3040374517440796
smol,pixelprose,final_quarter,False,6,0.8571428571428571,20,20,20,11,2.0,4096,0.0003,False,1.1,1024,512,1200,0.8141344785690308,0.8064827922178666,0.8221808883768972,0.17578125,0.18310546875,0.00048828125,0.0078125,0.20415052771568298,0.6099839210510254,0.8545352749341307,632.0742091801932,1.3198599815368652,3.793382167816162,0.9963423414749143,0.9890024799412616,0.9976453513206619,678.369140625,0.1656174659729004,0.809326171875,1.3775770664215088
smol,pixelprose,final_quarter,False,6,0.8571428571428571,20,20,20,11,2.0,4096,0.0003,False,1.25,1024,512,1200,0.8141344785690308,0.8064827922178666,0.8221808883768972,0.173828125,0.182373046875,0.000244140625,0.0087890625,0.20415052771568298,0.6099839210510254,0.8545352749341307,632.0742091801932,1.3198599815368652,3.793382167816162,0.9963423414749143,0.9890024799412616,0.9976453513206619,678.369140625,0.1656174659729004,0.809326171875,1.3775770664215088
smol,pixelprose,final_quarter,False,6,0.8571428571428571,20,20,20,11,2.0,4096,0.0003,False,1.5,1024,512,1200,0.8141344785690308,0.8064827922178666,0.8221808883768972,0.17333984375,0.18212890625,0.000244140625,0.009033203125,0.20415052771568298,0.6099839210510254,0.8545352749341307,632.0742091801932,1.3198599815368652,3.793382167816162,0.9963423414749143,0.9890024799412616,0.9976453513206619,678.369140625,0.1656174659729004,0.809326171875,1.3775770664215088
smol,pixelprose,final_quarter,False,6,0.8571428571428571,20,20,20,11,2.0,4096,0.0003,True,1.1,1024,512,1200,0.5232341289520264,0.5188168349457556,0.5273531044105766,1.0,1.0,0.0,0.0,0.1361446976661682,0.38708949089050293,0.07182010525585067,4024.053107063038,0.31362277269363403,0.3024265766143799,0.9960589364159467,0.8266109762106016,0.9984903502095894,1880.287109375,0.45905447006225586,0.0,0.310724139213562
smol,pixelprose,final_quarter,False,6,0.8571428571428571,20,20,20,11,2.0,4096,0.0003,True,1.25,1024,512,1200,0.5232341289520264,0.5188168349457556,0.5273531044105766,1.0,1.0,0.0,0.0,0.1361446976661682,0.38708949089050293,0.07182010525585067,4024.053107063038,0.31362277269363403,0.3024265766143799,0.9960589364159467,0.8266109762106016,0.9984903502095894,1880.287109375,0.45905447006225586,0.0,0.310724139213562
smol,pixelprose,final_quarter,False,6,0.8571428571428571,20,20,20,11,2.0,4096,0.0003,True,1.5,1024,512,1200,0.5232341289520264,0.5188168349457556,0.5273531044105766,1.0,1.0,0.0,0.0,0.1361446976661682,0.38708949089050293,0.07182010525585067,4024.053107063038,0.31362277269363403,0.3024265766143799,0.9960589364159467,0.8266109762106016,0.9984903502095894,1880.287109375,0.45905447006225586,0.0,0.310724139213562
smol,pixelprose,final_quarter,False,6,0.8571428571428571,20,20,20,11,2.0,4096,0.001,False,1.1,1024,512,1200,0.8131409287452698,0.8054838560550707,0.8211554456938757,0.17578125,0.18310546875,0.00048828125,0.0078125,0.2038601040840149,0.6092808246612549,0.854396220982812,631.5055927152908,1.3099207878112793,3.760924816131592,0.9963463716977943,0.9889973650133628,0.9976475587808696,677.98046875,0.16552257537841797,0.809326171875,1.36837899684906
smol,pixelprose,final_quarter,False,6,0.8571428571428571,20,20,20,11,2.0,4096,0.001,False,1.25,1024,512,1200,0.8131409287452698,0.8054838560550707,0.8211554456938757,0.173828125,0.182373046875,0.000244140625,0.0087890625,0.2038601040840149,0.6092808246612549,0.854396220982812,631.5055927152908,1.3099207878112793,3.760924816131592,0.9963463716977943,0.9889973650133628,0.9976475587808696,677.98046875,0.16552257537841797,0.809326171875,1.36837899684906
smol,pixelprose,final_quarter,False,6,0.8571428571428571,20,20,20,11,2.0,4096,0.001,False,1.5,1024,512,1200,0.8131409287452698,0.8054838560550707,0.8211554456938757,0.17333984375,0.18212890625,0.000244140625,0.009033203125,0.2038601040840149,0.6092808246612549,0.854396220982812,631.5055927152908,1.3099207878112793,3.760924816131592,0.9963463716977943,0.9889973650133628,0.9976475587808696,677.98046875,0.16552257537841797,0.809326171875,1.36837899684906
smol,pixelprose,final_quarter,False,6,0.8571428571428571,20,20,20,11,2.0,4096,0.001,True,1.1,1024,512,1200,0.5151326060295105,0.5108300615451299,0.5192659107910004,1.0,1.0,0.0,0.0,0.13423210382461548,0.3809005320072174,0.0747996540141684,4016.679839783939,0.31131699681282043,0.2994498312473297,0.9963296443198252,0.8270080100632278,0.9967227777115288,1866.455078125,0.45567750930786133,0.0,0.30459582805633545
smol,pixelprose,final_quarter,False,6,0.8571428571428571,20,20,20,11,2.0,4096,0.001,True,1.25,1024,512,1200,0.5151326060295105,0.5108300615451299,0.5192659107910004,1.0,1.0,0.0,0.0,0.13423210382461548,0.3809005320072174,0.0747996540141684,4016.679839783939,0.31131699681282043,0.2994498312473297,0.9963296443198252,0.8270080100632278,0.9967227777115288,1866.455078125,0.45567750930786133,0.0,0.30459582805633545
smol,pixelprose,final_quarter,False,6,0.8571428571428571,20,20,20,11,2.0,4096,0.001,True,1.5,1024,512,1200,0.5151326060295105,0.5108300615451299,0.5192659107910004,1.0,1.0,0.0,0.0,0.13423210382461548,0.3809005320072174,0.0747996540141684,4016.679839783939,0.31131699681282043,0.2994498312473297,0.9963296443198252,0.8270080100632278,0.9967227777115288,1866.455078125,0.45567750930786133,0.0,0.30459582805633545
smol,pixelprose,final_quarter,False,6,0.8571428571428571,20,20,20,11,4.0,4096,0.0003,False,1.1,1024,512,1200,0.8141344785690308,0.8064827922178666,0.8221808883768972,0.17578125,0.18310546875,0.00048828125,0.0078125,0.20415052771568298,0.6099839210510254,0.8545352749341307,632.0742091801932,1.3198599815368652,3.793382167816162,0.9963423414749143,0.9890024799412616,0.9976453513206619,678.369140625,0.1656174659729004,0.809326171875,1.3775770664215088
smol,pixelprose,final_quarter,False,6,0.8571428571428571,20,20,20,11,4.0,4096,0.0003,False,1.25,1024,512,1200,0.8141344785690308,0.8064827922178666,0.8221808883768972,0.173828125,0.182373046875,0.000244140625,0.0087890625,0.20415052771568298,0.6099839210510254,0.8545352749341307,632.0742091801932,1.3198599815368652,3.793382167816162,0.9963423414749143,0.9890024799412616,0.9976453513206619,678.369140625,0.1656174659729004,0.809326171875,1.3775770664215088
smol,pixelprose,final_quarter,False,6,0.8571428571428571,20,20,20,11,4.0,4096,0.0003,False,1.5,1024,512,1200,0.8141344785690308,0.8064827922178666,0.8221808883768972,0.17333984375,0.18212890625,0.000244140625,0.009033203125,0.20415052771568298,0.6099839210510254,0.8545352749341307,632.0742091801932,1.3198599815368652,3.793382167816162,0.9963423414749143,0.9890024799412616,0.9976453513206619,678.369140625,0.1656174659729004,0.809326171875,1.3775770664215088
smol,pixelprose,final_quarter,False,6,0.8571428571428571,20,20,20,11,4.0,4096,0.0003,True,1.1,1024,512,1200,0.5232341289520264,0.5188168349457556,0.5273531044105766,1.0,1.0,0.0,0.0,0.1361446976661682,0.38708949089050293,0.07182010525585067,4024.053107063038,0.31362277269363403,0.3024265766143799,0.9960589364159467,0.8266109762106016,0.9984903502095894,1880.287109375,0.45905447006225586,0.0,0.310724139213562
smol,pixelprose,final_quarter,False,6,0.8571428571428571,20,20,20,11,4.0,4096,0.0003,True,1.25,1024,512,1200,0.5232341289520264,0.5188168349457556,0.5273531044105766,1.0,1.0,0.0,0.0,0.1361446976661682,0.38708949089050293,0.07182010525585067,4024.053107063038,0.31362277269363403,0.3024265766143799,0.9960589364159467,0.8266109762106016,0.9984903502095894,1880.287109375,0.45905447006225586,0.0,0.310724139213562
smol,pixelprose,final_quarter,False,6,0.8571428571428571,20,20,20,11,4.0,4096,0.0003,True,1.5,1024,512,1200,0.5232341289520264,0.5188168349457556,0.5273531044105766,1.0,1.0,0.0,0.0,0.1361446976661682,0.38708949089050293,0.07182010525585067,4024.053107063038,0.31362277269363403,0.3024265766143799,0.9960589364159467,0.8266109762106016,0.9984903502095894,1880.287109375,0.45905447006225586,0.0,0.310724139213562
smol,pixelprose,final_quarter,False,6,0.8571428571428571,20,20,20,11,4.0,4096,0.001,False,1.1,1024,512,1200,0.8131409287452698,0.8054838560550707,0.8211554456938757,0.17578125,0.18310546875,0.00048828125,0.0078125,0.2038601040840149,0.6092808246612549,0.854396220982812,631.5055927152908,1.3099207878112793,3.760924816131592,0.9963463716977943,0.9889973650133628,0.9976475587808696,677.98046875,0.16552257537841797,0.809326171875,1.36837899684906
smol,pixelprose,final_quarter,False,6,0.8571428571428571,20,20,20,11,4.0,4096,0.001,False,1.25,1024,512,1200,0.8131409287452698,0.8054838560550707,0.8211554456938757,0.173828125,0.182373046875,0.000244140625,0.0087890625,0.2038601040840149,0.6092808246612549,0.854396220982812,631.5055927152908,1.3099207878112793,3.760924816131592,0.9963463716977943,0.9889973650133628,0.9976475587808696,677.98046875,0.16552257537841797,0.809326171875,1.36837899684906
smol,pixelprose,final_quarter,False,6,0.8571428571428571,20,20,20,11,4.0,4096,0.001,False,1.5,1024,512,1200,0.8131409287452698,0.8054838560550707,0.8211554456938757,0.17333984375,0.18212890625,0.000244140625,0.009033203125,0.2038601040840149,0.6092808246612549,0.854396220982812,631.5055927152908,1.3099207878112793,3.760924816131592,0.9963463716977943,0.9889973650133628,0.9976475587808696,677.98046875,0.16552257537841797,0.809326171875,1.36837899684906
smol,pixelprose,final_quarter,False,6,0.8571428571428571,20,20,20,11,4.0,4096,0.001,True,1.1,1024,512,1200,0.5151326060295105,0.5108300615451299,0.5192659107910004,1.0,1.0,0.0,0.0,0.13423210382461548,0.3809005320072174,0.0747996540141684,4016.679839783939,0.31131699681282043,0.2994498312473297,0.9963296443198252,0.8270080100632278,0.9967227777115288,1866.455078125,0.45567750930786133,0.0,0.30459582805633545
smol,pixelprose,final_quarter,False,6,0.8571428571428571,20,20,20,11,4.0,4096,0.001,True,1.25,1024,512,1200,0.5151326060295105,0.5108300615451299,0.5192659107910004,1.0,1.0,0.0,0.0,0.13423210382461548,0.3809005320072174,0.0747996540141684,4016.679839783939,0.31131699681282043,0.2994498312473297,0.9963296443198252,0.8270080100632278,0.9967227777115288,1866.455078125,0.45567750930786133,0.0,0.30459582805633545
smol,pixelprose,final_quarter,False,6,0.8571428571428571,20,20,20,11,4.0,4096,0.001,True,1.5,1024,512,1200,0.5151326060295105,0.5108300615451299,0.5192659107910004,1.0,1.0,0.0,0.0,0.13423210382461548,0.3809005320072174,0.0747996540141684,4016.679839783939,0.31131699681282043,0.2994498312473297,0.9963296443198252,0.8270080100632278,0.9967227777115288,1866.455078125,0.45567750930786133,0.0,0.30459582805633545
smol,pixelprose,final_quarter,False,6,0.8571428571428571,20,20,20,23,2.0,4096,0.0003,False,1.1,1024,512,1200,0.7972189784049988,0.7897670284757623,0.8058796889177756,0.166259765625,0.173583984375,0.000244140625,0.007568359375,0.20023226737976074,0.5969866514205933,0.8601140146523945,603.3331128794076,1.2905516624450684,3.729163885116577,0.9960634617759054,0.9887529683865134,0.9975041273761298,645.009765625,0.15747308731079102,0.8193359375,1.3504595756530762
smol,pixelprose,final_quarter,False,6,0.8571428571428571,20,20,20,23,2.0,4096,0.0003,False,1.25,1024,512,1200,0.7972189784049988,0.7897670284757623,0.8058796889177756,0.165283203125,0.173095703125,0.000244140625,0.008056640625,0.20023226737976074,0.5969866514205933,0.8601140146523945,603.3331128794076,1.2905516624450684,3.729163885116577,0.9960634617759054,0.9887529683865134,0.9975041273761298,645.009765625,0.15747308731079102,0.8193359375,1.3504595756530762
smol,pixelprose,final_quarter,False,6,0.8571428571428571,20,20,20,23,2.0,4096,0.0003,False,1.5,1024,512,1200,0.7972189784049988,0.7897670284757623,0.8058796889177756,0.163818359375,0.17236328125,0.000244140625,0.0087890625,0.20023226737976074,0.5969866514205933,0.8601140146523945,603.3331128794076,1.2905516624450684,3.729163885116577,0.9960634617759054,0.9887529683865134,0.9975041273761298,645.009765625,0.15747308731079102,0.8193359375,1.3504595756530762
smol,pixelprose,final_quarter,False,6,0.8571428571428571,20,20,20,23,2.0,4096,0.0003,True,1.1,1024,512,1200,0.5242705345153809,0.5204607641557232,0.5288204547818168,1.0,1.0,0.0,0.0,0.13643315434455872,0.38783740997314453,0.07208157847008184,4019.2575022878805,0.3133886456489563,0.30762040615081787,0.9955525369880155,0.826952039680628,0.9920577178013082,1882.78515625,0.45966434478759766,0.0,0.3116830885410309
smol,pixelprose,final_quarter,False,6,0.8571428571428571,20,20,20,23,2.0,4096,0.0003,True,1.25,1024,512,1200,0.5242705345153809,0.5204607641557232,0.5288204547818168,1.0,1.0,0.0,0.0,0.13643315434455872,0.38783740997314453,0.07208157847008184,4019.2575022878805,0.3133886456489563,0.30762040615081787,0.9955525369880155,0.826952039680628,0.9920577178013082,1882.78515625,0.45966434478759766,0.0,0.3116830885410309
smol,pixelprose,final_quarter,False,6,0.8571428571428571,20,20,20,23,2.0,4096,0.0003,True,1.5,1024,512,1200,0.5242705345153809,0.5204607641557232,0.5288204547818168,1.0,1.0,0.0,0.0,0.13643315434455872,0.38783740997314453,0.07208157847008184,4019.2575022878805,0.3133886456489563,0.30762040615081787,0.9955525369880155,0.826952039680628,0.9920577178013082,1882.78515625,0.45966434478759766,0.0,0.3116830885410309
smol,pixelprose,final_quarter,False,6,0.8571428571428571,20,20,20,23,2.0,4096,0.001,False,1.1,1024,512,1200,0.796414852142334,0.788963328988757,0.8049928303167689,0.166259765625,0.173583984375,0.000244140625,0.007568359375,0.20008604228496552,0.596328854560852,0.8597491187929102,603.0270551931593,1.2940727472305298,3.7251200675964355,0.9961048983292539,0.9887780245264672,0.9975287269118167,645.26171875,0.15753459930419922,0.8193359375,1.3524668216705322
smol,pixelprose,final_quarter,False,6,0.8571428571428571,20,20,20,23,2.0,4096,0.001,False,1.25,1024,512,1200,0.796414852142334,0.788963328988757,0.8049928303167689,0.165283203125,0.173095703125,0.000244140625,0.008056640625,0.20008604228496552,0.596328854560852,0.8597491187929102,603.0270551931593,1.2940727472305298,3.7251200675964355,0.9961048983292539,0.9887780245264672,0.9975287269118167,645.26171875,0.15753459930419922,0.8193359375,1.3524668216705322
smol,pixelprose,final_quarter,False,6,0.8571428571428571,20,20,20,23,2.0,4096,0.001,False,1.5,1024,512,1200,0.796414852142334,0.788963328988757,0.8049928303167689,0.163818359375,0.17236328125,0.000244140625,0.0087890625,0.20008604228496552,0.596328854560852,0.8597491187929102,603.0270551931593,1.2940727472305298,3.7251200675964355,0.9961048983292539,0.9887780245264672,0.9975287269118167,645.26171875,0.15753459930419922,0.8193359375,1.3524668216705322
smol,pixelprose,final_quarter,False,6,0.8571428571428571,20,20,20,23,2.0,4096,0.001,True,1.1,1024,512,1200,0.5192833542823792,0.5154910039535026,0.5239590204932029,1.0,1.0,0.0,0.0,0.13544568419456482,0.38383767008781433,0.0711812971255289,4022.767043554232,0.31202036142349243,0.2958064675331116,0.9956758470599087,0.8270288109742392,0.9934767417075208,1882.140625,0.4595069885253906,0.0,0.30849406123161316
smol,pixelprose,final_quarter,False,6,0.8571428571428571,20,20,20,23,2.0,4096,0.001,True,1.25,1024,512,1200,0.5192833542823792,0.5154910039535026,0.5239590204932029,1.0,1.0,0.0,0.0,0.13544568419456482,0.38383767008781433,0.0711812971255289,4022.767043554232,0.31202036142349243,0.2958064675331116,0.9956758470599087,0.8270288109742392,0.9934767417075208,1882.140625,0.4595069885253906,0.0,0.30849406123161316
smol,pixelprose,final_quarter,False,6,0.8571428571428571,20,20,20,23,2.0,4096,0.001,True,1.5,1024,512,1200,0.5192833542823792,0.5154910039535026,0.5239590204932029,1.0,1.0,0.0,0.0,0.13544568419456482,0.38383767008781433,0.0711812971255289,4022.767043554232,0.31202036142349243,0.2958064675331116,0.9956758470599087,0.8270288109742392,0.9934767417075208,1882.140625,0.4595069885253906,0.0,0.30849406123161316
smol,pixelprose,final_quarter,False,6,0.8571428571428571,20,20,20,23,4.0,4096,0.0003,False,1.1,1024,512,1200,0.7972189784049988,0.7897670284757623,0.8058796889177756,0.166259765625,0.173583984375,0.000244140625,0.007568359375,0.20023226737976074,0.5969866514205933,0.8601140146523945,603.3331128794076,1.2905516624450684,3.729163885116577,0.9960634617759054,0.9887529683865134,0.9975041273761298,645.009765625,0.15747308731079102,0.8193359375,1.3504595756530762
smol,pixelprose,final_quarter,False,6,0.8571428571428571,20,20,20,23,4.0,4096,0.0003,False,1.25,1024,512,1200,0.7972189784049988,0.7897670284757623,0.8058796889177756,0.165283203125,0.173095703125,0.000244140625,0.008056640625,0.20023226737976074,0.5969866514205933,0.8601140146523945,603.3331128794076,1.2905516624450684,3.729163885116577,0.9960634617759054,0.9887529683865134,0.9975041273761298,645.009765625,0.15747308731079102,0.8193359375,1.3504595756530762
smol,pixelprose,final_quarter,False,6,0.8571428571428571,20,20,20,23,4.0,4096,0.0003,False,1.5,1024,512,1200,0.7972189784049988,0.7897670284757623,0.8058796889177756,0.163818359375,0.17236328125,0.000244140625,0.0087890625,0.20023226737976074,0.5969866514205933,0.8601140146523945,603.3331128794076,1.2905516624450684,3.729163885116577,0.9960634617759054,0.9887529683865134,0.9975041273761298,645.009765625,0.15747308731079102,0.8193359375,1.3504595756530762
smol,pixelprose,final_quarter,False,6,0.8571428571428571,20,20,20,23,4.0,4096,0.0003,True,1.1,1024,512,1200,0.5242705345153809,0.5204607641557232,0.5288204547818168,1.0,1.0,0.0,0.0,0.13643315434455872,0.38783740997314453,0.07208157847008184,4019.2575022878805,0.3133886456489563,0.30762040615081787,0.9955525369880155,0.826952039680628,0.9920577178013082,1882.78515625,0.45966434478759766,0.0,0.3116830885410309
smol,pixelprose,final_quarter,False,6,0.8571428571428571,20,20,20,23,4.0,4096,0.0003,True,1.25,1024,512,1200,0.5242705345153809,0.5204607641557232,0.5288204547818168,1.0,1.0,0.0,0.0,0.13643315434455872,0.38783740997314453,0.07208157847008184,4019.2575022878805,0.3133886456489563,0.30762040615081787,0.9955525369880155,0.826952039680628,0.9920577178013082,1882.78515625,0.45966434478759766,0.0,0.3116830885410309
smol,pixelprose,final_quarter,False,6,0.8571428571428571,20,20,20,23,4.0,4096,0.0003,True,1.5,1024,512,1200,0.5242705345153809,0.5204607641557232,0.5288204547818168,1.0,1.0,0.0,0.0,0.13643315434455872,0.38783740997314453,0.07208157847008184,4019.2575022878805,0.3133886456489563,0.30762040615081787,0.9955525369880155,0.826952039680628,0.9920577178013082,1882.78515625,0.45966434478759766,0.0,0.3116830885410309
smol,pixelprose,final_quarter,False,6,0.8571428571428571,20,20,20,23,4.0,4096,0.001,False,1.1,1024,512,1200,0.796414852142334,0.788963328988757,0.8049928303167689,0.166259765625,0.173583984375,0.000244140625,0.007568359375,0.20008604228496552,0.596328854560852,0.8597491187929102,603.0270551931593,1.2940727472305298,3.7251200675964355,0.9961048983292539,0.9887780245264672,0.9975287269118167,645.26171875,0.15753459930419922,0.8193359375,1.3524668216705322
smol,pixelprose,final_quarter,False,6,0.8571428571428571,20,20,20,23,4.0,4096,0.001,False,1.25,1024,512,1200,0.796414852142334,0.788963328988757,0.8049928303167689,0.165283203125,0.173095703125,0.000244140625,0.008056640625,0.20008604228496552,0.596328854560852,0.8597491187929102,603.0270551931593,1.2940727472305298,3.7251200675964355,0.9961048983292539,0.9887780245264672,0.9975287269118167,645.26171875,0.15753459930419922,0.8193359375,1.3524668216705322
smol,pixelprose,final_quarter,False,6,0.8571428571428571,20,20,20,23,4.0,4096,0.001,False,1.5,1024,512,1200,0.796414852142334,0.788963328988757,0.8049928303167689,0.163818359375,0.17236328125,0.000244140625,0.0087890625,0.20008604228496552,0.596328854560852,0.8597491187929102,603.0270551931593,1.2940727472305298,3.7251200675964355,0.9961048983292539,0.9887780245264672,0.9975287269118167,645.26171875,0.15753459930419922,0.8193359375,1.3524668216705322
smol,pixelprose,final_quarter,False,6,0.8571428571428571,20,20,20,23,4.0,4096,0.001,True,1.1,1024,512,1200,0.5192833542823792,0.5154910039535026,0.5239590204932029,1.0,1.0,0.0,0.0,0.13544568419456482,0.38383767008781433,0.0711812971255289,4022.767043554232,0.31202036142349243,0.2958064675331116,0.9956758470599087,0.8270288109742392,0.9934767417075208,1882.140625,0.4595069885253906,0.0,0.30849406123161316
smol,pixelprose,final_quarter,False,6,0.8571428571428571,20,20,20,23,4.0,4096,0.001,True,1.25,1024,512,1200,0.5192833542823792,0.5154910039535026,0.5239590204932029,1.0,1.0,0.0,0.0,0.13544568419456482,0.38383767008781433,0.0711812971255289,4022.767043554232,0.31202036142349243,0.2958064675331116,0.9956758470599087,0.8270288109742392,0.9934767417075208,1882.140625,0.4595069885253906,0.0,0.30849406123161316
smol,pixelprose,final_quarter,False,6,0.8571428571428571,20,20,20,23,4.0,4096,0.001,True,1.5,1024,512,1200,0.5192833542823792,0.5154910039535026,0.5239590204932029,1.0,1.0,0.0,0.0,0.13544568419456482,0.38383767008781433,0.0711812971255289,4022.767043554232,0.31202036142349243,0.2958064675331116,0.9956758470599087,0.8270288109742392,0.9934767417075208,1882.140625,0.4595069885253906,0.0,0.30849406123161316
smol,pixelprose,final_quarter,False,6,0.8571428571428571,20,20,20,37,2.0,4096,0.0003,False,1.1,1024,512,1200,0.7819191217422485,0.7746491690108087,0.7888808334653732,0.169921875,0.176513671875,0.001220703125,0.0078125,0.1953539252281189,0.5865651965141296,0.8589728415674456,611.8188446334759,1.2693334817886353,3.7704050540924072,0.9960725859073986,0.9887611149018153,0.9978219497479134,653.9140625,0.15964698791503906,0.815185546875,1.3161689043045044
smol,pixelprose,final_quarter,False,6,0.8571428571428571,20,20,20,37,2.0,4096,0.0003,False,1.25,1024,512,1200,0.7819191217422485,0.7746491690108087,0.7888808334653732,0.16796875,0.17578125,0.0009765625,0.0087890625,0.1953539252281189,0.5865651965141296,0.8589728415674456,611.8188446334759,1.2693334817886353,3.7704050540924072,0.9960725859073986,0.9887611149018153,0.9978219497479134,653.9140625,0.15964698791503906,0.815185546875,1.3161689043045044
smol,pixelprose,final_quarter,False,6,0.8571428571428571,20,20,20,37,2.0,4096,0.0003,False,1.5,1024,512,1200,0.7819191217422485,0.7746491690108087,0.7888808334653732,0.1669921875,0.17529296875,0.0009765625,0.00927734375,0.1953539252281189,0.5865651965141296,0.8589728415674456,611.8188446334759,1.2693334817886353,3.7704050540924072,0.9960725859073986,0.9887611149018153,0.9978219497479134,653.9140625,0.15964698791503906,0.815185546875,1.3161689043045044
smol,pixelprose,final_quarter,False,6,0.8571428571428571,20,20,20,37,2.0,4096,0.0003,True,1.1,1024,512,1200,0.5237224102020264,0.5196434773111832,0.5278669123043074,1.0,1.0,0.0,0.0,0.13663479685783386,0.3870876729488373,0.07168991934912396,4025.0930101003523,0.3186413049697876,0.30601441860198975,0.9950259725360544,0.8260050994246572,0.9946741875562237,1877.8125,0.4584503173828125,0.0,0.31111428141593933
smol,pixelprose,final_quarter,False,6,0.8571428571428571,20,20,20,37,2.0,4096,0.0003,True,1.25,1024,512,1200,0.5237224102020264,0.5196434773111832,0.5278669123043074,1.0,1.0,0.0,0.0,0.13663479685783386,0.3870876729488373,0.07168991934912396,4025.0930101003523,0.3186413049697876,0.30601441860198975,0.9950259725360544,0.8260050994246572,0.9946741875562237,1877.8125,0.4584503173828125,0.0,0.31111428141593933
smol,pixelprose,final_quarter,False,6,0.8571428571428571,20,20,20,37,2.0,4096,0.0003,True,1.5,1024,512,1200,0.5237224102020264,0.5196434773111832,0.5278669123043074,1.0,1.0,0.0,0.0,0.13663479685783386,0.3870876729488373,0.07168991934912396,4025.0930101003523,0.3186413049697876,0.30601441860198975,0.9950259725360544,0.8260050994246572,0.9946741875562237,1877.8125,0.4584503173828125,0.0,0.31111428141593933
smol,pixelprose,final_quarter,False,6,0.8571428571428571,20,20,20,37,2.0,4096,0.001,False,1.1,1024,512,1200,0.7806459665298462,0.7734247672866331,0.787617136182962,0.169921875,0.176513671875,0.001220703125,0.0078125,0.1951010823249817,0.5855448842048645,0.8586661990394278,613.4492029949513,1.2670462131500244,3.789763927459717,0.9961353369173003,0.9888180085484601,0.9978542348600965,653.95703125,0.15965747833251953,0.815185546875,1.3123966455459595
smol,pixelprose,final_quarter,False,6,0.8571428571428571,20,20,20,37,2.0,4096,0.001,False,1.25,1024,512,1200,0.7806459665298462,0.7734247672866331,0.787617136182962,0.16796875,0.17578125,0.0009765625,0.0087890625,0.1951010823249817,0.5855448842048645,0.8586661990394278,613.4492029949513,1.2670462131500244,3.789763927459717,0.9961353369173003,0.9888180085484601,0.9978542348600965,653.95703125,0.15965747833251953,0.815185546875,1.3123966455459595
smol,pixelprose,final_quarter,False,6,0.8571428571428571,20,20,20,37,2.0,4096,0.001,False,1.5,1024,512,1200,0.7806459665298462,0.7734247672866331,0.787617136182962,0.16650390625,0.175048828125,0.0009765625,0.009521484375,0.1951010823249817,0.5855448842048645,0.8586661990394278,613.4492029949513,1.2670462131500244,3.789763927459717,0.9961353369173003,0.9888180085484601,0.9978542348600965,653.95703125,0.15965747833251953,0.815185546875,1.3123966455459595
smol,pixelprose,final_quarter,False,6,0.8571428571428571,20,20,20,37,2.0,4096,0.001,True,1.1,1024,512,1200,0.517664909362793,0.5137550618426758,0.5218284678077907,1.0,1.0,0.0,0.0,0.1349760890007019,0.3826887905597687,0.07251710708685101,4023.2121408173944,0.3138555586338043,0.3027958273887634,0.9945248914329764,0.8259138106734684,0.9918731044222758,1872.880859375,0.4572463035583496,0.0,0.3068949282169342
smol,pixelprose,final_quarter,False,6,0.8571428571428571,20,20,20,37,2.0,4096,0.001,True,1.25,1024,512,1200,0.517664909362793,0.5137550618426758,0.5218284678077907,1.0,1.0,0.0,0.0,0.1349760890007019,0.3826887905597687,0.07251710708685101,4023.2121408173944,0.3138555586338043,0.3027958273887634,0.9945248914329764,0.8259138106734684,0.9918731044222758,1872.880859375,0.4572463035583496,0.0,0.3068949282169342
smol,pixelprose,final_quarter,False,6,0.8571428571428571,20,20,20,37,2.0,4096,0.001,True,1.5,1024,512,1200,0.517664909362793,0.5137550618426758,0.5218284678077907,1.0,1.0,0.0,0.0,0.1349760890007019,0.3826887905597687,0.07251710708685101,4023.2121408173944,0.3138555586338043,0.3027958273887634,0.9945248914329764,0.8259138106734684,0.9918731044222758,1872.880859375,0.4572463035583496,0.0,0.3068949282169342
smol,pixelprose,final_quarter,False,6,0.8571428571428571,20,20,20,37,4.0,4096,0.0003,False,1.1,1024,512,1200,0.7819191217422485,0.7746491690108087,0.7888808334653732,0.169921875,0.176513671875,0.001220703125,0.0078125,0.1953539252281189,0.5865651965141296,0.8589728415674456,611.8188446334759,1.2693334817886353,3.7704050540924072,0.9960725859073986,0.9887611149018153,0.9978219497479134,653.9140625,0.15964698791503906,0.815185546875,1.3161689043045044
smol,pixelprose,final_quarter,False,6,0.8571428571428571,20,20,20,37,4.0,4096,0.0003,False,1.25,1024,512,1200,0.7819191217422485,0.7746491690108087,0.7888808334653732,0.16796875,0.17578125,0.0009765625,0.0087890625,0.1953539252281189,0.5865651965141296,0.8589728415674456,611.8188446334759,1.2693334817886353,3.7704050540924072,0.9960725859073986,0.9887611149018153,0.9978219497479134,653.9140625,0.15964698791503906,0.815185546875,1.3161689043045044
smol,pixelprose,final_quarter,False,6,0.8571428571428571,20,20,20,37,4.0,4096,0.0003,False,1.5,1024,512,1200,0.7819191217422485,0.7746491690108087,0.7888808334653732,0.1669921875,0.17529296875,0.0009765625,0.00927734375,0.1953539252281189,0.5865651965141296,0.8589728415674456,611.8188446334759,1.2693334817886353,3.7704050540924072,0.9960725859073986,0.9887611149018153,0.9978219497479134,653.9140625,0.15964698791503906,0.815185546875,1.3161689043045044
smol,pixelprose,final_quarter,False,6,0.8571428571428571,20,20,20,37,4.0,4096,0.0003,True,1.1,1024,512,1200,0.5237224102020264,0.5196434773111832,0.5278669123043074,1.0,1.0,0.0,0.0,0.13663479685783386,0.3870876729488373,0.07168991934912396,4025.0930101003523,0.3186413049697876,0.30601441860198975,0.9950259725360544,0.8260050994246572,0.9946741875562237,1877.8125,0.4584503173828125,0.0,0.31111428141593933
smol,pixelprose,final_quarter,False,6,0.8571428571428571,20,20,20,37,4.0,4096,0.0003,True,1.25,1024,512,1200,0.5237224102020264,0.5196434773111832,0.5278669123043074,1.0,1.0,0.0,0.0,0.13663479685783386,0.3870876729488373,0.07168991934912396,4025.0930101003523,0.3186413049697876,0.30601441860198975,0.9950259725360544,0.8260050994246572,0.9946741875562237,1877.8125,0.4584503173828125,0.0,0.31111428141593933
smol,pixelprose,final_quarter,False,6,0.8571428571428571,20,20,20,37,4.0,4096,0.0003,True,1.5,1024,512,1200,0.5237224102020264,0.5196434773111832,0.5278669123043074,1.0,1.0,0.0,0.0,0.13663479685783386,0.3870876729488373,0.07168991934912396,4025.0930101003523,0.3186413049697876,0.30601441860198975,0.9950259725360544,0.8260050994246572,0.9946741875562237,1877.8125,0.4584503173828125,0.0,0.31111428141593933
smol,pixelprose,final_quarter,False,6,0.8571428571428571,20,20,20,37,4.0,4096,0.001,False,1.1,1024,512,1200,0.7806459665298462,0.7734247672866331,0.787617136182962,0.169921875,0.176513671875,0.001220703125,0.0078125,0.1951010823249817,0.5855448842048645,0.8586661990394278,613.4492029949513,1.2670462131500244,3.789763927459717,0.9961353369173003,0.9888180085484601,0.9978542348600965,653.95703125,0.15965747833251953,0.815185546875,1.3123966455459595
smol,pixelprose,final_quarter,False,6,0.8571428571428571,20,20,20,37,4.0,4096,0.001,False,1.25,1024,512,1200,0.7806459665298462,0.7734247672866331,0.787617136182962,0.16796875,0.17578125,0.0009765625,0.0087890625,0.1951010823249817,0.5855448842048645,0.8586661990394278,613.4492029949513,1.2670462131500244,3.789763927459717,0.9961353369173003,0.9888180085484601,0.9978542348600965,653.95703125,0.15965747833251953,0.815185546875,1.3123966455459595
smol,pixelprose,final_quarter,False,6,0.8571428571428571,20,20,20,37,4.0,4096,0.001,False,1.5,1024,512,1200,0.7806459665298462,0.7734247672866331,0.787617136182962,0.16650390625,0.175048828125,0.0009765625,0.009521484375,0.1951010823249817,0.5855448842048645,0.8586661990394278,613.4492029949513,1.2670462131500244,3.789763927459717,0.9961353369173003,0.9888180085484601,0.9978542348600965,653.95703125,0.15965747833251953,0.815185546875,1.3123966455459595
smol,pixelprose,final_quarter,False,6,0.8571428571428571,20,20,20,37,4.0,4096,0.001,True,1.1,1024,512,1200,0.517664909362793,0.5137550618426758,0.5218284678077907,1.0,1.0,0.0,0.0,0.1349760890007019,0.3826887905597687,0.07251710708685101,4023.2121408173944,0.3138555586338043,0.3027958273887634,0.9945248914329764,0.8259138106734684,0.9918731044222758,1872.880859375,0.4572463035583496,0.0,0.3068949282169342
smol,pixelprose,final_quarter,False,6,0.8571428571428571,20,20,20,37,4.0,4096,0.001,True,1.25,1024,512,1200,0.517664909362793,0.5137550618426758,0.5218284678077907,1.0,1.0,0.0,0.0,0.1349760890007019,0.3826887905597687,0.07251710708685101,4023.2121408173944,0.3138555586338043,0.3027958273887634,0.9945248914329764,0.8259138106734684,0.9918731044222758,1872.880859375,0.4572463035583496,0.0,0.3068949282169342
smol,pixelprose,final_quarter,False,6,0.8571428571428571,20,20,20,37,4.0,4096,0.001,True,1.5,1024,512,1200,0.517664909362793,0.5137550618426758,0.5218284678077907,1.0,1.0,0.0,0.0,0.1349760890007019,0.3826887905597687,0.07251710708685101,4023.2121408173944,0.3138555586338043,0.3027958273887634,0.9945248914329764,0.8259138106734684,0.9918731044222758,1872.880859375,0.4572463035583496,0.0,0.3068949282169342
smol,pixelprose,final_quarter,False,7,1.0,23,23,23,11,2.0,4096,0.0003,False,1.1,1024,512,1200,0.07235586643218994,0.07146031445299741,0.07323476301226037,0.091796875,0.095947265625,0.00048828125,0.004638671875,0.01134471409022808,0.06101114675402641,0.9262282140801272,325.2428406682044,0.10350385308265686,0.24833481013774872,0.9869216295627542,0.9732284260340868,0.9973940891790798,332.80078125,0.08125019073486328,0.899658203125,0.10559514909982681
smol,pixelprose,final_quarter,False,7,1.0,23,23,23,11,2.0,4096,0.0003,False,1.25,1024,512,1200,0.07235586643218994,0.07146031445299741,0.07323476301226037,0.091796875,0.095947265625,0.00048828125,0.004638671875,0.01134471409022808,0.06101114675402641,0.9262282140801272,325.2428406682044,0.10350385308265686,0.24833481013774872,0.9869216295627542,0.9732284260340868,0.9973940891790798,332.80078125,0.08125019073486328,0.899658203125,0.10559514909982681
smol,pixelprose,final_quarter,False,7,1.0,23,23,23,11,2.0,4096,0.0003,False,1.5,1024,512,1200,0.07235586643218994,0.07146031445299741,0.07323476301226037,0.09033203125,0.09521484375,0.00048828125,0.00537109375,0.01134471409022808,0.06101114675402641,0.9262282140801272,325.2428406682044,0.10350385308265686,0.24833481013774872,0.9869216295627542,0.9732284260340868,0.9973940891790798,332.80078125,0.08125019073486328,0.899658203125,0.10559514909982681
smol,pixelprose,final_quarter,False,7,1.0,23,23,23,11,2.0,4096,0.0003,True,1.1,1024,512,1200,0.5025572776794434,0.4985401490339427,0.5066695015164442,1.0,1.0,0.0,0.0,0.0855564996600151,0.41700074076652527,0.07799335235409076,3998.556719069442,0.3213184177875519,0.3152051866054535,0.995513055819379,0.8224658690867042,0.9928661989539399,1882.921875,0.4596977233886719,0.0,0.31113293766975403
smol,pixelprose,final_quarter,False,7,1.0,23,23,23,11,2.0,4096,0.0003,True,1.25,1024,512,1200,0.5025572776794434,0.4985401490339427,0.5066695015164442,1.0,1.0,0.0,0.0,0.0855564996600151,0.41700074076652527,0.07799335235409076,3998.556719069442,0.3213184177875519,0.3152051866054535,0.995513055819379,0.8224658690867042,0.9928661989539399,1882.921875,0.4596977233886719,0.0,0.31113293766975403
smol,pixelprose,final_quarter,False,7,1.0,23,23,23,11,2.0,4096,0.0003,True,1.5,1024,512,1200,0.5025572776794434,0.4985401490339427,0.5066695015164442,1.0,1.0,0.0,0.0,0.0855564996600151,0.41700074076652527,0.07799335235409076,3998.556719069442,0.3213184177875519,0.3152051866054535,0.995513055819379,0.8224658690867042,0.9928661989539399,1882.921875,0.4596977233886719,0.0,0.31113293766975403
smol,pixelprose,final_quarter,False,7,1.0,23,23,23,11,2.0,4096,0.001,False,1.1,1024,512,1200,0.07188764214515686,0.07099969648843399,0.07275852781604045,0.091552734375,0.095947265625,0.00048828125,0.0048828125,0.011279117316007614,0.060608524829149246,0.9262054021535004,325.85005820294737,0.10204820334911346,0.24033820629119873,0.9867991185342421,0.9730374225616548,0.9972920500172388,332.201171875,0.08110380172729492,0.8994140625,0.10407926142215729
smol,pixelprose,final_quarter,False,7,1.0,23,23,23,11,2.0,4096,0.001,False,1.25,1024,512,1200,0.07188764214515686,0.07099969648843399,0.07275852781604045,0.091552734375,0.095947265625,0.00048828125,0.0048828125,0.011279117316007614,0.060608524829149246,0.9262054021535004,325.85005820294737,0.10204820334911346,0.24033820629119873,0.9867991185342421,0.9730374225616548,0.9972920500172388,332.201171875,0.08110380172729492,0.8994140625,0.10407926142215729
smol,pixelprose,final_quarter,False,7,1.0,23,23,23,11,2.0,4096,0.001,False,1.5,1024,512,1200,0.07188764214515686,0.07099969648843399,0.07275852781604045,0.090576171875,0.095458984375,0.00048828125,0.00537109375,0.011279117316007614,0.060608524829149246,0.9262054021535004,325.85005820294737,0.10204820334911346,0.24033820629119873,0.9867991185342421,0.9730374225616548,0.9972920500172388,332.201171875,0.08110380172729492,0.8994140625,0.10407926142215729
smol,pixelprose,final_quarter,False,7,1.0,23,23,23,11,2.0,4096,0.001,True,1.1,1024,512,1200,0.49191319942474365,0.4878910607978469,0.49603765816718803,1.0,1.0,0.0,0.0,0.08411766588687897,0.4077955484390259,0.0774800972252501,4000.830919117856,0.313472181558609,0.3029452860355377,0.9971794654513169,0.8234776352988353,0.9933046447171439,1868.92578125,0.4562807083129883,0.0,0.30335959792137146
smol,pixelprose,final_quarter,False,7,1.0,23,23,23,11,2.0,4096,0.001,True,1.25,1024,512,1200,0.49191319942474365,0.4878910607978469,0.49603765816718803,1.0,1.0,0.0,0.0,0.08411766588687897,0.4077955484390259,0.0774800972252501,4000.830919117856,0.313472181558609,0.3029452860355377,0.9971794654513169,0.8234776352988353,0.9933046447171439,1868.92578125,0.4562807083129883,0.0,0.30335959792137146
smol,pixelprose,final_quarter,False,7,1.0,23,23,23,11,2.0,4096,0.001,True,1.5,1024,512,1200,0.49191319942474365,0.4878910607978469,0.49603765816718803,1.0,1.0,0.0,0.0,0.08411766588687897,0.4077955484390259,0.0774800972252501,4000.830919117856,0.313472181558609,0.3029452860355377,0.9971794654513169,0.8234776352988353,0.9933046447171439,1868.92578125,0.4562807083129883,0.0,0.30335959792137146
smol,pixelprose,final_quarter,False,7,1.0,23,23,23,11,4.0,4096,0.0003,False,1.1,1024,512,1200,0.07235586643218994,0.07146031445299741,0.07323476301226037,0.091796875,0.095947265625,0.00048828125,0.004638671875,0.01134471409022808,0.06101114675402641,0.9262282140801272,325.2428406682044,0.10350385308265686,0.24833481013774872,0.9869216295627542,0.9732284260340868,0.9973940891790798,332.80078125,0.08125019073486328,0.899658203125,0.10559514909982681
smol,pixelprose,final_quarter,False,7,1.0,23,23,23,11,4.0,4096,0.0003,False,1.25,1024,512,1200,0.07235586643218994,0.07146031445299741,0.07323476301226037,0.091796875,0.095947265625,0.00048828125,0.004638671875,0.01134471409022808,0.06101114675402641,0.9262282140801272,325.2428406682044,0.10350385308265686,0.24833481013774872,0.9869216295627542,0.9732284260340868,0.9973940891790798,332.80078125,0.08125019073486328,0.899658203125,0.10559514909982681
smol,pixelprose,final_quarter,False,7,1.0,23,23,23,11,4.0,4096,0.0003,False,1.5,1024,512,1200,0.07235586643218994,0.07146031445299741,0.07323476301226037,0.09033203125,0.09521484375,0.00048828125,0.00537109375,0.01134471409022808,0.06101114675402641,0.9262282140801272,325.2428406682044,0.10350385308265686,0.24833481013774872,0.9869216295627542,0.9732284260340868,0.9973940891790798,332.80078125,0.08125019073486328,0.899658203125,0.10559514909982681
smol,pixelprose,final_quarter,False,7,1.0,23,23,23,11,4.0,4096,0.0003,True,1.1,1024,512,1200,0.5025572776794434,0.4985401490339427,0.5066695015164442,1.0,1.0,0.0,0.0,0.0855564996600151,0.41700074076652527,0.07799335235409076,3998.556719069442,0.3213184177875519,0.3152051866054535,0.995513055819379,0.8224658690867042,0.9928661989539399,1882.921875,0.4596977233886719,0.0,0.31113293766975403
smol,pixelprose,final_quarter,False,7,1.0,23,23,23,11,4.0,4096,0.0003,True,1.25,1024,512,1200,0.5025572776794434,0.4985401490339427,0.5066695015164442,1.0,1.0,0.0,0.0,0.0855564996600151,0.41700074076652527,0.07799335235409076,3998.556719069442,0.3213184177875519,0.3152051866054535,0.995513055819379,0.8224658690867042,0.9928661989539399,1882.921875,0.4596977233886719,0.0,0.31113293766975403
smol,pixelprose,final_quarter,False,7,1.0,23,23,23,11,4.0,4096,0.0003,True,1.5,1024,512,1200,0.5025572776794434,0.4985401490339427,0.5066695015164442,1.0,1.0,0.0,0.0,0.0855564996600151,0.41700074076652527,0.07799335235409076,3998.556719069442,0.3213184177875519,0.3152051866054535,0.995513055819379,0.8224658690867042,0.9928661989539399,1882.921875,0.4596977233886719,0.0,0.31113293766975403
smol,pixelprose,final_quarter,False,7,1.0,23,23,23,11,4.0,4096,0.001,False,1.1,1024,512,1200,0.07188764214515686,0.07099969648843399,0.07275852781604045,0.091552734375,0.095947265625,0.00048828125,0.0048828125,0.011279117316007614,0.060608524829149246,0.9262054021535004,325.85005820294737,0.10204820334911346,0.24033820629119873,0.9867991185342421,0.9730374225616548,0.9972920500172388,332.201171875,0.08110380172729492,0.8994140625,0.10407926142215729
smol,pixelprose,final_quarter,False,7,1.0,23,23,23,11,4.0,4096,0.001,False,1.25,1024,512,1200,0.07188764214515686,0.07099969648843399,0.07275852781604045,0.091552734375,0.095947265625,0.00048828125,0.0048828125,0.011279117316007614,0.060608524829149246,0.9262054021535004,325.85005820294737,0.10204820334911346,0.24033820629119873,0.9867991185342421,0.9730374225616548,0.9972920500172388,332.201171875,0.08110380172729492,0.8994140625,0.10407926142215729
smol,pixelprose,final_quarter,False,7,1.0,23,23,23,11,4.0,4096,0.001,False,1.5,1024,512,1200,0.07188764214515686,0.07099969648843399,0.07275852781604045,0.090576171875,0.095458984375,0.00048828125,0.00537109375,0.011279117316007614,0.060608524829149246,0.9262054021535004,325.85005820294737,0.10204820334911346,0.24033820629119873,0.9867991185342421,0.9730374225616548,0.9972920500172388,332.201171875,0.08110380172729492,0.8994140625,0.10407926142215729
smol,pixelprose,final_quarter,False,7,1.0,23,23,23,11,4.0,4096,0.001,True,1.1,1024,512,1200,0.49191319942474365,0.4878910607978469,0.49603765816718803,1.0,1.0,0.0,0.0,0.08411766588687897,0.4077955484390259,0.0774800972252501,4000.830919117856,0.313472181558609,0.3029452860355377,0.9971794654513169,0.8234776352988353,0.9933046447171439,1868.92578125,0.4562807083129883,0.0,0.30335959792137146
smol,pixelprose,final_quarter,False,7,1.0,23,23,23,11,4.0,4096,0.001,True,1.25,1024,512,1200,0.49191319942474365,0.4878910607978469,0.49603765816718803,1.0,1.0,0.0,0.0,0.08411766588687897,0.4077955484390259,0.0774800972252501,4000.830919117856,0.313472181558609,0.3029452860355377,0.9971794654513169,0.8234776352988353,0.9933046447171439,1868.92578125,0.4562807083129883,0.0,0.30335959792137146
smol,pixelprose,final_quarter,False,7,1.0,23,23,23,11,4.0,4096,0.001,True,1.5,1024,512,1200,0.49191319942474365,0.4878910607978469,0.49603765816718803,1.0,1.0,0.0,0.0,0.08411766588687897,0.4077955484390259,0.0774800972252501,4000.830919117856,0.313472181558609,0.3029452860355377,0.9971794654513169,0.8234776352988353,0.9933046447171439,1868.92578125,0.4562807083129883,0.0,0.30335959792137146
smol,pixelprose,final_quarter,False,7,1.0,23,23,23,23,2.0,4096,0.0003,False,1.1,1024,512,1200,0.07292887568473816,0.07193825757967716,0.07392474425632826,0.0947265625,0.09716796875,0.001220703125,0.003662109375,0.011404246091842651,0.06152462214231491,0.9247150419157136,329.41247332926395,0.10471903532743454,0.24240770936012268,0.9871721317716005,0.9733901669192695,0.9971534513787947,340.94921875,0.08323955535888672,0.898681640625,0.10673029720783234
smol,pixelprose,final_quarter,False,7,1.0,23,23,23,23,2.0,4096,0.0003,False,1.25,1024,512,1200,0.07292887568473816,0.07193825757967716,0.07392474425632826,0.09423828125,0.09716796875,0.0009765625,0.00390625,0.011404246091842651,0.06152462214231491,0.9247150419157136,329.41247332926395,0.10471903532743454,0.24240770936012268,0.9871721317716005,0.9733901669192695,0.9971534513787947,340.94921875,0.08323955535888672,0.898681640625,0.10673029720783234
smol,pixelprose,final_quarter,False,7,1.0,23,23,23,23,2.0,4096,0.0003,False,1.5,1024,512,1200,0.07292887568473816,0.07193825757967716,0.07392474425632826,0.0908203125,0.095458984375,0.0009765625,0.005615234375,0.011404246091842651,0.06152462214231491,0.9247150419157136,329.41247332926395,0.10471903532743454,0.24240770936012268,0.9871721317716005,0.9733901669192695,0.9971534513787947,340.94921875,0.08323955535888672,0.898681640625,0.10673029720783234
smol,pixelprose,final_quarter,False,7,1.0,23,23,23,23,2.0,4096,0.0003,True,1.1,1024,512,1200,0.5014270544052124,0.4973412949882913,0.5053220930873067,1.0,1.0,0.0,0.0,0.08551385253667831,0.41591325402259827,0.07341789476202523,4009.7271025194523,0.3289594352245331,0.30938926339149475,0.996604110819763,0.8214217104997914,0.9924118447178898,1881.376953125,0.4593205451965332,0.0,0.31010356545448303
smol,pixelprose,final_quarter,False,7,1.0,23,23,23,23,2.0,4096,0.0003,True,1.25,1024,512,1200,0.5014270544052124,0.4973412949882913,0.5053220930873067,1.0,1.0,0.0,0.0,0.08551385253667831,0.41591325402259827,0.07341789476202523,4009.7271025194523,0.3289594352245331,0.30938926339149475,0.996604110819763,0.8214217104997914,0.9924118447178898,1881.376953125,0.4593205451965332,0.0,0.31010356545448303
smol,pixelprose,final_quarter,False,7,1.0,23,23,23,23,2.0,4096,0.0003,True,1.5,1024,512,1200,0.5014270544052124,0.4973412949882913,0.5053220930873067,1.0,1.0,0.0,0.0,0.08551385253667831,0.41591325402259827,0.07341789476202523,4009.7271025194523,0.3289594352245331,0.30938926339149475,0.996604110819763,0.8214217104997914,0.9924118447178898,1881.376953125,0.4593205451965332,0.0,0.31010356545448303
smol,pixelprose,final_quarter,False,7,1.0,23,23,23,23,2.0,4096,0.001,False,1.1,1024,512,1200,0.07211776077747345,0.07114925277437578,0.07310270132202276,0.094482421875,0.096923828125,0.001220703125,0.003662109375,0.011235041543841362,0.060882724821567535,0.9254748751389168,325.1354334334619,0.09918345510959625,0.23495882749557495,0.9856482969526721,0.9719076557193944,0.9970711996764373,336.083984375,0.08205175399780273,0.89892578125,0.10142681747674942
smol,pixelprose,final_quarter,False,7,1.0,23,23,23,23,2.0,4096,0.001,False,1.25,1024,512,1200,0.07211776077747345,0.07114925277437578,0.07310270132202276,0.093505859375,0.0966796875,0.0009765625,0.004150390625,0.011235041543841362,0.060882724821567535,0.9254748751389168,325.1354334334619,0.09918345510959625,0.23495882749557495,0.9856482969526721,0.9719076557193944,0.9970711996764373,336.083984375,0.08205175399780273,0.89892578125,0.10142681747674942
smol,pixelprose,final_quarter,False,7,1.0,23,23,23,23,2.0,4096,0.001,False,1.5,1024,512,1200,0.07211776077747345,0.07114925277437578,0.07310270132202276,0.090576171875,0.09521484375,0.0009765625,0.005615234375,0.011235041543841362,0.060882724821567535,0.9254748751389168,325.1354334334619,0.09918345510959625,0.23495882749557495,0.9856482969526721,0.9719076557193944,0.9970711996764373,336.083984375,0.08205175399780273,0.89892578125,0.10142681747674942
smol,pixelprose,final_quarter,False,7,1.0,23,23,23,23,2.0,4096,0.001,True,1.1,1024,512,1200,0.4939694106578827,0.4899116684900946,0.4978403675573645,1.0,1.0,0.0,0.0,0.0842633917927742,0.4097060263156891,0.07810741904575383,3988.7849266795815,0.31345438957214355,0.3048032522201538,0.9910938705700212,0.8168949426837235,0.9919931808191292,1877.513671875,0.4583773612976074,0.0,0.305121511220932
smol,pixelprose,final_quarter,False,7,1.0,23,23,23,23,2.0,4096,0.001,True,1.25,1024,512,1200,0.4939694106578827,0.4899116684900946,0.4978403675573645,1.0,1.0,0.0,0.0,0.0842633917927742,0.4097060263156891,0.07810741904575383,3988.7849266795815,0.31345438957214355,0.3048032522201538,0.9910938705700212,0.8168949426837235,0.9919931808191292,1877.513671875,0.4583773612976074,0.0,0.305121511220932
smol,pixelprose,final_quarter,False,7,1.0,23,23,23,23,2.0,4096,0.001,True,1.5,1024,512,1200,0.4939694106578827,0.4899116684900946,0.4978403675573645,1.0,1.0,0.0,0.0,0.0842633917927742,0.4097060263156891,0.07810741904575383,3988.7849266795815,0.31345438957214355,0.3048032522201538,0.9910938705700212,0.8168949426837235,0.9919931808191292,1877.513671875,0.4583773612976074,0.0,0.305121511220932
smol,pixelprose,final_quarter,False,7,1.0,23,23,23,23,4.0,4096,0.0003,False,1.1,1024,512,1200,0.07292887568473816,0.07193825757967716,0.07392474425632826,0.0947265625,0.09716796875,0.001220703125,0.003662109375,0.011404246091842651,0.06152462214231491,0.9247150419157136,329.41247332926395,0.10471903532743454,0.24240770936012268,0.9871721317716005,0.9733901669192695,0.9971534513787947,340.94921875,0.08323955535888672,0.898681640625,0.10673029720783234
smol,pixelprose,final_quarter,False,7,1.0,23,23,23,23,4.0,4096,0.0003,False,1.25,1024,512,1200,0.07292887568473816,0.07193825757967716,0.07392474425632826,0.09423828125,0.09716796875,0.0009765625,0.00390625,0.011404246091842651,0.06152462214231491,0.9247150419157136,329.41247332926395,0.10471903532743454,0.24240770936012268,0.9871721317716005,0.9733901669192695,0.9971534513787947,340.94921875,0.08323955535888672,0.898681640625,0.10673029720783234
smol,pixelprose,final_quarter,False,7,1.0,23,23,23,23,4.0,4096,0.0003,False,1.5,1024,512,1200,0.07292887568473816,0.07193825757967716,0.07392474425632826,0.0908203125,0.095458984375,0.0009765625,0.005615234375,0.011404246091842651,0.06152462214231491,0.9247150419157136,329.41247332926395,0.10471903532743454,0.24240770936012268,0.9871721317716005,0.9733901669192695,0.9971534513787947,340.94921875,0.08323955535888672,0.898681640625,0.10673029720783234
smol,pixelprose,final_quarter,False,7,1.0,23,23,23,23,4.0,4096,0.0003,True,1.1,1024,512,1200,0.5014270544052124,0.4973412949882913,0.5053220930873067,1.0,1.0,0.0,0.0,0.08551385253667831,0.41591325402259827,0.07341789476202523,4009.7271025194523,0.3289594352245331,0.30938926339149475,0.996604110819763,0.8214217104997914,0.9924118447178898,1881.376953125,0.4593205451965332,0.0,0.31010356545448303
smol,pixelprose,final_quarter,False,7,1.0,23,23,23,23,4.0,4096,0.0003,True,1.25,1024,512,1200,0.5014270544052124,0.4973412949882913,0.5053220930873067,1.0,1.0,0.0,0.0,0.08551385253667831,0.41591325402259827,0.07341789476202523,4009.7271025194523,0.3289594352245331,0.30938926339149475,0.996604110819763,0.8214217104997914,0.9924118447178898,1881.376953125,0.4593205451965332,0.0,0.31010356545448303
smol,pixelprose,final_quarter,False,7,1.0,23,23,23,23,4.0,4096,0.0003,True,1.5,1024,512,1200,0.5014270544052124,0.4973412949882913,0.5053220930873067,1.0,1.0,0.0,0.0,0.08551385253667831,0.41591325402259827,0.07341789476202523,4009.7271025194523,0.3289594352245331,0.30938926339149475,0.996604110819763,0.8214217104997914,0.9924118447178898,1881.376953125,0.4593205451965332,0.0,0.31010356545448303
smol,pixelprose,final_quarter,False,7,1.0,23,23,23,23,4.0,4096,0.001,False,1.1,1024,512,1200,0.07211776077747345,0.07114925277437578,0.07310270132202276,0.094482421875,0.096923828125,0.001220703125,0.003662109375,0.011235041543841362,0.060882724821567535,0.9254748751389168,325.1354334334619,0.09918345510959625,0.23495882749557495,0.9856482969526721,0.9719076557193944,0.9970711996764373,336.083984375,0.08205175399780273,0.89892578125,0.10142681747674942
smol,pixelprose,final_quarter,False,7,1.0,23,23,23,23,4.0,4096,0.001,False,1.25,1024,512,1200,0.07211776077747345,0.07114925277437578,0.07310270132202276,0.093505859375,0.0966796875,0.0009765625,0.004150390625,0.011235041543841362,0.060882724821567535,0.9254748751389168,325.1354334334619,0.09918345510959625,0.23495882749557495,0.9856482969526721,0.9719076557193944,0.9970711996764373,336.083984375,0.08205175399780273,0.89892578125,0.10142681747674942
smol,pixelprose,final_quarter,False,7,1.0,23,23,23,23,4.0,4096,0.001,False,1.5,1024,512,1200,0.07211776077747345,0.07114925277437578,0.07310270132202276,0.090576171875,0.09521484375,0.0009765625,0.005615234375,0.011235041543841362,0.060882724821567535,0.9254748751389168,325.1354334334619,0.09918345510959625,0.23495882749557495,0.9856482969526721,0.9719076557193944,0.9970711996764373,336.083984375,0.08205175399780273,0.89892578125,0.10142681747674942
smol,pixelprose,final_quarter,False,7,1.0,23,23,23,23,4.0,4096,0.001,True,1.1,1024,512,1200,0.4939694106578827,0.4899116684900946,0.4978403675573645,1.0,1.0,0.0,0.0,0.0842633917927742,0.4097060263156891,0.07810741904575383,3988.7849266795815,0.31345438957214355,0.3048032522201538,0.9910938705700212,0.8168949426837235,0.9919931808191292,1877.513671875,0.4583773612976074,0.0,0.305121511220932
smol,pixelprose,final_quarter,False,7,1.0,23,23,23,23,4.0,4096,0.001,True,1.25,1024,512,1200,0.4939694106578827,0.4899116684900946,0.4978403675573645,1.0,1.0,0.0,0.0,0.0842633917927742,0.4097060263156891,0.07810741904575383,3988.7849266795815,0.31345438957214355,0.3048032522201538,0.9910938705700212,0.8168949426837235,0.9919931808191292,1877.513671875,0.4583773612976074,0.0,0.305121511220932
smol,pixelprose,final_quarter,False,7,1.0,23,23,23,23,4.0,4096,0.001,True,1.5,1024,512,1200,0.4939694106578827,0.4899116684900946,0.4978403675573645,1.0,1.0,0.0,0.0,0.0842633917927742,0.4097060263156891,0.07810741904575383,3988.7849266795815,0.31345438957214355,0.3048032522201538,0.9910938705700212,0.8168949426837235,0.9919931808191292,1877.513671875,0.4583773612976074,0.0,0.305121511220932
smol,pixelprose,final_quarter,False,7,1.0,23,23,23,37,2.0,4096,0.0003,False,1.1,1024,512,1200,0.06605038791894913,0.06524279322056828,0.06692814476482453,0.07861328125,0.08251953125,0.00048828125,0.00439453125,0.010372706688940525,0.055677685886621475,0.9371633466333363,275.9641774673177,0.09776157140731812,0.2451048195362091,0.9854720034162417,0.972066287822033,0.9969581831946511,286.5546875,0.06995964050292969,0.9130859375,0.09986139833927155
smol,pixelprose,final_quarter,False,7,1.0,23,23,23,37,2.0,4096,0.0003,False,1.25,1024,512,1200,0.06605038791894913,0.06524279322056828,0.06692814476482453,0.07763671875,0.08203125,0.00048828125,0.0048828125,0.010372706688940525,0.055677685886621475,0.9371633466333363,275.9641774673177,0.09776157140731812,0.2451048195362091,0.9854720034162417,0.972066287822033,0.9969581831946511,286.5546875,0.06995964050292969,0.9130859375,0.09986139833927155
smol,pixelprose,final_quarter,False,7,1.0,23,23,23,37,2.0,4096,0.0003,False,1.5,1024,512,1200,0.06605038791894913,0.06524279322056828,0.06692814476482453,0.076171875,0.08154296875,0.000244140625,0.005615234375,0.010372706688940525,0.055677685886621475,0.9371633466333363,275.9641774673177,0.09776157140731812,0.2451048195362091,0.9854720034162417,0.972066287822033,0.9969581831946511,286.5546875,0.06995964050292969,0.9130859375,0.09986139833927155
smol,pixelprose,final_quarter,False,7,1.0,23,23,23,37,2.0,4096,0.0003,True,1.1,1024,512,1200,0.4978203773498535,0.493902743178478,0.5020463100168854,1.0,1.0,0.0,0.0,0.08492963761091232,0.4128906726837158,0.07781148037998127,3989.9012616654686,0.3191611170768738,0.3158228099346161,0.9970770531189966,0.8231242034287857,0.9940421458347363,1867.70703125,0.45598316192626953,0.0,0.3070206344127655
smol,pixelprose,final_quarter,False,7,1.0,23,23,23,37,2.0,4096,0.0003,True,1.25,1024,512,1200,0.4978203773498535,0.493902743178478,0.5020463100168854,1.0,1.0,0.0,0.0,0.08492963761091232,0.4128906726837158,0.07781148037998127,3989.9012616654686,0.3191611170768738,0.3158228099346161,0.9970770531189966,0.8231242034287857,0.9940421458347363,1867.70703125,0.45598316192626953,0.0,0.3070206344127655
smol,pixelprose,final_quarter,False,7,1.0,23,23,23,37,2.0,4096,0.0003,True,1.5,1024,512,1200,0.4978203773498535,0.493902743178478,0.5020463100168854,1.0,1.0,0.0,0.0,0.08492963761091232,0.4128906726837158,0.07781148037998127,3989.9012616654686,0.3191611170768738,0.3158228099346161,0.9970770531189966,0.8231242034287857,0.9940421458347363,1867.70703125,0.45598316192626953,0.0,0.3070206344127655
smol,pixelprose,final_quarter,False,7,1.0,23,23,23,37,2.0,4096,0.001,False,1.1,1024,512,1200,0.06556385010480881,0.06475996849785588,0.06642528048341774,0.078857421875,0.08251953125,0.00048828125,0.004150390625,0.010300438851118088,0.05526341125369072,0.9373228409372059,275.1613198706634,0.09524543583393097,0.2381008267402649,0.9854713298868825,0.9720623037511996,0.9972320060830144,285.748046875,0.0697627067565918,0.913330078125,0.09742671996355057
smol,pixelprose,final_quarter,False,7,1.0,23,23,23,37,2.0,4096,0.001,False,1.25,1024,512,1200,0.06556385010480881,0.06475996849785588,0.06642528048341774,0.077880859375,0.08203125,0.00048828125,0.004638671875,0.010300438851118088,0.05526341125369072,0.9373228409372059,275.1613198706634,0.09524543583393097,0.2381008267402649,0.9854713298868825,0.9720623037511996,0.9972320060830144,285.748046875,0.0697627067565918,0.913330078125,0.09742671996355057
smol,pixelprose,final_quarter,False,7,1.0,23,23,23,37,2.0,4096,0.001,False,1.5,1024,512,1200,0.06556385010480881,0.06475996849785588,0.06642528048341774,0.076416015625,0.08154296875,0.000244140625,0.00537109375,0.010300438851118088,0.05526341125369072,0.9373228409372059,275.1613198706634,0.09524543583393097,0.2381008267402649,0.9854713298868825,0.9720623037511996,0.9972320060830144,285.748046875,0.0697627067565918,0.913330078125,0.09742671996355057
smol,pixelprose,final_quarter,False,7,1.0,23,23,23,37,2.0,4096,0.001,True,1.1,1024,512,1200,0.492085725069046,0.4882881182187703,0.4962301313469652,1.0,1.0,0.0,0.0,0.08377280831336975,0.40831291675567627,0.0792817815286311,3986.9206758684495,0.31461331248283386,0.3063528537750244,0.9954033511713171,0.8220063854690816,0.9941472671122197,1859.52734375,0.45398616790771484,0.0,0.30278506875038147
smol,pixelprose,final_quarter,False,7,1.0,23,23,23,37,2.0,4096,0.001,True,1.25,1024,512,1200,0.492085725069046,0.4882881182187703,0.4962301313469652,1.0,1.0,0.0,0.0,0.08377280831336975,0.40831291675567627,0.0792817815286311,3986.9206758684495,0.31461331248283386,0.3063528537750244,0.9954033511713171,0.8220063854690816,0.9941472671122197,1859.52734375,0.45398616790771484,0.0,0.30278506875038147
smol,pixelprose,final_quarter,False,7,1.0,23,23,23,37,2.0,4096,0.001,True,1.5,1024,512,1200,0.492085725069046,0.4882881182187703,0.4962301313469652,1.0,1.0,0.0,0.0,0.08377280831336975,0.40831291675567627,0.0792817815286311,3986.9206758684495,0.31461331248283386,0.3063528537750244,0.9954033511713171,0.8220063854690816,0.9941472671122197,1859.52734375,0.45398616790771484,0.0,0.30278506875038147
smol,pixelprose,final_quarter,False,7,1.0,23,23,23,37,4.0,4096,0.0003,False,1.1,1024,512,1200,0.06605038791894913,0.06524279322056828,0.06692814476482453,0.07861328125,0.08251953125,0.00048828125,0.00439453125,0.010372706688940525,0.055677685886621475,0.9371633466333363,275.9641774673177,0.09776157140731812,0.2451048195362091,0.9854720034162417,0.972066287822033,0.9969581831946511,286.5546875,0.06995964050292969,0.9130859375,0.09986139833927155
smol,pixelprose,final_quarter,False,7,1.0,23,23,23,37,4.0,4096,0.0003,False,1.25,1024,512,1200,0.06605038791894913,0.06524279322056828,0.06692814476482453,0.07763671875,0.08203125,0.00048828125,0.0048828125,0.010372706688940525,0.055677685886621475,0.9371633466333363,275.9641774673177,0.09776157140731812,0.2451048195362091,0.9854720034162417,0.972066287822033,0.9969581831946511,286.5546875,0.06995964050292969,0.9130859375,0.09986139833927155
smol,pixelprose,final_quarter,False,7,1.0,23,23,23,37,4.0,4096,0.0003,False,1.5,1024,512,1200,0.06605038791894913,0.06524279322056828,0.06692814476482453,0.076171875,0.08154296875,0.000244140625,0.005615234375,0.010372706688940525,0.055677685886621475,0.9371633466333363,275.9641774673177,0.09776157140731812,0.2451048195362091,0.9854720034162417,0.972066287822033,0.9969581831946511,286.5546875,0.06995964050292969,0.9130859375,0.09986139833927155
smol,pixelprose,final_quarter,False,7,1.0,23,23,23,37,4.0,4096,0.0003,True,1.1,1024,512,1200,0.4978203773498535,0.493902743178478,0.5020463100168854,1.0,1.0,0.0,0.0,0.08492963761091232,0.4128906726837158,0.07781148037998127,3989.9012616654686,0.3191611170768738,0.3158228099346161,0.9970770531189966,0.8231242034287857,0.9940421458347363,1867.70703125,0.45598316192626953,0.0,0.3070206344127655
smol,pixelprose,final_quarter,False,7,1.0,23,23,23,37,4.0,4096,0.0003,True,1.25,1024,512,1200,0.4978203773498535,0.493902743178478,0.5020463100168854,1.0,1.0,0.0,0.0,0.08492963761091232,0.4128906726837158,0.07781148037998127,3989.9012616654686,0.3191611170768738,0.3158228099346161,0.9970770531189966,0.8231242034287857,0.9940421458347363,1867.70703125,0.45598316192626953,0.0,0.3070206344127655
smol,pixelprose,final_quarter,False,7,1.0,23,23,23,37,4.0,4096,0.0003,True,1.5,1024,512,1200,0.4978203773498535,0.493902743178478,0.5020463100168854,1.0,1.0,0.0,0.0,0.08492963761091232,0.4128906726837158,0.07781148037998127,3989.9012616654686,0.3191611170768738,0.3158228099346161,0.9970770531189966,0.8231242034287857,0.9940421458347363,1867.70703125,0.45598316192626953,0.0,0.3070206344127655
smol,pixelprose,final_quarter,False,7,1.0,23,23,23,37,4.0,4096,0.001,False,1.1,1024,512,1200,0.06556385010480881,0.06475996849785588,0.06642528048341774,0.078857421875,0.08251953125,0.00048828125,0.004150390625,0.010300438851118088,0.05526341125369072,0.9373228409372059,275.1613198706634,0.09524543583393097,0.2381008267402649,0.9854713298868825,0.9720623037511996,0.9972320060830144,285.748046875,0.0697627067565918,0.913330078125,0.09742671996355057
smol,pixelprose,final_quarter,False,7,1.0,23,23,23,37,4.0,4096,0.001,False,1.25,1024,512,1200,0.06556385010480881,0.06475996849785588,0.06642528048341774,0.077880859375,0.08203125,0.00048828125,0.004638671875,0.010300438851118088,0.05526341125369072,0.9373228409372059,275.1613198706634,0.09524543583393097,0.2381008267402649,0.9854713298868825,0.9720623037511996,0.9972320060830144,285.748046875,0.0697627067565918,0.913330078125,0.09742671996355057
smol,pixelprose,final_quarter,False,7,1.0,23,23,23,37,4.0,4096,0.001,False,1.5,1024,512,1200,0.06556385010480881,0.06475996849785588,0.06642528048341774,0.076416015625,0.08154296875,0.000244140625,0.00537109375,0.010300438851118088,0.05526341125369072,0.9373228409372059,275.1613198706634,0.09524543583393097,0.2381008267402649,0.9854713298868825,0.9720623037511996,0.9972320060830144,285.748046875,0.0697627067565918,0.913330078125,0.09742671996355057
smol,pixelprose,final_quarter,False,7,1.0,23,23,23,37,4.0,4096,0.001,True,1.1,1024,512,1200,0.492085725069046,0.4882881182187703,0.4962301313469652,1.0,1.0,0.0,0.0,0.08377280831336975,0.40831291675567627,0.0792817815286311,3986.9206758684495,0.31461331248283386,0.3063528537750244,0.9954033511713171,0.8220063854690816,0.9941472671122197,1859.52734375,0.45398616790771484,0.0,0.30278506875038147
smol,pixelprose,final_quarter,False,7,1.0,23,23,23,37,4.0,4096,0.001,True,1.25,1024,512,1200,0.492085725069046,0.4882881182187703,0.4962301313469652,1.0,1.0,0.0,0.0,0.08377280831336975,0.40831291675567627,0.0792817815286311,3986.9206758684495,0.31461331248283386,0.3063528537750244,0.9954033511713171,0.8220063854690816,0.9941472671122197,1859.52734375,0.45398616790771484,0.0,0.30278506875038147
smol,pixelprose,final_quarter,False,7,1.0,23,23,23,37,4.0,4096,0.001,True,1.5,1024,512,1200,0.492085725069046,0.4882881182187703,0.4962301313469652,1.0,1.0,0.0,0.0,0.08377280831336975,0.40831291675567627,0.0792817815286311,3986.9206758684495,0.31461331248283386,0.3063528537750244,0.9954033511713171,0.8220063854690816,0.9941472671122197,1859.52734375,0.45398616790771484,0.0,0.30278506875038147
